{"seed": 1, "fidelity": 0.9997596740722656, "pqc_params": [[[3.178741693496704, -1.480284333229065, -1.693709373474121], [1.1553714275360107, -1.6336601972579956, -1.2332409620285034], [2.202071189880371, -2.3727059364318848, -0.10307037085294724]], [[-3.2121641635894775, -2.514784097671509, 3.1772706508636475], [1.5388509035110474, -0.01606008969247341, 1.6473019123077393], [-0.11100410670042038, -0.10301612317562103, 0.9830960035324097]], [[-1.7793388366699219, 1.5794346332550049, -2.730595827102661], [1.2645059823989868, 1.57363760471344, -1.9896948337554932], [2.350613832473755, 0.785757839679718, 2.1868221759796143]], [[-0.11051032692193985, -3.2487895488739014, 3.620788097381592], [2.9784719944000244, 3.343008518218994, 3.087677001953125], [-0.11092187464237213, 3.0395495891571045, 0.07016471773386002]]], "base_circuit_tokens": [["x", [1], []], ["cz", [1, 0], []], ["cx", [2, 1], []], ["h", [1], []], ["z", [2], []], ["z", [0], []], ["cx", [2, 0], []], ["cx", [1, 0], []], ["x", [0], []], ["x", [0], []], ["x", [0], []], ["x", [0], []], ["cx", [1, 0], []], ["cx", [2, 0], []], ["z", [0], []], ["z", [2], []], ["h", [1], []], ["cx", [2, 1], []], ["cz", [1, 0], []], ["x", [1], []]], "pqc_circuit_tokens": [["x", [1], []], ["cz", [1, 0], []], ["cx", [2, 1], []], ["h", [1], []], ["z", [2], []], ["rz", [0], [3.178741693496704]], ["rx", [0], [-1.480284333229065]], ["rz", [0], [-1.693709373474121]], ["rz", [1], [1.1553714275360107]], ["rx", [1], [-1.6336601972579956]], ["rz", [1], [-1.2332409620285034]], ["rz", [2], [2.202071189880371]], ["rx", [2], [-2.3727059364318848]], ["rz", [2], [-0.10307037085294724]], ["z", [0], []], ["cx", [2, 0], []], ["cx", [1, 0], []], ["x", [0], []], ["x", [0], []], ["rz", [0], [-3.2121641635894775]], ["rx", [0], [-2.514784097671509]], ["rz", [0], [3.1772706508636475]], ["rz", [1], [1.5388509035110474]], ["rx", [1], [-0.01606008969247341]], ["rz", [1], [1.6473019123077393]], ["rz", [2], [-0.11100410670042038]], ["rx", [2], [-0.10301612317562103]], ["rz", [2], [0.9830960035324097]], ["x", [0], []], ["x", [0], []], ["cx", [1, 0], []], ["cx", [2, 0], []], ["z", [0], []], ["rz", [0], [-1.7793388366699219]], ["rx", [0], [1.5794346332550049]], ["rz", [0], [-2.730595827102661]], ["rz", [1], [1.2645059823989868]], ["rx", [1], [1.57363760471344]], ["rz", [1], [-1.9896948337554932]], ["rz", [2], [2.350613832473755]], ["rx", [2], [0.785757839679718]], ["rz", [2], [2.1868221759796143]], ["z", [2], []], ["h", [1], []], ["cx", [2, 1], []], ["cz", [1, 0], []], ["x", [1], []], ["rz", [0], [-0.11051032692193985]], ["rx", [0], [-3.2487895488739014]], ["rz", [0], [3.620788097381592]], ["rz", [1], [2.9784719944000244]], ["rx", [1], [3.343008518218994]], ["rz", [1], [3.087677001953125]], ["rz", [2], [-0.11092187464237213]], ["rx", [2], [3.0395495891571045]], ["rz", [2], [0.07016471773386002]]], "base_circuit_qasm": "OPENQASM 2.0;\ninclude \"qelib1.inc\";\nqreg q[3];\nx q[1];\ncz q[1],q[0];\ncx q[2],q[1];\nh q[1];\nz q[2];\nz q[0];\ncx q[2],q[0];\ncx q[1],q[0];\nx q[0];\nx q[0];\nx q[0];\nx q[0];\ncx q[1],q[0];\ncx q[2],q[0];\nz q[0];\nz q[2];\nh q[1];\ncx q[2],q[1];\ncz q[1],q[0];\nx q[1];", "pqc_circuit_qasm": "OPENQASM 2.0;\ninclude \"qelib1.inc\";\nqreg q[3];\nx q[1];\ncz q[1],q[0];\ncx q[2],q[1];\nh q[1];\nz q[2];\nrz(3.178741693496704) q[0];\nrx(-1.480284333229065) q[0];\nrz(-1.693709373474121) q[0];\nrz(1.1553714275360107) q[1];\nrx(-1.6336601972579956) q[1];\nrz(-1.2332409620285034) q[1];\nrz(2.202071189880371) q[2];\nrx(-2.3727059364318848) q[2];\nrz(-0.10307037085294724) q[2];\nz q[0];\ncx q[2],q[0];\ncx q[1],q[0];\nx q[0];\nx q[0];\nrz(-3.2121641635894775) q[0];\nrx(-2.514784097671509) q[0];\nrz(3.1772706508636475) q[0];\nrz(1.5388509035110474) q[1];\nrx(-0.01606008969247341) q[1];\nrz(1.6473019123077393) q[1];\nrz(-0.11100410670042038) q[2];\nrx(-0.10301612317562103) q[2];\nrz(0.9830960035324097) q[2];\nx q[0];\nx q[0];\ncx q[1],q[0];\ncx q[2],q[0];\nz q[0];\nrz(-1.7793388366699219) q[0];\nrx(1.5794346332550049) q[0];\nrz(-2.730595827102661) q[0];\nrz(1.2645059823989868) q[1];\nrx(1.57363760471344) q[1];\nrz(-1.9896948337554932) q[1];\nrz(2.350613832473755) q[2];\nrx(0.785757839679718) q[2];\nrz(2.1868221759796143) q[2];\nz q[2];\nh q[1];\ncx q[2],q[1];\ncz q[1],q[0];\nx q[1];\nrz(-0.11051032692193985) q[0];\nrx(-3.2487895488739014) q[0];\nrz(3.620788097381592) q[0];\nrz(2.9784719944000244) q[1];\nrx(3.343008518218994) q[1];\nrz(3.087677001953125) q[1];\nrz(-0.11092187464237213) q[2];\nrx(3.0395495891571045) q[2];\nrz(0.07016471773386002) q[2];"}