{"seed": 1016, "fidelity": 0.9998546838760376, "pqc_params": [[[0.9237262606620789, 2.188450574874878, -2.2044472694396973], [1.1762568950653076, -1.525611162185669, 0.16600358486175537], [-2.2051782608032227, -0.9775798320770264, 0.29212361574172974]], [[3.0395865440368652, 3.2427496910095215, 1.5378509759902954], [-0.9324291944503784, 0.0024535234551876783, -2.3179128170013428], [2.8663666248321533, 1.3666621446609497, 0.0459316186606884]], [[1.6545559167861938, 2.0304298400878906, -0.9946048259735107], [2.51664137840271, 3.6359052658081055, 3.470245122909546], [2.3501861095428467, 0.9580513834953308, -2.187716245651245]], [[-0.11139725893735886, 0.7611247897148132, 1.5676186084747314], [2.101257801055908, 1.7780507802963257, -2.445744037628174], [0.5921005606651306, -1.1957263946533203, -2.040086269378662]]], "base_circuit_tokens": [["h", [1], []], ["h", [2], []], ["h", [2], []], ["x", [1], []], ["x", [2], []], ["x", [0], []], ["h", [2], []], ["h", [1], []], ["h", [0], []], ["cx", [0, 1], []], ["cx", [0, 1], []], ["h", [0], []], ["h", [1], []], ["h", [2], []], ["x", [0], []], ["x", [2], []], ["x", [1], []], ["h", [2], []], ["h", [2], []], ["h", [1], []]], "pqc_circuit_tokens": [["h", [1], []], ["h", [2], []], ["h", [2], []], ["x", [1], []], ["x", [2], []], ["rz", [0], [0.9237262606620789]], ["rx", [0], [2.188450574874878]], ["rz", [0], [-2.2044472694396973]], ["rz", [1], [1.1762568950653076]], ["rx", [1], [-1.525611162185669]], ["rz", [1], [0.16600358486175537]], ["rz", [2], [-2.2051782608032227]], ["rx", [2], [-0.9775798320770264]], ["rz", [2], [0.29212361574172974]], ["x", [0], []], ["h", [2], []], ["h", [1], []], ["h", [0], []], ["cx", [0, 1], []], ["rz", [0], [3.0395865440368652]], ["rx", [0], [3.2427496910095215]], ["rz", [0], [1.5378509759902954]], ["rz", [1], [-0.9324291944503784]], ["rx", [1], [0.0024535234551876783]], ["rz", [1], [-2.3179128170013428]], ["rz", [2], [2.8663666248321533]], ["rx", [2], [1.3666621446609497]], ["rz", [2], [0.0459316186606884]], ["cx", [0, 1], []], ["h", [0], []], ["h", [1], []], ["h", [2], []], ["x", [0], []], ["rz", [0], [1.6545559167861938]], ["rx", [0], [2.0304298400878906]], ["rz", [0], [-0.9946048259735107]], ["rz", [1], [2.51664137840271]], ["rx", [1], [3.6359052658081055]], ["rz", [1], [3.470245122909546]], ["rz", [2], [2.3501861095428467]], ["rx", [2], [0.9580513834953308]], ["rz", [2], [-2.187716245651245]], ["x", [2], []], ["x", [1], []], ["h", [2], []], ["h", [2], []], ["h", [1], []], ["rz", [0], [-0.11139725893735886]], ["rx", [0], [0.7611247897148132]], ["rz", [0], [1.5676186084747314]], ["rz", [1], [2.101257801055908]], ["rx", [1], [1.7780507802963257]], ["rz", [1], [-2.445744037628174]], ["rz", [2], [0.5921005606651306]], ["rx", [2], [-1.1957263946533203]], ["rz", [2], [-2.040086269378662]]], "base_circuit_qasm": "OPENQASM 2.0;\ninclude \"qelib1.inc\";\nqreg q[3];\nh q[1];\nh q[2];\nh q[2];\nx q[1];\nx q[2];\nx q[0];\nh q[2];\nh q[1];\nh q[0];\ncx q[0],q[1];\ncx q[0],q[1];\nh q[0];\nh q[1];\nh q[2];\nx q[0];\nx q[2];\nx q[1];\nh q[2];\nh q[2];\nh q[1];", "pqc_circuit_qasm": "OPENQASM 2.0;\ninclude \"qelib1.inc\";\nqreg q[3];\nh q[1];\nh q[2];\nh q[2];\nx q[1];\nx q[2];\nrz(0.9237262606620789) q[0];\nrx(2.188450574874878) q[0];\nrz(-2.2044472694396973) q[0];\nrz(1.1762568950653076) q[1];\nrx(-1.525611162185669) q[1];\nrz(0.16600358486175537) q[1];\nrz(-2.2051782608032227) q[2];\nrx(-0.9775798320770264) q[2];\nrz(0.29212361574172974) q[2];\nx q[0];\nh q[2];\nh q[1];\nh q[0];\ncx q[0],q[1];\nrz(3.0395865440368652) q[0];\nrx(3.2427496910095215) q[0];\nrz(1.5378509759902954) q[0];\nrz(-0.9324291944503784) q[1];\nrx(0.0024535234551876783) q[1];\nrz(-2.3179128170013428) q[1];\nrz(2.8663666248321533) q[2];\nrx(1.3666621446609497) q[2];\nrz(0.0459316186606884) q[2];\ncx q[0],q[1];\nh q[0];\nh q[1];\nh q[2];\nx q[0];\nrz(1.6545559167861938) q[0];\nrx(2.0304298400878906) q[0];\nrz(-0.9946048259735107) q[0];\nrz(2.51664137840271) q[1];\nrx(3.6359052658081055) q[1];\nrz(3.470245122909546) q[1];\nrz(2.3501861095428467) q[2];\nrx(0.9580513834953308) q[2];\nrz(-2.187716245651245) q[2];\nx q[2];\nx q[1];\nh q[2];\nh q[2];\nh q[1];\nrz(-0.11139725893735886) q[0];\nrx(0.7611247897148132) q[0];\nrz(1.5676186084747314) q[0];\nrz(2.101257801055908) q[1];\nrx(1.7780507802963257) q[1];\nrz(-2.445744037628174) q[1];\nrz(0.5921005606651306) q[2];\nrx(-1.1957263946533203) q[2];\nrz(-2.040086269378662) q[2];"}