{"seed": 1056, "fidelity": 0.960051953792572, "pqc_params": [[[-1.0297746658325195, 1.4827051162719727, -1.9425380229949951], [0.17836664617061615, -0.9390354752540588, -2.4587209224700928], [-2.9048290252685547, -0.7318353056907654, -0.9603968858718872]], [[0.5549883246421814, -0.7821320295333862, -2.4388418197631836], [-1.3827431201934814, -1.5756206512451172, -0.9954807758331299], [-0.45929667353630066, 0.5210079550743103, 2.782857894897461]], [[-2.7799646854400635, 0.23611201345920563, 2.332991361618042], [-1.7402760982513428, -3.372401714324951, 1.4471162557601929], [-2.45902156829834, 0.5755530595779419, -1.643751859664917]], [[2.1852567195892334, 3.1061863899230957, -0.8527554273605347], [3.006378412246704, 0.11045461148023605, 0.02609478496015072], [0.6298967599868774, 3.12422251701355, -2.399934768676758]]], "base_circuit_tokens": [["h", [0], []], ["cx", [2, 1], []], ["cx", [0, 2], []], ["cx", [1, 2], []], ["h", [2], []], ["cx", [1, 0], []], ["cx", [0, 1], []], ["x", [0], []], ["x", [2], []], ["cx", [1, 0], []], ["cx", [1, 0], []], ["x", [2], []], ["x", [0], []], ["cx", [0, 1], []], ["cx", [1, 0], []], ["h", [2], []], ["cx", [1, 2], []], ["cx", [0, 2], []], ["cx", [2, 1], []], ["h", [0], []]], "pqc_circuit_tokens": [["h", [0], []], ["cx", [2, 1], []], ["cx", [0, 2], []], ["cx", [1, 2], []], ["h", [2], []], ["rz", [0], [-1.0297746658325195]], ["rx", [0], [1.4827051162719727]], ["rz", [0], [-1.9425380229949951]], ["rz", [1], [0.17836664617061615]], ["rx", [1], [-0.9390354752540588]], ["rz", [1], [-2.4587209224700928]], ["rz", [2], [-2.9048290252685547]], ["rx", [2], [-0.7318353056907654]], ["rz", [2], [-0.9603968858718872]], ["cx", [1, 0], []], ["cx", [0, 1], []], ["x", [0], []], ["x", [2], []], ["cx", [1, 0], []], ["rz", [0], [0.5549883246421814]], ["rx", [0], [-0.7821320295333862]], ["rz", [0], [-2.4388418197631836]], ["rz", [1], [-1.3827431201934814]], ["rx", [1], [-1.5756206512451172]], ["rz", [1], [-0.9954807758331299]], ["rz", [2], [-0.45929667353630066]], ["rx", [2], [0.5210079550743103]], ["rz", [2], [2.782857894897461]], ["cx", [1, 0], []], ["x", [2], []], ["x", [0], []], ["cx", [0, 1], []], ["cx", [1, 0], []], ["rz", [0], [-2.7799646854400635]], ["rx", [0], [0.23611201345920563]], ["rz", [0], [2.332991361618042]], ["rz", [1], [-1.7402760982513428]], ["rx", [1], [-3.372401714324951]], ["rz", [1], [1.4471162557601929]], ["rz", [2], [-2.45902156829834]], ["rx", [2], [0.5755530595779419]], ["rz", [2], [-1.643751859664917]], ["h", [2], []], ["cx", [1, 2], []], ["cx", [0, 2], []], ["cx", [2, 1], []], ["h", [0], []], ["rz", [0], [2.1852567195892334]], ["rx", [0], [3.1061863899230957]], ["rz", [0], [-0.8527554273605347]], ["rz", [1], [3.006378412246704]], ["rx", [1], [0.11045461148023605]], ["rz", [1], [0.02609478496015072]], ["rz", [2], [0.6298967599868774]], ["rx", [2], [3.12422251701355]], ["rz", [2], [-2.399934768676758]]], "base_circuit_qasm": "OPENQASM 2.0;\ninclude \"qelib1.inc\";\nqreg q[3];\nh q[0];\ncx q[2],q[1];\ncx q[0],q[2];\ncx q[1],q[2];\nh q[2];\ncx q[1],q[0];\ncx q[0],q[1];\nx q[0];\nx q[2];\ncx q[1],q[0];\ncx q[1],q[0];\nx q[2];\nx q[0];\ncx q[0],q[1];\ncx q[1],q[0];\nh q[2];\ncx q[1],q[2];\ncx q[0],q[2];\ncx q[2],q[1];\nh q[0];", "pqc_circuit_qasm": "OPENQASM 2.0;\ninclude \"qelib1.inc\";\nqreg q[3];\nh q[0];\ncx q[2],q[1];\ncx q[0],q[2];\ncx q[1],q[2];\nh q[2];\nrz(-1.0297746658325195) q[0];\nrx(1.4827051162719727) q[0];\nrz(-1.9425380229949951) q[0];\nrz(0.17836664617061615) q[1];\nrx(-0.9390354752540588) q[1];\nrz(-2.4587209224700928) q[1];\nrz(-2.9048290252685547) q[2];\nrx(-0.7318353056907654) q[2];\nrz(-0.9603968858718872) q[2];\ncx q[1],q[0];\ncx q[0],q[1];\nx q[0];\nx q[2];\ncx q[1],q[0];\nrz(0.5549883246421814) q[0];\nrx(-0.7821320295333862) q[0];\nrz(-2.4388418197631836) q[0];\nrz(-1.3827431201934814) q[1];\nrx(-1.5756206512451172) q[1];\nrz(-0.9954807758331299) q[1];\nrz(-0.45929667353630066) q[2];\nrx(0.5210079550743103) q[2];\nrz(2.782857894897461) q[2];\ncx q[1],q[0];\nx q[2];\nx q[0];\ncx q[0],q[1];\ncx q[1],q[0];\nrz(-2.7799646854400635) q[0];\nrx(0.23611201345920563) q[0];\nrz(2.332991361618042) q[0];\nrz(-1.7402760982513428) q[1];\nrx(-3.372401714324951) q[1];\nrz(1.4471162557601929) q[1];\nrz(-2.45902156829834) q[2];\nrx(0.5755530595779419) q[2];\nrz(-1.643751859664917) q[2];\nh q[2];\ncx q[1],q[2];\ncx q[0],q[2];\ncx q[2],q[1];\nh q[0];\nrz(2.1852567195892334) q[0];\nrx(3.1061863899230957) q[0];\nrz(-0.8527554273605347) q[0];\nrz(3.006378412246704) q[1];\nrx(0.11045461148023605) q[1];\nrz(0.02609478496015072) q[1];\nrz(0.6298967599868774) q[2];\nrx(3.12422251701355) q[2];\nrz(-2.399934768676758) q[2];"}