{"seed": 106, "fidelity": 0.9879634976387024, "pqc_params": [[[1.2732714414596558, 3.3970322608947754, 1.3348498344421387], [2.4833385944366455, 0.32766780257225037, -1.5234954357147217], [1.7367057800292969, 1.6043157577514648, -1.864200472831726]], [[-0.35354503989219666, 3.044219970703125, 1.0683720111846924], [2.877133846282959, 0.12524667382240295, 0.589211642742157], [-2.8077170848846436, 2.971749782562256, -2.703813076019287]], [[1.8407797813415527, -1.9427956342697144, 0.3922176659107208], [-2.9847943782806396, -2.3984313011169434, 1.484970211982727], [-1.8761370182037354, -1.5310773849487305, -2.1458678245544434]], [[-0.09496912360191345, -1.0957820415496826, 3.137420177459717], [1.6377313137054443, -0.08794339746236801, -2.1448354721069336], [-2.060779571533203, 3.143958806991577, 1.1795990467071533]]], "base_circuit_tokens": [["x", [1], []], ["cx", [1, 2], []], ["h", [2], []], ["cx", [2, 1], []], ["cx", [2, 0], []], ["h", [2], []], ["cx", [1, 2], []], ["cx", [2, 1], []], ["h", [2], []], ["cx", [0, 2], []], ["cx", [0, 2], []], ["h", [2], []], ["cx", [2, 1], []], ["cx", [1, 2], []], ["h", [2], []], ["cx", [2, 0], []], ["cx", [2, 1], []], ["h", [2], []], ["cx", [1, 2], []], ["x", [1], []]], "pqc_circuit_tokens": [["x", [1], []], ["cx", [1, 2], []], ["h", [2], []], ["cx", [2, 1], []], ["cx", [2, 0], []], ["rz", [0], [1.2732714414596558]], ["rx", [0], [3.3970322608947754]], ["rz", [0], [1.3348498344421387]], ["rz", [1], [2.4833385944366455]], ["rx", [1], [0.32766780257225037]], ["rz", [1], [-1.5234954357147217]], ["rz", [2], [1.7367057800292969]], ["rx", [2], [1.6043157577514648]], ["rz", [2], [-1.864200472831726]], ["h", [2], []], ["cx", [1, 2], []], ["cx", [2, 1], []], ["h", [2], []], ["cx", [0, 2], []], ["rz", [0], [-0.35354503989219666]], ["rx", [0], [3.044219970703125]], ["rz", [0], [1.0683720111846924]], ["rz", [1], [2.877133846282959]], ["rx", [1], [0.12524667382240295]], ["rz", [1], [0.589211642742157]], ["rz", [2], [-2.8077170848846436]], ["rx", [2], [2.971749782562256]], ["rz", [2], [-2.703813076019287]], ["cx", [0, 2], []], ["h", [2], []], ["cx", [2, 1], []], ["cx", [1, 2], []], ["h", [2], []], ["rz", [0], [1.8407797813415527]], ["rx", [0], [-1.9427956342697144]], ["rz", [0], [0.3922176659107208]], ["rz", [1], [-2.9847943782806396]], ["rx", [1], [-2.3984313011169434]], ["rz", [1], [1.484970211982727]], ["rz", [2], [-1.8761370182037354]], ["rx", [2], [-1.5310773849487305]], ["rz", [2], [-2.1458678245544434]], ["cx", [2, 0], []], ["cx", [2, 1], []], ["h", [2], []], ["cx", [1, 2], []], ["x", [1], []], ["rz", [0], [-0.09496912360191345]], ["rx", [0], [-1.0957820415496826]], ["rz", [0], [3.137420177459717]], ["rz", [1], [1.6377313137054443]], ["rx", [1], [-0.08794339746236801]], ["rz", [1], [-2.1448354721069336]], ["rz", [2], [-2.060779571533203]], ["rx", [2], [3.143958806991577]], ["rz", [2], [1.1795990467071533]]], "base_circuit_qasm": "OPENQASM 2.0;\ninclude \"qelib1.inc\";\nqreg q[3];\nx q[1];\ncx q[1],q[2];\nh q[2];\ncx q[2],q[1];\ncx q[2],q[0];\nh q[2];\ncx q[1],q[2];\ncx q[2],q[1];\nh q[2];\ncx q[0],q[2];\ncx q[0],q[2];\nh q[2];\ncx q[2],q[1];\ncx q[1],q[2];\nh q[2];\ncx q[2],q[0];\ncx q[2],q[1];\nh q[2];\ncx q[1],q[2];\nx q[1];", "pqc_circuit_qasm": "OPENQASM 2.0;\ninclude \"qelib1.inc\";\nqreg q[3];\nx q[1];\ncx q[1],q[2];\nh q[2];\ncx q[2],q[1];\ncx q[2],q[0];\nrz(1.2732714414596558) q[0];\nrx(3.3970322608947754) q[0];\nrz(1.3348498344421387) q[0];\nrz(2.4833385944366455) q[1];\nrx(0.32766780257225037) q[1];\nrz(-1.5234954357147217) q[1];\nrz(1.7367057800292969) q[2];\nrx(1.6043157577514648) q[2];\nrz(-1.864200472831726) q[2];\nh q[2];\ncx q[1],q[2];\ncx q[2],q[1];\nh q[2];\ncx q[0],q[2];\nrz(-0.35354503989219666) q[0];\nrx(3.044219970703125) q[0];\nrz(1.0683720111846924) q[0];\nrz(2.877133846282959) q[1];\nrx(0.12524667382240295) q[1];\nrz(0.589211642742157) q[1];\nrz(-2.8077170848846436) q[2];\nrx(2.971749782562256) q[2];\nrz(-2.703813076019287) q[2];\ncx q[0],q[2];\nh q[2];\ncx q[2],q[1];\ncx q[1],q[2];\nh q[2];\nrz(1.8407797813415527) q[0];\nrx(-1.9427956342697144) q[0];\nrz(0.3922176659107208) q[0];\nrz(-2.9847943782806396) q[1];\nrx(-2.3984313011169434) q[1];\nrz(1.484970211982727) q[1];\nrz(-1.8761370182037354) q[2];\nrx(-1.5310773849487305) q[2];\nrz(-2.1458678245544434) q[2];\ncx q[2],q[0];\ncx q[2],q[1];\nh q[2];\ncx q[1],q[2];\nx q[1];\nrz(-0.09496912360191345) q[0];\nrx(-1.0957820415496826) q[0];\nrz(3.137420177459717) q[0];\nrz(1.6377313137054443) q[1];\nrx(-0.08794339746236801) q[1];\nrz(-2.1448354721069336) q[1];\nrz(-2.060779571533203) q[2];\nrx(3.143958806991577) q[2];\nrz(1.1795990467071533) q[2];"}