{"seed": 1070, "fidelity": 0.9940670132637024, "pqc_params": [[[-2.1201581954956055, -0.49847280979156494, 2.6683943271636963], [1.4010577201843262, -1.6779577732086182, -2.7032394409179688], [-3.293097496032715, -2.114161491394043, -2.266664981842041]], [[1.8915797472000122, 0.016794806346297264, 0.17905552685260773], [-2.698302745819092, 1.3779581785202026, 2.5967421531677246], [2.318953275680542, -1.8755096197128296, -1.7641379833221436]], [[-2.5937724113464355, 0.3252430856227875, 0.09164745360612869], [1.8063619136810303, 2.9703128337860107, -0.47400444746017456], [-1.4451491832733154, -1.3651901483535767, 0.919193685054779]], [[-0.7441675662994385, 2.875169277191162, -0.4529048502445221], [-1.0801348686218262, -0.182246133685112, -1.2122505903244019], [2.3939476013183594, -3.0399110317230225, -0.8461266160011292]]], "base_circuit_tokens": [["h", [0], []], ["h", [1], []], ["h", [2], []], ["h", [2], []], ["cx", [2, 0], []], ["h", [0], []], ["h", [0], []], ["x", [2], []], ["h", [0], []], ["h", [2], []], ["h", [2], []], ["h", [0], []], ["x", [2], []], ["h", [0], []], ["h", [0], []], ["cx", [2, 0], []], ["h", [2], []], ["h", [2], []], ["h", [1], []], ["h", [0], []]], "pqc_circuit_tokens": [["h", [0], []], ["h", [1], []], ["h", [2], []], ["h", [2], []], ["cx", [2, 0], []], ["rz", [0], [-2.1201581954956055]], ["rx", [0], [-0.49847280979156494]], ["rz", [0], [2.6683943271636963]], ["rz", [1], [1.4010577201843262]], ["rx", [1], [-1.6779577732086182]], ["rz", [1], [-2.7032394409179688]], ["rz", [2], [-3.293097496032715]], ["rx", [2], [-2.114161491394043]], ["rz", [2], [-2.266664981842041]], ["h", [0], []], ["h", [0], []], ["x", [2], []], ["h", [0], []], ["h", [2], []], ["rz", [0], [1.8915797472000122]], ["rx", [0], [0.016794806346297264]], ["rz", [0], [0.17905552685260773]], ["rz", [1], [-2.698302745819092]], ["rx", [1], [1.3779581785202026]], ["rz", [1], [2.5967421531677246]], ["rz", [2], [2.318953275680542]], ["rx", [2], [-1.8755096197128296]], ["rz", [2], [-1.7641379833221436]], ["h", [2], []], ["h", [0], []], ["x", [2], []], ["h", [0], []], ["h", [0], []], ["rz", [0], [-2.5937724113464355]], ["rx", [0], [0.3252430856227875]], ["rz", [0], [0.09164745360612869]], ["rz", [1], [1.8063619136810303]], ["rx", [1], [2.9703128337860107]], ["rz", [1], [-0.47400444746017456]], ["rz", [2], [-1.4451491832733154]], ["rx", [2], [-1.3651901483535767]], ["rz", [2], [0.919193685054779]], ["cx", [2, 0], []], ["h", [2], []], ["h", [2], []], ["h", [1], []], ["h", [0], []], ["rz", [0], [-0.7441675662994385]], ["rx", [0], [2.875169277191162]], ["rz", [0], [-0.4529048502445221]], ["rz", [1], [-1.0801348686218262]], ["rx", [1], [-0.182246133685112]], ["rz", [1], [-1.2122505903244019]], ["rz", [2], [2.3939476013183594]], ["rx", [2], [-3.0399110317230225]], ["rz", [2], [-0.8461266160011292]]], "base_circuit_qasm": "OPENQASM 2.0;\ninclude \"qelib1.inc\";\nqreg q[3];\nh q[0];\nh q[1];\nh q[2];\nh q[2];\ncx q[2],q[0];\nh q[0];\nh q[0];\nx q[2];\nh q[0];\nh q[2];\nh q[2];\nh q[0];\nx q[2];\nh q[0];\nh q[0];\ncx q[2],q[0];\nh q[2];\nh q[2];\nh q[1];\nh q[0];", "pqc_circuit_qasm": "OPENQASM 2.0;\ninclude \"qelib1.inc\";\nqreg q[3];\nh q[0];\nh q[1];\nh q[2];\nh q[2];\ncx q[2],q[0];\nrz(-2.1201581954956055) q[0];\nrx(-0.49847280979156494) q[0];\nrz(2.6683943271636963) q[0];\nrz(1.4010577201843262) q[1];\nrx(-1.6779577732086182) q[1];\nrz(-2.7032394409179688) q[1];\nrz(-3.293097496032715) q[2];\nrx(-2.114161491394043) q[2];\nrz(-2.266664981842041) q[2];\nh q[0];\nh q[0];\nx q[2];\nh q[0];\nh q[2];\nrz(1.8915797472000122) q[0];\nrx(0.016794806346297264) q[0];\nrz(0.17905552685260773) q[0];\nrz(-2.698302745819092) q[1];\nrx(1.3779581785202026) q[1];\nrz(2.5967421531677246) q[1];\nrz(2.318953275680542) q[2];\nrx(-1.8755096197128296) q[2];\nrz(-1.7641379833221436) q[2];\nh q[2];\nh q[0];\nx q[2];\nh q[0];\nh q[0];\nrz(-2.5937724113464355) q[0];\nrx(0.3252430856227875) q[0];\nrz(0.09164745360612869) q[0];\nrz(1.8063619136810303) q[1];\nrx(2.9703128337860107) q[1];\nrz(-0.47400444746017456) q[1];\nrz(-1.4451491832733154) q[2];\nrx(-1.3651901483535767) q[2];\nrz(0.919193685054779) q[2];\ncx q[2],q[0];\nh q[2];\nh q[2];\nh q[1];\nh q[0];\nrz(-0.7441675662994385) q[0];\nrx(2.875169277191162) q[0];\nrz(-0.4529048502445221) q[0];\nrz(-1.0801348686218262) q[1];\nrx(-0.182246133685112) q[1];\nrz(-1.2122505903244019) q[1];\nrz(2.3939476013183594) q[2];\nrx(-3.0399110317230225) q[2];\nrz(-0.8461266160011292) q[2];"}