{"seed": 1095, "fidelity": 0.9988342523574829, "pqc_params": [[[0.8169103264808655, -1.4954969882965088, -3.706328868865967], [1.3973263502120972, -2.2151010036468506, -0.2559449076652527], [-0.30688855051994324, 0.9698623418807983, 2.6831164360046387]], [[1.2139452695846558, 0.0035035107284784317, -1.378880262374878], [0.3407939374446869, -2.631934881210327, -0.21103399991989136], [2.9366416931152344, 1.1670743227005005, 3.0045223236083984]], [[-1.7940670251846313, 1.4031767845153809, 0.5297508239746094], [-1.300291657447815, 1.106073021888733, -0.8065931797027588], [-1.7599751949310303, -3.327955484390259, 2.1718435287475586]], [[-0.5624781250953674, -1.3760936260223389, 0.4385382831096649], [1.993870735168457, -1.5839488506317139, -0.29156172275543213], [-3.2276980876922607, -3.115154266357422, -2.307438611984253]]], "base_circuit_tokens": [["h", [1], []], ["h", [0], []], ["h", [1], []], ["x", [0], []], ["x", [0], []], ["x", [0], []], ["h", [2], []], ["x", [2], []], ["cx", [2, 0], []], ["h", [2], []], ["h", [2], []], ["cx", [2, 0], []], ["x", [2], []], ["h", [2], []], ["x", [0], []], ["x", [0], []], ["x", [0], []], ["h", [1], []], ["h", [0], []], ["h", [1], []]], "pqc_circuit_tokens": [["h", [1], []], ["h", [0], []], ["h", [1], []], ["x", [0], []], ["x", [0], []], ["rz", [0], [0.8169103264808655]], ["rx", [0], [-1.4954969882965088]], ["rz", [0], [-3.706328868865967]], ["rz", [1], [1.3973263502120972]], ["rx", [1], [-2.2151010036468506]], ["rz", [1], [-0.2559449076652527]], ["rz", [2], [-0.30688855051994324]], ["rx", [2], [0.9698623418807983]], ["rz", [2], [2.6831164360046387]], ["x", [0], []], ["h", [2], []], ["x", [2], []], ["cx", [2, 0], []], ["h", [2], []], ["rz", [0], [1.2139452695846558]], ["rx", [0], [0.0035035107284784317]], ["rz", [0], [-1.378880262374878]], ["rz", [1], [0.3407939374446869]], ["rx", [1], [-2.631934881210327]], ["rz", [1], [-0.21103399991989136]], ["rz", [2], [2.9366416931152344]], ["rx", [2], [1.1670743227005005]], ["rz", [2], [3.0045223236083984]], ["h", [2], []], ["cx", [2, 0], []], ["x", [2], []], ["h", [2], []], ["x", [0], []], ["rz", [0], [-1.7940670251846313]], ["rx", [0], [1.4031767845153809]], ["rz", [0], [0.5297508239746094]], ["rz", [1], [-1.300291657447815]], ["rx", [1], [1.106073021888733]], ["rz", [1], [-0.8065931797027588]], ["rz", [2], [-1.7599751949310303]], ["rx", [2], [-3.327955484390259]], ["rz", [2], [2.1718435287475586]], ["x", [0], []], ["x", [0], []], ["h", [1], []], ["h", [0], []], ["h", [1], []], ["rz", [0], [-0.5624781250953674]], ["rx", [0], [-1.3760936260223389]], ["rz", [0], [0.4385382831096649]], ["rz", [1], [1.993870735168457]], ["rx", [1], [-1.5839488506317139]], ["rz", [1], [-0.29156172275543213]], ["rz", [2], [-3.2276980876922607]], ["rx", [2], [-3.115154266357422]], ["rz", [2], [-2.307438611984253]]], "base_circuit_qasm": "OPENQASM 2.0;\ninclude \"qelib1.inc\";\nqreg q[3];\nh q[1];\nh q[0];\nh q[1];\nx q[0];\nx q[0];\nx q[0];\nh q[2];\nx q[2];\ncx q[2],q[0];\nh q[2];\nh q[2];\ncx q[2],q[0];\nx q[2];\nh q[2];\nx q[0];\nx q[0];\nx q[0];\nh q[1];\nh q[0];\nh q[1];", "pqc_circuit_qasm": "OPENQASM 2.0;\ninclude \"qelib1.inc\";\nqreg q[3];\nh q[1];\nh q[0];\nh q[1];\nx q[0];\nx q[0];\nrz(0.8169103264808655) q[0];\nrx(-1.4954969882965088) q[0];\nrz(-3.706328868865967) q[0];\nrz(1.3973263502120972) q[1];\nrx(-2.2151010036468506) q[1];\nrz(-0.2559449076652527) q[1];\nrz(-0.30688855051994324) q[2];\nrx(0.9698623418807983) q[2];\nrz(2.6831164360046387) q[2];\nx q[0];\nh q[2];\nx q[2];\ncx q[2],q[0];\nh q[2];\nrz(1.2139452695846558) q[0];\nrx(0.0035035107284784317) q[0];\nrz(-1.378880262374878) q[0];\nrz(0.3407939374446869) q[1];\nrx(-2.631934881210327) q[1];\nrz(-0.21103399991989136) q[1];\nrz(2.9366416931152344) q[2];\nrx(1.1670743227005005) q[2];\nrz(3.0045223236083984) q[2];\nh q[2];\ncx q[2],q[0];\nx q[2];\nh q[2];\nx q[0];\nrz(-1.7940670251846313) q[0];\nrx(1.4031767845153809) q[0];\nrz(0.5297508239746094) q[0];\nrz(-1.300291657447815) q[1];\nrx(1.106073021888733) q[1];\nrz(-0.8065931797027588) q[1];\nrz(-1.7599751949310303) q[2];\nrx(-3.327955484390259) q[2];\nrz(2.1718435287475586) q[2];\nx q[0];\nx q[0];\nh q[1];\nh q[0];\nh q[1];\nrz(-0.5624781250953674) q[0];\nrx(-1.3760936260223389) q[0];\nrz(0.4385382831096649) q[0];\nrz(1.993870735168457) q[1];\nrx(-1.5839488506317139) q[1];\nrz(-0.29156172275543213) q[1];\nrz(-3.2276980876922607) q[2];\nrx(-3.115154266357422) q[2];\nrz(-2.307438611984253) q[2];"}