{"seed": 1099, "fidelity": 0.9699118733406067, "pqc_params": [[[-1.088637351989746, 2.503448009490967, -2.2936179637908936], [1.579736351966858, 1.7141104936599731, 1.0219144821166992], [-2.743515729904175, 0.46506544947624207, -1.351529598236084]], [[-0.10409431159496307, -0.8052369952201843, 3.1366779804229736], [-2.2442595958709717, 1.6657227277755737, 2.137547254562378], [2.5410568714141846, 0.10834769904613495, -3.1572999954223633]], [[-0.7066107988357544, 0.14780034124851227, -1.8165664672851562], [0.4747638404369354, -2.583338737487793, 2.730992317199707], [-1.4249745607376099, 2.8780770301818848, -1.891228199005127]], [[-2.31411075592041, -0.9456773400306702, 1.7248576879501343], [0.5930243730545044, -3.516174793243408, 0.712762713432312], [2.307600259780884, 0.01090428326278925, -2.4154324531555176]]], "base_circuit_tokens": [["h", [1], []], ["h", [1], []], ["cx", [1, 2], []], ["x", [0], []], ["h", [1], []], ["h", [1], []], ["h", [0], []], ["x", [2], []], ["x", [1], []], ["cx", [2, 0], []], ["cx", [2, 0], []], ["x", [1], []], ["x", [2], []], ["h", [0], []], ["h", [1], []], ["h", [1], []], ["x", [0], []], ["cx", [1, 2], []], ["h", [1], []], ["h", [1], []]], "pqc_circuit_tokens": [["h", [1], []], ["h", [1], []], ["cx", [1, 2], []], ["x", [0], []], ["h", [1], []], ["rz", [0], [-1.088637351989746]], ["rx", [0], [2.503448009490967]], ["rz", [0], [-2.2936179637908936]], ["rz", [1], [1.579736351966858]], ["rx", [1], [1.7141104936599731]], ["rz", [1], [1.0219144821166992]], ["rz", [2], [-2.743515729904175]], ["rx", [2], [0.46506544947624207]], ["rz", [2], [-1.351529598236084]], ["h", [1], []], ["h", [0], []], ["x", [2], []], ["x", [1], []], ["cx", [2, 0], []], ["rz", [0], [-0.10409431159496307]], ["rx", [0], [-0.8052369952201843]], ["rz", [0], [3.1366779804229736]], ["rz", [1], [-2.2442595958709717]], ["rx", [1], [1.6657227277755737]], ["rz", [1], [2.137547254562378]], ["rz", [2], [2.5410568714141846]], ["rx", [2], [0.10834769904613495]], ["rz", [2], [-3.1572999954223633]], ["cx", [2, 0], []], ["x", [1], []], ["x", [2], []], ["h", [0], []], ["h", [1], []], ["rz", [0], [-0.7066107988357544]], ["rx", [0], [0.14780034124851227]], ["rz", [0], [-1.8165664672851562]], ["rz", [1], [0.4747638404369354]], ["rx", [1], [-2.583338737487793]], ["rz", [1], [2.730992317199707]], ["rz", [2], [-1.4249745607376099]], ["rx", [2], [2.8780770301818848]], ["rz", [2], [-1.891228199005127]], ["h", [1], []], ["x", [0], []], ["cx", [1, 2], []], ["h", [1], []], ["h", [1], []], ["rz", [0], [-2.31411075592041]], ["rx", [0], [-0.9456773400306702]], ["rz", [0], [1.7248576879501343]], ["rz", [1], [0.5930243730545044]], ["rx", [1], [-3.516174793243408]], ["rz", [1], [0.712762713432312]], ["rz", [2], [2.307600259780884]], ["rx", [2], [0.01090428326278925]], ["rz", [2], [-2.4154324531555176]]], "base_circuit_qasm": "OPENQASM 2.0;\ninclude \"qelib1.inc\";\nqreg q[3];\nh q[1];\nh q[1];\ncx q[1],q[2];\nx q[0];\nh q[1];\nh q[1];\nh q[0];\nx q[2];\nx q[1];\ncx q[2],q[0];\ncx q[2],q[0];\nx q[1];\nx q[2];\nh q[0];\nh q[1];\nh q[1];\nx q[0];\ncx q[1],q[2];\nh q[1];\nh q[1];", "pqc_circuit_qasm": "OPENQASM 2.0;\ninclude \"qelib1.inc\";\nqreg q[3];\nh q[1];\nh q[1];\ncx q[1],q[2];\nx q[0];\nh q[1];\nrz(-1.088637351989746) q[0];\nrx(2.503448009490967) q[0];\nrz(-2.2936179637908936) q[0];\nrz(1.579736351966858) q[1];\nrx(1.7141104936599731) q[1];\nrz(1.0219144821166992) q[1];\nrz(-2.743515729904175) q[2];\nrx(0.46506544947624207) q[2];\nrz(-1.351529598236084) q[2];\nh q[1];\nh q[0];\nx q[2];\nx q[1];\ncx q[2],q[0];\nrz(-0.10409431159496307) q[0];\nrx(-0.8052369952201843) q[0];\nrz(3.1366779804229736) q[0];\nrz(-2.2442595958709717) q[1];\nrx(1.6657227277755737) q[1];\nrz(2.137547254562378) q[1];\nrz(2.5410568714141846) q[2];\nrx(0.10834769904613495) q[2];\nrz(-3.1572999954223633) q[2];\ncx q[2],q[0];\nx q[1];\nx q[2];\nh q[0];\nh q[1];\nrz(-0.7066107988357544) q[0];\nrx(0.14780034124851227) q[0];\nrz(-1.8165664672851562) q[0];\nrz(0.4747638404369354) q[1];\nrx(-2.583338737487793) q[1];\nrz(2.730992317199707) q[1];\nrz(-1.4249745607376099) q[2];\nrx(2.8780770301818848) q[2];\nrz(-1.891228199005127) q[2];\nh q[1];\nx q[0];\ncx q[1],q[2];\nh q[1];\nh q[1];\nrz(-2.31411075592041) q[0];\nrx(-0.9456773400306702) q[0];\nrz(1.7248576879501343) q[0];\nrz(0.5930243730545044) q[1];\nrx(-3.516174793243408) q[1];\nrz(0.712762713432312) q[1];\nrz(2.307600259780884) q[2];\nrx(0.01090428326278925) q[2];\nrz(-2.4154324531555176) q[2];"}