{"seed": 110, "fidelity": 0.9946617484092712, "pqc_params": [[[2.913083791732788, -1.5868600606918335, 0.8170570135116577], [0.9672870635986328, 3.1468300819396973, -0.3596753180027008], [1.9065122604370117, 1.9053202867507935, 0.7164261341094971]], [[-2.4465770721435547, -2.3545877933502197, 1.2142726182937622], [-2.101516008377075, 0.8020555377006531, -1.386494517326355], [1.100899338722229, 2.7700417041778564, 1.929761290550232]], [[3.3504433631896973, -0.6433688998222351, 2.4717416763305664], [-0.1310766339302063, 0.693389892578125, -2.0142593383789062], [1.608534574508667, -1.7473032474517822, -0.38514745235443115]], [[-0.3325115740299225, -0.21413658559322357, 1.1386407613754272], [-2.0124030113220215, -0.5472816824913025, 1.2066912651062012], [0.3293914496898651, 3.030879259109497, 3.5654072761535645]]], "base_circuit_tokens": [["cx", [0, 2], []], ["h", [2], []], ["cx", [0, 2], []], ["h", [1], []], ["h", [2], []], ["h", [0], []], ["x", [2], []], ["h", [1], []], ["h", [2], []], ["h", [2], []], ["h", [2], []], ["h", [2], []], ["h", [1], []], ["x", [2], []], ["h", [0], []], ["h", [2], []], ["h", [1], []], ["cx", [0, 2], []], ["h", [2], []], ["cx", [0, 2], []]], "pqc_circuit_tokens": [["cx", [0, 2], []], ["h", [2], []], ["cx", [0, 2], []], ["h", [1], []], ["h", [2], []], ["rz", [0], [2.913083791732788]], ["rx", [0], [-1.5868600606918335]], ["rz", [0], [0.8170570135116577]], ["rz", [1], [0.9672870635986328]], ["rx", [1], [3.1468300819396973]], ["rz", [1], [-0.3596753180027008]], ["rz", [2], [1.9065122604370117]], ["rx", [2], [1.9053202867507935]], ["rz", [2], [0.7164261341094971]], ["h", [0], []], ["x", [2], []], ["h", [1], []], ["h", [2], []], ["h", [2], []], ["rz", [0], [-2.4465770721435547]], ["rx", [0], [-2.3545877933502197]], ["rz", [0], [1.2142726182937622]], ["rz", [1], [-2.101516008377075]], ["rx", [1], [0.8020555377006531]], ["rz", [1], [-1.386494517326355]], ["rz", [2], [1.100899338722229]], ["rx", [2], [2.7700417041778564]], ["rz", [2], [1.929761290550232]], ["h", [2], []], ["h", [2], []], ["h", [1], []], ["x", [2], []], ["h", [0], []], ["rz", [0], [3.3504433631896973]], ["rx", [0], [-0.6433688998222351]], ["rz", [0], [2.4717416763305664]], ["rz", [1], [-0.1310766339302063]], ["rx", [1], [0.693389892578125]], ["rz", [1], [-2.0142593383789062]], ["rz", [2], [1.608534574508667]], ["rx", [2], [-1.7473032474517822]], ["rz", [2], [-0.38514745235443115]], ["h", [2], []], ["h", [1], []], ["cx", [0, 2], []], ["h", [2], []], ["cx", [0, 2], []], ["rz", [0], [-0.3325115740299225]], ["rx", [0], [-0.21413658559322357]], ["rz", [0], [1.1386407613754272]], ["rz", [1], [-2.0124030113220215]], ["rx", [1], [-0.5472816824913025]], ["rz", [1], [1.2066912651062012]], ["rz", [2], [0.3293914496898651]], ["rx", [2], [3.030879259109497]], ["rz", [2], [3.5654072761535645]]], "base_circuit_qasm": "OPENQASM 2.0;\ninclude \"qelib1.inc\";\nqreg q[3];\ncx q[0],q[2];\nh q[2];\ncx q[0],q[2];\nh q[1];\nh q[2];\nh q[0];\nx q[2];\nh q[1];\nh q[2];\nh q[2];\nh q[2];\nh q[2];\nh q[1];\nx q[2];\nh q[0];\nh q[2];\nh q[1];\ncx q[0],q[2];\nh q[2];\ncx q[0],q[2];", "pqc_circuit_qasm": "OPENQASM 2.0;\ninclude \"qelib1.inc\";\nqreg q[3];\ncx q[0],q[2];\nh q[2];\ncx q[0],q[2];\nh q[1];\nh q[2];\nrz(2.913083791732788) q[0];\nrx(-1.5868600606918335) q[0];\nrz(0.8170570135116577) q[0];\nrz(0.9672870635986328) q[1];\nrx(3.1468300819396973) q[1];\nrz(-0.3596753180027008) q[1];\nrz(1.9065122604370117) q[2];\nrx(1.9053202867507935) q[2];\nrz(0.7164261341094971) q[2];\nh q[0];\nx q[2];\nh q[1];\nh q[2];\nh q[2];\nrz(-2.4465770721435547) q[0];\nrx(-2.3545877933502197) q[0];\nrz(1.2142726182937622) q[0];\nrz(-2.101516008377075) q[1];\nrx(0.8020555377006531) q[1];\nrz(-1.386494517326355) q[1];\nrz(1.100899338722229) q[2];\nrx(2.7700417041778564) q[2];\nrz(1.929761290550232) q[2];\nh q[2];\nh q[2];\nh q[1];\nx q[2];\nh q[0];\nrz(3.3504433631896973) q[0];\nrx(-0.6433688998222351) q[0];\nrz(2.4717416763305664) q[0];\nrz(-0.1310766339302063) q[1];\nrx(0.693389892578125) q[1];\nrz(-2.0142593383789062) q[1];\nrz(1.608534574508667) q[2];\nrx(-1.7473032474517822) q[2];\nrz(-0.38514745235443115) q[2];\nh q[2];\nh q[1];\ncx q[0],q[2];\nh q[2];\ncx q[0],q[2];\nrz(-0.3325115740299225) q[0];\nrx(-0.21413658559322357) q[0];\nrz(1.1386407613754272) q[0];\nrz(-2.0124030113220215) q[1];\nrx(-0.5472816824913025) q[1];\nrz(1.2066912651062012) q[1];\nrz(0.3293914496898651) q[2];\nrx(3.030879259109497) q[2];\nrz(3.5654072761535645) q[2];"}