{"seed": 1167, "fidelity": 0.9533201456069946, "pqc_params": [[[1.6432093381881714, 1.3308384418487549, -1.568983554840088], [3.232675075531006, -2.283220052719116, -1.0783827304840088], [1.3668683767318726, -2.7357406616210938, -1.533486008644104]], [[0.6162735223770142, -2.112351179122925, -0.8503456711769104], [3.273280382156372, -3.0501396656036377, -3.179821729660034], [2.7929797172546387, 1.7197989225387573, -1.993350625038147]], [[3.334855556488037, -2.2295968532562256, -1.3385025262832642], [-1.0039341449737549, 2.677725315093994, -2.509105920791626], [-2.401643753051758, 2.598782777786255, 1.7445002794265747]], [[-1.4811651706695557, -3.1393158435821533, -1.3769901990890503], [0.44562143087387085, 3.050605058670044, 0.5525317192077637], [2.4515700340270996, -2.7991957664489746, 2.588737964630127]]], "base_circuit_tokens": [["cx", [1, 2], []], ["cx", [1, 0], []], ["h", [0], []], ["cx", [2, 1], []], ["cx", [0, 1], []], ["h", [0], []], ["x", [2], []], ["x", [1], []], ["h", [2], []], ["x", [2], []], ["x", [2], []], ["h", [2], []], ["x", [1], []], ["x", [2], []], ["h", [0], []], ["cx", [0, 1], []], ["cx", [2, 1], []], ["h", [0], []], ["cx", [1, 0], []], ["cx", [1, 2], []]], "pqc_circuit_tokens": [["cx", [1, 2], []], ["cx", [1, 0], []], ["h", [0], []], ["cx", [2, 1], []], ["cx", [0, 1], []], ["rz", [0], [1.6432093381881714]], ["rx", [0], [1.3308384418487549]], ["rz", [0], [-1.568983554840088]], ["rz", [1], [3.232675075531006]], ["rx", [1], [-2.283220052719116]], ["rz", [1], [-1.0783827304840088]], ["rz", [2], [1.3668683767318726]], ["rx", [2], [-2.7357406616210938]], ["rz", [2], [-1.533486008644104]], ["h", [0], []], ["x", [2], []], ["x", [1], []], ["h", [2], []], ["x", [2], []], ["rz", [0], [0.6162735223770142]], ["rx", [0], [-2.112351179122925]], ["rz", [0], [-0.8503456711769104]], ["rz", [1], [3.273280382156372]], ["rx", [1], [-3.0501396656036377]], ["rz", [1], [-3.179821729660034]], ["rz", [2], [2.7929797172546387]], ["rx", [2], [1.7197989225387573]], ["rz", [2], [-1.993350625038147]], ["x", [2], []], ["h", [2], []], ["x", [1], []], ["x", [2], []], ["h", [0], []], ["rz", [0], [3.334855556488037]], ["rx", [0], [-2.2295968532562256]], ["rz", [0], [-1.3385025262832642]], ["rz", [1], [-1.0039341449737549]], ["rx", [1], [2.677725315093994]], ["rz", [1], [-2.509105920791626]], ["rz", [2], [-2.401643753051758]], ["rx", [2], [2.598782777786255]], ["rz", [2], [1.7445002794265747]], ["cx", [0, 1], []], ["cx", [2, 1], []], ["h", [0], []], ["cx", [1, 0], []], ["cx", [1, 2], []], ["rz", [0], [-1.4811651706695557]], ["rx", [0], [-3.1393158435821533]], ["rz", [0], [-1.3769901990890503]], ["rz", [1], [0.44562143087387085]], ["rx", [1], [3.050605058670044]], ["rz", [1], [0.5525317192077637]], ["rz", [2], [2.4515700340270996]], ["rx", [2], [-2.7991957664489746]], ["rz", [2], [2.588737964630127]]], "base_circuit_qasm": "OPENQASM 2.0;\ninclude \"qelib1.inc\";\nqreg q[3];\ncx q[1],q[2];\ncx q[1],q[0];\nh q[0];\ncx q[2],q[1];\ncx q[0],q[1];\nh q[0];\nx q[2];\nx q[1];\nh q[2];\nx q[2];\nx q[2];\nh q[2];\nx q[1];\nx q[2];\nh q[0];\ncx q[0],q[1];\ncx q[2],q[1];\nh q[0];\ncx q[1],q[0];\ncx q[1],q[2];", "pqc_circuit_qasm": "OPENQASM 2.0;\ninclude \"qelib1.inc\";\nqreg q[3];\ncx q[1],q[2];\ncx q[1],q[0];\nh q[0];\ncx q[2],q[1];\ncx q[0],q[1];\nrz(1.6432093381881714) q[0];\nrx(1.3308384418487549) q[0];\nrz(-1.568983554840088) q[0];\nrz(3.232675075531006) q[1];\nrx(-2.283220052719116) q[1];\nrz(-1.0783827304840088) q[1];\nrz(1.3668683767318726) q[2];\nrx(-2.7357406616210938) q[2];\nrz(-1.533486008644104) q[2];\nh q[0];\nx q[2];\nx q[1];\nh q[2];\nx q[2];\nrz(0.6162735223770142) q[0];\nrx(-2.112351179122925) q[0];\nrz(-0.8503456711769104) q[0];\nrz(3.273280382156372) q[1];\nrx(-3.0501396656036377) q[1];\nrz(-3.179821729660034) q[1];\nrz(2.7929797172546387) q[2];\nrx(1.7197989225387573) q[2];\nrz(-1.993350625038147) q[2];\nx q[2];\nh q[2];\nx q[1];\nx q[2];\nh q[0];\nrz(3.334855556488037) q[0];\nrx(-2.2295968532562256) q[0];\nrz(-1.3385025262832642) q[0];\nrz(-1.0039341449737549) q[1];\nrx(2.677725315093994) q[1];\nrz(-2.509105920791626) q[1];\nrz(-2.401643753051758) q[2];\nrx(2.598782777786255) q[2];\nrz(1.7445002794265747) q[2];\ncx q[0],q[1];\ncx q[2],q[1];\nh q[0];\ncx q[1],q[0];\ncx q[1],q[2];\nrz(-1.4811651706695557) q[0];\nrx(-3.1393158435821533) q[0];\nrz(-1.3769901990890503) q[0];\nrz(0.44562143087387085) q[1];\nrx(3.050605058670044) q[1];\nrz(0.5525317192077637) q[1];\nrz(2.4515700340270996) q[2];\nrx(-2.7991957664489746) q[2];\nrz(2.588737964630127) q[2];"}