{"seed": 1174, "fidelity": 0.9960617423057556, "pqc_params": [[[3.230130910873413, 1.9637044668197632, 0.742809534072876], [1.9384791851043701, -1.288461446762085, -1.436152458190918], [1.6049180030822754, 1.6157726049423218, -0.9597412347793579]], [[-0.5321446061134338, 0.8298853039741516, 0.9587188363075256], [2.6939733028411865, -3.010589361190796, -3.503894567489624], [-0.9128310680389404, 0.5990648865699768, 1.9011828899383545]], [[1.704976201057434, -1.8697863817214966, 1.381212830543518], [-1.6819978952407837, -1.7594659328460693, 1.5347620248794556], [0.6571207046508789, -3.0040767192840576, -2.8227009773254395]], [[0.3343707025051117, -2.965773820877075, 0.43846380710601807], [-1.851637363433838, 0.02247796393930912, -1.9419387578964233], [2.840888023376465, 0.30927687883377075, -1.7325353622436523]]], "base_circuit_tokens": [["h", [2], []], ["h", [2], []], ["cx", [1, 0], []], ["h", [0], []], ["h", [0], []], ["h", [0], []], ["h", [0], []], ["x", [1], []], ["h", [2], []], ["h", [0], []], ["h", [0], []], ["h", [2], []], ["x", [1], []], ["h", [0], []], ["h", [0], []], ["h", [0], []], ["h", [0], []], ["cx", [1, 0], []], ["h", [2], []], ["h", [2], []]], "pqc_circuit_tokens": [["h", [2], []], ["h", [2], []], ["cx", [1, 0], []], ["h", [0], []], ["h", [0], []], ["rz", [0], [3.230130910873413]], ["rx", [0], [1.9637044668197632]], ["rz", [0], [0.742809534072876]], ["rz", [1], [1.9384791851043701]], ["rx", [1], [-1.288461446762085]], ["rz", [1], [-1.436152458190918]], ["rz", [2], [1.6049180030822754]], ["rx", [2], [1.6157726049423218]], ["rz", [2], [-0.9597412347793579]], ["h", [0], []], ["h", [0], []], ["x", [1], []], ["h", [2], []], ["h", [0], []], ["rz", [0], [-0.5321446061134338]], ["rx", [0], [0.8298853039741516]], ["rz", [0], [0.9587188363075256]], ["rz", [1], [2.6939733028411865]], ["rx", [1], [-3.010589361190796]], ["rz", [1], [-3.503894567489624]], ["rz", [2], [-0.9128310680389404]], ["rx", [2], [0.5990648865699768]], ["rz", [2], [1.9011828899383545]], ["h", [0], []], ["h", [2], []], ["x", [1], []], ["h", [0], []], ["h", [0], []], ["rz", [0], [1.704976201057434]], ["rx", [0], [-1.8697863817214966]], ["rz", [0], [1.381212830543518]], ["rz", [1], [-1.6819978952407837]], ["rx", [1], [-1.7594659328460693]], ["rz", [1], [1.5347620248794556]], ["rz", [2], [0.6571207046508789]], ["rx", [2], [-3.0040767192840576]], ["rz", [2], [-2.8227009773254395]], ["h", [0], []], ["h", [0], []], ["cx", [1, 0], []], ["h", [2], []], ["h", [2], []], ["rz", [0], [0.3343707025051117]], ["rx", [0], [-2.965773820877075]], ["rz", [0], [0.43846380710601807]], ["rz", [1], [-1.851637363433838]], ["rx", [1], [0.02247796393930912]], ["rz", [1], [-1.9419387578964233]], ["rz", [2], [2.840888023376465]], ["rx", [2], [0.30927687883377075]], ["rz", [2], [-1.7325353622436523]]], "base_circuit_qasm": "OPENQASM 2.0;\ninclude \"qelib1.inc\";\nqreg q[3];\nh q[2];\nh q[2];\ncx q[1],q[0];\nh q[0];\nh q[0];\nh q[0];\nh q[0];\nx q[1];\nh q[2];\nh q[0];\nh q[0];\nh q[2];\nx q[1];\nh q[0];\nh q[0];\nh q[0];\nh q[0];\ncx q[1],q[0];\nh q[2];\nh q[2];", "pqc_circuit_qasm": "OPENQASM 2.0;\ninclude \"qelib1.inc\";\nqreg q[3];\nh q[2];\nh q[2];\ncx q[1],q[0];\nh q[0];\nh q[0];\nrz(3.230130910873413) q[0];\nrx(1.9637044668197632) q[0];\nrz(0.742809534072876) q[0];\nrz(1.9384791851043701) q[1];\nrx(-1.288461446762085) q[1];\nrz(-1.436152458190918) q[1];\nrz(1.6049180030822754) q[2];\nrx(1.6157726049423218) q[2];\nrz(-0.9597412347793579) q[2];\nh q[0];\nh q[0];\nx q[1];\nh q[2];\nh q[0];\nrz(-0.5321446061134338) q[0];\nrx(0.8298853039741516) q[0];\nrz(0.9587188363075256) q[0];\nrz(2.6939733028411865) q[1];\nrx(-3.010589361190796) q[1];\nrz(-3.503894567489624) q[1];\nrz(-0.9128310680389404) q[2];\nrx(0.5990648865699768) q[2];\nrz(1.9011828899383545) q[2];\nh q[0];\nh q[2];\nx q[1];\nh q[0];\nh q[0];\nrz(1.704976201057434) q[0];\nrx(-1.8697863817214966) q[0];\nrz(1.381212830543518) q[0];\nrz(-1.6819978952407837) q[1];\nrx(-1.7594659328460693) q[1];\nrz(1.5347620248794556) q[1];\nrz(0.6571207046508789) q[2];\nrx(-3.0040767192840576) q[2];\nrz(-2.8227009773254395) q[2];\nh q[0];\nh q[0];\ncx q[1],q[0];\nh q[2];\nh q[2];\nrz(0.3343707025051117) q[0];\nrx(-2.965773820877075) q[0];\nrz(0.43846380710601807) q[0];\nrz(-1.851637363433838) q[1];\nrx(0.02247796393930912) q[1];\nrz(-1.9419387578964233) q[1];\nrz(2.840888023376465) q[2];\nrx(0.30927687883377075) q[2];\nrz(-1.7325353622436523) q[2];"}