{"seed": 1180, "fidelity": 0.9754953384399414, "pqc_params": [[[3.4716148376464844, -0.018981313332915306, 2.583696126937866], [2.098207950592041, -1.1212507486343384, 3.113872528076172], [1.7439658641815186, -0.9081157445907593, 0.976762056350708]], [[-0.06904750317335129, -0.36902639269828796, 1.8032571077346802], [3.0006473064422607, -3.057485580444336, -2.121939182281494], [-1.4330466985702515, -0.0996323749423027, -1.1398249864578247]], [[3.1378910541534424, 3.1161673069000244, -2.9317216873168945], [-0.21302373707294464, 1.0787204504013062, 3.1342906951904297], [-2.7821903228759766, -0.171818345785141, -2.8264999389648438]], [[-3.2457687854766846, -0.5230722427368164, -3.140533447265625], [-0.0912310853600502, 0.9514049291610718, 0.9362552762031555], [1.7236157655715942, -2.774791717529297, 0.3411279022693634]]], "base_circuit_tokens": [["h", [2], []], ["h", [2], []], ["h", [2], []], ["h", [2], []], ["cx", [1, 0], []], ["h", [0], []], ["cx", [0, 2], []], ["h", [1], []], ["cx", [0, 1], []], ["h", [2], []], ["h", [2], []], ["cx", [0, 1], []], ["h", [1], []], ["cx", [0, 2], []], ["h", [0], []], ["cx", [1, 0], []], ["h", [2], []], ["h", [2], []], ["h", [2], []], ["h", [2], []]], "pqc_circuit_tokens": [["h", [2], []], ["h", [2], []], ["h", [2], []], ["h", [2], []], ["cx", [1, 0], []], ["rz", [0], [3.4716148376464844]], ["rx", [0], [-0.018981313332915306]], ["rz", [0], [2.583696126937866]], ["rz", [1], [2.098207950592041]], ["rx", [1], [-1.1212507486343384]], ["rz", [1], [3.113872528076172]], ["rz", [2], [1.7439658641815186]], ["rx", [2], [-0.9081157445907593]], ["rz", [2], [0.976762056350708]], ["h", [0], []], ["cx", [0, 2], []], ["h", [1], []], ["cx", [0, 1], []], ["h", [2], []], ["rz", [0], [-0.06904750317335129]], ["rx", [0], [-0.36902639269828796]], ["rz", [0], [1.8032571077346802]], ["rz", [1], [3.0006473064422607]], ["rx", [1], [-3.057485580444336]], ["rz", [1], [-2.121939182281494]], ["rz", [2], [-1.4330466985702515]], ["rx", [2], [-0.0996323749423027]], ["rz", [2], [-1.1398249864578247]], ["h", [2], []], ["cx", [0, 1], []], ["h", [1], []], ["cx", [0, 2], []], ["h", [0], []], ["rz", [0], [3.1378910541534424]], ["rx", [0], [3.1161673069000244]], ["rz", [0], [-2.9317216873168945]], ["rz", [1], [-0.21302373707294464]], ["rx", [1], [1.0787204504013062]], ["rz", [1], [3.1342906951904297]], ["rz", [2], [-2.7821903228759766]], ["rx", [2], [-0.171818345785141]], ["rz", [2], [-2.8264999389648438]], ["cx", [1, 0], []], ["h", [2], []], ["h", [2], []], ["h", [2], []], ["h", [2], []], ["rz", [0], [-3.2457687854766846]], ["rx", [0], [-0.5230722427368164]], ["rz", [0], [-3.140533447265625]], ["rz", [1], [-0.0912310853600502]], ["rx", [1], [0.9514049291610718]], ["rz", [1], [0.9362552762031555]], ["rz", [2], [1.7236157655715942]], ["rx", [2], [-2.774791717529297]], ["rz", [2], [0.3411279022693634]]], "base_circuit_qasm": "OPENQASM 2.0;\ninclude \"qelib1.inc\";\nqreg q[3];\nh q[2];\nh q[2];\nh q[2];\nh q[2];\ncx q[1],q[0];\nh q[0];\ncx q[0],q[2];\nh q[1];\ncx q[0],q[1];\nh q[2];\nh q[2];\ncx q[0],q[1];\nh q[1];\ncx q[0],q[2];\nh q[0];\ncx q[1],q[0];\nh q[2];\nh q[2];\nh q[2];\nh q[2];", "pqc_circuit_qasm": "OPENQASM 2.0;\ninclude \"qelib1.inc\";\nqreg q[3];\nh q[2];\nh q[2];\nh q[2];\nh q[2];\ncx q[1],q[0];\nrz(3.4716148376464844) q[0];\nrx(-0.018981313332915306) q[0];\nrz(2.583696126937866) q[0];\nrz(2.098207950592041) q[1];\nrx(-1.1212507486343384) q[1];\nrz(3.113872528076172) q[1];\nrz(1.7439658641815186) q[2];\nrx(-0.9081157445907593) q[2];\nrz(0.976762056350708) q[2];\nh q[0];\ncx q[0],q[2];\nh q[1];\ncx q[0],q[1];\nh q[2];\nrz(-0.06904750317335129) q[0];\nrx(-0.36902639269828796) q[0];\nrz(1.8032571077346802) q[0];\nrz(3.0006473064422607) q[1];\nrx(-3.057485580444336) q[1];\nrz(-2.121939182281494) q[1];\nrz(-1.4330466985702515) q[2];\nrx(-0.0996323749423027) q[2];\nrz(-1.1398249864578247) q[2];\nh q[2];\ncx q[0],q[1];\nh q[1];\ncx q[0],q[2];\nh q[0];\nrz(3.1378910541534424) q[0];\nrx(3.1161673069000244) q[0];\nrz(-2.9317216873168945) q[0];\nrz(-0.21302373707294464) q[1];\nrx(1.0787204504013062) q[1];\nrz(3.1342906951904297) q[1];\nrz(-2.7821903228759766) q[2];\nrx(-0.171818345785141) q[2];\nrz(-2.8264999389648438) q[2];\ncx q[1],q[0];\nh q[2];\nh q[2];\nh q[2];\nh q[2];\nrz(-3.2457687854766846) q[0];\nrx(-0.5230722427368164) q[0];\nrz(-3.140533447265625) q[0];\nrz(-0.0912310853600502) q[1];\nrx(0.9514049291610718) q[1];\nrz(0.9362552762031555) q[1];\nrz(1.7236157655715942) q[2];\nrx(-2.774791717529297) q[2];\nrz(0.3411279022693634) q[2];"}