{"seed": 1181, "fidelity": 0.9998403787612915, "pqc_params": [[[0.9965485334396362, -1.389917254447937, 1.0948060750961304], [-0.14460766315460205, -0.6143862009048462, 1.6630114316940308], [-2.9358267784118652, -3.1800272464752197, -2.772904396057129]], [[-2.3980743885040283, 0.3320491313934326, -2.7759954929351807], [-3.2337794303894043, 0.42822179198265076, 2.1811017990112305], [3.062255620956421, -0.4410567879676819, 0.36412861943244934]], [[-1.8921856880187988, -2.3486032485961914, -1.5482709407806396], [2.7931201457977295, 1.0817866325378418, -2.262474775314331], [1.8912147283554077, -0.480918824672699, 0.12784788012504578]], [[2.4998912811279297, -2.919590711593628, 1.9319854974746704], [0.19457481801509857, -1.0478988885879517, 1.2719814777374268], [-2.229325771331787, -2.556138515472412, -2.827272415161133]]], "base_circuit_tokens": [["h", [2], []], ["h", [1], []], ["h", [2], []], ["h", [0], []], ["h", [0], []], ["x", [1], []], ["x", [0], []], ["x", [0], []], ["h", [0], []], ["x", [1], []], ["x", [1], []], ["h", [0], []], ["x", [0], []], ["x", [0], []], ["x", [1], []], ["h", [0], []], ["h", [0], []], ["h", [2], []], ["h", [1], []], ["h", [2], []]], "pqc_circuit_tokens": [["h", [2], []], ["h", [1], []], ["h", [2], []], ["h", [0], []], ["h", [0], []], ["rz", [0], [0.9965485334396362]], ["rx", [0], [-1.389917254447937]], ["rz", [0], [1.0948060750961304]], ["rz", [1], [-0.14460766315460205]], ["rx", [1], [-0.6143862009048462]], ["rz", [1], [1.6630114316940308]], ["rz", [2], [-2.9358267784118652]], ["rx", [2], [-3.1800272464752197]], ["rz", [2], [-2.772904396057129]], ["x", [1], []], ["x", [0], []], ["x", [0], []], ["h", [0], []], ["x", [1], []], ["rz", [0], [-2.3980743885040283]], ["rx", [0], [0.3320491313934326]], ["rz", [0], [-2.7759954929351807]], ["rz", [1], [-3.2337794303894043]], ["rx", [1], [0.42822179198265076]], ["rz", [1], [2.1811017990112305]], ["rz", [2], [3.062255620956421]], ["rx", [2], [-0.4410567879676819]], ["rz", [2], [0.36412861943244934]], ["x", [1], []], ["h", [0], []], ["x", [0], []], ["x", [0], []], ["x", [1], []], ["rz", [0], [-1.8921856880187988]], ["rx", [0], [-2.3486032485961914]], ["rz", [0], [-1.5482709407806396]], ["rz", [1], [2.7931201457977295]], ["rx", [1], [1.0817866325378418]], ["rz", [1], [-2.262474775314331]], ["rz", [2], [1.8912147283554077]], ["rx", [2], [-0.480918824672699]], ["rz", [2], [0.12784788012504578]], ["h", [0], []], ["h", [0], []], ["h", [2], []], ["h", [1], []], ["h", [2], []], ["rz", [0], [2.4998912811279297]], ["rx", [0], [-2.919590711593628]], ["rz", [0], [1.9319854974746704]], ["rz", [1], [0.19457481801509857]], ["rx", [1], [-1.0478988885879517]], ["rz", [1], [1.2719814777374268]], ["rz", [2], [-2.229325771331787]], ["rx", [2], [-2.556138515472412]], ["rz", [2], [-2.827272415161133]]], "base_circuit_qasm": "OPENQASM 2.0;\ninclude \"qelib1.inc\";\nqreg q[3];\nh q[2];\nh q[1];\nh q[2];\nh q[0];\nh q[0];\nx q[1];\nx q[0];\nx q[0];\nh q[0];\nx q[1];\nx q[1];\nh q[0];\nx q[0];\nx q[0];\nx q[1];\nh q[0];\nh q[0];\nh q[2];\nh q[1];\nh q[2];", "pqc_circuit_qasm": "OPENQASM 2.0;\ninclude \"qelib1.inc\";\nqreg q[3];\nh q[2];\nh q[1];\nh q[2];\nh q[0];\nh q[0];\nrz(0.9965485334396362) q[0];\nrx(-1.389917254447937) q[0];\nrz(1.0948060750961304) q[0];\nrz(-0.14460766315460205) q[1];\nrx(-0.6143862009048462) q[1];\nrz(1.6630114316940308) q[1];\nrz(-2.9358267784118652) q[2];\nrx(-3.1800272464752197) q[2];\nrz(-2.772904396057129) q[2];\nx q[1];\nx q[0];\nx q[0];\nh q[0];\nx q[1];\nrz(-2.3980743885040283) q[0];\nrx(0.3320491313934326) q[0];\nrz(-2.7759954929351807) q[0];\nrz(-3.2337794303894043) q[1];\nrx(0.42822179198265076) q[1];\nrz(2.1811017990112305) q[1];\nrz(3.062255620956421) q[2];\nrx(-0.4410567879676819) q[2];\nrz(0.36412861943244934) q[2];\nx q[1];\nh q[0];\nx q[0];\nx q[0];\nx q[1];\nrz(-1.8921856880187988) q[0];\nrx(-2.3486032485961914) q[0];\nrz(-1.5482709407806396) q[0];\nrz(2.7931201457977295) q[1];\nrx(1.0817866325378418) q[1];\nrz(-2.262474775314331) q[1];\nrz(1.8912147283554077) q[2];\nrx(-0.480918824672699) q[2];\nrz(0.12784788012504578) q[2];\nh q[0];\nh q[0];\nh q[2];\nh q[1];\nh q[2];\nrz(2.4998912811279297) q[0];\nrx(-2.919590711593628) q[0];\nrz(1.9319854974746704) q[0];\nrz(0.19457481801509857) q[1];\nrx(-1.0478988885879517) q[1];\nrz(1.2719814777374268) q[1];\nrz(-2.229325771331787) q[2];\nrx(-2.556138515472412) q[2];\nrz(-2.827272415161133) q[2];"}