{"seed": 1193, "fidelity": 0.9996752738952637, "pqc_params": [[[0.37970489263534546, 3.078885793685913, 1.984259009361267], [-1.7938770055770874, -0.34024879336357117, -1.9445163011550903], [1.5279022455215454, 3.4403116703033447, -2.5699806213378906]], [[-3.4769628047943115, 1.0315393209457397, 1.4190919399261475], [-1.66497802734375, 0.4084571599960327, 2.2756314277648926], [-1.3932706117630005, 0.7971467971801758, 2.1699182987213135]], [[-2.4806969165802, 2.458564519882202, 2.8955349922180176], [-0.5923599600791931, -3.620694875717163, 2.189263343811035], [2.420305013656616, -2.6135311126708984, 1.461216926574707]], [[-1.115638256072998, 0.9720062613487244, -1.6318485736846924], [2.0614001750946045, -0.8152897357940674, 0.31385886669158936], [0.7510598301887512, 2.7416903972625732, 2.006726026535034]]], "base_circuit_tokens": [["h", [1], []], ["x", [0], []], ["h", [2], []], ["x", [0], []], ["x", [0], []], ["h", [1], []], ["h", [2], []], ["x", [0], []], ["h", [1], []], ["h", [0], []], ["h", [0], []], ["h", [1], []], ["x", [0], []], ["h", [2], []], ["h", [1], []], ["x", [0], []], ["x", [0], []], ["h", [2], []], ["x", [0], []], ["h", [1], []]], "pqc_circuit_tokens": [["h", [1], []], ["x", [0], []], ["h", [2], []], ["x", [0], []], ["x", [0], []], ["rz", [0], [0.37970489263534546]], ["rx", [0], [3.078885793685913]], ["rz", [0], [1.984259009361267]], ["rz", [1], [-1.7938770055770874]], ["rx", [1], [-0.34024879336357117]], ["rz", [1], [-1.9445163011550903]], ["rz", [2], [1.5279022455215454]], ["rx", [2], [3.4403116703033447]], ["rz", [2], [-2.5699806213378906]], ["h", [1], []], ["h", [2], []], ["x", [0], []], ["h", [1], []], ["h", [0], []], ["rz", [0], [-3.4769628047943115]], ["rx", [0], [1.0315393209457397]], ["rz", [0], [1.4190919399261475]], ["rz", [1], [-1.66497802734375]], ["rx", [1], [0.4084571599960327]], ["rz", [1], [2.2756314277648926]], ["rz", [2], [-1.3932706117630005]], ["rx", [2], [0.7971467971801758]], ["rz", [2], [2.1699182987213135]], ["h", [0], []], ["h", [1], []], ["x", [0], []], ["h", [2], []], ["h", [1], []], ["rz", [0], [-2.4806969165802]], ["rx", [0], [2.458564519882202]], ["rz", [0], [2.8955349922180176]], ["rz", [1], [-0.5923599600791931]], ["rx", [1], [-3.620694875717163]], ["rz", [1], [2.189263343811035]], ["rz", [2], [2.420305013656616]], ["rx", [2], [-2.6135311126708984]], ["rz", [2], [1.461216926574707]], ["x", [0], []], ["x", [0], []], ["h", [2], []], ["x", [0], []], ["h", [1], []], ["rz", [0], [-1.115638256072998]], ["rx", [0], [0.9720062613487244]], ["rz", [0], [-1.6318485736846924]], ["rz", [1], [2.0614001750946045]], ["rx", [1], [-0.8152897357940674]], ["rz", [1], [0.31385886669158936]], ["rz", [2], [0.7510598301887512]], ["rx", [2], [2.7416903972625732]], ["rz", [2], [2.006726026535034]]], "base_circuit_qasm": "OPENQASM 2.0;\ninclude \"qelib1.inc\";\nqreg q[3];\nh q[1];\nx q[0];\nh q[2];\nx q[0];\nx q[0];\nh q[1];\nh q[2];\nx q[0];\nh q[1];\nh q[0];\nh q[0];\nh q[1];\nx q[0];\nh q[2];\nh q[1];\nx q[0];\nx q[0];\nh q[2];\nx q[0];\nh q[1];", "pqc_circuit_qasm": "OPENQASM 2.0;\ninclude \"qelib1.inc\";\nqreg q[3];\nh q[1];\nx q[0];\nh q[2];\nx q[0];\nx q[0];\nrz(0.37970489263534546) q[0];\nrx(3.078885793685913) q[0];\nrz(1.984259009361267) q[0];\nrz(-1.7938770055770874) q[1];\nrx(-0.34024879336357117) q[1];\nrz(-1.9445163011550903) q[1];\nrz(1.5279022455215454) q[2];\nrx(3.4403116703033447) q[2];\nrz(-2.5699806213378906) q[2];\nh q[1];\nh q[2];\nx q[0];\nh q[1];\nh q[0];\nrz(-3.4769628047943115) q[0];\nrx(1.0315393209457397) q[0];\nrz(1.4190919399261475) q[0];\nrz(-1.66497802734375) q[1];\nrx(0.4084571599960327) q[1];\nrz(2.2756314277648926) q[1];\nrz(-1.3932706117630005) q[2];\nrx(0.7971467971801758) q[2];\nrz(2.1699182987213135) q[2];\nh q[0];\nh q[1];\nx q[0];\nh q[2];\nh q[1];\nrz(-2.4806969165802) q[0];\nrx(2.458564519882202) q[0];\nrz(2.8955349922180176) q[0];\nrz(-0.5923599600791931) q[1];\nrx(-3.620694875717163) q[1];\nrz(2.189263343811035) q[1];\nrz(2.420305013656616) q[2];\nrx(-2.6135311126708984) q[2];\nrz(1.461216926574707) q[2];\nx q[0];\nx q[0];\nh q[2];\nx q[0];\nh q[1];\nrz(-1.115638256072998) q[0];\nrx(0.9720062613487244) q[0];\nrz(-1.6318485736846924) q[0];\nrz(2.0614001750946045) q[1];\nrx(-0.8152897357940674) q[1];\nrz(0.31385886669158936) q[1];\nrz(0.7510598301887512) q[2];\nrx(2.7416903972625732) q[2];\nrz(2.006726026535034) q[2];"}