{"seed": 1199, "fidelity": 0.9835975766181946, "pqc_params": [[[0.4849730134010315, -2.526355743408203, -2.6045947074890137], [-0.025414245203137398, -2.359569787979126, 3.285191535949707], [2.6414847373962402, -1.6839094161987305, 0.22918236255645752]], [[-0.7820045948028564, 0.32405656576156616, -0.7403666973114014], [-0.18700508773326874, 1.8700000047683716, 2.3822927474975586], [-2.6847569942474365, 1.433868169784546, 2.1375341415405273]], [[2.459216356277466, -1.898935079574585, 1.7113617658615112], [1.9319607019424438, -3.495546579360962, -0.710733950138092], [0.843717634677887, -0.9314599633216858, -3.0171401500701904]], [[-0.37803614139556885, 1.1243984699249268, 3.1622369289398193], [3.2518107891082764, 0.8180776238441467, 0.4076657295227051], [2.7747697830200195, 3.194448947906494, -1.8296542167663574]]], "base_circuit_tokens": [["cx", [2, 0], []], ["h", [0], []], ["x", [2], []], ["h", [2], []], ["h", [2], []], ["h", [2], []], ["h", [0], []], ["x", [2], []], ["x", [2], []], ["x", [1], []], ["x", [1], []], ["x", [2], []], ["x", [2], []], ["h", [0], []], ["h", [2], []], ["h", [2], []], ["h", [2], []], ["x", [2], []], ["h", [0], []], ["cx", [2, 0], []]], "pqc_circuit_tokens": [["cx", [2, 0], []], ["h", [0], []], ["x", [2], []], ["h", [2], []], ["h", [2], []], ["rz", [0], [0.4849730134010315]], ["rx", [0], [-2.526355743408203]], ["rz", [0], [-2.6045947074890137]], ["rz", [1], [-0.025414245203137398]], ["rx", [1], [-2.359569787979126]], ["rz", [1], [3.285191535949707]], ["rz", [2], [2.6414847373962402]], ["rx", [2], [-1.6839094161987305]], ["rz", [2], [0.22918236255645752]], ["h", [2], []], ["h", [0], []], ["x", [2], []], ["x", [2], []], ["x", [1], []], ["rz", [0], [-0.7820045948028564]], ["rx", [0], [0.32405656576156616]], ["rz", [0], [-0.7403666973114014]], ["rz", [1], [-0.18700508773326874]], ["rx", [1], [1.8700000047683716]], ["rz", [1], [2.3822927474975586]], ["rz", [2], [-2.6847569942474365]], ["rx", [2], [1.433868169784546]], ["rz", [2], [2.1375341415405273]], ["x", [1], []], ["x", [2], []], ["x", [2], []], ["h", [0], []], ["h", [2], []], ["rz", [0], [2.459216356277466]], ["rx", [0], [-1.898935079574585]], ["rz", [0], [1.7113617658615112]], ["rz", [1], [1.9319607019424438]], ["rx", [1], [-3.495546579360962]], ["rz", [1], [-0.710733950138092]], ["rz", [2], [0.843717634677887]], ["rx", [2], [-0.9314599633216858]], ["rz", [2], [-3.0171401500701904]], ["h", [2], []], ["h", [2], []], ["x", [2], []], ["h", [0], []], ["cx", [2, 0], []], ["rz", [0], [-0.37803614139556885]], ["rx", [0], [1.1243984699249268]], ["rz", [0], [3.1622369289398193]], ["rz", [1], [3.2518107891082764]], ["rx", [1], [0.8180776238441467]], ["rz", [1], [0.4076657295227051]], ["rz", [2], [2.7747697830200195]], ["rx", [2], [3.194448947906494]], ["rz", [2], [-1.8296542167663574]]], "base_circuit_qasm": "OPENQASM 2.0;\ninclude \"qelib1.inc\";\nqreg q[3];\ncx q[2],q[0];\nh q[0];\nx q[2];\nh q[2];\nh q[2];\nh q[2];\nh q[0];\nx q[2];\nx q[2];\nx q[1];\nx q[1];\nx q[2];\nx q[2];\nh q[0];\nh q[2];\nh q[2];\nh q[2];\nx q[2];\nh q[0];\ncx q[2],q[0];", "pqc_circuit_qasm": "OPENQASM 2.0;\ninclude \"qelib1.inc\";\nqreg q[3];\ncx q[2],q[0];\nh q[0];\nx q[2];\nh q[2];\nh q[2];\nrz(0.4849730134010315) q[0];\nrx(-2.526355743408203) q[0];\nrz(-2.6045947074890137) q[0];\nrz(-0.025414245203137398) q[1];\nrx(-2.359569787979126) q[1];\nrz(3.285191535949707) q[1];\nrz(2.6414847373962402) q[2];\nrx(-1.6839094161987305) q[2];\nrz(0.22918236255645752) q[2];\nh q[2];\nh q[0];\nx q[2];\nx q[2];\nx q[1];\nrz(-0.7820045948028564) q[0];\nrx(0.32405656576156616) q[0];\nrz(-0.7403666973114014) q[0];\nrz(-0.18700508773326874) q[1];\nrx(1.8700000047683716) q[1];\nrz(2.3822927474975586) q[1];\nrz(-2.6847569942474365) q[2];\nrx(1.433868169784546) q[2];\nrz(2.1375341415405273) q[2];\nx q[1];\nx q[2];\nx q[2];\nh q[0];\nh q[2];\nrz(2.459216356277466) q[0];\nrx(-1.898935079574585) q[0];\nrz(1.7113617658615112) q[0];\nrz(1.9319607019424438) q[1];\nrx(-3.495546579360962) q[1];\nrz(-0.710733950138092) q[1];\nrz(0.843717634677887) q[2];\nrx(-0.9314599633216858) q[2];\nrz(-3.0171401500701904) q[2];\nh q[2];\nh q[2];\nx q[2];\nh q[0];\ncx q[2],q[0];\nrz(-0.37803614139556885) q[0];\nrx(1.1243984699249268) q[0];\nrz(3.1622369289398193) q[0];\nrz(3.2518107891082764) q[1];\nrx(0.8180776238441467) q[1];\nrz(0.4076657295227051) q[1];\nrz(2.7747697830200195) q[2];\nrx(3.194448947906494) q[2];\nrz(-1.8296542167663574) q[2];"}