{"seed": 1200, "fidelity": 0.9682057499885559, "pqc_params": [[[-2.6635866165161133, -3.0418918132781982, -0.9673309922218323], [1.1969280242919922, 1.383159875869751, 0.5472555160522461], [2.175128698348999, -1.4782403707504272, -2.880722761154175]], [[-1.969069480895996, 1.7010116577148438, -0.5927278399467468], [2.097038745880127, 0.33659839630126953, 2.044539213180542], [2.032727003097534, -1.7955420017242432, -0.8504433035850525]], [[0.12859712541103363, 0.008756233379244804, -2.7410964965820312], [-0.47417062520980835, 1.3035075664520264, -1.322087287902832], [-3.7033417224884033, -0.6476033926010132, 1.3910112380981445]], [[4.201246738433838, 2.9181697368621826, 0.9441816210746765], [2.0067479610443115, -2.8864552974700928, 0.6883994340896606], [3.010467052459717, -2.0202291011810303, -0.015866504982113838]]], "base_circuit_tokens": [["cx", [0, 2], []], ["x", [2], []], ["h", [2], []], ["cx", [0, 1], []], ["x", [0], []], ["h", [1], []], ["h", [2], []], ["cx", [1, 0], []], ["cx", [0, 1], []], ["h", [2], []], ["h", [2], []], ["cx", [0, 1], []], ["cx", [1, 0], []], ["h", [2], []], ["h", [1], []], ["x", [0], []], ["cx", [0, 1], []], ["h", [2], []], ["x", [2], []], ["cx", [0, 2], []]], "pqc_circuit_tokens": [["cx", [0, 2], []], ["x", [2], []], ["h", [2], []], ["cx", [0, 1], []], ["x", [0], []], ["rz", [0], [-2.6635866165161133]], ["rx", [0], [-3.0418918132781982]], ["rz", [0], [-0.9673309922218323]], ["rz", [1], [1.1969280242919922]], ["rx", [1], [1.383159875869751]], ["rz", [1], [0.5472555160522461]], ["rz", [2], [2.175128698348999]], ["rx", [2], [-1.4782403707504272]], ["rz", [2], [-2.880722761154175]], ["h", [1], []], ["h", [2], []], ["cx", [1, 0], []], ["cx", [0, 1], []], ["h", [2], []], ["rz", [0], [-1.969069480895996]], ["rx", [0], [1.7010116577148438]], ["rz", [0], [-0.5927278399467468]], ["rz", [1], [2.097038745880127]], ["rx", [1], [0.33659839630126953]], ["rz", [1], [2.044539213180542]], ["rz", [2], [2.032727003097534]], ["rx", [2], [-1.7955420017242432]], ["rz", [2], [-0.8504433035850525]], ["h", [2], []], ["cx", [0, 1], []], ["cx", [1, 0], []], ["h", [2], []], ["h", [1], []], ["rz", [0], [0.12859712541103363]], ["rx", [0], [0.008756233379244804]], ["rz", [0], [-2.7410964965820312]], ["rz", [1], [-0.47417062520980835]], ["rx", [1], [1.3035075664520264]], ["rz", [1], [-1.322087287902832]], ["rz", [2], [-3.7033417224884033]], ["rx", [2], [-0.6476033926010132]], ["rz", [2], [1.3910112380981445]], ["x", [0], []], ["cx", [0, 1], []], ["h", [2], []], ["x", [2], []], ["cx", [0, 2], []], ["rz", [0], [4.201246738433838]], ["rx", [0], [2.9181697368621826]], ["rz", [0], [0.9441816210746765]], ["rz", [1], [2.0067479610443115]], ["rx", [1], [-2.8864552974700928]], ["rz", [1], [0.6883994340896606]], ["rz", [2], [3.010467052459717]], ["rx", [2], [-2.0202291011810303]], ["rz", [2], [-0.015866504982113838]]], "base_circuit_qasm": "OPENQASM 2.0;\ninclude \"qelib1.inc\";\nqreg q[3];\ncx q[0],q[2];\nx q[2];\nh q[2];\ncx q[0],q[1];\nx q[0];\nh q[1];\nh q[2];\ncx q[1],q[0];\ncx q[0],q[1];\nh q[2];\nh q[2];\ncx q[0],q[1];\ncx q[1],q[0];\nh q[2];\nh q[1];\nx q[0];\ncx q[0],q[1];\nh q[2];\nx q[2];\ncx q[0],q[2];", "pqc_circuit_qasm": "OPENQASM 2.0;\ninclude \"qelib1.inc\";\nqreg q[3];\ncx q[0],q[2];\nx q[2];\nh q[2];\ncx q[0],q[1];\nx q[0];\nrz(-2.6635866165161133) q[0];\nrx(-3.0418918132781982) q[0];\nrz(-0.9673309922218323) q[0];\nrz(1.1969280242919922) q[1];\nrx(1.383159875869751) q[1];\nrz(0.5472555160522461) q[1];\nrz(2.175128698348999) q[2];\nrx(-1.4782403707504272) q[2];\nrz(-2.880722761154175) q[2];\nh q[1];\nh q[2];\ncx q[1],q[0];\ncx q[0],q[1];\nh q[2];\nrz(-1.969069480895996) q[0];\nrx(1.7010116577148438) q[0];\nrz(-0.5927278399467468) q[0];\nrz(2.097038745880127) q[1];\nrx(0.33659839630126953) q[1];\nrz(2.044539213180542) q[1];\nrz(2.032727003097534) q[2];\nrx(-1.7955420017242432) q[2];\nrz(-0.8504433035850525) q[2];\nh q[2];\ncx q[0],q[1];\ncx q[1],q[0];\nh q[2];\nh q[1];\nrz(0.12859712541103363) q[0];\nrx(0.008756233379244804) q[0];\nrz(-2.7410964965820312) q[0];\nrz(-0.47417062520980835) q[1];\nrx(1.3035075664520264) q[1];\nrz(-1.322087287902832) q[1];\nrz(-3.7033417224884033) q[2];\nrx(-0.6476033926010132) q[2];\nrz(1.3910112380981445) q[2];\nx q[0];\ncx q[0],q[1];\nh q[2];\nx q[2];\ncx q[0],q[2];\nrz(4.201246738433838) q[0];\nrx(2.9181697368621826) q[0];\nrz(0.9441816210746765) q[0];\nrz(2.0067479610443115) q[1];\nrx(-2.8864552974700928) q[1];\nrz(0.6883994340896606) q[1];\nrz(3.010467052459717) q[2];\nrx(-2.0202291011810303) q[2];\nrz(-0.015866504982113838) q[2];"}