{"seed": 1210, "fidelity": 0.9970769882202148, "pqc_params": [[[0.5717869400978088, -0.04025059938430786, 2.4631905555725098], [-2.7810261249542236, -0.11905895918607712, -2.7488746643066406], [1.2727659940719604, -0.32798075675964355, -1.455021619796753]], [[-2.7902119159698486, -0.03931749239563942, -0.4492553472518921], [2.3546485900878906, -0.9726132750511169, 3.1366119384765625], [2.929635524749756, 1.889396071434021, -0.12266824394464493]], [[0.3600112497806549, -0.0630105510354042, 2.675175666809082], [-2.938587188720703, -0.10629073530435562, 1.5634275674819946], [0.8133620023727417, -2.8390941619873047, -3.0506255626678467]], [[-0.7708656191825867, 2.974745273590088, 2.478794813156128], [-0.56027752161026, 1.01278555393219, 1.1484930515289307], [3.0315022468566895, -0.9626762270927429, -1.5447893142700195]]], "base_circuit_tokens": [["h", [2], []], ["h", [2], []], ["h", [2], []], ["h", [1], []], ["cx", [1, 0], []], ["cx", [1, 0], []], ["h", [2], []], ["x", [0], []], ["cx", [2, 0], []], ["h", [2], []], ["h", [2], []], ["cx", [2, 0], []], ["x", [0], []], ["h", [2], []], ["cx", [1, 0], []], ["cx", [1, 0], []], ["h", [1], []], ["h", [2], []], ["h", [2], []], ["h", [2], []]], "pqc_circuit_tokens": [["h", [2], []], ["h", [2], []], ["h", [2], []], ["h", [1], []], ["cx", [1, 0], []], ["rz", [0], [0.5717869400978088]], ["rx", [0], [-0.04025059938430786]], ["rz", [0], [2.4631905555725098]], ["rz", [1], [-2.7810261249542236]], ["rx", [1], [-0.11905895918607712]], ["rz", [1], [-2.7488746643066406]], ["rz", [2], [1.2727659940719604]], ["rx", [2], [-0.32798075675964355]], ["rz", [2], [-1.455021619796753]], ["cx", [1, 0], []], ["h", [2], []], ["x", [0], []], ["cx", [2, 0], []], ["h", [2], []], ["rz", [0], [-2.7902119159698486]], ["rx", [0], [-0.03931749239563942]], ["rz", [0], [-0.4492553472518921]], ["rz", [1], [2.3546485900878906]], ["rx", [1], [-0.9726132750511169]], ["rz", [1], [3.1366119384765625]], ["rz", [2], [2.929635524749756]], ["rx", [2], [1.889396071434021]], ["rz", [2], [-0.12266824394464493]], ["h", [2], []], ["cx", [2, 0], []], ["x", [0], []], ["h", [2], []], ["cx", [1, 0], []], ["rz", [0], [0.3600112497806549]], ["rx", [0], [-0.0630105510354042]], ["rz", [0], [2.675175666809082]], ["rz", [1], [-2.938587188720703]], ["rx", [1], [-0.10629073530435562]], ["rz", [1], [1.5634275674819946]], ["rz", [2], [0.8133620023727417]], ["rx", [2], [-2.8390941619873047]], ["rz", [2], [-3.0506255626678467]], ["cx", [1, 0], []], ["h", [1], []], ["h", [2], []], ["h", [2], []], ["h", [2], []], ["rz", [0], [-0.7708656191825867]], ["rx", [0], [2.974745273590088]], ["rz", [0], [2.478794813156128]], ["rz", [1], [-0.56027752161026]], ["rx", [1], [1.01278555393219]], ["rz", [1], [1.1484930515289307]], ["rz", [2], [3.0315022468566895]], ["rx", [2], [-0.9626762270927429]], ["rz", [2], [-1.5447893142700195]]], "base_circuit_qasm": "OPENQASM 2.0;\ninclude \"qelib1.inc\";\nqreg q[3];\nh q[2];\nh q[2];\nh q[2];\nh q[1];\ncx q[1],q[0];\ncx q[1],q[0];\nh q[2];\nx q[0];\ncx q[2],q[0];\nh q[2];\nh q[2];\ncx q[2],q[0];\nx q[0];\nh q[2];\ncx q[1],q[0];\ncx q[1],q[0];\nh q[1];\nh q[2];\nh q[2];\nh q[2];", "pqc_circuit_qasm": "OPENQASM 2.0;\ninclude \"qelib1.inc\";\nqreg q[3];\nh q[2];\nh q[2];\nh q[2];\nh q[1];\ncx q[1],q[0];\nrz(0.5717869400978088) q[0];\nrx(-0.04025059938430786) q[0];\nrz(2.4631905555725098) q[0];\nrz(-2.7810261249542236) q[1];\nrx(-0.11905895918607712) q[1];\nrz(-2.7488746643066406) q[1];\nrz(1.2727659940719604) q[2];\nrx(-0.32798075675964355) q[2];\nrz(-1.455021619796753) q[2];\ncx q[1],q[0];\nh q[2];\nx q[0];\ncx q[2],q[0];\nh q[2];\nrz(-2.7902119159698486) q[0];\nrx(-0.03931749239563942) q[0];\nrz(-0.4492553472518921) q[0];\nrz(2.3546485900878906) q[1];\nrx(-0.9726132750511169) q[1];\nrz(3.1366119384765625) q[1];\nrz(2.929635524749756) q[2];\nrx(1.889396071434021) q[2];\nrz(-0.12266824394464493) q[2];\nh q[2];\ncx q[2],q[0];\nx q[0];\nh q[2];\ncx q[1],q[0];\nrz(0.3600112497806549) q[0];\nrx(-0.0630105510354042) q[0];\nrz(2.675175666809082) q[0];\nrz(-2.938587188720703) q[1];\nrx(-0.10629073530435562) q[1];\nrz(1.5634275674819946) q[1];\nrz(0.8133620023727417) q[2];\nrx(-2.8390941619873047) q[2];\nrz(-3.0506255626678467) q[2];\ncx q[1],q[0];\nh q[1];\nh q[2];\nh q[2];\nh q[2];\nrz(-0.7708656191825867) q[0];\nrx(2.974745273590088) q[0];\nrz(2.478794813156128) q[0];\nrz(-0.56027752161026) q[1];\nrx(1.01278555393219) q[1];\nrz(1.1484930515289307) q[1];\nrz(3.0315022468566895) q[2];\nrx(-0.9626762270927429) q[2];\nrz(-1.5447893142700195) q[2];"}