{"seed": 1219, "fidelity": 0.9794036746025085, "pqc_params": [[[2.253904104232788, 1.6896156072616577, -0.5736791491508484], [2.680644989013672, -0.7389504909515381, 2.0851171016693115], [-0.8065286874771118, 0.6348910927772522, 3.5279667377471924]], [[-0.8588384389877319, -0.13819488883018494, -3.3086531162261963], [1.9661802053451538, -3.070159673690796, -1.4746776819229126], [-0.8236556649208069, -0.3280819356441498, -0.08972581475973129]], [[-2.0461485385894775, -1.667556643486023, -2.0565810203552246], [-2.0357983112335205, -0.878213107585907, 0.36261945962905884], [-2.7218809127807617, 2.369042158126831, 0.6630703210830688]], [[-2.4790804386138916, 0.07681483030319214, -1.566609501838684], [-3.227426528930664, 1.5886054039001465, 0.018514543771743774], [3.3710830211639404, 0.6037907600402832, -2.548689126968384]]], "base_circuit_tokens": [["cx", [0, 1], []], ["x", [2], []], ["h", [2], []], ["cx", [0, 2], []], ["x", [1], []], ["h", [0], []], ["cx", [1, 2], []], ["h", [2], []], ["x", [1], []], ["h", [0], []], ["h", [0], []], ["x", [1], []], ["h", [2], []], ["cx", [1, 2], []], ["h", [0], []], ["x", [1], []], ["cx", [0, 2], []], ["h", [2], []], ["x", [2], []], ["cx", [0, 1], []]], "pqc_circuit_tokens": [["cx", [0, 1], []], ["x", [2], []], ["h", [2], []], ["cx", [0, 2], []], ["x", [1], []], ["rz", [0], [2.253904104232788]], ["rx", [0], [1.6896156072616577]], ["rz", [0], [-0.5736791491508484]], ["rz", [1], [2.680644989013672]], ["rx", [1], [-0.7389504909515381]], ["rz", [1], [2.0851171016693115]], ["rz", [2], [-0.8065286874771118]], ["rx", [2], [0.6348910927772522]], ["rz", [2], [3.5279667377471924]], ["h", [0], []], ["cx", [1, 2], []], ["h", [2], []], ["x", [1], []], ["h", [0], []], ["rz", [0], [-0.8588384389877319]], ["rx", [0], [-0.13819488883018494]], ["rz", [0], [-3.3086531162261963]], ["rz", [1], [1.9661802053451538]], ["rx", [1], [-3.070159673690796]], ["rz", [1], [-1.4746776819229126]], ["rz", [2], [-0.8236556649208069]], ["rx", [2], [-0.3280819356441498]], ["rz", [2], [-0.08972581475973129]], ["h", [0], []], ["x", [1], []], ["h", [2], []], ["cx", [1, 2], []], ["h", [0], []], ["rz", [0], [-2.0461485385894775]], ["rx", [0], [-1.667556643486023]], ["rz", [0], [-2.0565810203552246]], ["rz", [1], [-2.0357983112335205]], ["rx", [1], [-0.878213107585907]], ["rz", [1], [0.36261945962905884]], ["rz", [2], [-2.7218809127807617]], ["rx", [2], [2.369042158126831]], ["rz", [2], [0.6630703210830688]], ["x", [1], []], ["cx", [0, 2], []], ["h", [2], []], ["x", [2], []], ["cx", [0, 1], []], ["rz", [0], [-2.4790804386138916]], ["rx", [0], [0.07681483030319214]], ["rz", [0], [-1.566609501838684]], ["rz", [1], [-3.227426528930664]], ["rx", [1], [1.5886054039001465]], ["rz", [1], [0.018514543771743774]], ["rz", [2], [3.3710830211639404]], ["rx", [2], [0.6037907600402832]], ["rz", [2], [-2.548689126968384]]], "base_circuit_qasm": "OPENQASM 2.0;\ninclude \"qelib1.inc\";\nqreg q[3];\ncx q[0],q[1];\nx q[2];\nh q[2];\ncx q[0],q[2];\nx q[1];\nh q[0];\ncx q[1],q[2];\nh q[2];\nx q[1];\nh q[0];\nh q[0];\nx q[1];\nh q[2];\ncx q[1],q[2];\nh q[0];\nx q[1];\ncx q[0],q[2];\nh q[2];\nx q[2];\ncx q[0],q[1];", "pqc_circuit_qasm": "OPENQASM 2.0;\ninclude \"qelib1.inc\";\nqreg q[3];\ncx q[0],q[1];\nx q[2];\nh q[2];\ncx q[0],q[2];\nx q[1];\nrz(2.253904104232788) q[0];\nrx(1.6896156072616577) q[0];\nrz(-0.5736791491508484) q[0];\nrz(2.680644989013672) q[1];\nrx(-0.7389504909515381) q[1];\nrz(2.0851171016693115) q[1];\nrz(-0.8065286874771118) q[2];\nrx(0.6348910927772522) q[2];\nrz(3.5279667377471924) q[2];\nh q[0];\ncx q[1],q[2];\nh q[2];\nx q[1];\nh q[0];\nrz(-0.8588384389877319) q[0];\nrx(-0.13819488883018494) q[0];\nrz(-3.3086531162261963) q[0];\nrz(1.9661802053451538) q[1];\nrx(-3.070159673690796) q[1];\nrz(-1.4746776819229126) q[1];\nrz(-0.8236556649208069) q[2];\nrx(-0.3280819356441498) q[2];\nrz(-0.08972581475973129) q[2];\nh q[0];\nx q[1];\nh q[2];\ncx q[1],q[2];\nh q[0];\nrz(-2.0461485385894775) q[0];\nrx(-1.667556643486023) q[0];\nrz(-2.0565810203552246) q[0];\nrz(-2.0357983112335205) q[1];\nrx(-0.878213107585907) q[1];\nrz(0.36261945962905884) q[1];\nrz(-2.7218809127807617) q[2];\nrx(2.369042158126831) q[2];\nrz(0.6630703210830688) q[2];\nx q[1];\ncx q[0],q[2];\nh q[2];\nx q[2];\ncx q[0],q[1];\nrz(-2.4790804386138916) q[0];\nrx(0.07681483030319214) q[0];\nrz(-1.566609501838684) q[0];\nrz(-3.227426528930664) q[1];\nrx(1.5886054039001465) q[1];\nrz(0.018514543771743774) q[1];\nrz(3.3710830211639404) q[2];\nrx(0.6037907600402832) q[2];\nrz(-2.548689126968384) q[2];"}