{"seed": 123, "fidelity": 0.9974110722541809, "pqc_params": [[[2.4403135776519775, 0.5383554100990295, 0.05226278305053711], [1.1854580640792847, 0.22128942608833313, -2.612379312515259], [-1.93661630153656, -0.09238209575414658, -1.0657299757003784]], [[-0.5685729384422302, -0.5737144947052002, 2.78208327293396], [-2.089047908782959, 3.1435234546661377, -1.9777923822402954], [1.613350510597229, 0.015443936921656132, -2.094390630722046]], [[0.3450928330421448, -0.2811790704727173, -1.8946216106414795], [-0.1830018311738968, 0.4586429297924042, -0.5964330434799194], [-1.082358479499817, -3.254692792892456, -1.09287691116333]], [[-0.01907874085009098, -3.255286455154419, -0.3301860988140106], [3.1086316108703613, -2.1490228176116943, -2.309074640274048], [-2.237881660461426, 0.06880232691764832, -1.4151611328125]]], "base_circuit_tokens": [["h", [1], []], ["h", [2], []], ["h", [1], []], ["h", [2], []], ["cx", [0, 2], []], ["h", [0], []], ["x", [1], []], ["h", [0], []], ["cx", [2, 1], []], ["h", [0], []], ["h", [0], []], ["cx", [2, 1], []], ["h", [0], []], ["x", [1], []], ["h", [0], []], ["cx", [0, 2], []], ["h", [2], []], ["h", [1], []], ["h", [2], []], ["h", [1], []]], "pqc_circuit_tokens": [["h", [1], []], ["h", [2], []], ["h", [1], []], ["h", [2], []], ["cx", [0, 2], []], ["rz", [0], [2.4403135776519775]], ["rx", [0], [0.5383554100990295]], ["rz", [0], [0.05226278305053711]], ["rz", [1], [1.1854580640792847]], ["rx", [1], [0.22128942608833313]], ["rz", [1], [-2.612379312515259]], ["rz", [2], [-1.93661630153656]], ["rx", [2], [-0.09238209575414658]], ["rz", [2], [-1.0657299757003784]], ["h", [0], []], ["x", [1], []], ["h", [0], []], ["cx", [2, 1], []], ["h", [0], []], ["rz", [0], [-0.5685729384422302]], ["rx", [0], [-0.5737144947052002]], ["rz", [0], [2.78208327293396]], ["rz", [1], [-2.089047908782959]], ["rx", [1], [3.1435234546661377]], ["rz", [1], [-1.9777923822402954]], ["rz", [2], [1.613350510597229]], ["rx", [2], [0.015443936921656132]], ["rz", [2], [-2.094390630722046]], ["h", [0], []], ["cx", [2, 1], []], ["h", [0], []], ["x", [1], []], ["h", [0], []], ["rz", [0], [0.3450928330421448]], ["rx", [0], [-0.2811790704727173]], ["rz", [0], [-1.8946216106414795]], ["rz", [1], [-0.1830018311738968]], ["rx", [1], [0.4586429297924042]], ["rz", [1], [-0.5964330434799194]], ["rz", [2], [-1.082358479499817]], ["rx", [2], [-3.254692792892456]], ["rz", [2], [-1.09287691116333]], ["cx", [0, 2], []], ["h", [2], []], ["h", [1], []], ["h", [2], []], ["h", [1], []], ["rz", [0], [-0.01907874085009098]], ["rx", [0], [-3.255286455154419]], ["rz", [0], [-0.3301860988140106]], ["rz", [1], [3.1086316108703613]], ["rx", [1], [-2.1490228176116943]], ["rz", [1], [-2.309074640274048]], ["rz", [2], [-2.237881660461426]], ["rx", [2], [0.06880232691764832]], ["rz", [2], [-1.4151611328125]]], "base_circuit_qasm": "OPENQASM 2.0;\ninclude \"qelib1.inc\";\nqreg q[3];\nh q[1];\nh q[2];\nh q[1];\nh q[2];\ncx q[0],q[2];\nh q[0];\nx q[1];\nh q[0];\ncx q[2],q[1];\nh q[0];\nh q[0];\ncx q[2],q[1];\nh q[0];\nx q[1];\nh q[0];\ncx q[0],q[2];\nh q[2];\nh q[1];\nh q[2];\nh q[1];", "pqc_circuit_qasm": "OPENQASM 2.0;\ninclude \"qelib1.inc\";\nqreg q[3];\nh q[1];\nh q[2];\nh q[1];\nh q[2];\ncx q[0],q[2];\nrz(2.4403135776519775) q[0];\nrx(0.5383554100990295) q[0];\nrz(0.05226278305053711) q[0];\nrz(1.1854580640792847) q[1];\nrx(0.22128942608833313) q[1];\nrz(-2.612379312515259) q[1];\nrz(-1.93661630153656) q[2];\nrx(-0.09238209575414658) q[2];\nrz(-1.0657299757003784) q[2];\nh q[0];\nx q[1];\nh q[0];\ncx q[2],q[1];\nh q[0];\nrz(-0.5685729384422302) q[0];\nrx(-0.5737144947052002) q[0];\nrz(2.78208327293396) q[0];\nrz(-2.089047908782959) q[1];\nrx(3.1435234546661377) q[1];\nrz(-1.9777923822402954) q[1];\nrz(1.613350510597229) q[2];\nrx(0.015443936921656132) q[2];\nrz(-2.094390630722046) q[2];\nh q[0];\ncx q[2],q[1];\nh q[0];\nx q[1];\nh q[0];\nrz(0.3450928330421448) q[0];\nrx(-0.2811790704727173) q[0];\nrz(-1.8946216106414795) q[0];\nrz(-0.1830018311738968) q[1];\nrx(0.4586429297924042) q[1];\nrz(-0.5964330434799194) q[1];\nrz(-1.082358479499817) q[2];\nrx(-3.254692792892456) q[2];\nrz(-1.09287691116333) q[2];\ncx q[0],q[2];\nh q[2];\nh q[1];\nh q[2];\nh q[1];\nrz(-0.01907874085009098) q[0];\nrx(-3.255286455154419) q[0];\nrz(-0.3301860988140106) q[0];\nrz(3.1086316108703613) q[1];\nrx(-2.1490228176116943) q[1];\nrz(-2.309074640274048) q[1];\nrz(-2.237881660461426) q[2];\nrx(0.06880232691764832) q[2];\nrz(-1.4151611328125) q[2];"}