{"seed": 1230, "fidelity": 0.9879150390625, "pqc_params": [[[-1.931984543800354, 3.16479229927063, 1.1071354150772095], [-2.736694097518921, -1.4858815670013428, 0.1941041499376297], [2.772554636001587, -1.9123998880386353, -0.6245430707931519]], [[2.8862791061401367, -1.8451966047286987, -1.5660333633422852], [-0.6490065455436707, 0.6368842124938965, 1.7647520303726196], [-0.03511345013976097, 1.187615990638733, -1.5581960678100586]], [[1.6949315071105957, 2.5791122913360596, -1.0733122825622559], [-2.1730434894561768, 1.924212098121643, -0.8789962530136108], [-0.6145633459091187, 2.275419235229492, -1.972251296043396]], [[-1.5574376583099365, 1.3340390920639038, -3.632045030593872], [-1.3576220273971558, 2.810675621032715, 0.6736406087875366], [1.4693493843078613, -0.00850068312138319, 1.5717105865478516]]], "base_circuit_tokens": [["x", [1], []], ["cx", [1, 2], []], ["h", [0], []], ["h", [1], []], ["x", [0], []], ["x", [2], []], ["h", [0], []], ["x", [2], []], ["h", [2], []], ["h", [2], []], ["h", [2], []], ["h", [2], []], ["x", [2], []], ["h", [0], []], ["x", [2], []], ["x", [0], []], ["h", [1], []], ["h", [0], []], ["cx", [1, 2], []], ["x", [1], []]], "pqc_circuit_tokens": [["x", [1], []], ["cx", [1, 2], []], ["h", [0], []], ["h", [1], []], ["x", [0], []], ["rz", [0], [-1.931984543800354]], ["rx", [0], [3.16479229927063]], ["rz", [0], [1.1071354150772095]], ["rz", [1], [-2.736694097518921]], ["rx", [1], [-1.4858815670013428]], ["rz", [1], [0.1941041499376297]], ["rz", [2], [2.772554636001587]], ["rx", [2], [-1.9123998880386353]], ["rz", [2], [-0.6245430707931519]], ["x", [2], []], ["h", [0], []], ["x", [2], []], ["h", [2], []], ["h", [2], []], ["rz", [0], [2.8862791061401367]], ["rx", [0], [-1.8451966047286987]], ["rz", [0], [-1.5660333633422852]], ["rz", [1], [-0.6490065455436707]], ["rx", [1], [0.6368842124938965]], ["rz", [1], [1.7647520303726196]], ["rz", [2], [-0.03511345013976097]], ["rx", [2], [1.187615990638733]], ["rz", [2], [-1.5581960678100586]], ["h", [2], []], ["h", [2], []], ["x", [2], []], ["h", [0], []], ["x", [2], []], ["rz", [0], [1.6949315071105957]], ["rx", [0], [2.5791122913360596]], ["rz", [0], [-1.0733122825622559]], ["rz", [1], [-2.1730434894561768]], ["rx", [1], [1.924212098121643]], ["rz", [1], [-0.8789962530136108]], ["rz", [2], [-0.6145633459091187]], ["rx", [2], [2.275419235229492]], ["rz", [2], [-1.972251296043396]], ["x", [0], []], ["h", [1], []], ["h", [0], []], ["cx", [1, 2], []], ["x", [1], []], ["rz", [0], [-1.5574376583099365]], ["rx", [0], [1.3340390920639038]], ["rz", [0], [-3.632045030593872]], ["rz", [1], [-1.3576220273971558]], ["rx", [1], [2.810675621032715]], ["rz", [1], [0.6736406087875366]], ["rz", [2], [1.4693493843078613]], ["rx", [2], [-0.00850068312138319]], ["rz", [2], [1.5717105865478516]]], "base_circuit_qasm": "OPENQASM 2.0;\ninclude \"qelib1.inc\";\nqreg q[3];\nx q[1];\ncx q[1],q[2];\nh q[0];\nh q[1];\nx q[0];\nx q[2];\nh q[0];\nx q[2];\nh q[2];\nh q[2];\nh q[2];\nh q[2];\nx q[2];\nh q[0];\nx q[2];\nx q[0];\nh q[1];\nh q[0];\ncx q[1],q[2];\nx q[1];", "pqc_circuit_qasm": "OPENQASM 2.0;\ninclude \"qelib1.inc\";\nqreg q[3];\nx q[1];\ncx q[1],q[2];\nh q[0];\nh q[1];\nx q[0];\nrz(-1.931984543800354) q[0];\nrx(3.16479229927063) q[0];\nrz(1.1071354150772095) q[0];\nrz(-2.736694097518921) q[1];\nrx(-1.4858815670013428) q[1];\nrz(0.1941041499376297) q[1];\nrz(2.772554636001587) q[2];\nrx(-1.9123998880386353) q[2];\nrz(-0.6245430707931519) q[2];\nx q[2];\nh q[0];\nx q[2];\nh q[2];\nh q[2];\nrz(2.8862791061401367) q[0];\nrx(-1.8451966047286987) q[0];\nrz(-1.5660333633422852) q[0];\nrz(-0.6490065455436707) q[1];\nrx(0.6368842124938965) q[1];\nrz(1.7647520303726196) q[1];\nrz(-0.03511345013976097) q[2];\nrx(1.187615990638733) q[2];\nrz(-1.5581960678100586) q[2];\nh q[2];\nh q[2];\nx q[2];\nh q[0];\nx q[2];\nrz(1.6949315071105957) q[0];\nrx(2.5791122913360596) q[0];\nrz(-1.0733122825622559) q[0];\nrz(-2.1730434894561768) q[1];\nrx(1.924212098121643) q[1];\nrz(-0.8789962530136108) q[1];\nrz(-0.6145633459091187) q[2];\nrx(2.275419235229492) q[2];\nrz(-1.972251296043396) q[2];\nx q[0];\nh q[1];\nh q[0];\ncx q[1],q[2];\nx q[1];\nrz(-1.5574376583099365) q[0];\nrx(1.3340390920639038) q[0];\nrz(-3.632045030593872) q[0];\nrz(-1.3576220273971558) q[1];\nrx(2.810675621032715) q[1];\nrz(0.6736406087875366) q[1];\nrz(1.4693493843078613) q[2];\nrx(-0.00850068312138319) q[2];\nrz(1.5717105865478516) q[2];"}