{"seed": 1232, "fidelity": 0.9998427629470825, "pqc_params": [[[1.8780542612075806, 1.7475069761276245, -2.438415765762329], [2.691924810409546, 1.0145232677459717, -0.6313035488128662], [-2.008345365524292, -0.6400085687637329, -0.7976605892181396]], [[0.6006109118461609, -0.9245876669883728, -0.9256026744842529], [3.2122225761413574, -2.829876184463501, 2.900479793548584], [-2.0838215351104736, 0.00032929552253335714, 1.9788562059402466]], [[1.7969638109207153, -2.028062343597412, -1.8618555068969727], [-3.4503085613250732, 0.5989193916320801, -0.9632096886634827], [2.8234400749206543, -0.40263062715530396, 2.358551502227783]], [[3.2006070613861084, 2.7222323417663574, 3.294114828109741], [-3.379236936569214, 2.4094014167785645, 3.057894468307495], [0.405020147562027, 2.899791955947876, -1.0392593145370483]]], "base_circuit_tokens": [["x", [0], []], ["x", [2], []], ["cx", [2, 0], []], ["h", [2], []], ["h", [2], []], ["cx", [1, 2], []], ["x", [0], []], ["x", [1], []], ["h", [0], []], ["h", [0], []], ["h", [0], []], ["h", [0], []], ["x", [1], []], ["x", [0], []], ["cx", [1, 2], []], ["h", [2], []], ["h", [2], []], ["cx", [2, 0], []], ["x", [2], []], ["x", [0], []]], "pqc_circuit_tokens": [["x", [0], []], ["x", [2], []], ["cx", [2, 0], []], ["h", [2], []], ["h", [2], []], ["rz", [0], [1.8780542612075806]], ["rx", [0], [1.7475069761276245]], ["rz", [0], [-2.438415765762329]], ["rz", [1], [2.691924810409546]], ["rx", [1], [1.0145232677459717]], ["rz", [1], [-0.6313035488128662]], ["rz", [2], [-2.008345365524292]], ["rx", [2], [-0.6400085687637329]], ["rz", [2], [-0.7976605892181396]], ["cx", [1, 2], []], ["x", [0], []], ["x", [1], []], ["h", [0], []], ["h", [0], []], ["rz", [0], [0.6006109118461609]], ["rx", [0], [-0.9245876669883728]], ["rz", [0], [-0.9256026744842529]], ["rz", [1], [3.2122225761413574]], ["rx", [1], [-2.829876184463501]], ["rz", [1], [2.900479793548584]], ["rz", [2], [-2.0838215351104736]], ["rx", [2], [0.00032929552253335714]], ["rz", [2], [1.9788562059402466]], ["h", [0], []], ["h", [0], []], ["x", [1], []], ["x", [0], []], ["cx", [1, 2], []], ["rz", [0], [1.7969638109207153]], ["rx", [0], [-2.028062343597412]], ["rz", [0], [-1.8618555068969727]], ["rz", [1], [-3.4503085613250732]], ["rx", [1], [0.5989193916320801]], ["rz", [1], [-0.9632096886634827]], ["rz", [2], [2.8234400749206543]], ["rx", [2], [-0.40263062715530396]], ["rz", [2], [2.358551502227783]], ["h", [2], []], ["h", [2], []], ["cx", [2, 0], []], ["x", [2], []], ["x", [0], []], ["rz", [0], [3.2006070613861084]], ["rx", [0], [2.7222323417663574]], ["rz", [0], [3.294114828109741]], ["rz", [1], [-3.379236936569214]], ["rx", [1], [2.4094014167785645]], ["rz", [1], [3.057894468307495]], ["rz", [2], [0.405020147562027]], ["rx", [2], [2.899791955947876]], ["rz", [2], [-1.0392593145370483]]], "base_circuit_qasm": "OPENQASM 2.0;\ninclude \"qelib1.inc\";\nqreg q[3];\nx q[0];\nx q[2];\ncx q[2],q[0];\nh q[2];\nh q[2];\ncx q[1],q[2];\nx q[0];\nx q[1];\nh q[0];\nh q[0];\nh q[0];\nh q[0];\nx q[1];\nx q[0];\ncx q[1],q[2];\nh q[2];\nh q[2];\ncx q[2],q[0];\nx q[2];\nx q[0];", "pqc_circuit_qasm": "OPENQASM 2.0;\ninclude \"qelib1.inc\";\nqreg q[3];\nx q[0];\nx q[2];\ncx q[2],q[0];\nh q[2];\nh q[2];\nrz(1.8780542612075806) q[0];\nrx(1.7475069761276245) q[0];\nrz(-2.438415765762329) q[0];\nrz(2.691924810409546) q[1];\nrx(1.0145232677459717) q[1];\nrz(-0.6313035488128662) q[1];\nrz(-2.008345365524292) q[2];\nrx(-0.6400085687637329) q[2];\nrz(-0.7976605892181396) q[2];\ncx q[1],q[2];\nx q[0];\nx q[1];\nh q[0];\nh q[0];\nrz(0.6006109118461609) q[0];\nrx(-0.9245876669883728) q[0];\nrz(-0.9256026744842529) q[0];\nrz(3.2122225761413574) q[1];\nrx(-2.829876184463501) q[1];\nrz(2.900479793548584) q[1];\nrz(-2.0838215351104736) q[2];\nrx(0.00032929552253335714) q[2];\nrz(1.9788562059402466) q[2];\nh q[0];\nh q[0];\nx q[1];\nx q[0];\ncx q[1],q[2];\nrz(1.7969638109207153) q[0];\nrx(-2.028062343597412) q[0];\nrz(-1.8618555068969727) q[0];\nrz(-3.4503085613250732) q[1];\nrx(0.5989193916320801) q[1];\nrz(-0.9632096886634827) q[1];\nrz(2.8234400749206543) q[2];\nrx(-0.40263062715530396) q[2];\nrz(2.358551502227783) q[2];\nh q[2];\nh q[2];\ncx q[2],q[0];\nx q[2];\nx q[0];\nrz(3.2006070613861084) q[0];\nrx(2.7222323417663574) q[0];\nrz(3.294114828109741) q[0];\nrz(-3.379236936569214) q[1];\nrx(2.4094014167785645) q[1];\nrz(3.057894468307495) q[1];\nrz(0.405020147562027) q[2];\nrx(2.899791955947876) q[2];\nrz(-1.0392593145370483) q[2];"}