{"seed": 1248, "fidelity": 0.9737902879714966, "pqc_params": [[[2.4607486724853516, -3.4812653064727783, 0.8252297043800354], [-1.392073392868042, 0.030176321044564247, -2.0366175174713135], [-1.6949715614318848, -0.2144373208284378, 1.4229254722595215]], [[-3.1823697090148926, 2.3453891277313232, 0.11618204414844513], [0.7938557863235474, -0.41476255655288696, 0.46323102712631226], [-0.6352552175521851, -2.4632434844970703, -3.3010590076446533]], [[-1.0511587858200073, 0.6620137691497803, 1.522735834121704], [0.37733665108680725, -0.15361599624156952, -0.9857739210128784], [1.5950372219085693, -0.1493065357208252, -1.915127158164978]], [[-2.457868814468384, -0.07826881110668182, 2.5440080165863037], [1.7183691263198853, 0.026936933398246765, 0.05960541218519211], [-1.3763911724090576, -2.524308919906616, 2.3607428073883057]]], "base_circuit_tokens": [["x", [0], []], ["cx", [1, 2], []], ["cx", [1, 0], []], ["x", [2], []], ["h", [0], []], ["cx", [1, 2], []], ["cx", [1, 2], []], ["cx", [1, 2], []], ["h", [2], []], ["x", [2], []], ["x", [2], []], ["h", [2], []], ["cx", [1, 2], []], ["cx", [1, 2], []], ["cx", [1, 2], []], ["h", [0], []], ["x", [2], []], ["cx", [1, 0], []], ["cx", [1, 2], []], ["x", [0], []]], "pqc_circuit_tokens": [["x", [0], []], ["cx", [1, 2], []], ["cx", [1, 0], []], ["x", [2], []], ["h", [0], []], ["rz", [0], [2.4607486724853516]], ["rx", [0], [-3.4812653064727783]], ["rz", [0], [0.8252297043800354]], ["rz", [1], [-1.392073392868042]], ["rx", [1], [0.030176321044564247]], ["rz", [1], [-2.0366175174713135]], ["rz", [2], [-1.6949715614318848]], ["rx", [2], [-0.2144373208284378]], ["rz", [2], [1.4229254722595215]], ["cx", [1, 2], []], ["cx", [1, 2], []], ["cx", [1, 2], []], ["h", [2], []], ["x", [2], []], ["rz", [0], [-3.1823697090148926]], ["rx", [0], [2.3453891277313232]], ["rz", [0], [0.11618204414844513]], ["rz", [1], [0.7938557863235474]], ["rx", [1], [-0.41476255655288696]], ["rz", [1], [0.46323102712631226]], ["rz", [2], [-0.6352552175521851]], ["rx", [2], [-2.4632434844970703]], ["rz", [2], [-3.3010590076446533]], ["x", [2], []], ["h", [2], []], ["cx", [1, 2], []], ["cx", [1, 2], []], ["cx", [1, 2], []], ["rz", [0], [-1.0511587858200073]], ["rx", [0], [0.6620137691497803]], ["rz", [0], [1.522735834121704]], ["rz", [1], [0.37733665108680725]], ["rx", [1], [-0.15361599624156952]], ["rz", [1], [-0.9857739210128784]], ["rz", [2], [1.5950372219085693]], ["rx", [2], [-0.1493065357208252]], ["rz", [2], [-1.915127158164978]], ["h", [0], []], ["x", [2], []], ["cx", [1, 0], []], ["cx", [1, 2], []], ["x", [0], []], ["rz", [0], [-2.457868814468384]], ["rx", [0], [-0.07826881110668182]], ["rz", [0], [2.5440080165863037]], ["rz", [1], [1.7183691263198853]], ["rx", [1], [0.026936933398246765]], ["rz", [1], [0.05960541218519211]], ["rz", [2], [-1.3763911724090576]], ["rx", [2], [-2.524308919906616]], ["rz", [2], [2.3607428073883057]]], "base_circuit_qasm": "OPENQASM 2.0;\ninclude \"qelib1.inc\";\nqreg q[3];\nx q[0];\ncx q[1],q[2];\ncx q[1],q[0];\nx q[2];\nh q[0];\ncx q[1],q[2];\ncx q[1],q[2];\ncx q[1],q[2];\nh q[2];\nx q[2];\nx q[2];\nh q[2];\ncx q[1],q[2];\ncx q[1],q[2];\ncx q[1],q[2];\nh q[0];\nx q[2];\ncx q[1],q[0];\ncx q[1],q[2];\nx q[0];", "pqc_circuit_qasm": "OPENQASM 2.0;\ninclude \"qelib1.inc\";\nqreg q[3];\nx q[0];\ncx q[1],q[2];\ncx q[1],q[0];\nx q[2];\nh q[0];\nrz(2.4607486724853516) q[0];\nrx(-3.4812653064727783) q[0];\nrz(0.8252297043800354) q[0];\nrz(-1.392073392868042) q[1];\nrx(0.030176321044564247) q[1];\nrz(-2.0366175174713135) q[1];\nrz(-1.6949715614318848) q[2];\nrx(-0.2144373208284378) q[2];\nrz(1.4229254722595215) q[2];\ncx q[1],q[2];\ncx q[1],q[2];\ncx q[1],q[2];\nh q[2];\nx q[2];\nrz(-3.1823697090148926) q[0];\nrx(2.3453891277313232) q[0];\nrz(0.11618204414844513) q[0];\nrz(0.7938557863235474) q[1];\nrx(-0.41476255655288696) q[1];\nrz(0.46323102712631226) q[1];\nrz(-0.6352552175521851) q[2];\nrx(-2.4632434844970703) q[2];\nrz(-3.3010590076446533) q[2];\nx q[2];\nh q[2];\ncx q[1],q[2];\ncx q[1],q[2];\ncx q[1],q[2];\nrz(-1.0511587858200073) q[0];\nrx(0.6620137691497803) q[0];\nrz(1.522735834121704) q[0];\nrz(0.37733665108680725) q[1];\nrx(-0.15361599624156952) q[1];\nrz(-0.9857739210128784) q[1];\nrz(1.5950372219085693) q[2];\nrx(-0.1493065357208252) q[2];\nrz(-1.915127158164978) q[2];\nh q[0];\nx q[2];\ncx q[1],q[0];\ncx q[1],q[2];\nx q[0];\nrz(-2.457868814468384) q[0];\nrx(-0.07826881110668182) q[0];\nrz(2.5440080165863037) q[0];\nrz(1.7183691263198853) q[1];\nrx(0.026936933398246765) q[1];\nrz(0.05960541218519211) q[1];\nrz(-1.3763911724090576) q[2];\nrx(-2.524308919906616) q[2];\nrz(2.3607428073883057) q[2];"}