{"seed": 1264, "fidelity": 0.9997940063476562, "pqc_params": [[[1.6232354640960693, -0.01729600876569748, 0.9844942688941956], [-3.15370512008667, -2.8831522464752197, -0.37389519810676575], [-0.011056538671255112, -1.24599027633667, -1.5624301433563232]], [[-0.7781952619552612, 0.008010796271264553, 0.44211840629577637], [3.1614649295806885, 3.708566188812256, -3.2683334350585938], [-1.622422695159912, -0.1693262904882431, 0.7127012014389038]], [[-3.0430963039398193, 0.12096377462148666, 0.022863473743200302], [2.3801283836364746, -3.2824437618255615, -0.46178683638572693], [2.131143569946289, 0.6925559639930725, 2.491981029510498]], [[0.33681100606918335, 3.0857644081115723, 1.080654501914978], [-0.15194685757160187, -0.08308881521224976, 0.40937766432762146], [-3.2343337535858154, 0.5605287551879883, -0.7162057161331177]]], "base_circuit_tokens": [["h", [0], []], ["h", [1], []], ["h", [0], []], ["cx", [0, 1], []], ["x", [1], []], ["h", [1], []], ["h", [1], []], ["h", [2], []], ["cx", [1, 0], []], ["x", [2], []], ["x", [2], []], ["cx", [1, 0], []], ["h", [2], []], ["h", [1], []], ["h", [1], []], ["x", [1], []], ["cx", [0, 1], []], ["h", [0], []], ["h", [1], []], ["h", [0], []]], "pqc_circuit_tokens": [["h", [0], []], ["h", [1], []], ["h", [0], []], ["cx", [0, 1], []], ["x", [1], []], ["rz", [0], [1.6232354640960693]], ["rx", [0], [-0.01729600876569748]], ["rz", [0], [0.9844942688941956]], ["rz", [1], [-3.15370512008667]], ["rx", [1], [-2.8831522464752197]], ["rz", [1], [-0.37389519810676575]], ["rz", [2], [-0.011056538671255112]], ["rx", [2], [-1.24599027633667]], ["rz", [2], [-1.5624301433563232]], ["h", [1], []], ["h", [1], []], ["h", [2], []], ["cx", [1, 0], []], ["x", [2], []], ["rz", [0], [-0.7781952619552612]], ["rx", [0], [0.008010796271264553]], ["rz", [0], [0.44211840629577637]], ["rz", [1], [3.1614649295806885]], ["rx", [1], [3.708566188812256]], ["rz", [1], [-3.2683334350585938]], ["rz", [2], [-1.622422695159912]], ["rx", [2], [-0.1693262904882431]], ["rz", [2], [0.7127012014389038]], ["x", [2], []], ["cx", [1, 0], []], ["h", [2], []], ["h", [1], []], ["h", [1], []], ["rz", [0], [-3.0430963039398193]], ["rx", [0], [0.12096377462148666]], ["rz", [0], [0.022863473743200302]], ["rz", [1], [2.3801283836364746]], ["rx", [1], [-3.2824437618255615]], ["rz", [1], [-0.46178683638572693]], ["rz", [2], [2.131143569946289]], ["rx", [2], [0.6925559639930725]], ["rz", [2], [2.491981029510498]], ["x", [1], []], ["cx", [0, 1], []], ["h", [0], []], ["h", [1], []], ["h", [0], []], ["rz", [0], [0.33681100606918335]], ["rx", [0], [3.0857644081115723]], ["rz", [0], [1.080654501914978]], ["rz", [1], [-0.15194685757160187]], ["rx", [1], [-0.08308881521224976]], ["rz", [1], [0.40937766432762146]], ["rz", [2], [-3.2343337535858154]], ["rx", [2], [0.5605287551879883]], ["rz", [2], [-0.7162057161331177]]], "base_circuit_qasm": "OPENQASM 2.0;\ninclude \"qelib1.inc\";\nqreg q[3];\nh q[0];\nh q[1];\nh q[0];\ncx q[0],q[1];\nx q[1];\nh q[1];\nh q[1];\nh q[2];\ncx q[1],q[0];\nx q[2];\nx q[2];\ncx q[1],q[0];\nh q[2];\nh q[1];\nh q[1];\nx q[1];\ncx q[0],q[1];\nh q[0];\nh q[1];\nh q[0];", "pqc_circuit_qasm": "OPENQASM 2.0;\ninclude \"qelib1.inc\";\nqreg q[3];\nh q[0];\nh q[1];\nh q[0];\ncx q[0],q[1];\nx q[1];\nrz(1.6232354640960693) q[0];\nrx(-0.01729600876569748) q[0];\nrz(0.9844942688941956) q[0];\nrz(-3.15370512008667) q[1];\nrx(-2.8831522464752197) q[1];\nrz(-0.37389519810676575) q[1];\nrz(-0.011056538671255112) q[2];\nrx(-1.24599027633667) q[2];\nrz(-1.5624301433563232) q[2];\nh q[1];\nh q[1];\nh q[2];\ncx q[1],q[0];\nx q[2];\nrz(-0.7781952619552612) q[0];\nrx(0.008010796271264553) q[0];\nrz(0.44211840629577637) q[0];\nrz(3.1614649295806885) q[1];\nrx(3.708566188812256) q[1];\nrz(-3.2683334350585938) q[1];\nrz(-1.622422695159912) q[2];\nrx(-0.1693262904882431) q[2];\nrz(0.7127012014389038) q[2];\nx q[2];\ncx q[1],q[0];\nh q[2];\nh q[1];\nh q[1];\nrz(-3.0430963039398193) q[0];\nrx(0.12096377462148666) q[0];\nrz(0.022863473743200302) q[0];\nrz(2.3801283836364746) q[1];\nrx(-3.2824437618255615) q[1];\nrz(-0.46178683638572693) q[1];\nrz(2.131143569946289) q[2];\nrx(0.6925559639930725) q[2];\nrz(2.491981029510498) q[2];\nx q[1];\ncx q[0],q[1];\nh q[0];\nh q[1];\nh q[0];\nrz(0.33681100606918335) q[0];\nrx(3.0857644081115723) q[0];\nrz(1.080654501914978) q[0];\nrz(-0.15194685757160187) q[1];\nrx(-0.08308881521224976) q[1];\nrz(0.40937766432762146) q[1];\nrz(-3.2343337535858154) q[2];\nrx(0.5605287551879883) q[2];\nrz(-0.7162057161331177) q[2];"}