{"seed": 1265, "fidelity": 0.9864751696586609, "pqc_params": [[[-1.1957579851150513, 2.3117949962615967, -0.9293107390403748], [-3.7511072158813477, -0.4297044575214386, -0.26180189847946167], [-2.8470849990844727, -2.68338942527771, 2.2474191188812256]], [[-3.1706395149230957, -3.449871778488159, -3.050492525100708], [1.0625864267349243, -0.1964523196220398, -0.06983824819326401], [0.8216529488563538, -0.05766258016228676, 1.4196640253067017]], [[0.6600844860076904, 2.1269257068634033, 1.1564698219299316], [-1.8782168626785278, 2.6470072269439697, 2.5956881046295166], [2.632855176925659, 0.22836855053901672, 0.8428512215614319]], [[-2.18087100982666, -3.4197885990142822, -2.7968921661376953], [0.05369533598423004, 0.19063334167003632, 2.7820518016815186], [-1.0563085079193115, 2.980804204940796, 2.1866748332977295]]], "base_circuit_tokens": [["h", [1], []], ["x", [2], []], ["x", [0], []], ["cx", [1, 2], []], ["h", [2], []], ["h", [0], []], ["x", [2], []], ["h", [0], []], ["cx", [1, 0], []], ["x", [1], []], ["x", [1], []], ["cx", [1, 0], []], ["h", [0], []], ["x", [2], []], ["h", [0], []], ["h", [2], []], ["cx", [1, 2], []], ["x", [0], []], ["x", [2], []], ["h", [1], []]], "pqc_circuit_tokens": [["h", [1], []], ["x", [2], []], ["x", [0], []], ["cx", [1, 2], []], ["h", [2], []], ["rz", [0], [-1.1957579851150513]], ["rx", [0], [2.3117949962615967]], ["rz", [0], [-0.9293107390403748]], ["rz", [1], [-3.7511072158813477]], ["rx", [1], [-0.4297044575214386]], ["rz", [1], [-0.26180189847946167]], ["rz", [2], [-2.8470849990844727]], ["rx", [2], [-2.68338942527771]], ["rz", [2], [2.2474191188812256]], ["h", [0], []], ["x", [2], []], ["h", [0], []], ["cx", [1, 0], []], ["x", [1], []], ["rz", [0], [-3.1706395149230957]], ["rx", [0], [-3.449871778488159]], ["rz", [0], [-3.050492525100708]], ["rz", [1], [1.0625864267349243]], ["rx", [1], [-0.1964523196220398]], ["rz", [1], [-0.06983824819326401]], ["rz", [2], [0.8216529488563538]], ["rx", [2], [-0.05766258016228676]], ["rz", [2], [1.4196640253067017]], ["x", [1], []], ["cx", [1, 0], []], ["h", [0], []], ["x", [2], []], ["h", [0], []], ["rz", [0], [0.6600844860076904]], ["rx", [0], [2.1269257068634033]], ["rz", [0], [1.1564698219299316]], ["rz", [1], [-1.8782168626785278]], ["rx", [1], [2.6470072269439697]], ["rz", [1], [2.5956881046295166]], ["rz", [2], [2.632855176925659]], ["rx", [2], [0.22836855053901672]], ["rz", [2], [0.8428512215614319]], ["h", [2], []], ["cx", [1, 2], []], ["x", [0], []], ["x", [2], []], ["h", [1], []], ["rz", [0], [-2.18087100982666]], ["rx", [0], [-3.4197885990142822]], ["rz", [0], [-2.7968921661376953]], ["rz", [1], [0.05369533598423004]], ["rx", [1], [0.19063334167003632]], ["rz", [1], [2.7820518016815186]], ["rz", [2], [-1.0563085079193115]], ["rx", [2], [2.980804204940796]], ["rz", [2], [2.1866748332977295]]], "base_circuit_qasm": "OPENQASM 2.0;\ninclude \"qelib1.inc\";\nqreg q[3];\nh q[1];\nx q[2];\nx q[0];\ncx q[1],q[2];\nh q[2];\nh q[0];\nx q[2];\nh q[0];\ncx q[1],q[0];\nx q[1];\nx q[1];\ncx q[1],q[0];\nh q[0];\nx q[2];\nh q[0];\nh q[2];\ncx q[1],q[2];\nx q[0];\nx q[2];\nh q[1];", "pqc_circuit_qasm": "OPENQASM 2.0;\ninclude \"qelib1.inc\";\nqreg q[3];\nh q[1];\nx q[2];\nx q[0];\ncx q[1],q[2];\nh q[2];\nrz(-1.1957579851150513) q[0];\nrx(2.3117949962615967) q[0];\nrz(-0.9293107390403748) q[0];\nrz(-3.7511072158813477) q[1];\nrx(-0.4297044575214386) q[1];\nrz(-0.26180189847946167) q[1];\nrz(-2.8470849990844727) q[2];\nrx(-2.68338942527771) q[2];\nrz(2.2474191188812256) q[2];\nh q[0];\nx q[2];\nh q[0];\ncx q[1],q[0];\nx q[1];\nrz(-3.1706395149230957) q[0];\nrx(-3.449871778488159) q[0];\nrz(-3.050492525100708) q[0];\nrz(1.0625864267349243) q[1];\nrx(-0.1964523196220398) q[1];\nrz(-0.06983824819326401) q[1];\nrz(0.8216529488563538) q[2];\nrx(-0.05766258016228676) q[2];\nrz(1.4196640253067017) q[2];\nx q[1];\ncx q[1],q[0];\nh q[0];\nx q[2];\nh q[0];\nrz(0.6600844860076904) q[0];\nrx(2.1269257068634033) q[0];\nrz(1.1564698219299316) q[0];\nrz(-1.8782168626785278) q[1];\nrx(2.6470072269439697) q[1];\nrz(2.5956881046295166) q[1];\nrz(2.632855176925659) q[2];\nrx(0.22836855053901672) q[2];\nrz(0.8428512215614319) q[2];\nh q[2];\ncx q[1],q[2];\nx q[0];\nx q[2];\nh q[1];\nrz(-2.18087100982666) q[0];\nrx(-3.4197885990142822) q[0];\nrz(-2.7968921661376953) q[0];\nrz(0.05369533598423004) q[1];\nrx(0.19063334167003632) q[1];\nrz(2.7820518016815186) q[1];\nrz(-1.0563085079193115) q[2];\nrx(2.980804204940796) q[2];\nrz(2.1866748332977295) q[2];"}