{"seed": 1269, "fidelity": 0.9943685531616211, "pqc_params": [[[-2.88348126411438, -0.4383828938007355, -1.7541991472244263], [2.2595713138580322, 0.09254656732082367, 3.3809502124786377], [0.1923786699771881, 0.6025099754333496, 0.5570003986358643]], [[-1.1024433374404907, 0.4115305542945862, -2.4539825916290283], [0.7477709650993347, -0.2272835075855255, -0.3992484211921692], [0.5559149384498596, 1.4348247051239014, -1.6010878086090088]], [[2.9706623554229736, -2.83534836769104, 1.7211333513259888], [-1.384818196296692, -0.13437215983867645, 2.198180913925171], [-1.973202109336853, 4.013189315795898, 3.797563076019287]], [[-0.31191036105155945, 1.840071439743042, -0.17879901826381683], [-0.25644630193710327, -0.5167459845542908, 0.0502609983086586], [-2.7285947799682617, 0.07929371297359467, -0.007615802343934774]]], "base_circuit_tokens": [["x", [2], []], ["cx", [0, 2], []], ["h", [0], []], ["h", [2], []], ["cx", [0, 2], []], ["h", [0], []], ["x", [0], []], ["x", [2], []], ["h", [0], []], ["h", [1], []], ["h", [1], []], ["h", [0], []], ["x", [2], []], ["x", [0], []], ["h", [0], []], ["cx", [0, 2], []], ["h", [2], []], ["h", [0], []], ["cx", [0, 2], []], ["x", [2], []]], "pqc_circuit_tokens": [["x", [2], []], ["cx", [0, 2], []], ["h", [0], []], ["h", [2], []], ["cx", [0, 2], []], ["rz", [0], [-2.88348126411438]], ["rx", [0], [-0.4383828938007355]], ["rz", [0], [-1.7541991472244263]], ["rz", [1], [2.2595713138580322]], ["rx", [1], [0.09254656732082367]], ["rz", [1], [3.3809502124786377]], ["rz", [2], [0.1923786699771881]], ["rx", [2], [0.6025099754333496]], ["rz", [2], [0.5570003986358643]], ["h", [0], []], ["x", [0], []], ["x", [2], []], ["h", [0], []], ["h", [1], []], ["rz", [0], [-1.1024433374404907]], ["rx", [0], [0.4115305542945862]], ["rz", [0], [-2.4539825916290283]], ["rz", [1], [0.7477709650993347]], ["rx", [1], [-0.2272835075855255]], ["rz", [1], [-0.3992484211921692]], ["rz", [2], [0.5559149384498596]], ["rx", [2], [1.4348247051239014]], ["rz", [2], [-1.6010878086090088]], ["h", [1], []], ["h", [0], []], ["x", [2], []], ["x", [0], []], ["h", [0], []], ["rz", [0], [2.9706623554229736]], ["rx", [0], [-2.83534836769104]], ["rz", [0], [1.7211333513259888]], ["rz", [1], [-1.384818196296692]], ["rx", [1], [-0.13437215983867645]], ["rz", [1], [2.198180913925171]], ["rz", [2], [-1.973202109336853]], ["rx", [2], [4.013189315795898]], ["rz", [2], [3.797563076019287]], ["cx", [0, 2], []], ["h", [2], []], ["h", [0], []], ["cx", [0, 2], []], ["x", [2], []], ["rz", [0], [-0.31191036105155945]], ["rx", [0], [1.840071439743042]], ["rz", [0], [-0.17879901826381683]], ["rz", [1], [-0.25644630193710327]], ["rx", [1], [-0.5167459845542908]], ["rz", [1], [0.0502609983086586]], ["rz", [2], [-2.7285947799682617]], ["rx", [2], [0.07929371297359467]], ["rz", [2], [-0.007615802343934774]]], "base_circuit_qasm": "OPENQASM 2.0;\ninclude \"qelib1.inc\";\nqreg q[3];\nx q[2];\ncx q[0],q[2];\nh q[0];\nh q[2];\ncx q[0],q[2];\nh q[0];\nx q[0];\nx q[2];\nh q[0];\nh q[1];\nh q[1];\nh q[0];\nx q[2];\nx q[0];\nh q[0];\ncx q[0],q[2];\nh q[2];\nh q[0];\ncx q[0],q[2];\nx q[2];", "pqc_circuit_qasm": "OPENQASM 2.0;\ninclude \"qelib1.inc\";\nqreg q[3];\nx q[2];\ncx q[0],q[2];\nh q[0];\nh q[2];\ncx q[0],q[2];\nrz(-2.88348126411438) q[0];\nrx(-0.4383828938007355) q[0];\nrz(-1.7541991472244263) q[0];\nrz(2.2595713138580322) q[1];\nrx(0.09254656732082367) q[1];\nrz(3.3809502124786377) q[1];\nrz(0.1923786699771881) q[2];\nrx(0.6025099754333496) q[2];\nrz(0.5570003986358643) q[2];\nh q[0];\nx q[0];\nx q[2];\nh q[0];\nh q[1];\nrz(-1.1024433374404907) q[0];\nrx(0.4115305542945862) q[0];\nrz(-2.4539825916290283) q[0];\nrz(0.7477709650993347) q[1];\nrx(-0.2272835075855255) q[1];\nrz(-0.3992484211921692) q[1];\nrz(0.5559149384498596) q[2];\nrx(1.4348247051239014) q[2];\nrz(-1.6010878086090088) q[2];\nh q[1];\nh q[0];\nx q[2];\nx q[0];\nh q[0];\nrz(2.9706623554229736) q[0];\nrx(-2.83534836769104) q[0];\nrz(1.7211333513259888) q[0];\nrz(-1.384818196296692) q[1];\nrx(-0.13437215983867645) q[1];\nrz(2.198180913925171) q[1];\nrz(-1.973202109336853) q[2];\nrx(4.013189315795898) q[2];\nrz(3.797563076019287) q[2];\ncx q[0],q[2];\nh q[2];\nh q[0];\ncx q[0],q[2];\nx q[2];\nrz(-0.31191036105155945) q[0];\nrx(1.840071439743042) q[0];\nrz(-0.17879901826381683) q[0];\nrz(-0.25644630193710327) q[1];\nrx(-0.5167459845542908) q[1];\nrz(0.0502609983086586) q[1];\nrz(-2.7285947799682617) q[2];\nrx(0.07929371297359467) q[2];\nrz(-0.007615802343934774) q[2];"}