{"seed": 1275, "fidelity": 0.9986931681632996, "pqc_params": [[[-0.4236007630825043, 0.5724161267280579, 1.8469133377075195], [-2.3183884620666504, -0.005925189238041639, 2.6511149406433105], [-1.4760321378707886, -1.9755345582962036, -2.7513389587402344]], [[1.128195881843567, -0.2946542501449585, -1.6085712909698486], [0.4059572219848633, -0.01832772046327591, 2.610295295715332], [-0.061781346797943115, -2.1834278106689453, -0.7073472738265991]], [[2.2369885444641113, 0.5374370813369751, 2.1031088829040527], [-0.6060348153114319, -0.018765144050121307, 0.04521593824028969], [-2.4653611183166504, 2.443254232406616, -0.01989753171801567]], [[2.563239097595215, 0.09016302227973938, 0.46923139691352844], [-2.088026285171509, 0.023165442049503326, -1.1601107120513916], [2.7329177856445312, 0.10132884234189987, -2.6995580196380615]]], "base_circuit_tokens": [["x", [1], []], ["cx", [2, 0], []], ["x", [1], []], ["h", [2], []], ["cx", [0, 1], []], ["x", [0], []], ["x", [1], []], ["x", [2], []], ["h", [0], []], ["h", [0], []], ["h", [0], []], ["h", [0], []], ["x", [2], []], ["x", [1], []], ["x", [0], []], ["cx", [0, 1], []], ["h", [2], []], ["x", [1], []], ["cx", [2, 0], []], ["x", [1], []]], "pqc_circuit_tokens": [["x", [1], []], ["cx", [2, 0], []], ["x", [1], []], ["h", [2], []], ["cx", [0, 1], []], ["rz", [0], [-0.4236007630825043]], ["rx", [0], [0.5724161267280579]], ["rz", [0], [1.8469133377075195]], ["rz", [1], [-2.3183884620666504]], ["rx", [1], [-0.005925189238041639]], ["rz", [1], [2.6511149406433105]], ["rz", [2], [-1.4760321378707886]], ["rx", [2], [-1.9755345582962036]], ["rz", [2], [-2.7513389587402344]], ["x", [0], []], ["x", [1], []], ["x", [2], []], ["h", [0], []], ["h", [0], []], ["rz", [0], [1.128195881843567]], ["rx", [0], [-0.2946542501449585]], ["rz", [0], [-1.6085712909698486]], ["rz", [1], [0.4059572219848633]], ["rx", [1], [-0.01832772046327591]], ["rz", [1], [2.610295295715332]], ["rz", [2], [-0.061781346797943115]], ["rx", [2], [-2.1834278106689453]], ["rz", [2], [-0.7073472738265991]], ["h", [0], []], ["h", [0], []], ["x", [2], []], ["x", [1], []], ["x", [0], []], ["rz", [0], [2.2369885444641113]], ["rx", [0], [0.5374370813369751]], ["rz", [0], [2.1031088829040527]], ["rz", [1], [-0.6060348153114319]], ["rx", [1], [-0.018765144050121307]], ["rz", [1], [0.04521593824028969]], ["rz", [2], [-2.4653611183166504]], ["rx", [2], [2.443254232406616]], ["rz", [2], [-0.01989753171801567]], ["cx", [0, 1], []], ["h", [2], []], ["x", [1], []], ["cx", [2, 0], []], ["x", [1], []], ["rz", [0], [2.563239097595215]], ["rx", [0], [0.09016302227973938]], ["rz", [0], [0.46923139691352844]], ["rz", [1], [-2.088026285171509]], ["rx", [1], [0.023165442049503326]], ["rz", [1], [-1.1601107120513916]], ["rz", [2], [2.7329177856445312]], ["rx", [2], [0.10132884234189987]], ["rz", [2], [-2.6995580196380615]]], "base_circuit_qasm": "OPENQASM 2.0;\ninclude \"qelib1.inc\";\nqreg q[3];\nx q[1];\ncx q[2],q[0];\nx q[1];\nh q[2];\ncx q[0],q[1];\nx q[0];\nx q[1];\nx q[2];\nh q[0];\nh q[0];\nh q[0];\nh q[0];\nx q[2];\nx q[1];\nx q[0];\ncx q[0],q[1];\nh q[2];\nx q[1];\ncx q[2],q[0];\nx q[1];", "pqc_circuit_qasm": "OPENQASM 2.0;\ninclude \"qelib1.inc\";\nqreg q[3];\nx q[1];\ncx q[2],q[0];\nx q[1];\nh q[2];\ncx q[0],q[1];\nrz(-0.4236007630825043) q[0];\nrx(0.5724161267280579) q[0];\nrz(1.8469133377075195) q[0];\nrz(-2.3183884620666504) q[1];\nrx(-0.005925189238041639) q[1];\nrz(2.6511149406433105) q[1];\nrz(-1.4760321378707886) q[2];\nrx(-1.9755345582962036) q[2];\nrz(-2.7513389587402344) q[2];\nx q[0];\nx q[1];\nx q[2];\nh q[0];\nh q[0];\nrz(1.128195881843567) q[0];\nrx(-0.2946542501449585) q[0];\nrz(-1.6085712909698486) q[0];\nrz(0.4059572219848633) q[1];\nrx(-0.01832772046327591) q[1];\nrz(2.610295295715332) q[1];\nrz(-0.061781346797943115) q[2];\nrx(-2.1834278106689453) q[2];\nrz(-0.7073472738265991) q[2];\nh q[0];\nh q[0];\nx q[2];\nx q[1];\nx q[0];\nrz(2.2369885444641113) q[0];\nrx(0.5374370813369751) q[0];\nrz(2.1031088829040527) q[0];\nrz(-0.6060348153114319) q[1];\nrx(-0.018765144050121307) q[1];\nrz(0.04521593824028969) q[1];\nrz(-2.4653611183166504) q[2];\nrx(2.443254232406616) q[2];\nrz(-0.01989753171801567) q[2];\ncx q[0],q[1];\nh q[2];\nx q[1];\ncx q[2],q[0];\nx q[1];\nrz(2.563239097595215) q[0];\nrx(0.09016302227973938) q[0];\nrz(0.46923139691352844) q[0];\nrz(-2.088026285171509) q[1];\nrx(0.023165442049503326) q[1];\nrz(-1.1601107120513916) q[1];\nrz(2.7329177856445312) q[2];\nrx(0.10132884234189987) q[2];\nrz(-2.6995580196380615) q[2];"}