{"seed": 1288, "fidelity": 0.9973623156547546, "pqc_params": [[[0.6480413675308228, 0.23352274298667908, 1.9676440954208374], [-3.358306646347046, -2.444032907485962, 0.36105868220329285], [-0.04933967441320419, 1.4533041715621948, -1.041954755783081]], [[-0.6544045805931091, -2.534876585006714, -3.1611993312835693], [1.9909487962722778, -2.7693891525268555, 2.6092286109924316], [2.8423309326171875, -0.2960410714149475, 0.35427969694137573]], [[2.3268513679504395, -0.517370343208313, -0.8142293095588684], [-2.511300802230835, -2.720082998275757, -1.9778481721878052], [2.27785587310791, -2.7717528343200684, 2.946852922439575]], [[0.3854231536388397, 3.4394168853759766, 1.9807143211364746], [2.857205629348755, -0.05683942511677742, -2.968674659729004], [1.2633916139602661, -0.023260464891791344, 3.2542688846588135]]], "base_circuit_tokens": [["cx", [2, 1], []], ["x", [1], []], ["h", [0], []], ["h", [0], []], ["h", [2], []], ["h", [0], []], ["h", [0], []], ["x", [0], []], ["h", [1], []], ["h", [2], []], ["h", [2], []], ["h", [1], []], ["x", [0], []], ["h", [0], []], ["h", [0], []], ["h", [2], []], ["h", [0], []], ["h", [0], []], ["x", [1], []], ["cx", [2, 1], []]], "pqc_circuit_tokens": [["cx", [2, 1], []], ["x", [1], []], ["h", [0], []], ["h", [0], []], ["h", [2], []], ["rz", [0], [0.6480413675308228]], ["rx", [0], [0.23352274298667908]], ["rz", [0], [1.9676440954208374]], ["rz", [1], [-3.358306646347046]], ["rx", [1], [-2.444032907485962]], ["rz", [1], [0.36105868220329285]], ["rz", [2], [-0.04933967441320419]], ["rx", [2], [1.4533041715621948]], ["rz", [2], [-1.041954755783081]], ["h", [0], []], ["h", [0], []], ["x", [0], []], ["h", [1], []], ["h", [2], []], ["rz", [0], [-0.6544045805931091]], ["rx", [0], [-2.534876585006714]], ["rz", [0], [-3.1611993312835693]], ["rz", [1], [1.9909487962722778]], ["rx", [1], [-2.7693891525268555]], ["rz", [1], [2.6092286109924316]], ["rz", [2], [2.8423309326171875]], ["rx", [2], [-0.2960410714149475]], ["rz", [2], [0.35427969694137573]], ["h", [2], []], ["h", [1], []], ["x", [0], []], ["h", [0], []], ["h", [0], []], ["rz", [0], [2.3268513679504395]], ["rx", [0], [-0.517370343208313]], ["rz", [0], [-0.8142293095588684]], ["rz", [1], [-2.511300802230835]], ["rx", [1], [-2.720082998275757]], ["rz", [1], [-1.9778481721878052]], ["rz", [2], [2.27785587310791]], ["rx", [2], [-2.7717528343200684]], ["rz", [2], [2.946852922439575]], ["h", [2], []], ["h", [0], []], ["h", [0], []], ["x", [1], []], ["cx", [2, 1], []], ["rz", [0], [0.3854231536388397]], ["rx", [0], [3.4394168853759766]], ["rz", [0], [1.9807143211364746]], ["rz", [1], [2.857205629348755]], ["rx", [1], [-0.05683942511677742]], ["rz", [1], [-2.968674659729004]], ["rz", [2], [1.2633916139602661]], ["rx", [2], [-0.023260464891791344]], ["rz", [2], [3.2542688846588135]]], "base_circuit_qasm": "OPENQASM 2.0;\ninclude \"qelib1.inc\";\nqreg q[3];\ncx q[2],q[1];\nx q[1];\nh q[0];\nh q[0];\nh q[2];\nh q[0];\nh q[0];\nx q[0];\nh q[1];\nh q[2];\nh q[2];\nh q[1];\nx q[0];\nh q[0];\nh q[0];\nh q[2];\nh q[0];\nh q[0];\nx q[1];\ncx q[2],q[1];", "pqc_circuit_qasm": "OPENQASM 2.0;\ninclude \"qelib1.inc\";\nqreg q[3];\ncx q[2],q[1];\nx q[1];\nh q[0];\nh q[0];\nh q[2];\nrz(0.6480413675308228) q[0];\nrx(0.23352274298667908) q[0];\nrz(1.9676440954208374) q[0];\nrz(-3.358306646347046) q[1];\nrx(-2.444032907485962) q[1];\nrz(0.36105868220329285) q[1];\nrz(-0.04933967441320419) q[2];\nrx(1.4533041715621948) q[2];\nrz(-1.041954755783081) q[2];\nh q[0];\nh q[0];\nx q[0];\nh q[1];\nh q[2];\nrz(-0.6544045805931091) q[0];\nrx(-2.534876585006714) q[0];\nrz(-3.1611993312835693) q[0];\nrz(1.9909487962722778) q[1];\nrx(-2.7693891525268555) q[1];\nrz(2.6092286109924316) q[1];\nrz(2.8423309326171875) q[2];\nrx(-0.2960410714149475) q[2];\nrz(0.35427969694137573) q[2];\nh q[2];\nh q[1];\nx q[0];\nh q[0];\nh q[0];\nrz(2.3268513679504395) q[0];\nrx(-0.517370343208313) q[0];\nrz(-0.8142293095588684) q[0];\nrz(-2.511300802230835) q[1];\nrx(-2.720082998275757) q[1];\nrz(-1.9778481721878052) q[1];\nrz(2.27785587310791) q[2];\nrx(-2.7717528343200684) q[2];\nrz(2.946852922439575) q[2];\nh q[2];\nh q[0];\nh q[0];\nx q[1];\ncx q[2],q[1];\nrz(0.3854231536388397) q[0];\nrx(3.4394168853759766) q[0];\nrz(1.9807143211364746) q[0];\nrz(2.857205629348755) q[1];\nrx(-0.05683942511677742) q[1];\nrz(-2.968674659729004) q[1];\nrz(1.2633916139602661) q[2];\nrx(-0.023260464891791344) q[2];\nrz(3.2542688846588135) q[2];"}