{"seed": 1294, "fidelity": 0.9995588660240173, "pqc_params": [[[1.4441108703613281, -2.9750115871429443, -2.9042341709136963], [1.2445372343063354, -1.29319429397583, 0.6830008029937744], [-1.8737601041793823, 2.2958905696868896, 0.475477010011673]], [[3.433446168899536, 0.16201655566692352, -1.09014892578125], [1.3261858224868774, -0.046689826995134354, -0.06798616051673889], [-3.3784701824188232, -2.3130810260772705, -0.11114349216222763]], [[-2.188117027282715, 3.0083882808685303, -3.894155979156494], [0.27242928743362427, -0.48750922083854675, -1.552011489868164], [-0.31535807251930237, -1.8958008289337158, -1.1404060125350952]], [[-3.442409038543701, 0.0847078487277031, 0.2006555050611496], [-0.12063678354024887, -0.10035700350999832, -3.119781255722046], [1.6161857843399048, -0.0045180837623775005, -2.0319504737854004]]], "base_circuit_tokens": [["cx", [1, 0], []], ["h", [2], []], ["h", [2], []], ["x", [1], []], ["cx", [0, 2], []], ["cx", [0, 2], []], ["x", [1], []], ["h", [0], []], ["h", [1], []], ["h", [0], []], ["h", [0], []], ["h", [1], []], ["h", [0], []], ["x", [1], []], ["cx", [0, 2], []], ["cx", [0, 2], []], ["x", [1], []], ["h", [2], []], ["h", [2], []], ["cx", [1, 0], []]], "pqc_circuit_tokens": [["cx", [1, 0], []], ["h", [2], []], ["h", [2], []], ["x", [1], []], ["cx", [0, 2], []], ["rz", [0], [1.4441108703613281]], ["rx", [0], [-2.9750115871429443]], ["rz", [0], [-2.9042341709136963]], ["rz", [1], [1.2445372343063354]], ["rx", [1], [-1.29319429397583]], ["rz", [1], [0.6830008029937744]], ["rz", [2], [-1.8737601041793823]], ["rx", [2], [2.2958905696868896]], ["rz", [2], [0.475477010011673]], ["cx", [0, 2], []], ["x", [1], []], ["h", [0], []], ["h", [1], []], ["h", [0], []], ["rz", [0], [3.433446168899536]], ["rx", [0], [0.16201655566692352]], ["rz", [0], [-1.09014892578125]], ["rz", [1], [1.3261858224868774]], ["rx", [1], [-0.046689826995134354]], ["rz", [1], [-0.06798616051673889]], ["rz", [2], [-3.3784701824188232]], ["rx", [2], [-2.3130810260772705]], ["rz", [2], [-0.11114349216222763]], ["h", [0], []], ["h", [1], []], ["h", [0], []], ["x", [1], []], ["cx", [0, 2], []], ["rz", [0], [-2.188117027282715]], ["rx", [0], [3.0083882808685303]], ["rz", [0], [-3.894155979156494]], ["rz", [1], [0.27242928743362427]], ["rx", [1], [-0.48750922083854675]], ["rz", [1], [-1.552011489868164]], ["rz", [2], [-0.31535807251930237]], ["rx", [2], [-1.8958008289337158]], ["rz", [2], [-1.1404060125350952]], ["cx", [0, 2], []], ["x", [1], []], ["h", [2], []], ["h", [2], []], ["cx", [1, 0], []], ["rz", [0], [-3.442409038543701]], ["rx", [0], [0.0847078487277031]], ["rz", [0], [0.2006555050611496]], ["rz", [1], [-0.12063678354024887]], ["rx", [1], [-0.10035700350999832]], ["rz", [1], [-3.119781255722046]], ["rz", [2], [1.6161857843399048]], ["rx", [2], [-0.0045180837623775005]], ["rz", [2], [-2.0319504737854004]]], "base_circuit_qasm": "OPENQASM 2.0;\ninclude \"qelib1.inc\";\nqreg q[3];\ncx q[1],q[0];\nh q[2];\nh q[2];\nx q[1];\ncx q[0],q[2];\ncx q[0],q[2];\nx q[1];\nh q[0];\nh q[1];\nh q[0];\nh q[0];\nh q[1];\nh q[0];\nx q[1];\ncx q[0],q[2];\ncx q[0],q[2];\nx q[1];\nh q[2];\nh q[2];\ncx q[1],q[0];", "pqc_circuit_qasm": "OPENQASM 2.0;\ninclude \"qelib1.inc\";\nqreg q[3];\ncx q[1],q[0];\nh q[2];\nh q[2];\nx q[1];\ncx q[0],q[2];\nrz(1.4441108703613281) q[0];\nrx(-2.9750115871429443) q[0];\nrz(-2.9042341709136963) q[0];\nrz(1.2445372343063354) q[1];\nrx(-1.29319429397583) q[1];\nrz(0.6830008029937744) q[1];\nrz(-1.8737601041793823) q[2];\nrx(2.2958905696868896) q[2];\nrz(0.475477010011673) q[2];\ncx q[0],q[2];\nx q[1];\nh q[0];\nh q[1];\nh q[0];\nrz(3.433446168899536) q[0];\nrx(0.16201655566692352) q[0];\nrz(-1.09014892578125) q[0];\nrz(1.3261858224868774) q[1];\nrx(-0.046689826995134354) q[1];\nrz(-0.06798616051673889) q[1];\nrz(-3.3784701824188232) q[2];\nrx(-2.3130810260772705) q[2];\nrz(-0.11114349216222763) q[2];\nh q[0];\nh q[1];\nh q[0];\nx q[1];\ncx q[0],q[2];\nrz(-2.188117027282715) q[0];\nrx(3.0083882808685303) q[0];\nrz(-3.894155979156494) q[0];\nrz(0.27242928743362427) q[1];\nrx(-0.48750922083854675) q[1];\nrz(-1.552011489868164) q[1];\nrz(-0.31535807251930237) q[2];\nrx(-1.8958008289337158) q[2];\nrz(-1.1404060125350952) q[2];\ncx q[0],q[2];\nx q[1];\nh q[2];\nh q[2];\ncx q[1],q[0];\nrz(-3.442409038543701) q[0];\nrx(0.0847078487277031) q[0];\nrz(0.2006555050611496) q[0];\nrz(-0.12063678354024887) q[1];\nrx(-0.10035700350999832) q[1];\nrz(-3.119781255722046) q[1];\nrz(1.6161857843399048) q[2];\nrx(-0.0045180837623775005) q[2];\nrz(-2.0319504737854004) q[2];"}