{"seed": 1303, "fidelity": 0.9721593856811523, "pqc_params": [[[0.06221591308712959, 1.0288715362548828, 1.7453539371490479], [-0.9120252132415771, -2.5587847232818604, 0.17236222326755524], [1.3485361337661743, -1.6801416873931885, -0.25022897124290466]], [[-2.356132745742798, 0.14368413388729095, -1.5978209972381592], [-1.0728273391723633, -1.644221305847168, 3.7384395599365234], [0.03409821167588234, -0.01865064539015293, 2.584397554397583]], [[-1.8168913125991821, 1.0486667156219482, -0.09597624093294144], [0.4298854470252991, -0.6155653595924377, 2.272731065750122], [0.9293449521064758, 1.446494460105896, 1.286502718925476]], [[2.923299789428711, -1.0139145851135254, -0.08198093622922897], [2.628495931625366, -3.1182730197906494, -0.41647300124168396], [-1.2370281219482422, -2.0144612789154053, 2.309788465499878]]], "base_circuit_tokens": [["h", [0], []], ["cx", [0, 1], []], ["x", [1], []], ["cx", [1, 2], []], ["cx", [2, 1], []], ["h", [0], []], ["cx", [0, 1], []], ["cx", [0, 2], []], ["cx", [2, 1], []], ["cx", [2, 0], []], ["cx", [2, 0], []], ["cx", [2, 1], []], ["cx", [0, 2], []], ["cx", [0, 1], []], ["h", [0], []], ["cx", [2, 1], []], ["cx", [1, 2], []], ["x", [1], []], ["cx", [0, 1], []], ["h", [0], []]], "pqc_circuit_tokens": [["h", [0], []], ["cx", [0, 1], []], ["x", [1], []], ["cx", [1, 2], []], ["cx", [2, 1], []], ["rz", [0], [0.06221591308712959]], ["rx", [0], [1.0288715362548828]], ["rz", [0], [1.7453539371490479]], ["rz", [1], [-0.9120252132415771]], ["rx", [1], [-2.5587847232818604]], ["rz", [1], [0.17236222326755524]], ["rz", [2], [1.3485361337661743]], ["rx", [2], [-1.6801416873931885]], ["rz", [2], [-0.25022897124290466]], ["h", [0], []], ["cx", [0, 1], []], ["cx", [0, 2], []], ["cx", [2, 1], []], ["cx", [2, 0], []], ["rz", [0], [-2.356132745742798]], ["rx", [0], [0.14368413388729095]], ["rz", [0], [-1.5978209972381592]], ["rz", [1], [-1.0728273391723633]], ["rx", [1], [-1.644221305847168]], ["rz", [1], [3.7384395599365234]], ["rz", [2], [0.03409821167588234]], ["rx", [2], [-0.01865064539015293]], ["rz", [2], [2.584397554397583]], ["cx", [2, 0], []], ["cx", [2, 1], []], ["cx", [0, 2], []], ["cx", [0, 1], []], ["h", [0], []], ["rz", [0], [-1.8168913125991821]], ["rx", [0], [1.0486667156219482]], ["rz", [0], [-0.09597624093294144]], ["rz", [1], [0.4298854470252991]], ["rx", [1], [-0.6155653595924377]], ["rz", [1], [2.272731065750122]], ["rz", [2], [0.9293449521064758]], ["rx", [2], [1.446494460105896]], ["rz", [2], [1.286502718925476]], ["cx", [2, 1], []], ["cx", [1, 2], []], ["x", [1], []], ["cx", [0, 1], []], ["h", [0], []], ["rz", [0], [2.923299789428711]], ["rx", [0], [-1.0139145851135254]], ["rz", [0], [-0.08198093622922897]], ["rz", [1], [2.628495931625366]], ["rx", [1], [-3.1182730197906494]], ["rz", [1], [-0.41647300124168396]], ["rz", [2], [-1.2370281219482422]], ["rx", [2], [-2.0144612789154053]], ["rz", [2], [2.309788465499878]]], "base_circuit_qasm": "OPENQASM 2.0;\ninclude \"qelib1.inc\";\nqreg q[3];\nh q[0];\ncx q[0],q[1];\nx q[1];\ncx q[1],q[2];\ncx q[2],q[1];\nh q[0];\ncx q[0],q[1];\ncx q[0],q[2];\ncx q[2],q[1];\ncx q[2],q[0];\ncx q[2],q[0];\ncx q[2],q[1];\ncx q[0],q[2];\ncx q[0],q[1];\nh q[0];\ncx q[2],q[1];\ncx q[1],q[2];\nx q[1];\ncx q[0],q[1];\nh q[0];", "pqc_circuit_qasm": "OPENQASM 2.0;\ninclude \"qelib1.inc\";\nqreg q[3];\nh q[0];\ncx q[0],q[1];\nx q[1];\ncx q[1],q[2];\ncx q[2],q[1];\nrz(0.06221591308712959) q[0];\nrx(1.0288715362548828) q[0];\nrz(1.7453539371490479) q[0];\nrz(-0.9120252132415771) q[1];\nrx(-2.5587847232818604) q[1];\nrz(0.17236222326755524) q[1];\nrz(1.3485361337661743) q[2];\nrx(-1.6801416873931885) q[2];\nrz(-0.25022897124290466) q[2];\nh q[0];\ncx q[0],q[1];\ncx q[0],q[2];\ncx q[2],q[1];\ncx q[2],q[0];\nrz(-2.356132745742798) q[0];\nrx(0.14368413388729095) q[0];\nrz(-1.5978209972381592) q[0];\nrz(-1.0728273391723633) q[1];\nrx(-1.644221305847168) q[1];\nrz(3.7384395599365234) q[1];\nrz(0.03409821167588234) q[2];\nrx(-0.01865064539015293) q[2];\nrz(2.584397554397583) q[2];\ncx q[2],q[0];\ncx q[2],q[1];\ncx q[0],q[2];\ncx q[0],q[1];\nh q[0];\nrz(-1.8168913125991821) q[0];\nrx(1.0486667156219482) q[0];\nrz(-0.09597624093294144) q[0];\nrz(0.4298854470252991) q[1];\nrx(-0.6155653595924377) q[1];\nrz(2.272731065750122) q[1];\nrz(0.9293449521064758) q[2];\nrx(1.446494460105896) q[2];\nrz(1.286502718925476) q[2];\ncx q[2],q[1];\ncx q[1],q[2];\nx q[1];\ncx q[0],q[1];\nh q[0];\nrz(2.923299789428711) q[0];\nrx(-1.0139145851135254) q[0];\nrz(-0.08198093622922897) q[0];\nrz(2.628495931625366) q[1];\nrx(-3.1182730197906494) q[1];\nrz(-0.41647300124168396) q[1];\nrz(-1.2370281219482422) q[2];\nrx(-2.0144612789154053) q[2];\nrz(2.309788465499878) q[2];"}