{"seed": 131, "fidelity": 0.9880495071411133, "pqc_params": [[[-0.4762353003025055, 0.3096947968006134, -2.185495138168335], [-2.1816515922546387, 2.1698009967803955, 0.012845025397837162], [0.4115177094936371, 0.8479509949684143, 0.9488009214401245]], [[1.990616798400879, -2.963087320327759, -2.4423673152923584], [-3.403808832168579, -2.7812154293060303, -0.06459971517324448], [-2.390047073364258, -3.066636085510254, -2.281259536743164]], [[1.5820457935333252, 0.2664318382740021, 0.3467057943344116], [-3.5773961544036865, 1.2382941246032715, -1.3506581783294678], [1.9089211225509644, 1.5170226097106934, -1.1268908977508545]], [[-1.2302045822143555, 3.5217630863189697, 1.78128182888031], [2.0012168884277344, -3.270700472057797e-05, 4.184543609619141], [2.5582215785980225, 0.5329079031944275, 0.223737895488739]]], "base_circuit_tokens": [["h", [2], []], ["cx", [2, 1], []], ["h", [1], []], ["h", [2], []], ["h", [0], []], ["cx", [0, 2], []], ["h", [2], []], ["x", [0], []], ["h", [1], []], ["h", [2], []], ["h", [2], []], ["h", [1], []], ["x", [0], []], ["h", [2], []], ["cx", [0, 2], []], ["h", [0], []], ["h", [2], []], ["h", [1], []], ["cx", [2, 1], []], ["h", [2], []]], "pqc_circuit_tokens": [["h", [2], []], ["cx", [2, 1], []], ["h", [1], []], ["h", [2], []], ["h", [0], []], ["rz", [0], [-0.4762353003025055]], ["rx", [0], [0.3096947968006134]], ["rz", [0], [-2.185495138168335]], ["rz", [1], [-2.1816515922546387]], ["rx", [1], [2.1698009967803955]], ["rz", [1], [0.012845025397837162]], ["rz", [2], [0.4115177094936371]], ["rx", [2], [0.8479509949684143]], ["rz", [2], [0.9488009214401245]], ["cx", [0, 2], []], ["h", [2], []], ["x", [0], []], ["h", [1], []], ["h", [2], []], ["rz", [0], [1.990616798400879]], ["rx", [0], [-2.963087320327759]], ["rz", [0], [-2.4423673152923584]], ["rz", [1], [-3.403808832168579]], ["rx", [1], [-2.7812154293060303]], ["rz", [1], [-0.06459971517324448]], ["rz", [2], [-2.390047073364258]], ["rx", [2], [-3.066636085510254]], ["rz", [2], [-2.281259536743164]], ["h", [2], []], ["h", [1], []], ["x", [0], []], ["h", [2], []], ["cx", [0, 2], []], ["rz", [0], [1.5820457935333252]], ["rx", [0], [0.2664318382740021]], ["rz", [0], [0.3467057943344116]], ["rz", [1], [-3.5773961544036865]], ["rx", [1], [1.2382941246032715]], ["rz", [1], [-1.3506581783294678]], ["rz", [2], [1.9089211225509644]], ["rx", [2], [1.5170226097106934]], ["rz", [2], [-1.1268908977508545]], ["h", [0], []], ["h", [2], []], ["h", [1], []], ["cx", [2, 1], []], ["h", [2], []], ["rz", [0], [-1.2302045822143555]], ["rx", [0], [3.5217630863189697]], ["rz", [0], [1.78128182888031]], ["rz", [1], [2.0012168884277344]], ["rx", [1], [-3.270700472057797e-05]], ["rz", [1], [4.184543609619141]], ["rz", [2], [2.5582215785980225]], ["rx", [2], [0.5329079031944275]], ["rz", [2], [0.223737895488739]]], "base_circuit_qasm": "OPENQASM 2.0;\ninclude \"qelib1.inc\";\nqreg q[3];\nh q[2];\ncx q[2],q[1];\nh q[1];\nh q[2];\nh q[0];\ncx q[0],q[2];\nh q[2];\nx q[0];\nh q[1];\nh q[2];\nh q[2];\nh q[1];\nx q[0];\nh q[2];\ncx q[0],q[2];\nh q[0];\nh q[2];\nh q[1];\ncx q[2],q[1];\nh q[2];", "pqc_circuit_qasm": "OPENQASM 2.0;\ninclude \"qelib1.inc\";\nqreg q[3];\nh q[2];\ncx q[2],q[1];\nh q[1];\nh q[2];\nh q[0];\nrz(-0.4762353003025055) q[0];\nrx(0.3096947968006134) q[0];\nrz(-2.185495138168335) q[0];\nrz(-2.1816515922546387) q[1];\nrx(2.1698009967803955) q[1];\nrz(0.012845025397837162) q[1];\nrz(0.4115177094936371) q[2];\nrx(0.8479509949684143) q[2];\nrz(0.9488009214401245) q[2];\ncx q[0],q[2];\nh q[2];\nx q[0];\nh q[1];\nh q[2];\nrz(1.990616798400879) q[0];\nrx(-2.963087320327759) q[0];\nrz(-2.4423673152923584) q[0];\nrz(-3.403808832168579) q[1];\nrx(-2.7812154293060303) q[1];\nrz(-0.06459971517324448) q[1];\nrz(-2.390047073364258) q[2];\nrx(-3.066636085510254) q[2];\nrz(-2.281259536743164) q[2];\nh q[2];\nh q[1];\nx q[0];\nh q[2];\ncx q[0],q[2];\nrz(1.5820457935333252) q[0];\nrx(0.2664318382740021) q[0];\nrz(0.3467057943344116) q[0];\nrz(-3.5773961544036865) q[1];\nrx(1.2382941246032715) q[1];\nrz(-1.3506581783294678) q[1];\nrz(1.9089211225509644) q[2];\nrx(1.5170226097106934) q[2];\nrz(-1.1268908977508545) q[2];\nh q[0];\nh q[2];\nh q[1];\ncx q[2],q[1];\nh q[2];\nrz(-1.2302045822143555) q[0];\nrx(3.5217630863189697) q[0];\nrz(1.78128182888031) q[0];\nrz(2.0012168884277344) q[1];\nrx(-3.270700472057797e-05) q[1];\nrz(4.184543609619141) q[1];\nrz(2.5582215785980225) q[2];\nrx(0.5329079031944275) q[2];\nrz(0.223737895488739) q[2];"}