{"seed": 1321, "fidelity": 0.9998242259025574, "pqc_params": [[[-1.2180538177490234, -2.582925796508789, -0.28202325105667114], [-1.013466238975525, 1.3635358810424805, -2.9230713844299316], [1.6232322454452515, -2.106610059738159, -0.12209338694810867]], [[1.279725193977356, -1.5925055742263794, -2.014403820037842], [-1.5096232891082764, 1.5514180660247803, 0.6667783260345459], [0.6439509391784668, -2.6031694412231445, -0.892084002494812]], [[-1.6987069845199585, 2.921238660812378, 2.923811912536621], [-0.19230586290359497, 0.4970855116844177, -0.3436146378517151], [3.2075412273406982, 1.9332300424575806, 2.16780686378479]], [[-1.3060272932052612, 1.2679812908172607, 2.509514331817627], [-1.9157384634017944, -2.4197633266448975, -0.29828470945358276], [-1.262437343597412, -1.688037395477295, 1.3043465614318848]]], "base_circuit_tokens": [["x", [2], []], ["h", [0], []], ["h", [0], []], ["h", [1], []], ["cx", [1, 2], []], ["h", [1], []], ["x", [1], []], ["x", [1], []], ["x", [1], []], ["cx", [1, 2], []], ["cx", [1, 2], []], ["x", [1], []], ["x", [1], []], ["x", [1], []], ["h", [1], []], ["cx", [1, 2], []], ["h", [1], []], ["h", [0], []], ["h", [0], []], ["x", [2], []]], "pqc_circuit_tokens": [["x", [2], []], ["h", [0], []], ["h", [0], []], ["h", [1], []], ["cx", [1, 2], []], ["rz", [0], [-1.2180538177490234]], ["rx", [0], [-2.582925796508789]], ["rz", [0], [-0.28202325105667114]], ["rz", [1], [-1.013466238975525]], ["rx", [1], [1.3635358810424805]], ["rz", [1], [-2.9230713844299316]], ["rz", [2], [1.6232322454452515]], ["rx", [2], [-2.106610059738159]], ["rz", [2], [-0.12209338694810867]], ["h", [1], []], ["x", [1], []], ["x", [1], []], ["x", [1], []], ["cx", [1, 2], []], ["rz", [0], [1.279725193977356]], ["rx", [0], [-1.5925055742263794]], ["rz", [0], [-2.014403820037842]], ["rz", [1], [-1.5096232891082764]], ["rx", [1], [1.5514180660247803]], ["rz", [1], [0.6667783260345459]], ["rz", [2], [0.6439509391784668]], ["rx", [2], [-2.6031694412231445]], ["rz", [2], [-0.892084002494812]], ["cx", [1, 2], []], ["x", [1], []], ["x", [1], []], ["x", [1], []], ["h", [1], []], ["rz", [0], [-1.6987069845199585]], ["rx", [0], [2.921238660812378]], ["rz", [0], [2.923811912536621]], ["rz", [1], [-0.19230586290359497]], ["rx", [1], [0.4970855116844177]], ["rz", [1], [-0.3436146378517151]], ["rz", [2], [3.2075412273406982]], ["rx", [2], [1.9332300424575806]], ["rz", [2], [2.16780686378479]], ["cx", [1, 2], []], ["h", [1], []], ["h", [0], []], ["h", [0], []], ["x", [2], []], ["rz", [0], [-1.3060272932052612]], ["rx", [0], [1.2679812908172607]], ["rz", [0], [2.509514331817627]], ["rz", [1], [-1.9157384634017944]], ["rx", [1], [-2.4197633266448975]], ["rz", [1], [-0.29828470945358276]], ["rz", [2], [-1.262437343597412]], ["rx", [2], [-1.688037395477295]], ["rz", [2], [1.3043465614318848]]], "base_circuit_qasm": "OPENQASM 2.0;\ninclude \"qelib1.inc\";\nqreg q[3];\nx q[2];\nh q[0];\nh q[0];\nh q[1];\ncx q[1],q[2];\nh q[1];\nx q[1];\nx q[1];\nx q[1];\ncx q[1],q[2];\ncx q[1],q[2];\nx q[1];\nx q[1];\nx q[1];\nh q[1];\ncx q[1],q[2];\nh q[1];\nh q[0];\nh q[0];\nx q[2];", "pqc_circuit_qasm": "OPENQASM 2.0;\ninclude \"qelib1.inc\";\nqreg q[3];\nx q[2];\nh q[0];\nh q[0];\nh q[1];\ncx q[1],q[2];\nrz(-1.2180538177490234) q[0];\nrx(-2.582925796508789) q[0];\nrz(-0.28202325105667114) q[0];\nrz(-1.013466238975525) q[1];\nrx(1.3635358810424805) q[1];\nrz(-2.9230713844299316) q[1];\nrz(1.6232322454452515) q[2];\nrx(-2.106610059738159) q[2];\nrz(-0.12209338694810867) q[2];\nh q[1];\nx q[1];\nx q[1];\nx q[1];\ncx q[1],q[2];\nrz(1.279725193977356) q[0];\nrx(-1.5925055742263794) q[0];\nrz(-2.014403820037842) q[0];\nrz(-1.5096232891082764) q[1];\nrx(1.5514180660247803) q[1];\nrz(0.6667783260345459) q[1];\nrz(0.6439509391784668) q[2];\nrx(-2.6031694412231445) q[2];\nrz(-0.892084002494812) q[2];\ncx q[1],q[2];\nx q[1];\nx q[1];\nx q[1];\nh q[1];\nrz(-1.6987069845199585) q[0];\nrx(2.921238660812378) q[0];\nrz(2.923811912536621) q[0];\nrz(-0.19230586290359497) q[1];\nrx(0.4970855116844177) q[1];\nrz(-0.3436146378517151) q[1];\nrz(3.2075412273406982) q[2];\nrx(1.9332300424575806) q[2];\nrz(2.16780686378479) q[2];\ncx q[1],q[2];\nh q[1];\nh q[0];\nh q[0];\nx q[2];\nrz(-1.3060272932052612) q[0];\nrx(1.2679812908172607) q[0];\nrz(2.509514331817627) q[0];\nrz(-1.9157384634017944) q[1];\nrx(-2.4197633266448975) q[1];\nrz(-0.29828470945358276) q[1];\nrz(-1.262437343597412) q[2];\nrx(-1.688037395477295) q[2];\nrz(1.3043465614318848) q[2];"}