{"seed": 1323, "fidelity": 0.980283260345459, "pqc_params": [[[1.7683179378509521, -0.06641567498445511, 1.0456708669662476], [1.4308017492294312, 1.509459376335144, 2.827230453491211], [-1.5748838186264038, -1.5843031406402588, 2.2714028358459473]], [[-0.25438401103019714, 0.3788173794746399, 1.1377264261245728], [-1.607668399810791, -2.5443410873413086, -2.015610933303833], [-0.23705407977104187, -2.4602792263031006, -3.2781665325164795]], [[-2.687490463256836, -2.8763267993927, 1.0860439538955688], [0.18531250953674316, 4.548432350158691, -1.8981937170028687], [3.2123641967773438, -1.4622504711151123, 1.6564908027648926]], [[-0.3131663203239441, -2.4331467151641846, -2.695835590362549], [-0.7193811535835266, -2.627728223800659, 2.4920594692230225], [2.7652101516723633, -3.0009515285491943, -3.4198458194732666]]], "base_circuit_tokens": [["cx", [1, 0], []], ["h", [0], []], ["h", [1], []], ["cx", [1, 2], []], ["x", [2], []], ["h", [0], []], ["cx", [1, 0], []], ["cx", [2, 0], []], ["h", [0], []], ["h", [2], []], ["h", [2], []], ["h", [0], []], ["cx", [2, 0], []], ["cx", [1, 0], []], ["h", [0], []], ["x", [2], []], ["cx", [1, 2], []], ["h", [1], []], ["h", [0], []], ["cx", [1, 0], []]], "pqc_circuit_tokens": [["cx", [1, 0], []], ["h", [0], []], ["h", [1], []], ["cx", [1, 2], []], ["x", [2], []], ["rz", [0], [1.7683179378509521]], ["rx", [0], [-0.06641567498445511]], ["rz", [0], [1.0456708669662476]], ["rz", [1], [1.4308017492294312]], ["rx", [1], [1.509459376335144]], ["rz", [1], [2.827230453491211]], ["rz", [2], [-1.5748838186264038]], ["rx", [2], [-1.5843031406402588]], ["rz", [2], [2.2714028358459473]], ["h", [0], []], ["cx", [1, 0], []], ["cx", [2, 0], []], ["h", [0], []], ["h", [2], []], ["rz", [0], [-0.25438401103019714]], ["rx", [0], [0.3788173794746399]], ["rz", [0], [1.1377264261245728]], ["rz", [1], [-1.607668399810791]], ["rx", [1], [-2.5443410873413086]], ["rz", [1], [-2.015610933303833]], ["rz", [2], [-0.23705407977104187]], ["rx", [2], [-2.4602792263031006]], ["rz", [2], [-3.2781665325164795]], ["h", [2], []], ["h", [0], []], ["cx", [2, 0], []], ["cx", [1, 0], []], ["h", [0], []], ["rz", [0], [-2.687490463256836]], ["rx", [0], [-2.8763267993927]], ["rz", [0], [1.0860439538955688]], ["rz", [1], [0.18531250953674316]], ["rx", [1], [4.548432350158691]], ["rz", [1], [-1.8981937170028687]], ["rz", [2], [3.2123641967773438]], ["rx", [2], [-1.4622504711151123]], ["rz", [2], [1.6564908027648926]], ["x", [2], []], ["cx", [1, 2], []], ["h", [1], []], ["h", [0], []], ["cx", [1, 0], []], ["rz", [0], [-0.3131663203239441]], ["rx", [0], [-2.4331467151641846]], ["rz", [0], [-2.695835590362549]], ["rz", [1], [-0.7193811535835266]], ["rx", [1], [-2.627728223800659]], ["rz", [1], [2.4920594692230225]], ["rz", [2], [2.7652101516723633]], ["rx", [2], [-3.0009515285491943]], ["rz", [2], [-3.4198458194732666]]], "base_circuit_qasm": "OPENQASM 2.0;\ninclude \"qelib1.inc\";\nqreg q[3];\ncx q[1],q[0];\nh q[0];\nh q[1];\ncx q[1],q[2];\nx q[2];\nh q[0];\ncx q[1],q[0];\ncx q[2],q[0];\nh q[0];\nh q[2];\nh q[2];\nh q[0];\ncx q[2],q[0];\ncx q[1],q[0];\nh q[0];\nx q[2];\ncx q[1],q[2];\nh q[1];\nh q[0];\ncx q[1],q[0];", "pqc_circuit_qasm": "OPENQASM 2.0;\ninclude \"qelib1.inc\";\nqreg q[3];\ncx q[1],q[0];\nh q[0];\nh q[1];\ncx q[1],q[2];\nx q[2];\nrz(1.7683179378509521) q[0];\nrx(-0.06641567498445511) q[0];\nrz(1.0456708669662476) q[0];\nrz(1.4308017492294312) q[1];\nrx(1.509459376335144) q[1];\nrz(2.827230453491211) q[1];\nrz(-1.5748838186264038) q[2];\nrx(-1.5843031406402588) q[2];\nrz(2.2714028358459473) q[2];\nh q[0];\ncx q[1],q[0];\ncx q[2],q[0];\nh q[0];\nh q[2];\nrz(-0.25438401103019714) q[0];\nrx(0.3788173794746399) q[0];\nrz(1.1377264261245728) q[0];\nrz(-1.607668399810791) q[1];\nrx(-2.5443410873413086) q[1];\nrz(-2.015610933303833) q[1];\nrz(-0.23705407977104187) q[2];\nrx(-2.4602792263031006) q[2];\nrz(-3.2781665325164795) q[2];\nh q[2];\nh q[0];\ncx q[2],q[0];\ncx q[1],q[0];\nh q[0];\nrz(-2.687490463256836) q[0];\nrx(-2.8763267993927) q[0];\nrz(1.0860439538955688) q[0];\nrz(0.18531250953674316) q[1];\nrx(4.548432350158691) q[1];\nrz(-1.8981937170028687) q[1];\nrz(3.2123641967773438) q[2];\nrx(-1.4622504711151123) q[2];\nrz(1.6564908027648926) q[2];\nx q[2];\ncx q[1],q[2];\nh q[1];\nh q[0];\ncx q[1],q[0];\nrz(-0.3131663203239441) q[0];\nrx(-2.4331467151641846) q[0];\nrz(-2.695835590362549) q[0];\nrz(-0.7193811535835266) q[1];\nrx(-2.627728223800659) q[1];\nrz(2.4920594692230225) q[1];\nrz(2.7652101516723633) q[2];\nrx(-3.0009515285491943) q[2];\nrz(-3.4198458194732666) q[2];"}