{"seed": 1329, "fidelity": 0.9950578808784485, "pqc_params": [[[-3.271970510482788, 0.29765212535858154, -3.137921094894409], [1.313620924949646, -1.8751213550567627, -1.3892816305160522], [1.2039870023727417, 3.1266143321990967, -2.737121820449829]], [[-0.4551323354244232, 0.11601576954126358, -1.7599749565124512], [0.016636524349451065, -2.063539981842041, -0.015824442729353905], [3.002699375152588, -0.3289843201637268, 2.7723398208618164]], [[2.930034875869751, 0.2989552319049835, 3.2530479431152344], [-0.8873589634895325, 1.5697983503341675, -1.5404772758483887], [-0.5389177799224854, 3.024524450302124, -0.7710853815078735]], [[-0.3547689914703369, -2.4326093196868896, -0.44594043493270874], [-0.1390627771615982, -0.17250622808933258, -0.8756517171859741], [-3.0463342666625977, 3.3964011669158936, 3.1453394889831543]]], "base_circuit_tokens": [["h", [0], []], ["h", [1], []], ["h", [2], []], ["cx", [0, 1], []], ["cx", [2, 0], []], ["x", [1], []], ["h", [1], []], ["cx", [2, 0], []], ["h", [2], []], ["cx", [0, 1], []], ["cx", [0, 1], []], ["h", [2], []], ["cx", [2, 0], []], ["h", [1], []], ["x", [1], []], ["cx", [2, 0], []], ["cx", [0, 1], []], ["h", [2], []], ["h", [1], []], ["h", [0], []]], "pqc_circuit_tokens": [["h", [0], []], ["h", [1], []], ["h", [2], []], ["cx", [0, 1], []], ["cx", [2, 0], []], ["rz", [0], [-3.271970510482788]], ["rx", [0], [0.29765212535858154]], ["rz", [0], [-3.137921094894409]], ["rz", [1], [1.313620924949646]], ["rx", [1], [-1.8751213550567627]], ["rz", [1], [-1.3892816305160522]], ["rz", [2], [1.2039870023727417]], ["rx", [2], [3.1266143321990967]], ["rz", [2], [-2.737121820449829]], ["x", [1], []], ["h", [1], []], ["cx", [2, 0], []], ["h", [2], []], ["cx", [0, 1], []], ["rz", [0], [-0.4551323354244232]], ["rx", [0], [0.11601576954126358]], ["rz", [0], [-1.7599749565124512]], ["rz", [1], [0.016636524349451065]], ["rx", [1], [-2.063539981842041]], ["rz", [1], [-0.015824442729353905]], ["rz", [2], [3.002699375152588]], ["rx", [2], [-0.3289843201637268]], ["rz", [2], [2.7723398208618164]], ["cx", [0, 1], []], ["h", [2], []], ["cx", [2, 0], []], ["h", [1], []], ["x", [1], []], ["rz", [0], [2.930034875869751]], ["rx", [0], [0.2989552319049835]], ["rz", [0], [3.2530479431152344]], ["rz", [1], [-0.8873589634895325]], ["rx", [1], [1.5697983503341675]], ["rz", [1], [-1.5404772758483887]], ["rz", [2], [-0.5389177799224854]], ["rx", [2], [3.024524450302124]], ["rz", [2], [-0.7710853815078735]], ["cx", [2, 0], []], ["cx", [0, 1], []], ["h", [2], []], ["h", [1], []], ["h", [0], []], ["rz", [0], [-0.3547689914703369]], ["rx", [0], [-2.4326093196868896]], ["rz", [0], [-0.44594043493270874]], ["rz", [1], [-0.1390627771615982]], ["rx", [1], [-0.17250622808933258]], ["rz", [1], [-0.8756517171859741]], ["rz", [2], [-3.0463342666625977]], ["rx", [2], [3.3964011669158936]], ["rz", [2], [3.1453394889831543]]], "base_circuit_qasm": "OPENQASM 2.0;\ninclude \"qelib1.inc\";\nqreg q[3];\nh q[0];\nh q[1];\nh q[2];\ncx q[0],q[1];\ncx q[2],q[0];\nx q[1];\nh q[1];\ncx q[2],q[0];\nh q[2];\ncx q[0],q[1];\ncx q[0],q[1];\nh q[2];\ncx q[2],q[0];\nh q[1];\nx q[1];\ncx q[2],q[0];\ncx q[0],q[1];\nh q[2];\nh q[1];\nh q[0];", "pqc_circuit_qasm": "OPENQASM 2.0;\ninclude \"qelib1.inc\";\nqreg q[3];\nh q[0];\nh q[1];\nh q[2];\ncx q[0],q[1];\ncx q[2],q[0];\nrz(-3.271970510482788) q[0];\nrx(0.29765212535858154) q[0];\nrz(-3.137921094894409) q[0];\nrz(1.313620924949646) q[1];\nrx(-1.8751213550567627) q[1];\nrz(-1.3892816305160522) q[1];\nrz(1.2039870023727417) q[2];\nrx(3.1266143321990967) q[2];\nrz(-2.737121820449829) q[2];\nx q[1];\nh q[1];\ncx q[2],q[0];\nh q[2];\ncx q[0],q[1];\nrz(-0.4551323354244232) q[0];\nrx(0.11601576954126358) q[0];\nrz(-1.7599749565124512) q[0];\nrz(0.016636524349451065) q[1];\nrx(-2.063539981842041) q[1];\nrz(-0.015824442729353905) q[1];\nrz(3.002699375152588) q[2];\nrx(-0.3289843201637268) q[2];\nrz(2.7723398208618164) q[2];\ncx q[0],q[1];\nh q[2];\ncx q[2],q[0];\nh q[1];\nx q[1];\nrz(2.930034875869751) q[0];\nrx(0.2989552319049835) q[0];\nrz(3.2530479431152344) q[0];\nrz(-0.8873589634895325) q[1];\nrx(1.5697983503341675) q[1];\nrz(-1.5404772758483887) q[1];\nrz(-0.5389177799224854) q[2];\nrx(3.024524450302124) q[2];\nrz(-0.7710853815078735) q[2];\ncx q[2],q[0];\ncx q[0],q[1];\nh q[2];\nh q[1];\nh q[0];\nrz(-0.3547689914703369) q[0];\nrx(-2.4326093196868896) q[0];\nrz(-0.44594043493270874) q[0];\nrz(-0.1390627771615982) q[1];\nrx(-0.17250622808933258) q[1];\nrz(-0.8756517171859741) q[1];\nrz(-3.0463342666625977) q[2];\nrx(3.3964011669158936) q[2];\nrz(3.1453394889831543) q[2];"}