{"seed": 1334, "fidelity": 0.9927694201469421, "pqc_params": [[[2.6549665927886963, 1.9287632703781128, 0.9066839814186096], [-0.014182952232658863, -0.5930394530296326, 1.108097791671753], [-2.814276695251465, 1.6553089618682861, -2.125579595565796]], [[-1.889722228050232, -2.2342417240142822, 2.6328186988830566], [2.842944383621216, 1.2467584609985352, 2.361661195755005], [-3.508230686187744, 1.6104050874710083, -0.3742557466030121]], [[1.7971320152282715, 0.7841759920120239, 1.6137295961380005], [1.5621260404586792, -0.30776864290237427, 2.891983985900879], [-1.3316925764083862, -2.3542425632476807, -2.3736491203308105]], [[2.22601056098938, 3.1464478969573975, -0.8092460632324219], [-1.3709479570388794, -0.025146499276161194, 0.6068456172943115], [2.55141282081604, 0.21272410452365875, 0.7181714177131653]]], "base_circuit_tokens": [["x", [2], []], ["cx", [1, 2], []], ["h", [2], []], ["h", [2], []], ["cx", [1, 0], []], ["cx", [2, 1], []], ["h", [0], []], ["x", [1], []], ["cx", [2, 1], []], ["h", [1], []], ["h", [1], []], ["cx", [2, 1], []], ["x", [1], []], ["h", [0], []], ["cx", [2, 1], []], ["cx", [1, 0], []], ["h", [2], []], ["h", [2], []], ["cx", [1, 2], []], ["x", [2], []]], "pqc_circuit_tokens": [["x", [2], []], ["cx", [1, 2], []], ["h", [2], []], ["h", [2], []], ["cx", [1, 0], []], ["rz", [0], [2.6549665927886963]], ["rx", [0], [1.9287632703781128]], ["rz", [0], [0.9066839814186096]], ["rz", [1], [-0.014182952232658863]], ["rx", [1], [-0.5930394530296326]], ["rz", [1], [1.108097791671753]], ["rz", [2], [-2.814276695251465]], ["rx", [2], [1.6553089618682861]], ["rz", [2], [-2.125579595565796]], ["cx", [2, 1], []], ["h", [0], []], ["x", [1], []], ["cx", [2, 1], []], ["h", [1], []], ["rz", [0], [-1.889722228050232]], ["rx", [0], [-2.2342417240142822]], ["rz", [0], [2.6328186988830566]], ["rz", [1], [2.842944383621216]], ["rx", [1], [1.2467584609985352]], ["rz", [1], [2.361661195755005]], ["rz", [2], [-3.508230686187744]], ["rx", [2], [1.6104050874710083]], ["rz", [2], [-0.3742557466030121]], ["h", [1], []], ["cx", [2, 1], []], ["x", [1], []], ["h", [0], []], ["cx", [2, 1], []], ["rz", [0], [1.7971320152282715]], ["rx", [0], [0.7841759920120239]], ["rz", [0], [1.6137295961380005]], ["rz", [1], [1.5621260404586792]], ["rx", [1], [-0.30776864290237427]], ["rz", [1], [2.891983985900879]], ["rz", [2], [-1.3316925764083862]], ["rx", [2], [-2.3542425632476807]], ["rz", [2], [-2.3736491203308105]], ["cx", [1, 0], []], ["h", [2], []], ["h", [2], []], ["cx", [1, 2], []], ["x", [2], []], ["rz", [0], [2.22601056098938]], ["rx", [0], [3.1464478969573975]], ["rz", [0], [-0.8092460632324219]], ["rz", [1], [-1.3709479570388794]], ["rx", [1], [-0.025146499276161194]], ["rz", [1], [0.6068456172943115]], ["rz", [2], [2.55141282081604]], ["rx", [2], [0.21272410452365875]], ["rz", [2], [0.7181714177131653]]], "base_circuit_qasm": "OPENQASM 2.0;\ninclude \"qelib1.inc\";\nqreg q[3];\nx q[2];\ncx q[1],q[2];\nh q[2];\nh q[2];\ncx q[1],q[0];\ncx q[2],q[1];\nh q[0];\nx q[1];\ncx q[2],q[1];\nh q[1];\nh q[1];\ncx q[2],q[1];\nx q[1];\nh q[0];\ncx q[2],q[1];\ncx q[1],q[0];\nh q[2];\nh q[2];\ncx q[1],q[2];\nx q[2];", "pqc_circuit_qasm": "OPENQASM 2.0;\ninclude \"qelib1.inc\";\nqreg q[3];\nx q[2];\ncx q[1],q[2];\nh q[2];\nh q[2];\ncx q[1],q[0];\nrz(2.6549665927886963) q[0];\nrx(1.9287632703781128) q[0];\nrz(0.9066839814186096) q[0];\nrz(-0.014182952232658863) q[1];\nrx(-0.5930394530296326) q[1];\nrz(1.108097791671753) q[1];\nrz(-2.814276695251465) q[2];\nrx(1.6553089618682861) q[2];\nrz(-2.125579595565796) q[2];\ncx q[2],q[1];\nh q[0];\nx q[1];\ncx q[2],q[1];\nh q[1];\nrz(-1.889722228050232) q[0];\nrx(-2.2342417240142822) q[0];\nrz(2.6328186988830566) q[0];\nrz(2.842944383621216) q[1];\nrx(1.2467584609985352) q[1];\nrz(2.361661195755005) q[1];\nrz(-3.508230686187744) q[2];\nrx(1.6104050874710083) q[2];\nrz(-0.3742557466030121) q[2];\nh q[1];\ncx q[2],q[1];\nx q[1];\nh q[0];\ncx q[2],q[1];\nrz(1.7971320152282715) q[0];\nrx(0.7841759920120239) q[0];\nrz(1.6137295961380005) q[0];\nrz(1.5621260404586792) q[1];\nrx(-0.30776864290237427) q[1];\nrz(2.891983985900879) q[1];\nrz(-1.3316925764083862) q[2];\nrx(-2.3542425632476807) q[2];\nrz(-2.3736491203308105) q[2];\ncx q[1],q[0];\nh q[2];\nh q[2];\ncx q[1],q[2];\nx q[2];\nrz(2.22601056098938) q[0];\nrx(3.1464478969573975) q[0];\nrz(-0.8092460632324219) q[0];\nrz(-1.3709479570388794) q[1];\nrx(-0.025146499276161194) q[1];\nrz(0.6068456172943115) q[1];\nrz(2.55141282081604) q[2];\nrx(0.21272410452365875) q[2];\nrz(0.7181714177131653) q[2];"}