{"seed": 1347, "fidelity": 0.9630834460258484, "pqc_params": [[[1.671868920326233, -1.1928322315216064, -0.3331490159034729], [-0.5323824882507324, -2.8361079692840576, 3.163734197616577], [-0.5272493362426758, 2.1882822513580322, 0.13735343515872955]], [[3.2138254642486572, 1.7144707441329956, 0.11066199839115143], [-1.1067571640014648, 3.0585973262786865, 2.161181688308716], [1.2963595390319824, -0.06670539826154709, 1.3214294910430908]], [[-1.1694600582122803, 0.43593642115592957, 1.8886632919311523], [1.922318696975708, 2.9017791748046875, -3.3792057037353516], [2.9688730239868164, 0.8767795562744141, 0.4330718517303467]], [[0.5058740973472595, 2.7082936763763428, -2.536756992340088], [-1.8096377849578857, 0.00965804047882557, -1.2434799671173096], [2.471303939819336, 3.007404088973999, 0.32256293296813965]]], "base_circuit_tokens": [["cx", [2, 0], []], ["x", [1], []], ["h", [0], []], ["h", [0], []], ["cx", [0, 1], []], ["cx", [1, 2], []], ["h", [2], []], ["h", [2], []], ["h", [1], []], ["cx", [1, 0], []], ["cx", [1, 0], []], ["h", [1], []], ["h", [2], []], ["h", [2], []], ["cx", [1, 2], []], ["cx", [0, 1], []], ["h", [0], []], ["h", [0], []], ["x", [1], []], ["cx", [2, 0], []]], "pqc_circuit_tokens": [["cx", [2, 0], []], ["x", [1], []], ["h", [0], []], ["h", [0], []], ["cx", [0, 1], []], ["rz", [0], [1.671868920326233]], ["rx", [0], [-1.1928322315216064]], ["rz", [0], [-0.3331490159034729]], ["rz", [1], [-0.5323824882507324]], ["rx", [1], [-2.8361079692840576]], ["rz", [1], [3.163734197616577]], ["rz", [2], [-0.5272493362426758]], ["rx", [2], [2.1882822513580322]], ["rz", [2], [0.13735343515872955]], ["cx", [1, 2], []], ["h", [2], []], ["h", [2], []], ["h", [1], []], ["cx", [1, 0], []], ["rz", [0], [3.2138254642486572]], ["rx", [0], [1.7144707441329956]], ["rz", [0], [0.11066199839115143]], ["rz", [1], [-1.1067571640014648]], ["rx", [1], [3.0585973262786865]], ["rz", [1], [2.161181688308716]], ["rz", [2], [1.2963595390319824]], ["rx", [2], [-0.06670539826154709]], ["rz", [2], [1.3214294910430908]], ["cx", [1, 0], []], ["h", [1], []], ["h", [2], []], ["h", [2], []], ["cx", [1, 2], []], ["rz", [0], [-1.1694600582122803]], ["rx", [0], [0.43593642115592957]], ["rz", [0], [1.8886632919311523]], ["rz", [1], [1.922318696975708]], ["rx", [1], [2.9017791748046875]], ["rz", [1], [-3.3792057037353516]], ["rz", [2], [2.9688730239868164]], ["rx", [2], [0.8767795562744141]], ["rz", [2], [0.4330718517303467]], ["cx", [0, 1], []], ["h", [0], []], ["h", [0], []], ["x", [1], []], ["cx", [2, 0], []], ["rz", [0], [0.5058740973472595]], ["rx", [0], [2.7082936763763428]], ["rz", [0], [-2.536756992340088]], ["rz", [1], [-1.8096377849578857]], ["rx", [1], [0.00965804047882557]], ["rz", [1], [-1.2434799671173096]], ["rz", [2], [2.471303939819336]], ["rx", [2], [3.007404088973999]], ["rz", [2], [0.32256293296813965]]], "base_circuit_qasm": "OPENQASM 2.0;\ninclude \"qelib1.inc\";\nqreg q[3];\ncx q[2],q[0];\nx q[1];\nh q[0];\nh q[0];\ncx q[0],q[1];\ncx q[1],q[2];\nh q[2];\nh q[2];\nh q[1];\ncx q[1],q[0];\ncx q[1],q[0];\nh q[1];\nh q[2];\nh q[2];\ncx q[1],q[2];\ncx q[0],q[1];\nh q[0];\nh q[0];\nx q[1];\ncx q[2],q[0];", "pqc_circuit_qasm": "OPENQASM 2.0;\ninclude \"qelib1.inc\";\nqreg q[3];\ncx q[2],q[0];\nx q[1];\nh q[0];\nh q[0];\ncx q[0],q[1];\nrz(1.671868920326233) q[0];\nrx(-1.1928322315216064) q[0];\nrz(-0.3331490159034729) q[0];\nrz(-0.5323824882507324) q[1];\nrx(-2.8361079692840576) q[1];\nrz(3.163734197616577) q[1];\nrz(-0.5272493362426758) q[2];\nrx(2.1882822513580322) q[2];\nrz(0.13735343515872955) q[2];\ncx q[1],q[2];\nh q[2];\nh q[2];\nh q[1];\ncx q[1],q[0];\nrz(3.2138254642486572) q[0];\nrx(1.7144707441329956) q[0];\nrz(0.11066199839115143) q[0];\nrz(-1.1067571640014648) q[1];\nrx(3.0585973262786865) q[1];\nrz(2.161181688308716) q[1];\nrz(1.2963595390319824) q[2];\nrx(-0.06670539826154709) q[2];\nrz(1.3214294910430908) q[2];\ncx q[1],q[0];\nh q[1];\nh q[2];\nh q[2];\ncx q[1],q[2];\nrz(-1.1694600582122803) q[0];\nrx(0.43593642115592957) q[0];\nrz(1.8886632919311523) q[0];\nrz(1.922318696975708) q[1];\nrx(2.9017791748046875) q[1];\nrz(-3.3792057037353516) q[1];\nrz(2.9688730239868164) q[2];\nrx(0.8767795562744141) q[2];\nrz(0.4330718517303467) q[2];\ncx q[0],q[1];\nh q[0];\nh q[0];\nx q[1];\ncx q[2],q[0];\nrz(0.5058740973472595) q[0];\nrx(2.7082936763763428) q[0];\nrz(-2.536756992340088) q[0];\nrz(-1.8096377849578857) q[1];\nrx(0.00965804047882557) q[1];\nrz(-1.2434799671173096) q[1];\nrz(2.471303939819336) q[2];\nrx(3.007404088973999) q[2];\nrz(0.32256293296813965) q[2];"}