{"seed": 1353, "fidelity": 0.9993042945861816, "pqc_params": [[[0.34543517231941223, 2.465808868408203, -0.9510980248451233], [-0.9123609662055969, 2.9996840953826904, -0.17112986743450165], [1.3267250061035156, -2.8445370197296143, 1.0682178735733032]], [[-1.444610834121704, -2.1876320838928223, 0.8728030920028687], [-3.1821515560150146, 3.020439386367798, 0.07201003283262253], [-2.7720868587493896, -3.0500593185424805, 0.5469403266906738]], [[0.8783344030380249, 0.9157505035400391, 1.4682741165161133], [-2.7252657413482666, 0.4325130879878998, -3.011457681655884], [-1.3950220346450806, -1.8536738157272339, 0.693466305732727]], [[-1.8715077638626099, 1.8771735429763794, 1.8760390281677246], [-0.015104874037206173, 1.7543785572052002, 2.682307481765747], [0.6118407845497131, -1.1061322689056396, -1.6003053188323975]]], "base_circuit_tokens": [["h", [1], []], ["x", [0], []], ["x", [2], []], ["h", [1], []], ["h", [1], []], ["h", [0], []], ["h", [2], []], ["x", [0], []], ["cx", [2, 1], []], ["h", [0], []], ["h", [0], []], ["cx", [2, 1], []], ["x", [0], []], ["h", [2], []], ["h", [0], []], ["h", [1], []], ["h", [1], []], ["x", [2], []], ["x", [0], []], ["h", [1], []]], "pqc_circuit_tokens": [["h", [1], []], ["x", [0], []], ["x", [2], []], ["h", [1], []], ["h", [1], []], ["rz", [0], [0.34543517231941223]], ["rx", [0], [2.465808868408203]], ["rz", [0], [-0.9510980248451233]], ["rz", [1], [-0.9123609662055969]], ["rx", [1], [2.9996840953826904]], ["rz", [1], [-0.17112986743450165]], ["rz", [2], [1.3267250061035156]], ["rx", [2], [-2.8445370197296143]], ["rz", [2], [1.0682178735733032]], ["h", [0], []], ["h", [2], []], ["x", [0], []], ["cx", [2, 1], []], ["h", [0], []], ["rz", [0], [-1.444610834121704]], ["rx", [0], [-2.1876320838928223]], ["rz", [0], [0.8728030920028687]], ["rz", [1], [-3.1821515560150146]], ["rx", [1], [3.020439386367798]], ["rz", [1], [0.07201003283262253]], ["rz", [2], [-2.7720868587493896]], ["rx", [2], [-3.0500593185424805]], ["rz", [2], [0.5469403266906738]], ["h", [0], []], ["cx", [2, 1], []], ["x", [0], []], ["h", [2], []], ["h", [0], []], ["rz", [0], [0.8783344030380249]], ["rx", [0], [0.9157505035400391]], ["rz", [0], [1.4682741165161133]], ["rz", [1], [-2.7252657413482666]], ["rx", [1], [0.4325130879878998]], ["rz", [1], [-3.011457681655884]], ["rz", [2], [-1.3950220346450806]], ["rx", [2], [-1.8536738157272339]], ["rz", [2], [0.693466305732727]], ["h", [1], []], ["h", [1], []], ["x", [2], []], ["x", [0], []], ["h", [1], []], ["rz", [0], [-1.8715077638626099]], ["rx", [0], [1.8771735429763794]], ["rz", [0], [1.8760390281677246]], ["rz", [1], [-0.015104874037206173]], ["rx", [1], [1.7543785572052002]], ["rz", [1], [2.682307481765747]], ["rz", [2], [0.6118407845497131]], ["rx", [2], [-1.1061322689056396]], ["rz", [2], [-1.6003053188323975]]], "base_circuit_qasm": "OPENQASM 2.0;\ninclude \"qelib1.inc\";\nqreg q[3];\nh q[1];\nx q[0];\nx q[2];\nh q[1];\nh q[1];\nh q[0];\nh q[2];\nx q[0];\ncx q[2],q[1];\nh q[0];\nh q[0];\ncx q[2],q[1];\nx q[0];\nh q[2];\nh q[0];\nh q[1];\nh q[1];\nx q[2];\nx q[0];\nh q[1];", "pqc_circuit_qasm": "OPENQASM 2.0;\ninclude \"qelib1.inc\";\nqreg q[3];\nh q[1];\nx q[0];\nx q[2];\nh q[1];\nh q[1];\nrz(0.34543517231941223) q[0];\nrx(2.465808868408203) q[0];\nrz(-0.9510980248451233) q[0];\nrz(-0.9123609662055969) q[1];\nrx(2.9996840953826904) q[1];\nrz(-0.17112986743450165) q[1];\nrz(1.3267250061035156) q[2];\nrx(-2.8445370197296143) q[2];\nrz(1.0682178735733032) q[2];\nh q[0];\nh q[2];\nx q[0];\ncx q[2],q[1];\nh q[0];\nrz(-1.444610834121704) q[0];\nrx(-2.1876320838928223) q[0];\nrz(0.8728030920028687) q[0];\nrz(-3.1821515560150146) q[1];\nrx(3.020439386367798) q[1];\nrz(0.07201003283262253) q[1];\nrz(-2.7720868587493896) q[2];\nrx(-3.0500593185424805) q[2];\nrz(0.5469403266906738) q[2];\nh q[0];\ncx q[2],q[1];\nx q[0];\nh q[2];\nh q[0];\nrz(0.8783344030380249) q[0];\nrx(0.9157505035400391) q[0];\nrz(1.4682741165161133) q[0];\nrz(-2.7252657413482666) q[1];\nrx(0.4325130879878998) q[1];\nrz(-3.011457681655884) q[1];\nrz(-1.3950220346450806) q[2];\nrx(-1.8536738157272339) q[2];\nrz(0.693466305732727) q[2];\nh q[1];\nh q[1];\nx q[2];\nx q[0];\nh q[1];\nrz(-1.8715077638626099) q[0];\nrx(1.8771735429763794) q[0];\nrz(1.8760390281677246) q[0];\nrz(-0.015104874037206173) q[1];\nrx(1.7543785572052002) q[1];\nrz(2.682307481765747) q[1];\nrz(0.6118407845497131) q[2];\nrx(-1.1061322689056396) q[2];\nrz(-1.6003053188323975) q[2];"}