{"seed": 1362, "fidelity": 0.971086323261261, "pqc_params": [[[-0.8550536632537842, -0.905458927154541, 0.8398112654685974], [-0.9710753560066223, -2.618806838989258, -2.4154882431030273], [1.0815414190292358, -1.3367618322372437, 2.708420991897583]], [[-1.906121850013733, -0.5229599475860596, -0.7230440974235535], [-3.1556646823883057, 1.2182918787002563, 0.11496610194444656], [-3.0378901958465576, 0.31282463669776917, -0.2435148060321808]], [[3.855940580368042, -0.5107138752937317, -1.959044337272644], [0.7311357259750366, 0.8974071145057678, 2.2231671810150146], [-2.050499200820923, -1.7209770679473877, -2.1304006576538086]], [[-1.178732991218567, -3.382746934890747, 1.1207886934280396], [-0.9130555987358093, -1.032905101776123, -0.7139012813568115], [2.099838972091675, 2.4957265853881836, 1.9739882946014404]]], "base_circuit_tokens": [["cx", [2, 0], []], ["x", [0], []], ["cx", [0, 2], []], ["h", [2], []], ["h", [1], []], ["h", [2], []], ["cx", [0, 1], []], ["cx", [2, 1], []], ["x", [1], []], ["cx", [0, 2], []], ["cx", [0, 2], []], ["x", [1], []], ["cx", [2, 1], []], ["cx", [0, 1], []], ["h", [2], []], ["h", [1], []], ["h", [2], []], ["cx", [0, 2], []], ["x", [0], []], ["cx", [2, 0], []]], "pqc_circuit_tokens": [["cx", [2, 0], []], ["x", [0], []], ["cx", [0, 2], []], ["h", [2], []], ["h", [1], []], ["rz", [0], [-0.8550536632537842]], ["rx", [0], [-0.905458927154541]], ["rz", [0], [0.8398112654685974]], ["rz", [1], [-0.9710753560066223]], ["rx", [1], [-2.618806838989258]], ["rz", [1], [-2.4154882431030273]], ["rz", [2], [1.0815414190292358]], ["rx", [2], [-1.3367618322372437]], ["rz", [2], [2.708420991897583]], ["h", [2], []], ["cx", [0, 1], []], ["cx", [2, 1], []], ["x", [1], []], ["cx", [0, 2], []], ["rz", [0], [-1.906121850013733]], ["rx", [0], [-0.5229599475860596]], ["rz", [0], [-0.7230440974235535]], ["rz", [1], [-3.1556646823883057]], ["rx", [1], [1.2182918787002563]], ["rz", [1], [0.11496610194444656]], ["rz", [2], [-3.0378901958465576]], ["rx", [2], [0.31282463669776917]], ["rz", [2], [-0.2435148060321808]], ["cx", [0, 2], []], ["x", [1], []], ["cx", [2, 1], []], ["cx", [0, 1], []], ["h", [2], []], ["rz", [0], [3.855940580368042]], ["rx", [0], [-0.5107138752937317]], ["rz", [0], [-1.959044337272644]], ["rz", [1], [0.7311357259750366]], ["rx", [1], [0.8974071145057678]], ["rz", [1], [2.2231671810150146]], ["rz", [2], [-2.050499200820923]], ["rx", [2], [-1.7209770679473877]], ["rz", [2], [-2.1304006576538086]], ["h", [1], []], ["h", [2], []], ["cx", [0, 2], []], ["x", [0], []], ["cx", [2, 0], []], ["rz", [0], [-1.178732991218567]], ["rx", [0], [-3.382746934890747]], ["rz", [0], [1.1207886934280396]], ["rz", [1], [-0.9130555987358093]], ["rx", [1], [-1.032905101776123]], ["rz", [1], [-0.7139012813568115]], ["rz", [2], [2.099838972091675]], ["rx", [2], [2.4957265853881836]], ["rz", [2], [1.9739882946014404]]], "base_circuit_qasm": "OPENQASM 2.0;\ninclude \"qelib1.inc\";\nqreg q[3];\ncx q[2],q[0];\nx q[0];\ncx q[0],q[2];\nh q[2];\nh q[1];\nh q[2];\ncx q[0],q[1];\ncx q[2],q[1];\nx q[1];\ncx q[0],q[2];\ncx q[0],q[2];\nx q[1];\ncx q[2],q[1];\ncx q[0],q[1];\nh q[2];\nh q[1];\nh q[2];\ncx q[0],q[2];\nx q[0];\ncx q[2],q[0];", "pqc_circuit_qasm": "OPENQASM 2.0;\ninclude \"qelib1.inc\";\nqreg q[3];\ncx q[2],q[0];\nx q[0];\ncx q[0],q[2];\nh q[2];\nh q[1];\nrz(-0.8550536632537842) q[0];\nrx(-0.905458927154541) q[0];\nrz(0.8398112654685974) q[0];\nrz(-0.9710753560066223) q[1];\nrx(-2.618806838989258) q[1];\nrz(-2.4154882431030273) q[1];\nrz(1.0815414190292358) q[2];\nrx(-1.3367618322372437) q[2];\nrz(2.708420991897583) q[2];\nh q[2];\ncx q[0],q[1];\ncx q[2],q[1];\nx q[1];\ncx q[0],q[2];\nrz(-1.906121850013733) q[0];\nrx(-0.5229599475860596) q[0];\nrz(-0.7230440974235535) q[0];\nrz(-3.1556646823883057) q[1];\nrx(1.2182918787002563) q[1];\nrz(0.11496610194444656) q[1];\nrz(-3.0378901958465576) q[2];\nrx(0.31282463669776917) q[2];\nrz(-0.2435148060321808) q[2];\ncx q[0],q[2];\nx q[1];\ncx q[2],q[1];\ncx q[0],q[1];\nh q[2];\nrz(3.855940580368042) q[0];\nrx(-0.5107138752937317) q[0];\nrz(-1.959044337272644) q[0];\nrz(0.7311357259750366) q[1];\nrx(0.8974071145057678) q[1];\nrz(2.2231671810150146) q[1];\nrz(-2.050499200820923) q[2];\nrx(-1.7209770679473877) q[2];\nrz(-2.1304006576538086) q[2];\nh q[1];\nh q[2];\ncx q[0],q[2];\nx q[0];\ncx q[2],q[0];\nrz(-1.178732991218567) q[0];\nrx(-3.382746934890747) q[0];\nrz(1.1207886934280396) q[0];\nrz(-0.9130555987358093) q[1];\nrx(-1.032905101776123) q[1];\nrz(-0.7139012813568115) q[1];\nrz(2.099838972091675) q[2];\nrx(2.4957265853881836) q[2];\nrz(1.9739882946014404) q[2];"}