{"seed": 1373, "fidelity": 0.9997417330741882, "pqc_params": [[[-1.4780982732772827, 1.5890780687332153, -3.2780227661132812], [-2.425963878631592, 0.4360516369342804, -1.611531138420105], [1.1347601413726807, 1.4649553298950195, -2.1863884925842285]], [[-0.3642193078994751, 1.629759430885315, 2.6729252338409424], [3.8644158840179443, 3.1430928707122803, -2.316563844680786], [3.068185806274414, -2.97691011428833, 3.1687114238739014]], [[2.434906482696533, -0.39729928970336914, 2.847045421600342], [-1.3810774087905884, -3.519636869430542, -2.7857816219329834], [0.5475548505783081, 2.9066414833068848, 1.7699865102767944]], [[1.270538568496704, 0.09257148951292038, 1.5771446228027344], [-1.95852792263031, -3.2621185779571533, -2.8796608448028564], [1.514726161956787, 0.9924972057342529, -0.4441337585449219]]], "base_circuit_tokens": [["h", [0], []], ["h", [2], []], ["h", [0], []], ["x", [0], []], ["x", [2], []], ["h", [1], []], ["x", [0], []], ["x", [0], []], ["cx", [2, 1], []], ["h", [2], []], ["h", [2], []], ["cx", [2, 1], []], ["x", [0], []], ["x", [0], []], ["h", [1], []], ["x", [2], []], ["x", [0], []], ["h", [0], []], ["h", [2], []], ["h", [0], []]], "pqc_circuit_tokens": [["h", [0], []], ["h", [2], []], ["h", [0], []], ["x", [0], []], ["x", [2], []], ["rz", [0], [-1.4780982732772827]], ["rx", [0], [1.5890780687332153]], ["rz", [0], [-3.2780227661132812]], ["rz", [1], [-2.425963878631592]], ["rx", [1], [0.4360516369342804]], ["rz", [1], [-1.611531138420105]], ["rz", [2], [1.1347601413726807]], ["rx", [2], [1.4649553298950195]], ["rz", [2], [-2.1863884925842285]], ["h", [1], []], ["x", [0], []], ["x", [0], []], ["cx", [2, 1], []], ["h", [2], []], ["rz", [0], [-0.3642193078994751]], ["rx", [0], [1.629759430885315]], ["rz", [0], [2.6729252338409424]], ["rz", [1], [3.8644158840179443]], ["rx", [1], [3.1430928707122803]], ["rz", [1], [-2.316563844680786]], ["rz", [2], [3.068185806274414]], ["rx", [2], [-2.97691011428833]], ["rz", [2], [3.1687114238739014]], ["h", [2], []], ["cx", [2, 1], []], ["x", [0], []], ["x", [0], []], ["h", [1], []], ["rz", [0], [2.434906482696533]], ["rx", [0], [-0.39729928970336914]], ["rz", [0], [2.847045421600342]], ["rz", [1], [-1.3810774087905884]], ["rx", [1], [-3.519636869430542]], ["rz", [1], [-2.7857816219329834]], ["rz", [2], [0.5475548505783081]], ["rx", [2], [2.9066414833068848]], ["rz", [2], [1.7699865102767944]], ["x", [2], []], ["x", [0], []], ["h", [0], []], ["h", [2], []], ["h", [0], []], ["rz", [0], [1.270538568496704]], ["rx", [0], [0.09257148951292038]], ["rz", [0], [1.5771446228027344]], ["rz", [1], [-1.95852792263031]], ["rx", [1], [-3.2621185779571533]], ["rz", [1], [-2.8796608448028564]], ["rz", [2], [1.514726161956787]], ["rx", [2], [0.9924972057342529]], ["rz", [2], [-0.4441337585449219]]], "base_circuit_qasm": "OPENQASM 2.0;\ninclude \"qelib1.inc\";\nqreg q[3];\nh q[0];\nh q[2];\nh q[0];\nx q[0];\nx q[2];\nh q[1];\nx q[0];\nx q[0];\ncx q[2],q[1];\nh q[2];\nh q[2];\ncx q[2],q[1];\nx q[0];\nx q[0];\nh q[1];\nx q[2];\nx q[0];\nh q[0];\nh q[2];\nh q[0];", "pqc_circuit_qasm": "OPENQASM 2.0;\ninclude \"qelib1.inc\";\nqreg q[3];\nh q[0];\nh q[2];\nh q[0];\nx q[0];\nx q[2];\nrz(-1.4780982732772827) q[0];\nrx(1.5890780687332153) q[0];\nrz(-3.2780227661132812) q[0];\nrz(-2.425963878631592) q[1];\nrx(0.4360516369342804) q[1];\nrz(-1.611531138420105) q[1];\nrz(1.1347601413726807) q[2];\nrx(1.4649553298950195) q[2];\nrz(-2.1863884925842285) q[2];\nh q[1];\nx q[0];\nx q[0];\ncx q[2],q[1];\nh q[2];\nrz(-0.3642193078994751) q[0];\nrx(1.629759430885315) q[0];\nrz(2.6729252338409424) q[0];\nrz(3.8644158840179443) q[1];\nrx(3.1430928707122803) q[1];\nrz(-2.316563844680786) q[1];\nrz(3.068185806274414) q[2];\nrx(-2.97691011428833) q[2];\nrz(3.1687114238739014) q[2];\nh q[2];\ncx q[2],q[1];\nx q[0];\nx q[0];\nh q[1];\nrz(2.434906482696533) q[0];\nrx(-0.39729928970336914) q[0];\nrz(2.847045421600342) q[0];\nrz(-1.3810774087905884) q[1];\nrx(-3.519636869430542) q[1];\nrz(-2.7857816219329834) q[1];\nrz(0.5475548505783081) q[2];\nrx(2.9066414833068848) q[2];\nrz(1.7699865102767944) q[2];\nx q[2];\nx q[0];\nh q[0];\nh q[2];\nh q[0];\nrz(1.270538568496704) q[0];\nrx(0.09257148951292038) q[0];\nrz(1.5771446228027344) q[0];\nrz(-1.95852792263031) q[1];\nrx(-3.2621185779571533) q[1];\nrz(-2.8796608448028564) q[1];\nrz(1.514726161956787) q[2];\nrx(0.9924972057342529) q[2];\nrz(-0.4441337585449219) q[2];"}