{"seed": 1391, "fidelity": 0.995062530040741, "pqc_params": [[[-1.925929069519043, -1.6191251277923584, 1.7772842645645142], [-0.7374271750450134, 1.7403923273086548, -0.784980297088623], [-2.3480536937713623, 2.405561685562134, 1.050281286239624]], [[-0.2028336226940155, 1.4058737754821777, -1.174060344696045], [-2.2652876377105713, -0.9527161121368408, -2.9769585132598877], [-2.3033652305603027, -2.2365176677703857, -2.755631685256958]], [[-2.844841241836548, -2.238062620162964, -0.28740888833999634], [-1.806794285774231, 0.05283615365624428, -0.8634169101715088], [-0.1562642604112625, -2.1224098205566406, -1.9742305278778076]], [[2.8933684825897217, 1.2744989395141602, 0.02322905696928501], [3.029632091522217, 1.845305323600769, -0.013492550700902939], [-1.3078078031539917, 2.0768630504608154, -3.1702113151550293]]], "base_circuit_tokens": [["h", [0], []], ["cx", [0, 1], []], ["x", [0], []], ["h", [1], []], ["h", [0], []], ["x", [0], []], ["h", [1], []], ["h", [1], []], ["h", [2], []], ["x", [2], []], ["x", [2], []], ["h", [2], []], ["h", [1], []], ["h", [1], []], ["x", [0], []], ["h", [0], []], ["h", [1], []], ["x", [0], []], ["cx", [0, 1], []], ["h", [0], []]], "pqc_circuit_tokens": [["h", [0], []], ["cx", [0, 1], []], ["x", [0], []], ["h", [1], []], ["h", [0], []], ["rz", [0], [-1.925929069519043]], ["rx", [0], [-1.6191251277923584]], ["rz", [0], [1.7772842645645142]], ["rz", [1], [-0.7374271750450134]], ["rx", [1], [1.7403923273086548]], ["rz", [1], [-0.784980297088623]], ["rz", [2], [-2.3480536937713623]], ["rx", [2], [2.405561685562134]], ["rz", [2], [1.050281286239624]], ["x", [0], []], ["h", [1], []], ["h", [1], []], ["h", [2], []], ["x", [2], []], ["rz", [0], [-0.2028336226940155]], ["rx", [0], [1.4058737754821777]], ["rz", [0], [-1.174060344696045]], ["rz", [1], [-2.2652876377105713]], ["rx", [1], [-0.9527161121368408]], ["rz", [1], [-2.9769585132598877]], ["rz", [2], [-2.3033652305603027]], ["rx", [2], [-2.2365176677703857]], ["rz", [2], [-2.755631685256958]], ["x", [2], []], ["h", [2], []], ["h", [1], []], ["h", [1], []], ["x", [0], []], ["rz", [0], [-2.844841241836548]], ["rx", [0], [-2.238062620162964]], ["rz", [0], [-0.28740888833999634]], ["rz", [1], [-1.806794285774231]], ["rx", [1], [0.05283615365624428]], ["rz", [1], [-0.8634169101715088]], ["rz", [2], [-0.1562642604112625]], ["rx", [2], [-2.1224098205566406]], ["rz", [2], [-1.9742305278778076]], ["h", [0], []], ["h", [1], []], ["x", [0], []], ["cx", [0, 1], []], ["h", [0], []], ["rz", [0], [2.8933684825897217]], ["rx", [0], [1.2744989395141602]], ["rz", [0], [0.02322905696928501]], ["rz", [1], [3.029632091522217]], ["rx", [1], [1.845305323600769]], ["rz", [1], [-0.013492550700902939]], ["rz", [2], [-1.3078078031539917]], ["rx", [2], [2.0768630504608154]], ["rz", [2], [-3.1702113151550293]]], "base_circuit_qasm": "OPENQASM 2.0;\ninclude \"qelib1.inc\";\nqreg q[3];\nh q[0];\ncx q[0],q[1];\nx q[0];\nh q[1];\nh q[0];\nx q[0];\nh q[1];\nh q[1];\nh q[2];\nx q[2];\nx q[2];\nh q[2];\nh q[1];\nh q[1];\nx q[0];\nh q[0];\nh q[1];\nx q[0];\ncx q[0],q[1];\nh q[0];", "pqc_circuit_qasm": "OPENQASM 2.0;\ninclude \"qelib1.inc\";\nqreg q[3];\nh q[0];\ncx q[0],q[1];\nx q[0];\nh q[1];\nh q[0];\nrz(-1.925929069519043) q[0];\nrx(-1.6191251277923584) q[0];\nrz(1.7772842645645142) q[0];\nrz(-0.7374271750450134) q[1];\nrx(1.7403923273086548) q[1];\nrz(-0.784980297088623) q[1];\nrz(-2.3480536937713623) q[2];\nrx(2.405561685562134) q[2];\nrz(1.050281286239624) q[2];\nx q[0];\nh q[1];\nh q[1];\nh q[2];\nx q[2];\nrz(-0.2028336226940155) q[0];\nrx(1.4058737754821777) q[0];\nrz(-1.174060344696045) q[0];\nrz(-2.2652876377105713) q[1];\nrx(-0.9527161121368408) q[1];\nrz(-2.9769585132598877) q[1];\nrz(-2.3033652305603027) q[2];\nrx(-2.2365176677703857) q[2];\nrz(-2.755631685256958) q[2];\nx q[2];\nh q[2];\nh q[1];\nh q[1];\nx q[0];\nrz(-2.844841241836548) q[0];\nrx(-2.238062620162964) q[0];\nrz(-0.28740888833999634) q[0];\nrz(-1.806794285774231) q[1];\nrx(0.05283615365624428) q[1];\nrz(-0.8634169101715088) q[1];\nrz(-0.1562642604112625) q[2];\nrx(-2.1224098205566406) q[2];\nrz(-1.9742305278778076) q[2];\nh q[0];\nh q[1];\nx q[0];\ncx q[0],q[1];\nh q[0];\nrz(2.8933684825897217) q[0];\nrx(1.2744989395141602) q[0];\nrz(0.02322905696928501) q[0];\nrz(3.029632091522217) q[1];\nrx(1.845305323600769) q[1];\nrz(-0.013492550700902939) q[1];\nrz(-1.3078078031539917) q[2];\nrx(2.0768630504608154) q[2];\nrz(-3.1702113151550293) q[2];"}