{"seed": 1408, "fidelity": 0.9997738003730774, "pqc_params": [[[1.5770785808563232, -0.6305251717567444, 1.36273193359375], [2.3129913806915283, 2.3711936473846436, 0.31322529911994934], [-1.601149082183838, -0.942023754119873, -2.101017713546753]], [[-0.7465235590934753, 3.1393208503723145, 2.4982755184173584], [2.7632875442504883, 1.3456223011016846, 0.8781142234802246], [-3.22503662109375, -3.038881301879883, -1.500565528869629]], [[-2.9246299266815186, 2.2429440021514893, 0.5337813496589661], [1.112817406654358, 0.4896176755428314, -2.7437026500701904], [2.513226270675659, 3.1912715435028076, 0.9239433407783508]], [[-0.4132748246192932, 0.13977786898612976, 1.248637080192566], [0.8954358100891113, 1.229547381401062, -2.9041717052459717], [-2.1531169414520264, 1.320393681526184, 2.239171266555786]]], "base_circuit_tokens": [["h", [1], []], ["h", [2], []], ["h", [0], []], ["h", [1], []], ["x", [2], []], ["x", [2], []], ["h", [1], []], ["h", [0], []], ["x", [1], []], ["cx", [2, 0], []], ["cx", [2, 0], []], ["x", [1], []], ["h", [0], []], ["h", [1], []], ["x", [2], []], ["x", [2], []], ["h", [1], []], ["h", [0], []], ["h", [2], []], ["h", [1], []]], "pqc_circuit_tokens": [["h", [1], []], ["h", [2], []], ["h", [0], []], ["h", [1], []], ["x", [2], []], ["rz", [0], [1.5770785808563232]], ["rx", [0], [-0.6305251717567444]], ["rz", [0], [1.36273193359375]], ["rz", [1], [2.3129913806915283]], ["rx", [1], [2.3711936473846436]], ["rz", [1], [0.31322529911994934]], ["rz", [2], [-1.601149082183838]], ["rx", [2], [-0.942023754119873]], ["rz", [2], [-2.101017713546753]], ["x", [2], []], ["h", [1], []], ["h", [0], []], ["x", [1], []], ["cx", [2, 0], []], ["rz", [0], [-0.7465235590934753]], ["rx", [0], [3.1393208503723145]], ["rz", [0], [2.4982755184173584]], ["rz", [1], [2.7632875442504883]], ["rx", [1], [1.3456223011016846]], ["rz", [1], [0.8781142234802246]], ["rz", [2], [-3.22503662109375]], ["rx", [2], [-3.038881301879883]], ["rz", [2], [-1.500565528869629]], ["cx", [2, 0], []], ["x", [1], []], ["h", [0], []], ["h", [1], []], ["x", [2], []], ["rz", [0], [-2.9246299266815186]], ["rx", [0], [2.2429440021514893]], ["rz", [0], [0.5337813496589661]], ["rz", [1], [1.112817406654358]], ["rx", [1], [0.4896176755428314]], ["rz", [1], [-2.7437026500701904]], ["rz", [2], [2.513226270675659]], ["rx", [2], [3.1912715435028076]], ["rz", [2], [0.9239433407783508]], ["x", [2], []], ["h", [1], []], ["h", [0], []], ["h", [2], []], ["h", [1], []], ["rz", [0], [-0.4132748246192932]], ["rx", [0], [0.13977786898612976]], ["rz", [0], [1.248637080192566]], ["rz", [1], [0.8954358100891113]], ["rx", [1], [1.229547381401062]], ["rz", [1], [-2.9041717052459717]], ["rz", [2], [-2.1531169414520264]], ["rx", [2], [1.320393681526184]], ["rz", [2], [2.239171266555786]]], "base_circuit_qasm": "OPENQASM 2.0;\ninclude \"qelib1.inc\";\nqreg q[3];\nh q[1];\nh q[2];\nh q[0];\nh q[1];\nx q[2];\nx q[2];\nh q[1];\nh q[0];\nx q[1];\ncx q[2],q[0];\ncx q[2],q[0];\nx q[1];\nh q[0];\nh q[1];\nx q[2];\nx q[2];\nh q[1];\nh q[0];\nh q[2];\nh q[1];", "pqc_circuit_qasm": "OPENQASM 2.0;\ninclude \"qelib1.inc\";\nqreg q[3];\nh q[1];\nh q[2];\nh q[0];\nh q[1];\nx q[2];\nrz(1.5770785808563232) q[0];\nrx(-0.6305251717567444) q[0];\nrz(1.36273193359375) q[0];\nrz(2.3129913806915283) q[1];\nrx(2.3711936473846436) q[1];\nrz(0.31322529911994934) q[1];\nrz(-1.601149082183838) q[2];\nrx(-0.942023754119873) q[2];\nrz(-2.101017713546753) q[2];\nx q[2];\nh q[1];\nh q[0];\nx q[1];\ncx q[2],q[0];\nrz(-0.7465235590934753) q[0];\nrx(3.1393208503723145) q[0];\nrz(2.4982755184173584) q[0];\nrz(2.7632875442504883) q[1];\nrx(1.3456223011016846) q[1];\nrz(0.8781142234802246) q[1];\nrz(-3.22503662109375) q[2];\nrx(-3.038881301879883) q[2];\nrz(-1.500565528869629) q[2];\ncx q[2],q[0];\nx q[1];\nh q[0];\nh q[1];\nx q[2];\nrz(-2.9246299266815186) q[0];\nrx(2.2429440021514893) q[0];\nrz(0.5337813496589661) q[0];\nrz(1.112817406654358) q[1];\nrx(0.4896176755428314) q[1];\nrz(-2.7437026500701904) q[1];\nrz(2.513226270675659) q[2];\nrx(3.1912715435028076) q[2];\nrz(0.9239433407783508) q[2];\nx q[2];\nh q[1];\nh q[0];\nh q[2];\nh q[1];\nrz(-0.4132748246192932) q[0];\nrx(0.13977786898612976) q[0];\nrz(1.248637080192566) q[0];\nrz(0.8954358100891113) q[1];\nrx(1.229547381401062) q[1];\nrz(-2.9041717052459717) q[1];\nrz(-2.1531169414520264) q[2];\nrx(1.320393681526184) q[2];\nrz(2.239171266555786) q[2];"}