{"seed": 1413, "fidelity": 0.9996131062507629, "pqc_params": [[[1.1293048858642578, 2.454360246658325, -1.0484576225280762], [-1.7553269863128662, -1.1489766836166382, 0.25397631525993347], [-2.5498340129852295, -3.164736747741699, 1.0815269947052002]], [[-2.2455530166625977, 0.0008003434049896896, -0.9986275434494019], [1.5426195859909058, -1.5068143606185913, -2.557516574859619], [0.598750114440918, -0.05475633963942528, 2.0131278038024902]], [[-1.7295024394989014, 1.136189579963684, -2.555840492248535], [3.376232385635376, -1.2599774599075317, 2.5874288082122803], [-0.19784952700138092, -3.3997151851654053, -2.2190186977386475]], [[-0.3024754524230957, 1.3637967109680176, -0.7653186321258545], [1.7610045671463013, 0.17957285046577454, -3.181931972503662], [-2.8485610485076904, -2.845296859741211, 1.6944611072540283]]], "base_circuit_tokens": [["h", [0], []], ["h", [2], []], ["h", [0], []], ["h", [1], []], ["h", [2], []], ["h", [1], []], ["x", [1], []], ["cx", [2, 0], []], ["x", [2], []], ["h", [2], []], ["h", [2], []], ["x", [2], []], ["cx", [2, 0], []], ["x", [1], []], ["h", [1], []], ["h", [2], []], ["h", [1], []], ["h", [0], []], ["h", [2], []], ["h", [0], []]], "pqc_circuit_tokens": [["h", [0], []], ["h", [2], []], ["h", [0], []], ["h", [1], []], ["h", [2], []], ["rz", [0], [1.1293048858642578]], ["rx", [0], [2.454360246658325]], ["rz", [0], [-1.0484576225280762]], ["rz", [1], [-1.7553269863128662]], ["rx", [1], [-1.1489766836166382]], ["rz", [1], [0.25397631525993347]], ["rz", [2], [-2.5498340129852295]], ["rx", [2], [-3.164736747741699]], ["rz", [2], [1.0815269947052002]], ["h", [1], []], ["x", [1], []], ["cx", [2, 0], []], ["x", [2], []], ["h", [2], []], ["rz", [0], [-2.2455530166625977]], ["rx", [0], [0.0008003434049896896]], ["rz", [0], [-0.9986275434494019]], ["rz", [1], [1.5426195859909058]], ["rx", [1], [-1.5068143606185913]], ["rz", [1], [-2.557516574859619]], ["rz", [2], [0.598750114440918]], ["rx", [2], [-0.05475633963942528]], ["rz", [2], [2.0131278038024902]], ["h", [2], []], ["x", [2], []], ["cx", [2, 0], []], ["x", [1], []], ["h", [1], []], ["rz", [0], [-1.7295024394989014]], ["rx", [0], [1.136189579963684]], ["rz", [0], [-2.555840492248535]], ["rz", [1], [3.376232385635376]], ["rx", [1], [-1.2599774599075317]], ["rz", [1], [2.5874288082122803]], ["rz", [2], [-0.19784952700138092]], ["rx", [2], [-3.3997151851654053]], ["rz", [2], [-2.2190186977386475]], ["h", [2], []], ["h", [1], []], ["h", [0], []], ["h", [2], []], ["h", [0], []], ["rz", [0], [-0.3024754524230957]], ["rx", [0], [1.3637967109680176]], ["rz", [0], [-0.7653186321258545]], ["rz", [1], [1.7610045671463013]], ["rx", [1], [0.17957285046577454]], ["rz", [1], [-3.181931972503662]], ["rz", [2], [-2.8485610485076904]], ["rx", [2], [-2.845296859741211]], ["rz", [2], [1.6944611072540283]]], "base_circuit_qasm": "OPENQASM 2.0;\ninclude \"qelib1.inc\";\nqreg q[3];\nh q[0];\nh q[2];\nh q[0];\nh q[1];\nh q[2];\nh q[1];\nx q[1];\ncx q[2],q[0];\nx q[2];\nh q[2];\nh q[2];\nx q[2];\ncx q[2],q[0];\nx q[1];\nh q[1];\nh q[2];\nh q[1];\nh q[0];\nh q[2];\nh q[0];", "pqc_circuit_qasm": "OPENQASM 2.0;\ninclude \"qelib1.inc\";\nqreg q[3];\nh q[0];\nh q[2];\nh q[0];\nh q[1];\nh q[2];\nrz(1.1293048858642578) q[0];\nrx(2.454360246658325) q[0];\nrz(-1.0484576225280762) q[0];\nrz(-1.7553269863128662) q[1];\nrx(-1.1489766836166382) q[1];\nrz(0.25397631525993347) q[1];\nrz(-2.5498340129852295) q[2];\nrx(-3.164736747741699) q[2];\nrz(1.0815269947052002) q[2];\nh q[1];\nx q[1];\ncx q[2],q[0];\nx q[2];\nh q[2];\nrz(-2.2455530166625977) q[0];\nrx(0.0008003434049896896) q[0];\nrz(-0.9986275434494019) q[0];\nrz(1.5426195859909058) q[1];\nrx(-1.5068143606185913) q[1];\nrz(-2.557516574859619) q[1];\nrz(0.598750114440918) q[2];\nrx(-0.05475633963942528) q[2];\nrz(2.0131278038024902) q[2];\nh q[2];\nx q[2];\ncx q[2],q[0];\nx q[1];\nh q[1];\nrz(-1.7295024394989014) q[0];\nrx(1.136189579963684) q[0];\nrz(-2.555840492248535) q[0];\nrz(3.376232385635376) q[1];\nrx(-1.2599774599075317) q[1];\nrz(2.5874288082122803) q[1];\nrz(-0.19784952700138092) q[2];\nrx(-3.3997151851654053) q[2];\nrz(-2.2190186977386475) q[2];\nh q[2];\nh q[1];\nh q[0];\nh q[2];\nh q[0];\nrz(-0.3024754524230957) q[0];\nrx(1.3637967109680176) q[0];\nrz(-0.7653186321258545) q[0];\nrz(1.7610045671463013) q[1];\nrx(0.17957285046577454) q[1];\nrz(-3.181931972503662) q[1];\nrz(-2.8485610485076904) q[2];\nrx(-2.845296859741211) q[2];\nrz(1.6944611072540283) q[2];"}