{"seed": 1417, "fidelity": 0.9973443150520325, "pqc_params": [[[1.7562828063964844, 0.0073981210589408875, 0.5296928286552429], [0.3985764980316162, 1.637722373008728, 1.4760633707046509], [1.1994452476501465, -3.073197603225708, -0.5416468977928162]], [[-0.5529810190200806, -1.921635627746582, 1.2997969388961792], [-0.37736526131629944, 2.1436476707458496, 3.4253427982330322], [-0.9092972874641418, -0.16981589794158936, 0.6981554627418518]], [[-0.747984766960144, -2.4053170680999756, 1.7054495811462402], [1.8418262004852295, 2.2313668727874756, 0.541122555732727], [-1.8656507730484009, 0.26513388752937317, -0.9941011071205139]], [[2.859116792678833, -1.1305382251739502, 2.703967332839966], [2.553049325942993, 2.2468619346618652, 0.007757989224046469], [2.8452095985412598, -1.5952717065811157, -0.136091947555542]]], "base_circuit_tokens": [["h", [1], []], ["x", [2], []], ["x", [1], []], ["h", [2], []], ["x", [2], []], ["x", [1], []], ["cx", [1, 2], []], ["cx", [1, 2], []], ["x", [0], []], ["h", [2], []], ["h", [2], []], ["x", [0], []], ["cx", [1, 2], []], ["cx", [1, 2], []], ["x", [1], []], ["x", [2], []], ["h", [2], []], ["x", [1], []], ["x", [2], []], ["h", [1], []]], "pqc_circuit_tokens": [["h", [1], []], ["x", [2], []], ["x", [1], []], ["h", [2], []], ["x", [2], []], ["rz", [0], [1.7562828063964844]], ["rx", [0], [0.0073981210589408875]], ["rz", [0], [0.5296928286552429]], ["rz", [1], [0.3985764980316162]], ["rx", [1], [1.637722373008728]], ["rz", [1], [1.4760633707046509]], ["rz", [2], [1.1994452476501465]], ["rx", [2], [-3.073197603225708]], ["rz", [2], [-0.5416468977928162]], ["x", [1], []], ["cx", [1, 2], []], ["cx", [1, 2], []], ["x", [0], []], ["h", [2], []], ["rz", [0], [-0.5529810190200806]], ["rx", [0], [-1.921635627746582]], ["rz", [0], [1.2997969388961792]], ["rz", [1], [-0.37736526131629944]], ["rx", [1], [2.1436476707458496]], ["rz", [1], [3.4253427982330322]], ["rz", [2], [-0.9092972874641418]], ["rx", [2], [-0.16981589794158936]], ["rz", [2], [0.6981554627418518]], ["h", [2], []], ["x", [0], []], ["cx", [1, 2], []], ["cx", [1, 2], []], ["x", [1], []], ["rz", [0], [-0.747984766960144]], ["rx", [0], [-2.4053170680999756]], ["rz", [0], [1.7054495811462402]], ["rz", [1], [1.8418262004852295]], ["rx", [1], [2.2313668727874756]], ["rz", [1], [0.541122555732727]], ["rz", [2], [-1.8656507730484009]], ["rx", [2], [0.26513388752937317]], ["rz", [2], [-0.9941011071205139]], ["x", [2], []], ["h", [2], []], ["x", [1], []], ["x", [2], []], ["h", [1], []], ["rz", [0], [2.859116792678833]], ["rx", [0], [-1.1305382251739502]], ["rz", [0], [2.703967332839966]], ["rz", [1], [2.553049325942993]], ["rx", [1], [2.2468619346618652]], ["rz", [1], [0.007757989224046469]], ["rz", [2], [2.8452095985412598]], ["rx", [2], [-1.5952717065811157]], ["rz", [2], [-0.136091947555542]]], "base_circuit_qasm": "OPENQASM 2.0;\ninclude \"qelib1.inc\";\nqreg q[3];\nh q[1];\nx q[2];\nx q[1];\nh q[2];\nx q[2];\nx q[1];\ncx q[1],q[2];\ncx q[1],q[2];\nx q[0];\nh q[2];\nh q[2];\nx q[0];\ncx q[1],q[2];\ncx q[1],q[2];\nx q[1];\nx q[2];\nh q[2];\nx q[1];\nx q[2];\nh q[1];", "pqc_circuit_qasm": "OPENQASM 2.0;\ninclude \"qelib1.inc\";\nqreg q[3];\nh q[1];\nx q[2];\nx q[1];\nh q[2];\nx q[2];\nrz(1.7562828063964844) q[0];\nrx(0.0073981210589408875) q[0];\nrz(0.5296928286552429) q[0];\nrz(0.3985764980316162) q[1];\nrx(1.637722373008728) q[1];\nrz(1.4760633707046509) q[1];\nrz(1.1994452476501465) q[2];\nrx(-3.073197603225708) q[2];\nrz(-0.5416468977928162) q[2];\nx q[1];\ncx q[1],q[2];\ncx q[1],q[2];\nx q[0];\nh q[2];\nrz(-0.5529810190200806) q[0];\nrx(-1.921635627746582) q[0];\nrz(1.2997969388961792) q[0];\nrz(-0.37736526131629944) q[1];\nrx(2.1436476707458496) q[1];\nrz(3.4253427982330322) q[1];\nrz(-0.9092972874641418) q[2];\nrx(-0.16981589794158936) q[2];\nrz(0.6981554627418518) q[2];\nh q[2];\nx q[0];\ncx q[1],q[2];\ncx q[1],q[2];\nx q[1];\nrz(-0.747984766960144) q[0];\nrx(-2.4053170680999756) q[0];\nrz(1.7054495811462402) q[0];\nrz(1.8418262004852295) q[1];\nrx(2.2313668727874756) q[1];\nrz(0.541122555732727) q[1];\nrz(-1.8656507730484009) q[2];\nrx(0.26513388752937317) q[2];\nrz(-0.9941011071205139) q[2];\nx q[2];\nh q[2];\nx q[1];\nx q[2];\nh q[1];\nrz(2.859116792678833) q[0];\nrx(-1.1305382251739502) q[0];\nrz(2.703967332839966) q[0];\nrz(2.553049325942993) q[1];\nrx(2.2468619346618652) q[1];\nrz(0.007757989224046469) q[1];\nrz(2.8452095985412598) q[2];\nrx(-1.5952717065811157) q[2];\nrz(-0.136091947555542) q[2];"}