{"seed": 1437, "fidelity": 0.9948884844779968, "pqc_params": [[[-0.10369964689016342, -1.5146894454956055, -1.894608736038208], [-0.012046854011714458, -3.5897107124328613, -2.365138530731201], [1.5298265218734741, 0.053530797362327576, -3.1881089210510254]], [[0.2305639386177063, 0.7971948385238647, -0.6446365118026733], [-3.1356828212738037, -2.5945563316345215, -0.07584132254123688], [0.9995927810668945, 3.873807907104492, 0.2672015428543091]], [[-1.7637434005737305, -1.9264081716537476, -1.0652357339859009], [2.6854004859924316, 0.32892394065856934, 0.2571620047092438], [3.329932451248169, 1.4339367151260376, 0.5125709176063538]], [[1.1324299573898315, -3.169508695602417, -1.9068609476089478], [-1.021644115447998, -0.043005626648664474, -1.9440686702728271], [-2.8870482444763184, -3.0439212322235107, -1.38960862159729]]], "base_circuit_tokens": [["h", [1], []], ["cx", [2, 0], []], ["x", [1], []], ["cx", [0, 1], []], ["h", [1], []], ["x", [2], []], ["h", [2], []], ["h", [2], []], ["x", [2], []], ["x", [0], []], ["x", [0], []], ["x", [2], []], ["h", [2], []], ["h", [2], []], ["x", [2], []], ["h", [1], []], ["cx", [0, 1], []], ["x", [1], []], ["cx", [2, 0], []], ["h", [1], []]], "pqc_circuit_tokens": [["h", [1], []], ["cx", [2, 0], []], ["x", [1], []], ["cx", [0, 1], []], ["h", [1], []], ["rz", [0], [-0.10369964689016342]], ["rx", [0], [-1.5146894454956055]], ["rz", [0], [-1.894608736038208]], ["rz", [1], [-0.012046854011714458]], ["rx", [1], [-3.5897107124328613]], ["rz", [1], [-2.365138530731201]], ["rz", [2], [1.5298265218734741]], ["rx", [2], [0.053530797362327576]], ["rz", [2], [-3.1881089210510254]], ["x", [2], []], ["h", [2], []], ["h", [2], []], ["x", [2], []], ["x", [0], []], ["rz", [0], [0.2305639386177063]], ["rx", [0], [0.7971948385238647]], ["rz", [0], [-0.6446365118026733]], ["rz", [1], [-3.1356828212738037]], ["rx", [1], [-2.5945563316345215]], ["rz", [1], [-0.07584132254123688]], ["rz", [2], [0.9995927810668945]], ["rx", [2], [3.873807907104492]], ["rz", [2], [0.2672015428543091]], ["x", [0], []], ["x", [2], []], ["h", [2], []], ["h", [2], []], ["x", [2], []], ["rz", [0], [-1.7637434005737305]], ["rx", [0], [-1.9264081716537476]], ["rz", [0], [-1.0652357339859009]], ["rz", [1], [2.6854004859924316]], ["rx", [1], [0.32892394065856934]], ["rz", [1], [0.2571620047092438]], ["rz", [2], [3.329932451248169]], ["rx", [2], [1.4339367151260376]], ["rz", [2], [0.5125709176063538]], ["h", [1], []], ["cx", [0, 1], []], ["x", [1], []], ["cx", [2, 0], []], ["h", [1], []], ["rz", [0], [1.1324299573898315]], ["rx", [0], [-3.169508695602417]], ["rz", [0], [-1.9068609476089478]], ["rz", [1], [-1.021644115447998]], ["rx", [1], [-0.043005626648664474]], ["rz", [1], [-1.9440686702728271]], ["rz", [2], [-2.8870482444763184]], ["rx", [2], [-3.0439212322235107]], ["rz", [2], [-1.38960862159729]]], "base_circuit_qasm": "OPENQASM 2.0;\ninclude \"qelib1.inc\";\nqreg q[3];\nh q[1];\ncx q[2],q[0];\nx q[1];\ncx q[0],q[1];\nh q[1];\nx q[2];\nh q[2];\nh q[2];\nx q[2];\nx q[0];\nx q[0];\nx q[2];\nh q[2];\nh q[2];\nx q[2];\nh q[1];\ncx q[0],q[1];\nx q[1];\ncx q[2],q[0];\nh q[1];", "pqc_circuit_qasm": "OPENQASM 2.0;\ninclude \"qelib1.inc\";\nqreg q[3];\nh q[1];\ncx q[2],q[0];\nx q[1];\ncx q[0],q[1];\nh q[1];\nrz(-0.10369964689016342) q[0];\nrx(-1.5146894454956055) q[0];\nrz(-1.894608736038208) q[0];\nrz(-0.012046854011714458) q[1];\nrx(-3.5897107124328613) q[1];\nrz(-2.365138530731201) q[1];\nrz(1.5298265218734741) q[2];\nrx(0.053530797362327576) q[2];\nrz(-3.1881089210510254) q[2];\nx q[2];\nh q[2];\nh q[2];\nx q[2];\nx q[0];\nrz(0.2305639386177063) q[0];\nrx(0.7971948385238647) q[0];\nrz(-0.6446365118026733) q[0];\nrz(-3.1356828212738037) q[1];\nrx(-2.5945563316345215) q[1];\nrz(-0.07584132254123688) q[1];\nrz(0.9995927810668945) q[2];\nrx(3.873807907104492) q[2];\nrz(0.2672015428543091) q[2];\nx q[0];\nx q[2];\nh q[2];\nh q[2];\nx q[2];\nrz(-1.7637434005737305) q[0];\nrx(-1.9264081716537476) q[0];\nrz(-1.0652357339859009) q[0];\nrz(2.6854004859924316) q[1];\nrx(0.32892394065856934) q[1];\nrz(0.2571620047092438) q[1];\nrz(3.329932451248169) q[2];\nrx(1.4339367151260376) q[2];\nrz(0.5125709176063538) q[2];\nh q[1];\ncx q[0],q[1];\nx q[1];\ncx q[2],q[0];\nh q[1];\nrz(1.1324299573898315) q[0];\nrx(-3.169508695602417) q[0];\nrz(-1.9068609476089478) q[0];\nrz(-1.021644115447998) q[1];\nrx(-0.043005626648664474) q[1];\nrz(-1.9440686702728271) q[1];\nrz(-2.8870482444763184) q[2];\nrx(-3.0439212322235107) q[2];\nrz(-1.38960862159729) q[2];"}