{"seed": 1444, "fidelity": 0.9992510080337524, "pqc_params": [[[-1.1680388450622559, -0.45336058735847473, 2.215609550476074], [0.8767569065093994, -1.787022352218628, 2.9429941177368164], [-1.2711879014968872, 0.22746321558952332, 2.27801775932312]], [[-0.23419496417045593, 0.33567014336586, -3.223527669906616], [1.2763292789459229, 1.7191492319107056, -1.6786937713623047], [-0.8906517624855042, -0.20181681215763092, -1.051358938217163]], [[-2.4760210514068604, 1.6095831394195557, 1.5579591989517212], [0.07671356201171875, 0.6338900327682495, -0.5325886607170105], [-3.2646875381469727, -0.1356242448091507, -0.7072566151618958]], [[0.7937350869178772, -1.5102953910827637, 0.24842669069766998], [-3.20050048828125, -2.825532913208008, -3.0782158374786377], [-0.10050834715366364, -3.494487762451172, 0.0041850535199046135]]], "base_circuit_tokens": [["x", [1], []], ["cx", [1, 2], []], ["x", [0], []], ["x", [1], []], ["x", [1], []], ["x", [1], []], ["x", [2], []], ["cx", [2, 0], []], ["h", [1], []], ["cx", [0, 2], []], ["cx", [0, 2], []], ["h", [1], []], ["cx", [2, 0], []], ["x", [2], []], ["x", [1], []], ["x", [1], []], ["x", [1], []], ["x", [0], []], ["cx", [1, 2], []], ["x", [1], []]], "pqc_circuit_tokens": [["x", [1], []], ["cx", [1, 2], []], ["x", [0], []], ["x", [1], []], ["x", [1], []], ["rz", [0], [-1.1680388450622559]], ["rx", [0], [-0.45336058735847473]], ["rz", [0], [2.215609550476074]], ["rz", [1], [0.8767569065093994]], ["rx", [1], [-1.787022352218628]], ["rz", [1], [2.9429941177368164]], ["rz", [2], [-1.2711879014968872]], ["rx", [2], [0.22746321558952332]], ["rz", [2], [2.27801775932312]], ["x", [1], []], ["x", [2], []], ["cx", [2, 0], []], ["h", [1], []], ["cx", [0, 2], []], ["rz", [0], [-0.23419496417045593]], ["rx", [0], [0.33567014336586]], ["rz", [0], [-3.223527669906616]], ["rz", [1], [1.2763292789459229]], ["rx", [1], [1.7191492319107056]], ["rz", [1], [-1.6786937713623047]], ["rz", [2], [-0.8906517624855042]], ["rx", [2], [-0.20181681215763092]], ["rz", [2], [-1.051358938217163]], ["cx", [0, 2], []], ["h", [1], []], ["cx", [2, 0], []], ["x", [2], []], ["x", [1], []], ["rz", [0], [-2.4760210514068604]], ["rx", [0], [1.6095831394195557]], ["rz", [0], [1.5579591989517212]], ["rz", [1], [0.07671356201171875]], ["rx", [1], [0.6338900327682495]], ["rz", [1], [-0.5325886607170105]], ["rz", [2], [-3.2646875381469727]], ["rx", [2], [-0.1356242448091507]], ["rz", [2], [-0.7072566151618958]], ["x", [1], []], ["x", [1], []], ["x", [0], []], ["cx", [1, 2], []], ["x", [1], []], ["rz", [0], [0.7937350869178772]], ["rx", [0], [-1.5102953910827637]], ["rz", [0], [0.24842669069766998]], ["rz", [1], [-3.20050048828125]], ["rx", [1], [-2.825532913208008]], ["rz", [1], [-3.0782158374786377]], ["rz", [2], [-0.10050834715366364]], ["rx", [2], [-3.494487762451172]], ["rz", [2], [0.0041850535199046135]]], "base_circuit_qasm": "OPENQASM 2.0;\ninclude \"qelib1.inc\";\nqreg q[3];\nx q[1];\ncx q[1],q[2];\nx q[0];\nx q[1];\nx q[1];\nx q[1];\nx q[2];\ncx q[2],q[0];\nh q[1];\ncx q[0],q[2];\ncx q[0],q[2];\nh q[1];\ncx q[2],q[0];\nx q[2];\nx q[1];\nx q[1];\nx q[1];\nx q[0];\ncx q[1],q[2];\nx q[1];", "pqc_circuit_qasm": "OPENQASM 2.0;\ninclude \"qelib1.inc\";\nqreg q[3];\nx q[1];\ncx q[1],q[2];\nx q[0];\nx q[1];\nx q[1];\nrz(-1.1680388450622559) q[0];\nrx(-0.45336058735847473) q[0];\nrz(2.215609550476074) q[0];\nrz(0.8767569065093994) q[1];\nrx(-1.787022352218628) q[1];\nrz(2.9429941177368164) q[1];\nrz(-1.2711879014968872) q[2];\nrx(0.22746321558952332) q[2];\nrz(2.27801775932312) q[2];\nx q[1];\nx q[2];\ncx q[2],q[0];\nh q[1];\ncx q[0],q[2];\nrz(-0.23419496417045593) q[0];\nrx(0.33567014336586) q[0];\nrz(-3.223527669906616) q[0];\nrz(1.2763292789459229) q[1];\nrx(1.7191492319107056) q[1];\nrz(-1.6786937713623047) q[1];\nrz(-0.8906517624855042) q[2];\nrx(-0.20181681215763092) q[2];\nrz(-1.051358938217163) q[2];\ncx q[0],q[2];\nh q[1];\ncx q[2],q[0];\nx q[2];\nx q[1];\nrz(-2.4760210514068604) q[0];\nrx(1.6095831394195557) q[0];\nrz(1.5579591989517212) q[0];\nrz(0.07671356201171875) q[1];\nrx(0.6338900327682495) q[1];\nrz(-0.5325886607170105) q[1];\nrz(-3.2646875381469727) q[2];\nrx(-0.1356242448091507) q[2];\nrz(-0.7072566151618958) q[2];\nx q[1];\nx q[1];\nx q[0];\ncx q[1],q[2];\nx q[1];\nrz(0.7937350869178772) q[0];\nrx(-1.5102953910827637) q[0];\nrz(0.24842669069766998) q[0];\nrz(-3.20050048828125) q[1];\nrx(-2.825532913208008) q[1];\nrz(-3.0782158374786377) q[1];\nrz(-0.10050834715366364) q[2];\nrx(-3.494487762451172) q[2];\nrz(0.0041850535199046135) q[2];"}