{"seed": 1478, "fidelity": 0.9997667670249939, "pqc_params": [[[3.0346951484680176, -1.62067449092865, -1.2520028352737427], [-1.0544071197509766, 1.327428936958313, 2.268690347671509], [0.07723745703697205, -0.6041760444641113, -0.9398237466812134]], [[2.8301682472229004, 1.1260387897491455, -2.4076218605041504], [-1.6117384433746338, -0.5382593274116516, -3.5115582942962646], [0.3595429062843323, -1.710373878479004, -1.728487253189087]], [[0.8928951025009155, -1.082862138748169, -0.7248632311820984], [-2.1497371196746826, 0.06088855862617493, -1.8565864562988281], [-0.7062566876411438, -2.2032647132873535, -1.9623898267745972]], [[-0.42050522565841675, -2.382251501083374, 0.6231626272201538], [-2.2892191410064697, -1.328068494796753, 3.5477349758148193], [-0.838616669178009, -1.9104764461517334, 1.5735827684402466]]], "base_circuit_tokens": [["x", [2], []], ["h", [2], []], ["x", [1], []], ["h", [1], []], ["h", [2], []], ["x", [0], []], ["x", [2], []], ["x", [0], []], ["h", [2], []], ["h", [0], []], ["h", [0], []], ["h", [2], []], ["x", [0], []], ["x", [2], []], ["x", [0], []], ["h", [2], []], ["h", [1], []], ["x", [1], []], ["h", [2], []], ["x", [2], []]], "pqc_circuit_tokens": [["x", [2], []], ["h", [2], []], ["x", [1], []], ["h", [1], []], ["h", [2], []], ["rz", [0], [3.0346951484680176]], ["rx", [0], [-1.62067449092865]], ["rz", [0], [-1.2520028352737427]], ["rz", [1], [-1.0544071197509766]], ["rx", [1], [1.327428936958313]], ["rz", [1], [2.268690347671509]], ["rz", [2], [0.07723745703697205]], ["rx", [2], [-0.6041760444641113]], ["rz", [2], [-0.9398237466812134]], ["x", [0], []], ["x", [2], []], ["x", [0], []], ["h", [2], []], ["h", [0], []], ["rz", [0], [2.8301682472229004]], ["rx", [0], [1.1260387897491455]], ["rz", [0], [-2.4076218605041504]], ["rz", [1], [-1.6117384433746338]], ["rx", [1], [-0.5382593274116516]], ["rz", [1], [-3.5115582942962646]], ["rz", [2], [0.3595429062843323]], ["rx", [2], [-1.710373878479004]], ["rz", [2], [-1.728487253189087]], ["h", [0], []], ["h", [2], []], ["x", [0], []], ["x", [2], []], ["x", [0], []], ["rz", [0], [0.8928951025009155]], ["rx", [0], [-1.082862138748169]], ["rz", [0], [-0.7248632311820984]], ["rz", [1], [-2.1497371196746826]], ["rx", [1], [0.06088855862617493]], ["rz", [1], [-1.8565864562988281]], ["rz", [2], [-0.7062566876411438]], ["rx", [2], [-2.2032647132873535]], ["rz", [2], [-1.9623898267745972]], ["h", [2], []], ["h", [1], []], ["x", [1], []], ["h", [2], []], ["x", [2], []], ["rz", [0], [-0.42050522565841675]], ["rx", [0], [-2.382251501083374]], ["rz", [0], [0.6231626272201538]], ["rz", [1], [-2.2892191410064697]], ["rx", [1], [-1.328068494796753]], ["rz", [1], [3.5477349758148193]], ["rz", [2], [-0.838616669178009]], ["rx", [2], [-1.9104764461517334]], ["rz", [2], [1.5735827684402466]]], "base_circuit_qasm": "OPENQASM 2.0;\ninclude \"qelib1.inc\";\nqreg q[3];\nx q[2];\nh q[2];\nx q[1];\nh q[1];\nh q[2];\nx q[0];\nx q[2];\nx q[0];\nh q[2];\nh q[0];\nh q[0];\nh q[2];\nx q[0];\nx q[2];\nx q[0];\nh q[2];\nh q[1];\nx q[1];\nh q[2];\nx q[2];", "pqc_circuit_qasm": "OPENQASM 2.0;\ninclude \"qelib1.inc\";\nqreg q[3];\nx q[2];\nh q[2];\nx q[1];\nh q[1];\nh q[2];\nrz(3.0346951484680176) q[0];\nrx(-1.62067449092865) q[0];\nrz(-1.2520028352737427) q[0];\nrz(-1.0544071197509766) q[1];\nrx(1.327428936958313) q[1];\nrz(2.268690347671509) q[1];\nrz(0.07723745703697205) q[2];\nrx(-0.6041760444641113) q[2];\nrz(-0.9398237466812134) q[2];\nx q[0];\nx q[2];\nx q[0];\nh q[2];\nh q[0];\nrz(2.8301682472229004) q[0];\nrx(1.1260387897491455) q[0];\nrz(-2.4076218605041504) q[0];\nrz(-1.6117384433746338) q[1];\nrx(-0.5382593274116516) q[1];\nrz(-3.5115582942962646) q[1];\nrz(0.3595429062843323) q[2];\nrx(-1.710373878479004) q[2];\nrz(-1.728487253189087) q[2];\nh q[0];\nh q[2];\nx q[0];\nx q[2];\nx q[0];\nrz(0.8928951025009155) q[0];\nrx(-1.082862138748169) q[0];\nrz(-0.7248632311820984) q[0];\nrz(-2.1497371196746826) q[1];\nrx(0.06088855862617493) q[1];\nrz(-1.8565864562988281) q[1];\nrz(-0.7062566876411438) q[2];\nrx(-2.2032647132873535) q[2];\nrz(-1.9623898267745972) q[2];\nh q[2];\nh q[1];\nx q[1];\nh q[2];\nx q[2];\nrz(-0.42050522565841675) q[0];\nrx(-2.382251501083374) q[0];\nrz(0.6231626272201538) q[0];\nrz(-2.2892191410064697) q[1];\nrx(-1.328068494796753) q[1];\nrz(3.5477349758148193) q[1];\nrz(-0.838616669178009) q[2];\nrx(-1.9104764461517334) q[2];\nrz(1.5735827684402466) q[2];"}