{"seed": 1500, "fidelity": 0.9635071754455566, "pqc_params": [[[-1.8635340929031372, 1.6050026416778564, -1.5545271635055542], [2.335031747817993, -2.845402717590332, -2.2736761569976807], [3.069882869720459, -2.5547142028808594, 2.2176706790924072]], [[-0.604770839214325, -2.905024528503418, 2.6161320209503174], [-1.5768663883209229, 1.4852159023284912, -1.6828972101211548], [0.8103740215301514, 0.8959203958511353, -3.383608102798462]], [[1.378230094909668, 1.6155904531478882, 1.5098501443862915], [1.3222728967666626, 0.0919131338596344, -3.0168609619140625], [1.4972808361053467, -0.025248577818274498, -1.8818594217300415]], [[2.836984157562256, -0.8085252046585083, -3.303323984146118], [2.018200159072876, -2.752073049545288, 2.147359848022461], [-2.1366045475006104, -2.5980172157287598, -0.4333294630050659]]], "base_circuit_tokens": [["h", [1], []], ["cx", [0, 2], []], ["h", [1], []], ["h", [0], []], ["cx", [0, 1], []], ["cx", [2, 1], []], ["cx", [0, 1], []], ["cx", [2, 0], []], ["cx", [1, 2], []], ["cx", [1, 2], []], ["cx", [1, 2], []], ["cx", [1, 2], []], ["cx", [2, 0], []], ["cx", [0, 1], []], ["cx", [2, 1], []], ["cx", [0, 1], []], ["h", [0], []], ["h", [1], []], ["cx", [0, 2], []], ["h", [1], []]], "pqc_circuit_tokens": [["h", [1], []], ["cx", [0, 2], []], ["h", [1], []], ["h", [0], []], ["cx", [0, 1], []], ["rz", [0], [-1.8635340929031372]], ["rx", [0], [1.6050026416778564]], ["rz", [0], [-1.5545271635055542]], ["rz", [1], [2.335031747817993]], ["rx", [1], [-2.845402717590332]], ["rz", [1], [-2.2736761569976807]], ["rz", [2], [3.069882869720459]], ["rx", [2], [-2.5547142028808594]], ["rz", [2], [2.2176706790924072]], ["cx", [2, 1], []], ["cx", [0, 1], []], ["cx", [2, 0], []], ["cx", [1, 2], []], ["cx", [1, 2], []], ["rz", [0], [-0.604770839214325]], ["rx", [0], [-2.905024528503418]], ["rz", [0], [2.6161320209503174]], ["rz", [1], [-1.5768663883209229]], ["rx", [1], [1.4852159023284912]], ["rz", [1], [-1.6828972101211548]], ["rz", [2], [0.8103740215301514]], ["rx", [2], [0.8959203958511353]], ["rz", [2], [-3.383608102798462]], ["cx", [1, 2], []], ["cx", [1, 2], []], ["cx", [2, 0], []], ["cx", [0, 1], []], ["cx", [2, 1], []], ["rz", [0], [1.378230094909668]], ["rx", [0], [1.6155904531478882]], ["rz", [0], [1.5098501443862915]], ["rz", [1], [1.3222728967666626]], ["rx", [1], [0.0919131338596344]], ["rz", [1], [-3.0168609619140625]], ["rz", [2], [1.4972808361053467]], ["rx", [2], [-0.025248577818274498]], ["rz", [2], [-1.8818594217300415]], ["cx", [0, 1], []], ["h", [0], []], ["h", [1], []], ["cx", [0, 2], []], ["h", [1], []], ["rz", [0], [2.836984157562256]], ["rx", [0], [-0.8085252046585083]], ["rz", [0], [-3.303323984146118]], ["rz", [1], [2.018200159072876]], ["rx", [1], [-2.752073049545288]], ["rz", [1], [2.147359848022461]], ["rz", [2], [-2.1366045475006104]], ["rx", [2], [-2.5980172157287598]], ["rz", [2], [-0.4333294630050659]]], "base_circuit_qasm": "OPENQASM 2.0;\ninclude \"qelib1.inc\";\nqreg q[3];\nh q[1];\ncx q[0],q[2];\nh q[1];\nh q[0];\ncx q[0],q[1];\ncx q[2],q[1];\ncx q[0],q[1];\ncx q[2],q[0];\ncx q[1],q[2];\ncx q[1],q[2];\ncx q[1],q[2];\ncx q[1],q[2];\ncx q[2],q[0];\ncx q[0],q[1];\ncx q[2],q[1];\ncx q[0],q[1];\nh q[0];\nh q[1];\ncx q[0],q[2];\nh q[1];", "pqc_circuit_qasm": "OPENQASM 2.0;\ninclude \"qelib1.inc\";\nqreg q[3];\nh q[1];\ncx q[0],q[2];\nh q[1];\nh q[0];\ncx q[0],q[1];\nrz(-1.8635340929031372) q[0];\nrx(1.6050026416778564) q[0];\nrz(-1.5545271635055542) q[0];\nrz(2.335031747817993) q[1];\nrx(-2.845402717590332) q[1];\nrz(-2.2736761569976807) q[1];\nrz(3.069882869720459) q[2];\nrx(-2.5547142028808594) q[2];\nrz(2.2176706790924072) q[2];\ncx q[2],q[1];\ncx q[0],q[1];\ncx q[2],q[0];\ncx q[1],q[2];\ncx q[1],q[2];\nrz(-0.604770839214325) q[0];\nrx(-2.905024528503418) q[0];\nrz(2.6161320209503174) q[0];\nrz(-1.5768663883209229) q[1];\nrx(1.4852159023284912) q[1];\nrz(-1.6828972101211548) q[1];\nrz(0.8103740215301514) q[2];\nrx(0.8959203958511353) q[2];\nrz(-3.383608102798462) q[2];\ncx q[1],q[2];\ncx q[1],q[2];\ncx q[2],q[0];\ncx q[0],q[1];\ncx q[2],q[1];\nrz(1.378230094909668) q[0];\nrx(1.6155904531478882) q[0];\nrz(1.5098501443862915) q[0];\nrz(1.3222728967666626) q[1];\nrx(0.0919131338596344) q[1];\nrz(-3.0168609619140625) q[1];\nrz(1.4972808361053467) q[2];\nrx(-0.025248577818274498) q[2];\nrz(-1.8818594217300415) q[2];\ncx q[0],q[1];\nh q[0];\nh q[1];\ncx q[0],q[2];\nh q[1];\nrz(2.836984157562256) q[0];\nrx(-0.8085252046585083) q[0];\nrz(-3.303323984146118) q[0];\nrz(2.018200159072876) q[1];\nrx(-2.752073049545288) q[1];\nrz(2.147359848022461) q[1];\nrz(-2.1366045475006104) q[2];\nrx(-2.5980172157287598) q[2];\nrz(-0.4333294630050659) q[2];"}