{"seed": 1521, "fidelity": 0.9904655814170837, "pqc_params": [[[-0.34498438239097595, -3.2534141540527344, 2.433323860168457], [-0.3679414987564087, -0.43068811297416687, -2.446169137954712], [-2.3394088745117188, -2.178056001663208, 2.5797927379608154]], [[-2.8710038661956787, -2.9005885124206543, -1.6282187700271606], [0.21252650022506714, 2.739668607711792, 1.5909734964370728], [-0.9398584365844727, -0.2334027737379074, -2.585371494293213]], [[1.362021565437317, 1.7364848852157593, -3.401224136352539], [0.32339659333229065, -0.5484899282455444, 2.2593941688537598], [-0.6708012223243713, -2.0104947090148926, -1.9384318590164185]], [[2.861567735671997, 1.435685634613037, -0.23420198261737823], [-3.390552043914795, 0.4824969470500946, 0.33640021085739136], [2.53598690032959, 0.454613596200943, 0.32340142130851746]]], "base_circuit_tokens": [["h", [1], []], ["h", [0], []], ["h", [2], []], ["h", [0], []], ["cx", [2, 0], []], ["h", [2], []], ["h", [0], []], ["h", [0], []], ["h", [1], []], ["h", [1], []], ["h", [1], []], ["h", [1], []], ["h", [0], []], ["h", [0], []], ["h", [2], []], ["cx", [2, 0], []], ["h", [0], []], ["h", [2], []], ["h", [0], []], ["h", [1], []]], "pqc_circuit_tokens": [["h", [1], []], ["h", [0], []], ["h", [2], []], ["h", [0], []], ["cx", [2, 0], []], ["rz", [0], [-0.34498438239097595]], ["rx", [0], [-3.2534141540527344]], ["rz", [0], [2.433323860168457]], ["rz", [1], [-0.3679414987564087]], ["rx", [1], [-0.43068811297416687]], ["rz", [1], [-2.446169137954712]], ["rz", [2], [-2.3394088745117188]], ["rx", [2], [-2.178056001663208]], ["rz", [2], [2.5797927379608154]], ["h", [2], []], ["h", [0], []], ["h", [0], []], ["h", [1], []], ["h", [1], []], ["rz", [0], [-2.8710038661956787]], ["rx", [0], [-2.9005885124206543]], ["rz", [0], [-1.6282187700271606]], ["rz", [1], [0.21252650022506714]], ["rx", [1], [2.739668607711792]], ["rz", [1], [1.5909734964370728]], ["rz", [2], [-0.9398584365844727]], ["rx", [2], [-0.2334027737379074]], ["rz", [2], [-2.585371494293213]], ["h", [1], []], ["h", [1], []], ["h", [0], []], ["h", [0], []], ["h", [2], []], ["rz", [0], [1.362021565437317]], ["rx", [0], [1.7364848852157593]], ["rz", [0], [-3.401224136352539]], ["rz", [1], [0.32339659333229065]], ["rx", [1], [-0.5484899282455444]], ["rz", [1], [2.2593941688537598]], ["rz", [2], [-0.6708012223243713]], ["rx", [2], [-2.0104947090148926]], ["rz", [2], [-1.9384318590164185]], ["cx", [2, 0], []], ["h", [0], []], ["h", [2], []], ["h", [0], []], ["h", [1], []], ["rz", [0], [2.861567735671997]], ["rx", [0], [1.435685634613037]], ["rz", [0], [-0.23420198261737823]], ["rz", [1], [-3.390552043914795]], ["rx", [1], [0.4824969470500946]], ["rz", [1], [0.33640021085739136]], ["rz", [2], [2.53598690032959]], ["rx", [2], [0.454613596200943]], ["rz", [2], [0.32340142130851746]]], "base_circuit_qasm": "OPENQASM 2.0;\ninclude \"qelib1.inc\";\nqreg q[3];\nh q[1];\nh q[0];\nh q[2];\nh q[0];\ncx q[2],q[0];\nh q[2];\nh q[0];\nh q[0];\nh q[1];\nh q[1];\nh q[1];\nh q[1];\nh q[0];\nh q[0];\nh q[2];\ncx q[2],q[0];\nh q[0];\nh q[2];\nh q[0];\nh q[1];", "pqc_circuit_qasm": "OPENQASM 2.0;\ninclude \"qelib1.inc\";\nqreg q[3];\nh q[1];\nh q[0];\nh q[2];\nh q[0];\ncx q[2],q[0];\nrz(-0.34498438239097595) q[0];\nrx(-3.2534141540527344) q[0];\nrz(2.433323860168457) q[0];\nrz(-0.3679414987564087) q[1];\nrx(-0.43068811297416687) q[1];\nrz(-2.446169137954712) q[1];\nrz(-2.3394088745117188) q[2];\nrx(-2.178056001663208) q[2];\nrz(2.5797927379608154) q[2];\nh q[2];\nh q[0];\nh q[0];\nh q[1];\nh q[1];\nrz(-2.8710038661956787) q[0];\nrx(-2.9005885124206543) q[0];\nrz(-1.6282187700271606) q[0];\nrz(0.21252650022506714) q[1];\nrx(2.739668607711792) q[1];\nrz(1.5909734964370728) q[1];\nrz(-0.9398584365844727) q[2];\nrx(-0.2334027737379074) q[2];\nrz(-2.585371494293213) q[2];\nh q[1];\nh q[1];\nh q[0];\nh q[0];\nh q[2];\nrz(1.362021565437317) q[0];\nrx(1.7364848852157593) q[0];\nrz(-3.401224136352539) q[0];\nrz(0.32339659333229065) q[1];\nrx(-0.5484899282455444) q[1];\nrz(2.2593941688537598) q[1];\nrz(-0.6708012223243713) q[2];\nrx(-2.0104947090148926) q[2];\nrz(-1.9384318590164185) q[2];\ncx q[2],q[0];\nh q[0];\nh q[2];\nh q[0];\nh q[1];\nrz(2.861567735671997) q[0];\nrx(1.435685634613037) q[0];\nrz(-0.23420198261737823) q[0];\nrz(-3.390552043914795) q[1];\nrx(0.4824969470500946) q[1];\nrz(0.33640021085739136) q[1];\nrz(2.53598690032959) q[2];\nrx(0.454613596200943) q[2];\nrz(0.32340142130851746) q[2];"}