{"seed": 1533, "fidelity": 0.9932994246482849, "pqc_params": [[[-0.13131801784038544, 2.305734395980835, 0.04328161105513573], [1.760343074798584, 0.4019472002983093, 2.4126830101013184], [1.2605316638946533, -1.1284955739974976, -2.742805242538452]], [[0.3621998131275177, 3.0100016593933105, -2.3537299633026123], [0.6016643047332764, -1.948104739189148, 1.7270290851593018], [0.6164652109146118, -0.3843016028404236, 0.37939560413360596]], [[2.7527120113372803, -3.009209156036377, -0.3203154504299164], [-1.7957210540771484, 2.3188555240631104, -2.3422465324401855], [-1.7287650108337402, 1.991832971572876, -1.6177853345870972]], [[-0.627799928188324, -0.1683705449104309, -1.8074512481689453], [-0.9365262389183044, -0.0978734940290451, 1.168978214263916], [1.1433377265930176, 0.06216324493288994, 1.8974441289901733]]], "base_circuit_tokens": [["cx", [1, 2], []], ["x", [2], []], ["h", [0], []], ["cx", [1, 0], []], ["h", [2], []], ["x", [2], []], ["cx", [2, 0], []], ["h", [2], []], ["h", [2], []], ["h", [0], []], ["h", [0], []], ["h", [2], []], ["h", [2], []], ["cx", [2, 0], []], ["x", [2], []], ["h", [2], []], ["cx", [1, 0], []], ["h", [0], []], ["x", [2], []], ["cx", [1, 2], []]], "pqc_circuit_tokens": [["cx", [1, 2], []], ["x", [2], []], ["h", [0], []], ["cx", [1, 0], []], ["h", [2], []], ["rz", [0], [-0.13131801784038544]], ["rx", [0], [2.305734395980835]], ["rz", [0], [0.04328161105513573]], ["rz", [1], [1.760343074798584]], ["rx", [1], [0.4019472002983093]], ["rz", [1], [2.4126830101013184]], ["rz", [2], [1.2605316638946533]], ["rx", [2], [-1.1284955739974976]], ["rz", [2], [-2.742805242538452]], ["x", [2], []], ["cx", [2, 0], []], ["h", [2], []], ["h", [2], []], ["h", [0], []], ["rz", [0], [0.3621998131275177]], ["rx", [0], [3.0100016593933105]], ["rz", [0], [-2.3537299633026123]], ["rz", [1], [0.6016643047332764]], ["rx", [1], [-1.948104739189148]], ["rz", [1], [1.7270290851593018]], ["rz", [2], [0.6164652109146118]], ["rx", [2], [-0.3843016028404236]], ["rz", [2], [0.37939560413360596]], ["h", [0], []], ["h", [2], []], ["h", [2], []], ["cx", [2, 0], []], ["x", [2], []], ["rz", [0], [2.7527120113372803]], ["rx", [0], [-3.009209156036377]], ["rz", [0], [-0.3203154504299164]], ["rz", [1], [-1.7957210540771484]], ["rx", [1], [2.3188555240631104]], ["rz", [1], [-2.3422465324401855]], ["rz", [2], [-1.7287650108337402]], ["rx", [2], [1.991832971572876]], ["rz", [2], [-1.6177853345870972]], ["h", [2], []], ["cx", [1, 0], []], ["h", [0], []], ["x", [2], []], ["cx", [1, 2], []], ["rz", [0], [-0.627799928188324]], ["rx", [0], [-0.1683705449104309]], ["rz", [0], [-1.8074512481689453]], ["rz", [1], [-0.9365262389183044]], ["rx", [1], [-0.0978734940290451]], ["rz", [1], [1.168978214263916]], ["rz", [2], [1.1433377265930176]], ["rx", [2], [0.06216324493288994]], ["rz", [2], [1.8974441289901733]]], "base_circuit_qasm": "OPENQASM 2.0;\ninclude \"qelib1.inc\";\nqreg q[3];\ncx q[1],q[2];\nx q[2];\nh q[0];\ncx q[1],q[0];\nh q[2];\nx q[2];\ncx q[2],q[0];\nh q[2];\nh q[2];\nh q[0];\nh q[0];\nh q[2];\nh q[2];\ncx q[2],q[0];\nx q[2];\nh q[2];\ncx q[1],q[0];\nh q[0];\nx q[2];\ncx q[1],q[2];", "pqc_circuit_qasm": "OPENQASM 2.0;\ninclude \"qelib1.inc\";\nqreg q[3];\ncx q[1],q[2];\nx q[2];\nh q[0];\ncx q[1],q[0];\nh q[2];\nrz(-0.13131801784038544) q[0];\nrx(2.305734395980835) q[0];\nrz(0.04328161105513573) q[0];\nrz(1.760343074798584) q[1];\nrx(0.4019472002983093) q[1];\nrz(2.4126830101013184) q[1];\nrz(1.2605316638946533) q[2];\nrx(-1.1284955739974976) q[2];\nrz(-2.742805242538452) q[2];\nx q[2];\ncx q[2],q[0];\nh q[2];\nh q[2];\nh q[0];\nrz(0.3621998131275177) q[0];\nrx(3.0100016593933105) q[0];\nrz(-2.3537299633026123) q[0];\nrz(0.6016643047332764) q[1];\nrx(-1.948104739189148) q[1];\nrz(1.7270290851593018) q[1];\nrz(0.6164652109146118) q[2];\nrx(-0.3843016028404236) q[2];\nrz(0.37939560413360596) q[2];\nh q[0];\nh q[2];\nh q[2];\ncx q[2],q[0];\nx q[2];\nrz(2.7527120113372803) q[0];\nrx(-3.009209156036377) q[0];\nrz(-0.3203154504299164) q[0];\nrz(-1.7957210540771484) q[1];\nrx(2.3188555240631104) q[1];\nrz(-2.3422465324401855) q[1];\nrz(-1.7287650108337402) q[2];\nrx(1.991832971572876) q[2];\nrz(-1.6177853345870972) q[2];\nh q[2];\ncx q[1],q[0];\nh q[0];\nx q[2];\ncx q[1],q[2];\nrz(-0.627799928188324) q[0];\nrx(-0.1683705449104309) q[0];\nrz(-1.8074512481689453) q[0];\nrz(-0.9365262389183044) q[1];\nrx(-0.0978734940290451) q[1];\nrz(1.168978214263916) q[1];\nrz(1.1433377265930176) q[2];\nrx(0.06216324493288994) q[2];\nrz(1.8974441289901733) q[2];"}