{"seed": 1546, "fidelity": 0.999557614326477, "pqc_params": [[[-0.4397628903388977, 3.3550024032592773, -2.776576042175293], [0.2455826848745346, -3.011186122894287, -2.4672749042510986], [1.4996347427368164, 1.491723895072937, 1.1730294227600098]], [[0.09887304902076721, -2.303851842880249, -0.27062785625457764], [-0.27556905150413513, -0.10671669989824295, 2.292647123336792], [-0.10535402595996857, 0.895348072052002, 3.1420631408691406]], [[2.990821361541748, -0.2509303092956543, 1.1910291910171509], [-2.4522411823272705, -0.06338649988174438, 3.0345635414123535], [0.43089795112609863, -0.7226058840751648, -0.6414114236831665]], [[0.9559885859489441, 0.0030299536883831024, -1.0548220872879028], [2.967250347137451, 3.166527509689331, -0.08145955204963684], [-1.5714298486709595, -2.035332202911377, 0.43824294209480286]]], "base_circuit_tokens": [["h", [1], []], ["h", [2], []], ["cx", [1, 0], []], ["x", [2], []], ["h", [1], []], ["h", [2], []], ["h", [0], []], ["h", [0], []], ["cx", [1, 2], []], ["h", [0], []], ["h", [0], []], ["cx", [1, 2], []], ["h", [0], []], ["h", [0], []], ["h", [2], []], ["h", [1], []], ["x", [2], []], ["cx", [1, 0], []], ["h", [2], []], ["h", [1], []]], "pqc_circuit_tokens": [["h", [1], []], ["h", [2], []], ["cx", [1, 0], []], ["x", [2], []], ["h", [1], []], ["rz", [0], [-0.4397628903388977]], ["rx", [0], [3.3550024032592773]], ["rz", [0], [-2.776576042175293]], ["rz", [1], [0.2455826848745346]], ["rx", [1], [-3.011186122894287]], ["rz", [1], [-2.4672749042510986]], ["rz", [2], [1.4996347427368164]], ["rx", [2], [1.491723895072937]], ["rz", [2], [1.1730294227600098]], ["h", [2], []], ["h", [0], []], ["h", [0], []], ["cx", [1, 2], []], ["h", [0], []], ["rz", [0], [0.09887304902076721]], ["rx", [0], [-2.303851842880249]], ["rz", [0], [-0.27062785625457764]], ["rz", [1], [-0.27556905150413513]], ["rx", [1], [-0.10671669989824295]], ["rz", [1], [2.292647123336792]], ["rz", [2], [-0.10535402595996857]], ["rx", [2], [0.895348072052002]], ["rz", [2], [3.1420631408691406]], ["h", [0], []], ["cx", [1, 2], []], ["h", [0], []], ["h", [0], []], ["h", [2], []], ["rz", [0], [2.990821361541748]], ["rx", [0], [-0.2509303092956543]], ["rz", [0], [1.1910291910171509]], ["rz", [1], [-2.4522411823272705]], ["rx", [1], [-0.06338649988174438]], ["rz", [1], [3.0345635414123535]], ["rz", [2], [0.43089795112609863]], ["rx", [2], [-0.7226058840751648]], ["rz", [2], [-0.6414114236831665]], ["h", [1], []], ["x", [2], []], ["cx", [1, 0], []], ["h", [2], []], ["h", [1], []], ["rz", [0], [0.9559885859489441]], ["rx", [0], [0.0030299536883831024]], ["rz", [0], [-1.0548220872879028]], ["rz", [1], [2.967250347137451]], ["rx", [1], [3.166527509689331]], ["rz", [1], [-0.08145955204963684]], ["rz", [2], [-1.5714298486709595]], ["rx", [2], [-2.035332202911377]], ["rz", [2], [0.43824294209480286]]], "base_circuit_qasm": "OPENQASM 2.0;\ninclude \"qelib1.inc\";\nqreg q[3];\nh q[1];\nh q[2];\ncx q[1],q[0];\nx q[2];\nh q[1];\nh q[2];\nh q[0];\nh q[0];\ncx q[1],q[2];\nh q[0];\nh q[0];\ncx q[1],q[2];\nh q[0];\nh q[0];\nh q[2];\nh q[1];\nx q[2];\ncx q[1],q[0];\nh q[2];\nh q[1];", "pqc_circuit_qasm": "OPENQASM 2.0;\ninclude \"qelib1.inc\";\nqreg q[3];\nh q[1];\nh q[2];\ncx q[1],q[0];\nx q[2];\nh q[1];\nrz(-0.4397628903388977) q[0];\nrx(3.3550024032592773) q[0];\nrz(-2.776576042175293) q[0];\nrz(0.2455826848745346) q[1];\nrx(-3.011186122894287) q[1];\nrz(-2.4672749042510986) q[1];\nrz(1.4996347427368164) q[2];\nrx(1.491723895072937) q[2];\nrz(1.1730294227600098) q[2];\nh q[2];\nh q[0];\nh q[0];\ncx q[1],q[2];\nh q[0];\nrz(0.09887304902076721) q[0];\nrx(-2.303851842880249) q[0];\nrz(-0.27062785625457764) q[0];\nrz(-0.27556905150413513) q[1];\nrx(-0.10671669989824295) q[1];\nrz(2.292647123336792) q[1];\nrz(-0.10535402595996857) q[2];\nrx(0.895348072052002) q[2];\nrz(3.1420631408691406) q[2];\nh q[0];\ncx q[1],q[2];\nh q[0];\nh q[0];\nh q[2];\nrz(2.990821361541748) q[0];\nrx(-0.2509303092956543) q[0];\nrz(1.1910291910171509) q[0];\nrz(-2.4522411823272705) q[1];\nrx(-0.06338649988174438) q[1];\nrz(3.0345635414123535) q[1];\nrz(0.43089795112609863) q[2];\nrx(-0.7226058840751648) q[2];\nrz(-0.6414114236831665) q[2];\nh q[1];\nx q[2];\ncx q[1],q[0];\nh q[2];\nh q[1];\nrz(0.9559885859489441) q[0];\nrx(0.0030299536883831024) q[0];\nrz(-1.0548220872879028) q[0];\nrz(2.967250347137451) q[1];\nrx(3.166527509689331) q[1];\nrz(-0.08145955204963684) q[1];\nrz(-1.5714298486709595) q[2];\nrx(-2.035332202911377) q[2];\nrz(0.43824294209480286) q[2];"}