{"seed": 155, "fidelity": 0.9810184836387634, "pqc_params": [[[2.091020107269287, 1.1624763011932373, -0.978400468826294], [1.7588732242584229, -1.970026969909668, 3.328726053237915], [-1.3194587230682373, 1.729237675666809, 1.487002968788147]], [[0.022296994924545288, -1.1026967763900757, -0.28122490644454956], [-2.7041428089141846, -0.7515665292739868, 1.9476871490478516], [-0.12894944846630096, 0.03162876144051552, 0.05149354040622711]], [[-2.722233772277832, -1.2138338088989258, 2.3463222980499268], [3.016408920288086, -1.3803601264953613, -2.941096782684326], [2.39989972114563, -0.42866677045822144, -2.6019887924194336]], [[1.901474952697754, -2.3955774307250977, 0.4301619529724121], [2.7474193572998047, -2.4039411544799805, -2.789655923843384], [2.1873934268951416, 2.0496702194213867, -0.9514734745025635]]], "base_circuit_tokens": [["x", [0], []], ["x", [2], []], ["cx", [0, 2], []], ["cx", [2, 0], []], ["cx", [0, 2], []], ["h", [0], []], ["x", [2], []], ["cx", [0, 2], []], ["x", [2], []], ["h", [0], []], ["h", [0], []], ["x", [2], []], ["cx", [0, 2], []], ["x", [2], []], ["h", [0], []], ["cx", [0, 2], []], ["cx", [2, 0], []], ["cx", [0, 2], []], ["x", [2], []], ["x", [0], []]], "pqc_circuit_tokens": [["x", [0], []], ["x", [2], []], ["cx", [0, 2], []], ["cx", [2, 0], []], ["cx", [0, 2], []], ["rz", [0], [2.091020107269287]], ["rx", [0], [1.1624763011932373]], ["rz", [0], [-0.978400468826294]], ["rz", [1], [1.7588732242584229]], ["rx", [1], [-1.970026969909668]], ["rz", [1], [3.328726053237915]], ["rz", [2], [-1.3194587230682373]], ["rx", [2], [1.729237675666809]], ["rz", [2], [1.487002968788147]], ["h", [0], []], ["x", [2], []], ["cx", [0, 2], []], ["x", [2], []], ["h", [0], []], ["rz", [0], [0.022296994924545288]], ["rx", [0], [-1.1026967763900757]], ["rz", [0], [-0.28122490644454956]], ["rz", [1], [-2.7041428089141846]], ["rx", [1], [-0.7515665292739868]], ["rz", [1], [1.9476871490478516]], ["rz", [2], [-0.12894944846630096]], ["rx", [2], [0.03162876144051552]], ["rz", [2], [0.05149354040622711]], ["h", [0], []], ["x", [2], []], ["cx", [0, 2], []], ["x", [2], []], ["h", [0], []], ["rz", [0], [-2.722233772277832]], ["rx", [0], [-1.2138338088989258]], ["rz", [0], [2.3463222980499268]], ["rz", [1], [3.016408920288086]], ["rx", [1], [-1.3803601264953613]], ["rz", [1], [-2.941096782684326]], ["rz", [2], [2.39989972114563]], ["rx", [2], [-0.42866677045822144]], ["rz", [2], [-2.6019887924194336]], ["cx", [0, 2], []], ["cx", [2, 0], []], ["cx", [0, 2], []], ["x", [2], []], ["x", [0], []], ["rz", [0], [1.901474952697754]], ["rx", [0], [-2.3955774307250977]], ["rz", [0], [0.4301619529724121]], ["rz", [1], [2.7474193572998047]], ["rx", [1], [-2.4039411544799805]], ["rz", [1], [-2.789655923843384]], ["rz", [2], [2.1873934268951416]], ["rx", [2], [2.0496702194213867]], ["rz", [2], [-0.9514734745025635]]], "base_circuit_qasm": "OPENQASM 2.0;\ninclude \"qelib1.inc\";\nqreg q[3];\nx q[0];\nx q[2];\ncx q[0],q[2];\ncx q[2],q[0];\ncx q[0],q[2];\nh q[0];\nx q[2];\ncx q[0],q[2];\nx q[2];\nh q[0];\nh q[0];\nx q[2];\ncx q[0],q[2];\nx q[2];\nh q[0];\ncx q[0],q[2];\ncx q[2],q[0];\ncx q[0],q[2];\nx q[2];\nx q[0];", "pqc_circuit_qasm": "OPENQASM 2.0;\ninclude \"qelib1.inc\";\nqreg q[3];\nx q[0];\nx q[2];\ncx q[0],q[2];\ncx q[2],q[0];\ncx q[0],q[2];\nrz(2.091020107269287) q[0];\nrx(1.1624763011932373) q[0];\nrz(-0.978400468826294) q[0];\nrz(1.7588732242584229) q[1];\nrx(-1.970026969909668) q[1];\nrz(3.328726053237915) q[1];\nrz(-1.3194587230682373) q[2];\nrx(1.729237675666809) q[2];\nrz(1.487002968788147) q[2];\nh q[0];\nx q[2];\ncx q[0],q[2];\nx q[2];\nh q[0];\nrz(0.022296994924545288) q[0];\nrx(-1.1026967763900757) q[0];\nrz(-0.28122490644454956) q[0];\nrz(-2.7041428089141846) q[1];\nrx(-0.7515665292739868) q[1];\nrz(1.9476871490478516) q[1];\nrz(-0.12894944846630096) q[2];\nrx(0.03162876144051552) q[2];\nrz(0.05149354040622711) q[2];\nh q[0];\nx q[2];\ncx q[0],q[2];\nx q[2];\nh q[0];\nrz(-2.722233772277832) q[0];\nrx(-1.2138338088989258) q[0];\nrz(2.3463222980499268) q[0];\nrz(3.016408920288086) q[1];\nrx(-1.3803601264953613) q[1];\nrz(-2.941096782684326) q[1];\nrz(2.39989972114563) q[2];\nrx(-0.42866677045822144) q[2];\nrz(-2.6019887924194336) q[2];\ncx q[0],q[2];\ncx q[2],q[0];\ncx q[0],q[2];\nx q[2];\nx q[0];\nrz(1.901474952697754) q[0];\nrx(-2.3955774307250977) q[0];\nrz(0.4301619529724121) q[0];\nrz(2.7474193572998047) q[1];\nrx(-2.4039411544799805) q[1];\nrz(-2.789655923843384) q[1];\nrz(2.1873934268951416) q[2];\nrx(2.0496702194213867) q[2];\nrz(-0.9514734745025635) q[2];"}