{"seed": 1555, "fidelity": 0.9996885657310486, "pqc_params": [[[-0.3253191113471985, 1.2068811655044556, -3.2574715614318848], [-3.1210744380950928, 0.4661375880241394, 1.1144256591796875], [-0.34446683526039124, -3.155940532684326, -1.4367804527282715]], [[0.14796172082424164, -0.11862772703170776, 2.625293016433716], [-0.04496006667613983, 0.13833919167518616, 0.43453022837638855], [2.8092987537384033, -0.17798712849617004, 3.1543140411376953]], [[-3.0080878734588623, -2.9292244911193848, -3.052569627761841], [1.8739275932312012, -2.4762766361236572, -2.8853869438171387], [2.85305118560791, 0.32581526041030884, 0.7563821077346802]], [[0.39443063735961914, 2.45163631439209, -0.836867094039917], [-3.5396857261657715, 3.021176338195801, -0.4259382486343384], [0.807749330997467, -2.638693332672119, -2.5642802715301514]]], "base_circuit_tokens": [["h", [0], []], ["h", [2], []], ["x", [0], []], ["h", [2], []], ["h", [2], []], ["h", [2], []], ["cx", [2, 0], []], ["x", [0], []], ["h", [2], []], ["h", [0], []], ["h", [0], []], ["h", [2], []], ["x", [0], []], ["cx", [2, 0], []], ["h", [2], []], ["h", [2], []], ["h", [2], []], ["x", [0], []], ["h", [2], []], ["h", [0], []]], "pqc_circuit_tokens": [["h", [0], []], ["h", [2], []], ["x", [0], []], ["h", [2], []], ["h", [2], []], ["rz", [0], [-0.3253191113471985]], ["rx", [0], [1.2068811655044556]], ["rz", [0], [-3.2574715614318848]], ["rz", [1], [-3.1210744380950928]], ["rx", [1], [0.4661375880241394]], ["rz", [1], [1.1144256591796875]], ["rz", [2], [-0.34446683526039124]], ["rx", [2], [-3.155940532684326]], ["rz", [2], [-1.4367804527282715]], ["h", [2], []], ["cx", [2, 0], []], ["x", [0], []], ["h", [2], []], ["h", [0], []], ["rz", [0], [0.14796172082424164]], ["rx", [0], [-0.11862772703170776]], ["rz", [0], [2.625293016433716]], ["rz", [1], [-0.04496006667613983]], ["rx", [1], [0.13833919167518616]], ["rz", [1], [0.43453022837638855]], ["rz", [2], [2.8092987537384033]], ["rx", [2], [-0.17798712849617004]], ["rz", [2], [3.1543140411376953]], ["h", [0], []], ["h", [2], []], ["x", [0], []], ["cx", [2, 0], []], ["h", [2], []], ["rz", [0], [-3.0080878734588623]], ["rx", [0], [-2.9292244911193848]], ["rz", [0], [-3.052569627761841]], ["rz", [1], [1.8739275932312012]], ["rx", [1], [-2.4762766361236572]], ["rz", [1], [-2.8853869438171387]], ["rz", [2], [2.85305118560791]], ["rx", [2], [0.32581526041030884]], ["rz", [2], [0.7563821077346802]], ["h", [2], []], ["h", [2], []], ["x", [0], []], ["h", [2], []], ["h", [0], []], ["rz", [0], [0.39443063735961914]], ["rx", [0], [2.45163631439209]], ["rz", [0], [-0.836867094039917]], ["rz", [1], [-3.5396857261657715]], ["rx", [1], [3.021176338195801]], ["rz", [1], [-0.4259382486343384]], ["rz", [2], [0.807749330997467]], ["rx", [2], [-2.638693332672119]], ["rz", [2], [-2.5642802715301514]]], "base_circuit_qasm": "OPENQASM 2.0;\ninclude \"qelib1.inc\";\nqreg q[3];\nh q[0];\nh q[2];\nx q[0];\nh q[2];\nh q[2];\nh q[2];\ncx q[2],q[0];\nx q[0];\nh q[2];\nh q[0];\nh q[0];\nh q[2];\nx q[0];\ncx q[2],q[0];\nh q[2];\nh q[2];\nh q[2];\nx q[0];\nh q[2];\nh q[0];", "pqc_circuit_qasm": "OPENQASM 2.0;\ninclude \"qelib1.inc\";\nqreg q[3];\nh q[0];\nh q[2];\nx q[0];\nh q[2];\nh q[2];\nrz(-0.3253191113471985) q[0];\nrx(1.2068811655044556) q[0];\nrz(-3.2574715614318848) q[0];\nrz(-3.1210744380950928) q[1];\nrx(0.4661375880241394) q[1];\nrz(1.1144256591796875) q[1];\nrz(-0.34446683526039124) q[2];\nrx(-3.155940532684326) q[2];\nrz(-1.4367804527282715) q[2];\nh q[2];\ncx q[2],q[0];\nx q[0];\nh q[2];\nh q[0];\nrz(0.14796172082424164) q[0];\nrx(-0.11862772703170776) q[0];\nrz(2.625293016433716) q[0];\nrz(-0.04496006667613983) q[1];\nrx(0.13833919167518616) q[1];\nrz(0.43453022837638855) q[1];\nrz(2.8092987537384033) q[2];\nrx(-0.17798712849617004) q[2];\nrz(3.1543140411376953) q[2];\nh q[0];\nh q[2];\nx q[0];\ncx q[2],q[0];\nh q[2];\nrz(-3.0080878734588623) q[0];\nrx(-2.9292244911193848) q[0];\nrz(-3.052569627761841) q[0];\nrz(1.8739275932312012) q[1];\nrx(-2.4762766361236572) q[1];\nrz(-2.8853869438171387) q[1];\nrz(2.85305118560791) q[2];\nrx(0.32581526041030884) q[2];\nrz(0.7563821077346802) q[2];\nh q[2];\nh q[2];\nx q[0];\nh q[2];\nh q[0];\nrz(0.39443063735961914) q[0];\nrx(2.45163631439209) q[0];\nrz(-0.836867094039917) q[0];\nrz(-3.5396857261657715) q[1];\nrx(3.021176338195801) q[1];\nrz(-0.4259382486343384) q[1];\nrz(0.807749330997467) q[2];\nrx(-2.638693332672119) q[2];\nrz(-2.5642802715301514) q[2];"}