{"seed": 1559, "fidelity": 0.9534568786621094, "pqc_params": [[[1.9515669345855713, -2.42677640914917, -1.8217693567276], [-2.258545160293579, 0.4284972846508026, 2.0998222827911377], [-0.502027690410614, 0.6022253632545471, 3.576653242111206]], [[0.26278454065322876, -0.087044358253479, 0.4563727378845215], [0.10443910211324692, 2.774329662322998, 0.18961410224437714], [1.8498401641845703, 0.19962207973003387, 0.8938780426979065]], [[0.4487268626689911, 2.0084240436553955, -0.8916680812835693], [2.024421215057373, 0.41450831294059753, 2.0975265502929688], [0.23931077122688293, 2.3424911499023438, -3.056910276412964]], [[-2.4655609130859375, -2.9008402824401855, 0.8246546983718872], [1.3498389720916748, -3.4034342765808105, -0.5001283288002014], [2.080353260040283, 3.036775827407837, 1.8380697965621948]]], "base_circuit_tokens": [["cx", [1, 2], []], ["cx", [1, 0], []], ["cx", [2, 0], []], ["h", [0], []], ["h", [0], []], ["h", [0], []], ["cx", [0, 1], []], ["x", [1], []], ["cx", [1, 2], []], ["cx", [0, 2], []], ["cx", [0, 2], []], ["cx", [1, 2], []], ["x", [1], []], ["cx", [0, 1], []], ["h", [0], []], ["h", [0], []], ["h", [0], []], ["cx", [2, 0], []], ["cx", [1, 0], []], ["cx", [1, 2], []]], "pqc_circuit_tokens": [["cx", [1, 2], []], ["cx", [1, 0], []], ["cx", [2, 0], []], ["h", [0], []], ["h", [0], []], ["rz", [0], [1.9515669345855713]], ["rx", [0], [-2.42677640914917]], ["rz", [0], [-1.8217693567276]], ["rz", [1], [-2.258545160293579]], ["rx", [1], [0.4284972846508026]], ["rz", [1], [2.0998222827911377]], ["rz", [2], [-0.502027690410614]], ["rx", [2], [0.6022253632545471]], ["rz", [2], [3.576653242111206]], ["h", [0], []], ["cx", [0, 1], []], ["x", [1], []], ["cx", [1, 2], []], ["cx", [0, 2], []], ["rz", [0], [0.26278454065322876]], ["rx", [0], [-0.087044358253479]], ["rz", [0], [0.4563727378845215]], ["rz", [1], [0.10443910211324692]], ["rx", [1], [2.774329662322998]], ["rz", [1], [0.18961410224437714]], ["rz", [2], [1.8498401641845703]], ["rx", [2], [0.19962207973003387]], ["rz", [2], [0.8938780426979065]], ["cx", [0, 2], []], ["cx", [1, 2], []], ["x", [1], []], ["cx", [0, 1], []], ["h", [0], []], ["rz", [0], [0.4487268626689911]], ["rx", [0], [2.0084240436553955]], ["rz", [0], [-0.8916680812835693]], ["rz", [1], [2.024421215057373]], ["rx", [1], [0.41450831294059753]], ["rz", [1], [2.0975265502929688]], ["rz", [2], [0.23931077122688293]], ["rx", [2], [2.3424911499023438]], ["rz", [2], [-3.056910276412964]], ["h", [0], []], ["h", [0], []], ["cx", [2, 0], []], ["cx", [1, 0], []], ["cx", [1, 2], []], ["rz", [0], [-2.4655609130859375]], ["rx", [0], [-2.9008402824401855]], ["rz", [0], [0.8246546983718872]], ["rz", [1], [1.3498389720916748]], ["rx", [1], [-3.4034342765808105]], ["rz", [1], [-0.5001283288002014]], ["rz", [2], [2.080353260040283]], ["rx", [2], [3.036775827407837]], ["rz", [2], [1.8380697965621948]]], "base_circuit_qasm": "OPENQASM 2.0;\ninclude \"qelib1.inc\";\nqreg q[3];\ncx q[1],q[2];\ncx q[1],q[0];\ncx q[2],q[0];\nh q[0];\nh q[0];\nh q[0];\ncx q[0],q[1];\nx q[1];\ncx q[1],q[2];\ncx q[0],q[2];\ncx q[0],q[2];\ncx q[1],q[2];\nx q[1];\ncx q[0],q[1];\nh q[0];\nh q[0];\nh q[0];\ncx q[2],q[0];\ncx q[1],q[0];\ncx q[1],q[2];", "pqc_circuit_qasm": "OPENQASM 2.0;\ninclude \"qelib1.inc\";\nqreg q[3];\ncx q[1],q[2];\ncx q[1],q[0];\ncx q[2],q[0];\nh q[0];\nh q[0];\nrz(1.9515669345855713) q[0];\nrx(-2.42677640914917) q[0];\nrz(-1.8217693567276) q[0];\nrz(-2.258545160293579) q[1];\nrx(0.4284972846508026) q[1];\nrz(2.0998222827911377) q[1];\nrz(-0.502027690410614) q[2];\nrx(0.6022253632545471) q[2];\nrz(3.576653242111206) q[2];\nh q[0];\ncx q[0],q[1];\nx q[1];\ncx q[1],q[2];\ncx q[0],q[2];\nrz(0.26278454065322876) q[0];\nrx(-0.087044358253479) q[0];\nrz(0.4563727378845215) q[0];\nrz(0.10443910211324692) q[1];\nrx(2.774329662322998) q[1];\nrz(0.18961410224437714) q[1];\nrz(1.8498401641845703) q[2];\nrx(0.19962207973003387) q[2];\nrz(0.8938780426979065) q[2];\ncx q[0],q[2];\ncx q[1],q[2];\nx q[1];\ncx q[0],q[1];\nh q[0];\nrz(0.4487268626689911) q[0];\nrx(2.0084240436553955) q[0];\nrz(-0.8916680812835693) q[0];\nrz(2.024421215057373) q[1];\nrx(0.41450831294059753) q[1];\nrz(2.0975265502929688) q[1];\nrz(0.23931077122688293) q[2];\nrx(2.3424911499023438) q[2];\nrz(-3.056910276412964) q[2];\nh q[0];\nh q[0];\ncx q[2],q[0];\ncx q[1],q[0];\ncx q[1],q[2];\nrz(-2.4655609130859375) q[0];\nrx(-2.9008402824401855) q[0];\nrz(0.8246546983718872) q[0];\nrz(1.3498389720916748) q[1];\nrx(-3.4034342765808105) q[1];\nrz(-0.5001283288002014) q[1];\nrz(2.080353260040283) q[2];\nrx(3.036775827407837) q[2];\nrz(1.8380697965621948) q[2];"}