{"seed": 1565, "fidelity": 0.9793427586555481, "pqc_params": [[[-0.3531455397605896, -2.363586664199829, 2.1134438514709473], [-1.3836790323257446, 0.011176740750670433, -2.223748207092285], [1.7975223064422607, -2.2018001079559326, -2.9770429134368896]], [[-1.0354440212249756, -0.35117796063423157, 0.9560987949371338], [-1.97682785987854, -0.5743792653083801, 1.5023642778396606], [-2.3391060829162598, 3.140876054763794, 0.917682945728302]], [[-1.145764708518982, 1.1125777959823608, -2.4551076889038086], [-2.3210184574127197, 2.4663193225860596, 0.4994271695613861], [-1.2124590873718262, 2.6919193267822266, -2.388045072555542]], [[-1.4712620973587036, 3.1457784175872803, -1.3651809692382812], [-0.20555411279201508, 3.0323269367218018, -0.3814740777015686], [-1.2097135782241821, -2.69047474861145, 1.381540298461914]]], "base_circuit_tokens": [["cx", [1, 0], []], ["x", [0], []], ["x", [2], []], ["x", [0], []], ["h", [2], []], ["x", [0], []], ["h", [1], []], ["h", [0], []], ["x", [2], []], ["cx", [0, 2], []], ["cx", [0, 2], []], ["x", [2], []], ["h", [0], []], ["h", [1], []], ["x", [0], []], ["h", [2], []], ["x", [0], []], ["x", [2], []], ["x", [0], []], ["cx", [1, 0], []]], "pqc_circuit_tokens": [["cx", [1, 0], []], ["x", [0], []], ["x", [2], []], ["x", [0], []], ["h", [2], []], ["rz", [0], [-0.3531455397605896]], ["rx", [0], [-2.363586664199829]], ["rz", [0], [2.1134438514709473]], ["rz", [1], [-1.3836790323257446]], ["rx", [1], [0.011176740750670433]], ["rz", [1], [-2.223748207092285]], ["rz", [2], [1.7975223064422607]], ["rx", [2], [-2.2018001079559326]], ["rz", [2], [-2.9770429134368896]], ["x", [0], []], ["h", [1], []], ["h", [0], []], ["x", [2], []], ["cx", [0, 2], []], ["rz", [0], [-1.0354440212249756]], ["rx", [0], [-0.35117796063423157]], ["rz", [0], [0.9560987949371338]], ["rz", [1], [-1.97682785987854]], ["rx", [1], [-0.5743792653083801]], ["rz", [1], [1.5023642778396606]], ["rz", [2], [-2.3391060829162598]], ["rx", [2], [3.140876054763794]], ["rz", [2], [0.917682945728302]], ["cx", [0, 2], []], ["x", [2], []], ["h", [0], []], ["h", [1], []], ["x", [0], []], ["rz", [0], [-1.145764708518982]], ["rx", [0], [1.1125777959823608]], ["rz", [0], [-2.4551076889038086]], ["rz", [1], [-2.3210184574127197]], ["rx", [1], [2.4663193225860596]], ["rz", [1], [0.4994271695613861]], ["rz", [2], [-1.2124590873718262]], ["rx", [2], [2.6919193267822266]], ["rz", [2], [-2.388045072555542]], ["h", [2], []], ["x", [0], []], ["x", [2], []], ["x", [0], []], ["cx", [1, 0], []], ["rz", [0], [-1.4712620973587036]], ["rx", [0], [3.1457784175872803]], ["rz", [0], [-1.3651809692382812]], ["rz", [1], [-0.20555411279201508]], ["rx", [1], [3.0323269367218018]], ["rz", [1], [-0.3814740777015686]], ["rz", [2], [-1.2097135782241821]], ["rx", [2], [-2.69047474861145]], ["rz", [2], [1.381540298461914]]], "base_circuit_qasm": "OPENQASM 2.0;\ninclude \"qelib1.inc\";\nqreg q[3];\ncx q[1],q[0];\nx q[0];\nx q[2];\nx q[0];\nh q[2];\nx q[0];\nh q[1];\nh q[0];\nx q[2];\ncx q[0],q[2];\ncx q[0],q[2];\nx q[2];\nh q[0];\nh q[1];\nx q[0];\nh q[2];\nx q[0];\nx q[2];\nx q[0];\ncx q[1],q[0];", "pqc_circuit_qasm": "OPENQASM 2.0;\ninclude \"qelib1.inc\";\nqreg q[3];\ncx q[1],q[0];\nx q[0];\nx q[2];\nx q[0];\nh q[2];\nrz(-0.3531455397605896) q[0];\nrx(-2.363586664199829) q[0];\nrz(2.1134438514709473) q[0];\nrz(-1.3836790323257446) q[1];\nrx(0.011176740750670433) q[1];\nrz(-2.223748207092285) q[1];\nrz(1.7975223064422607) q[2];\nrx(-2.2018001079559326) q[2];\nrz(-2.9770429134368896) q[2];\nx q[0];\nh q[1];\nh q[0];\nx q[2];\ncx q[0],q[2];\nrz(-1.0354440212249756) q[0];\nrx(-0.35117796063423157) q[0];\nrz(0.9560987949371338) q[0];\nrz(-1.97682785987854) q[1];\nrx(-0.5743792653083801) q[1];\nrz(1.5023642778396606) q[1];\nrz(-2.3391060829162598) q[2];\nrx(3.140876054763794) q[2];\nrz(0.917682945728302) q[2];\ncx q[0],q[2];\nx q[2];\nh q[0];\nh q[1];\nx q[0];\nrz(-1.145764708518982) q[0];\nrx(1.1125777959823608) q[0];\nrz(-2.4551076889038086) q[0];\nrz(-2.3210184574127197) q[1];\nrx(2.4663193225860596) q[1];\nrz(0.4994271695613861) q[1];\nrz(-1.2124590873718262) q[2];\nrx(2.6919193267822266) q[2];\nrz(-2.388045072555542) q[2];\nh q[2];\nx q[0];\nx q[2];\nx q[0];\ncx q[1],q[0];\nrz(-1.4712620973587036) q[0];\nrx(3.1457784175872803) q[0];\nrz(-1.3651809692382812) q[0];\nrz(-0.20555411279201508) q[1];\nrx(3.0323269367218018) q[1];\nrz(-0.3814740777015686) q[1];\nrz(-1.2097135782241821) q[2];\nrx(-2.69047474861145) q[2];\nrz(1.381540298461914) q[2];"}