{"seed": 161, "fidelity": 0.9902487993240356, "pqc_params": [[[3.085141897201538, 1.7158176898956299, 1.2004083395004272], [-1.4142615795135498, 2.0751430988311768, 0.17160513997077942], [-2.459580421447754, -1.0155197381973267, 2.7323598861694336]], [[-0.02202911116182804, -0.10492928326129913, -0.5465335249900818], [-1.6900196075439453, -2.990520715713501, 1.366491675376892], [2.855587959289551, 0.10366896539926529, 0.18351545929908752]], [[1.101021409034729, 1.5412976741790771, 0.900994598865509], [-2.1704323291778564, 1.4348526000976562, 0.9479605555534363], [0.6149060726165771, -0.7997819781303406, -0.6549317836761475]], [[-1.0758901834487915, -0.1504228562116623, -1.2075639963150024], [-3.1182949542999268, 1.3611667156219482, -3.0353550910949707], [3.5575475692749023, 0.015360730700194836, 1.8989917039871216]]], "base_circuit_tokens": [["x", [0], []], ["x", [1], []], ["h", [2], []], ["cx", [0, 1], []], ["x", [2], []], ["h", [0], []], ["cx", [2, 1], []], ["x", [2], []], ["cx", [0, 2], []], ["h", [1], []], ["h", [1], []], ["cx", [0, 2], []], ["x", [2], []], ["cx", [2, 1], []], ["h", [0], []], ["x", [2], []], ["cx", [0, 1], []], ["h", [2], []], ["x", [1], []], ["x", [0], []]], "pqc_circuit_tokens": [["x", [0], []], ["x", [1], []], ["h", [2], []], ["cx", [0, 1], []], ["x", [2], []], ["rz", [0], [3.085141897201538]], ["rx", [0], [1.7158176898956299]], ["rz", [0], [1.2004083395004272]], ["rz", [1], [-1.4142615795135498]], ["rx", [1], [2.0751430988311768]], ["rz", [1], [0.17160513997077942]], ["rz", [2], [-2.459580421447754]], ["rx", [2], [-1.0155197381973267]], ["rz", [2], [2.7323598861694336]], ["h", [0], []], ["cx", [2, 1], []], ["x", [2], []], ["cx", [0, 2], []], ["h", [1], []], ["rz", [0], [-0.02202911116182804]], ["rx", [0], [-0.10492928326129913]], ["rz", [0], [-0.5465335249900818]], ["rz", [1], [-1.6900196075439453]], ["rx", [1], [-2.990520715713501]], ["rz", [1], [1.366491675376892]], ["rz", [2], [2.855587959289551]], ["rx", [2], [0.10366896539926529]], ["rz", [2], [0.18351545929908752]], ["h", [1], []], ["cx", [0, 2], []], ["x", [2], []], ["cx", [2, 1], []], ["h", [0], []], ["rz", [0], [1.101021409034729]], ["rx", [0], [1.5412976741790771]], ["rz", [0], [0.900994598865509]], ["rz", [1], [-2.1704323291778564]], ["rx", [1], [1.4348526000976562]], ["rz", [1], [0.9479605555534363]], ["rz", [2], [0.6149060726165771]], ["rx", [2], [-0.7997819781303406]], ["rz", [2], [-0.6549317836761475]], ["x", [2], []], ["cx", [0, 1], []], ["h", [2], []], ["x", [1], []], ["x", [0], []], ["rz", [0], [-1.0758901834487915]], ["rx", [0], [-0.1504228562116623]], ["rz", [0], [-1.2075639963150024]], ["rz", [1], [-3.1182949542999268]], ["rx", [1], [1.3611667156219482]], ["rz", [1], [-3.0353550910949707]], ["rz", [2], [3.5575475692749023]], ["rx", [2], [0.015360730700194836]], ["rz", [2], [1.8989917039871216]]], "base_circuit_qasm": "OPENQASM 2.0;\ninclude \"qelib1.inc\";\nqreg q[3];\nx q[0];\nx q[1];\nh q[2];\ncx q[0],q[1];\nx q[2];\nh q[0];\ncx q[2],q[1];\nx q[2];\ncx q[0],q[2];\nh q[1];\nh q[1];\ncx q[0],q[2];\nx q[2];\ncx q[2],q[1];\nh q[0];\nx q[2];\ncx q[0],q[1];\nh q[2];\nx q[1];\nx q[0];", "pqc_circuit_qasm": "OPENQASM 2.0;\ninclude \"qelib1.inc\";\nqreg q[3];\nx q[0];\nx q[1];\nh q[2];\ncx q[0],q[1];\nx q[2];\nrz(3.085141897201538) q[0];\nrx(1.7158176898956299) q[0];\nrz(1.2004083395004272) q[0];\nrz(-1.4142615795135498) q[1];\nrx(2.0751430988311768) q[1];\nrz(0.17160513997077942) q[1];\nrz(-2.459580421447754) q[2];\nrx(-1.0155197381973267) q[2];\nrz(2.7323598861694336) q[2];\nh q[0];\ncx q[2],q[1];\nx q[2];\ncx q[0],q[2];\nh q[1];\nrz(-0.02202911116182804) q[0];\nrx(-0.10492928326129913) q[0];\nrz(-0.5465335249900818) q[0];\nrz(-1.6900196075439453) q[1];\nrx(-2.990520715713501) q[1];\nrz(1.366491675376892) q[1];\nrz(2.855587959289551) q[2];\nrx(0.10366896539926529) q[2];\nrz(0.18351545929908752) q[2];\nh q[1];\ncx q[0],q[2];\nx q[2];\ncx q[2],q[1];\nh q[0];\nrz(1.101021409034729) q[0];\nrx(1.5412976741790771) q[0];\nrz(0.900994598865509) q[0];\nrz(-2.1704323291778564) q[1];\nrx(1.4348526000976562) q[1];\nrz(0.9479605555534363) q[1];\nrz(0.6149060726165771) q[2];\nrx(-0.7997819781303406) q[2];\nrz(-0.6549317836761475) q[2];\nx q[2];\ncx q[0],q[1];\nh q[2];\nx q[1];\nx q[0];\nrz(-1.0758901834487915) q[0];\nrx(-0.1504228562116623) q[0];\nrz(-1.2075639963150024) q[0];\nrz(-3.1182949542999268) q[1];\nrx(1.3611667156219482) q[1];\nrz(-3.0353550910949707) q[1];\nrz(3.5575475692749023) q[2];\nrx(0.015360730700194836) q[2];\nrz(1.8989917039871216) q[2];"}