{"seed": 1615, "fidelity": 0.999958336353302, "pqc_params": [[[-1.8542968034744263, 2.4475338459014893, 3.3056628704071045], [2.28383207321167, 0.9107118248939514, -0.05752963200211525], [1.6502641439437866, -0.8028092980384827, 1.5013047456741333]], [[-1.508826732635498, 0.021083107218146324, -1.942567229270935], [3.0250394344329834, 2.3416645526885986, -0.010625464841723442], [-2.4579148292541504, 2.0670886039733887, 0.18499548733234406]], [[0.012042648158967495, 0.6086940765380859, -1.2067229747772217], [-2.6386613845825195, -2.8221664428710938, -0.4250447154045105], [-0.39935269951820374, -1.0131641626358032, -1.275942325592041]], [[0.21574413776397705, -0.11153803765773773, 2.3354716300964355], [2.6363167762756348, 2.027409791946411, -2.062631607055664], [1.662064790725708, -1.5204081535339355, -0.8788365721702576]]], "base_circuit_tokens": [["h", [0], []], ["x", [0], []], ["x", [1], []], ["h", [0], []], ["h", [1], []], ["cx", [0, 1], []], ["x", [2], []], ["x", [2], []], ["h", [0], []], ["h", [2], []], ["h", [2], []], ["h", [0], []], ["x", [2], []], ["x", [2], []], ["cx", [0, 1], []], ["h", [1], []], ["h", [0], []], ["x", [1], []], ["x", [0], []], ["h", [0], []]], "pqc_circuit_tokens": [["h", [0], []], ["x", [0], []], ["x", [1], []], ["h", [0], []], ["h", [1], []], ["rz", [0], [-1.8542968034744263]], ["rx", [0], [2.4475338459014893]], ["rz", [0], [3.3056628704071045]], ["rz", [1], [2.28383207321167]], ["rx", [1], [0.9107118248939514]], ["rz", [1], [-0.05752963200211525]], ["rz", [2], [1.6502641439437866]], ["rx", [2], [-0.8028092980384827]], ["rz", [2], [1.5013047456741333]], ["cx", [0, 1], []], ["x", [2], []], ["x", [2], []], ["h", [0], []], ["h", [2], []], ["rz", [0], [-1.508826732635498]], ["rx", [0], [0.021083107218146324]], ["rz", [0], [-1.942567229270935]], ["rz", [1], [3.0250394344329834]], ["rx", [1], [2.3416645526885986]], ["rz", [1], [-0.010625464841723442]], ["rz", [2], [-2.4579148292541504]], ["rx", [2], [2.0670886039733887]], ["rz", [2], [0.18499548733234406]], ["h", [2], []], ["h", [0], []], ["x", [2], []], ["x", [2], []], ["cx", [0, 1], []], ["rz", [0], [0.012042648158967495]], ["rx", [0], [0.6086940765380859]], ["rz", [0], [-1.2067229747772217]], ["rz", [1], [-2.6386613845825195]], ["rx", [1], [-2.8221664428710938]], ["rz", [1], [-0.4250447154045105]], ["rz", [2], [-0.39935269951820374]], ["rx", [2], [-1.0131641626358032]], ["rz", [2], [-1.275942325592041]], ["h", [1], []], ["h", [0], []], ["x", [1], []], ["x", [0], []], ["h", [0], []], ["rz", [0], [0.21574413776397705]], ["rx", [0], [-0.11153803765773773]], ["rz", [0], [2.3354716300964355]], ["rz", [1], [2.6363167762756348]], ["rx", [1], [2.027409791946411]], ["rz", [1], [-2.062631607055664]], ["rz", [2], [1.662064790725708]], ["rx", [2], [-1.5204081535339355]], ["rz", [2], [-0.8788365721702576]]], "base_circuit_qasm": "OPENQASM 2.0;\ninclude \"qelib1.inc\";\nqreg q[3];\nh q[0];\nx q[0];\nx q[1];\nh q[0];\nh q[1];\ncx q[0],q[1];\nx q[2];\nx q[2];\nh q[0];\nh q[2];\nh q[2];\nh q[0];\nx q[2];\nx q[2];\ncx q[0],q[1];\nh q[1];\nh q[0];\nx q[1];\nx q[0];\nh q[0];", "pqc_circuit_qasm": "OPENQASM 2.0;\ninclude \"qelib1.inc\";\nqreg q[3];\nh q[0];\nx q[0];\nx q[1];\nh q[0];\nh q[1];\nrz(-1.8542968034744263) q[0];\nrx(2.4475338459014893) q[0];\nrz(3.3056628704071045) q[0];\nrz(2.28383207321167) q[1];\nrx(0.9107118248939514) q[1];\nrz(-0.05752963200211525) q[1];\nrz(1.6502641439437866) q[2];\nrx(-0.8028092980384827) q[2];\nrz(1.5013047456741333) q[2];\ncx q[0],q[1];\nx q[2];\nx q[2];\nh q[0];\nh q[2];\nrz(-1.508826732635498) q[0];\nrx(0.021083107218146324) q[0];\nrz(-1.942567229270935) q[0];\nrz(3.0250394344329834) q[1];\nrx(2.3416645526885986) q[1];\nrz(-0.010625464841723442) q[1];\nrz(-2.4579148292541504) q[2];\nrx(2.0670886039733887) q[2];\nrz(0.18499548733234406) q[2];\nh q[2];\nh q[0];\nx q[2];\nx q[2];\ncx q[0],q[1];\nrz(0.012042648158967495) q[0];\nrx(0.6086940765380859) q[0];\nrz(-1.2067229747772217) q[0];\nrz(-2.6386613845825195) q[1];\nrx(-2.8221664428710938) q[1];\nrz(-0.4250447154045105) q[1];\nrz(-0.39935269951820374) q[2];\nrx(-1.0131641626358032) q[2];\nrz(-1.275942325592041) q[2];\nh q[1];\nh q[0];\nx q[1];\nx q[0];\nh q[0];\nrz(0.21574413776397705) q[0];\nrx(-0.11153803765773773) q[0];\nrz(2.3354716300964355) q[0];\nrz(2.6363167762756348) q[1];\nrx(2.027409791946411) q[1];\nrz(-2.062631607055664) q[1];\nrz(1.662064790725708) q[2];\nrx(-1.5204081535339355) q[2];\nrz(-0.8788365721702576) q[2];"}