{"seed": 1616, "fidelity": 0.9995574951171875, "pqc_params": [[[-0.6170636415481567, -2.875457763671875, -1.6818647384643555], [-2.2055909633636475, 2.015716314315796, 2.4959027767181396], [-2.9540629386901855, 3.510310173034668, 0.4607745409011841]], [[-2.588762044906616, -0.0011517324019223452, -3.798203468322754], [-1.9349466562271118, -1.698762059211731, -0.0835774689912796], [-3.0632073879241943, -2.9920811653137207, -2.9650282859802246]], [[1.0853676795959473, -0.9912980198860168, 1.4589457511901855], [2.0950403213500977, -1.155294418334961, -3.27211332321167], [1.9941983222961426, -0.10704810172319412, 1.8935537338256836]], [[2.0791938304901123, 2.4802663326263428, -2.467724323272705], [0.12470278143882751, -3.2689719200134277, 1.9012706279754639], [0.29871463775634766, -0.0830671638250351, -1.2858515977859497]]], "base_circuit_tokens": [["x", [1], []], ["h", [2], []], ["x", [1], []], ["h", [2], []], ["h", [1], []], ["h", [0], []], ["h", [2], []], ["x", [2], []], ["cx", [2, 0], []], ["h", [2], []], ["h", [2], []], ["cx", [2, 0], []], ["x", [2], []], ["h", [2], []], ["h", [0], []], ["h", [1], []], ["h", [2], []], ["x", [1], []], ["h", [2], []], ["x", [1], []]], "pqc_circuit_tokens": [["x", [1], []], ["h", [2], []], ["x", [1], []], ["h", [2], []], ["h", [1], []], ["rz", [0], [-0.6170636415481567]], ["rx", [0], [-2.875457763671875]], ["rz", [0], [-1.6818647384643555]], ["rz", [1], [-2.2055909633636475]], ["rx", [1], [2.015716314315796]], ["rz", [1], [2.4959027767181396]], ["rz", [2], [-2.9540629386901855]], ["rx", [2], [3.510310173034668]], ["rz", [2], [0.4607745409011841]], ["h", [0], []], ["h", [2], []], ["x", [2], []], ["cx", [2, 0], []], ["h", [2], []], ["rz", [0], [-2.588762044906616]], ["rx", [0], [-0.0011517324019223452]], ["rz", [0], [-3.798203468322754]], ["rz", [1], [-1.9349466562271118]], ["rx", [1], [-1.698762059211731]], ["rz", [1], [-0.0835774689912796]], ["rz", [2], [-3.0632073879241943]], ["rx", [2], [-2.9920811653137207]], ["rz", [2], [-2.9650282859802246]], ["h", [2], []], ["cx", [2, 0], []], ["x", [2], []], ["h", [2], []], ["h", [0], []], ["rz", [0], [1.0853676795959473]], ["rx", [0], [-0.9912980198860168]], ["rz", [0], [1.4589457511901855]], ["rz", [1], [2.0950403213500977]], ["rx", [1], [-1.155294418334961]], ["rz", [1], [-3.27211332321167]], ["rz", [2], [1.9941983222961426]], ["rx", [2], [-0.10704810172319412]], ["rz", [2], [1.8935537338256836]], ["h", [1], []], ["h", [2], []], ["x", [1], []], ["h", [2], []], ["x", [1], []], ["rz", [0], [2.0791938304901123]], ["rx", [0], [2.4802663326263428]], ["rz", [0], [-2.467724323272705]], ["rz", [1], [0.12470278143882751]], ["rx", [1], [-3.2689719200134277]], ["rz", [1], [1.9012706279754639]], ["rz", [2], [0.29871463775634766]], ["rx", [2], [-0.0830671638250351]], ["rz", [2], [-1.2858515977859497]]], "base_circuit_qasm": "OPENQASM 2.0;\ninclude \"qelib1.inc\";\nqreg q[3];\nx q[1];\nh q[2];\nx q[1];\nh q[2];\nh q[1];\nh q[0];\nh q[2];\nx q[2];\ncx q[2],q[0];\nh q[2];\nh q[2];\ncx q[2],q[0];\nx q[2];\nh q[2];\nh q[0];\nh q[1];\nh q[2];\nx q[1];\nh q[2];\nx q[1];", "pqc_circuit_qasm": "OPENQASM 2.0;\ninclude \"qelib1.inc\";\nqreg q[3];\nx q[1];\nh q[2];\nx q[1];\nh q[2];\nh q[1];\nrz(-0.6170636415481567) q[0];\nrx(-2.875457763671875) q[0];\nrz(-1.6818647384643555) q[0];\nrz(-2.2055909633636475) q[1];\nrx(2.015716314315796) q[1];\nrz(2.4959027767181396) q[1];\nrz(-2.9540629386901855) q[2];\nrx(3.510310173034668) q[2];\nrz(0.4607745409011841) q[2];\nh q[0];\nh q[2];\nx q[2];\ncx q[2],q[0];\nh q[2];\nrz(-2.588762044906616) q[0];\nrx(-0.0011517324019223452) q[0];\nrz(-3.798203468322754) q[0];\nrz(-1.9349466562271118) q[1];\nrx(-1.698762059211731) q[1];\nrz(-0.0835774689912796) q[1];\nrz(-3.0632073879241943) q[2];\nrx(-2.9920811653137207) q[2];\nrz(-2.9650282859802246) q[2];\nh q[2];\ncx q[2],q[0];\nx q[2];\nh q[2];\nh q[0];\nrz(1.0853676795959473) q[0];\nrx(-0.9912980198860168) q[0];\nrz(1.4589457511901855) q[0];\nrz(2.0950403213500977) q[1];\nrx(-1.155294418334961) q[1];\nrz(-3.27211332321167) q[1];\nrz(1.9941983222961426) q[2];\nrx(-0.10704810172319412) q[2];\nrz(1.8935537338256836) q[2];\nh q[1];\nh q[2];\nx q[1];\nh q[2];\nx q[1];\nrz(2.0791938304901123) q[0];\nrx(2.4802663326263428) q[0];\nrz(-2.467724323272705) q[0];\nrz(0.12470278143882751) q[1];\nrx(-3.2689719200134277) q[1];\nrz(1.9012706279754639) q[1];\nrz(0.29871463775634766) q[2];\nrx(-0.0830671638250351) q[2];\nrz(-1.2858515977859497) q[2];"}