{"seed": 1623, "fidelity": 0.9993745684623718, "pqc_params": [[[-0.0959712490439415, 2.4436440467834473, -0.11085512489080429], [-3.974273443222046, 0.37362322211265564, -0.8845325112342834], [-1.4242565631866455, 2.2306911945343018, -2.985908031463623]], [[0.199525386095047, 3.0465853214263916, 0.8599068522453308], [-0.8029719591140747, 2.00156307220459, 2.36507248878479], [2.384153366088867, -2.20511531829834, -2.6749441623687744]], [[-3.3453755378723145, -1.8912839889526367, 0.018039479851722717], [-0.5593452453613281, -0.6915625929832458, -1.2143276929855347], [-1.9899173974990845, 0.525658905506134, -2.4556169509887695]], [[-0.1046181470155716, 2.2911884784698486, -3.1397788524627686], [1.64790940284729, 3.140317916870117, -1.3888441324234009], [-2.9872286319732666, 0.10166492313146591, -0.673875093460083]]], "base_circuit_tokens": [["cx", [2, 0], []], ["h", [2], []], ["cx", [2, 1], []], ["x", [0], []], ["cx", [0, 1], []], ["x", [2], []], ["h", [2], []], ["h", [2], []], ["h", [0], []], ["cx", [0, 1], []], ["cx", [0, 1], []], ["h", [0], []], ["h", [2], []], ["h", [2], []], ["x", [2], []], ["cx", [0, 1], []], ["x", [0], []], ["cx", [2, 1], []], ["h", [2], []], ["cx", [2, 0], []]], "pqc_circuit_tokens": [["cx", [2, 0], []], ["h", [2], []], ["cx", [2, 1], []], ["x", [0], []], ["cx", [0, 1], []], ["rz", [0], [-0.0959712490439415]], ["rx", [0], [2.4436440467834473]], ["rz", [0], [-0.11085512489080429]], ["rz", [1], [-3.974273443222046]], ["rx", [1], [0.37362322211265564]], ["rz", [1], [-0.8845325112342834]], ["rz", [2], [-1.4242565631866455]], ["rx", [2], [2.2306911945343018]], ["rz", [2], [-2.985908031463623]], ["x", [2], []], ["h", [2], []], ["h", [2], []], ["h", [0], []], ["cx", [0, 1], []], ["rz", [0], [0.199525386095047]], ["rx", [0], [3.0465853214263916]], ["rz", [0], [0.8599068522453308]], ["rz", [1], [-0.8029719591140747]], ["rx", [1], [2.00156307220459]], ["rz", [1], [2.36507248878479]], ["rz", [2], [2.384153366088867]], ["rx", [2], [-2.20511531829834]], ["rz", [2], [-2.6749441623687744]], ["cx", [0, 1], []], ["h", [0], []], ["h", [2], []], ["h", [2], []], ["x", [2], []], ["rz", [0], [-3.3453755378723145]], ["rx", [0], [-1.8912839889526367]], ["rz", [0], [0.018039479851722717]], ["rz", [1], [-0.5593452453613281]], ["rx", [1], [-0.6915625929832458]], ["rz", [1], [-1.2143276929855347]], ["rz", [2], [-1.9899173974990845]], ["rx", [2], [0.525658905506134]], ["rz", [2], [-2.4556169509887695]], ["cx", [0, 1], []], ["x", [0], []], ["cx", [2, 1], []], ["h", [2], []], ["cx", [2, 0], []], ["rz", [0], [-0.1046181470155716]], ["rx", [0], [2.2911884784698486]], ["rz", [0], [-3.1397788524627686]], ["rz", [1], [1.64790940284729]], ["rx", [1], [3.140317916870117]], ["rz", [1], [-1.3888441324234009]], ["rz", [2], [-2.9872286319732666]], ["rx", [2], [0.10166492313146591]], ["rz", [2], [-0.673875093460083]]], "base_circuit_qasm": "OPENQASM 2.0;\ninclude \"qelib1.inc\";\nqreg q[3];\ncx q[2],q[0];\nh q[2];\ncx q[2],q[1];\nx q[0];\ncx q[0],q[1];\nx q[2];\nh q[2];\nh q[2];\nh q[0];\ncx q[0],q[1];\ncx q[0],q[1];\nh q[0];\nh q[2];\nh q[2];\nx q[2];\ncx q[0],q[1];\nx q[0];\ncx q[2],q[1];\nh q[2];\ncx q[2],q[0];", "pqc_circuit_qasm": "OPENQASM 2.0;\ninclude \"qelib1.inc\";\nqreg q[3];\ncx q[2],q[0];\nh q[2];\ncx q[2],q[1];\nx q[0];\ncx q[0],q[1];\nrz(-0.0959712490439415) q[0];\nrx(2.4436440467834473) q[0];\nrz(-0.11085512489080429) q[0];\nrz(-3.974273443222046) q[1];\nrx(0.37362322211265564) q[1];\nrz(-0.8845325112342834) q[1];\nrz(-1.4242565631866455) q[2];\nrx(2.2306911945343018) q[2];\nrz(-2.985908031463623) q[2];\nx q[2];\nh q[2];\nh q[2];\nh q[0];\ncx q[0],q[1];\nrz(0.199525386095047) q[0];\nrx(3.0465853214263916) q[0];\nrz(0.8599068522453308) q[0];\nrz(-0.8029719591140747) q[1];\nrx(2.00156307220459) q[1];\nrz(2.36507248878479) q[1];\nrz(2.384153366088867) q[2];\nrx(-2.20511531829834) q[2];\nrz(-2.6749441623687744) q[2];\ncx q[0],q[1];\nh q[0];\nh q[2];\nh q[2];\nx q[2];\nrz(-3.3453755378723145) q[0];\nrx(-1.8912839889526367) q[0];\nrz(0.018039479851722717) q[0];\nrz(-0.5593452453613281) q[1];\nrx(-0.6915625929832458) q[1];\nrz(-1.2143276929855347) q[1];\nrz(-1.9899173974990845) q[2];\nrx(0.525658905506134) q[2];\nrz(-2.4556169509887695) q[2];\ncx q[0],q[1];\nx q[0];\ncx q[2],q[1];\nh q[2];\ncx q[2],q[0];\nrz(-0.1046181470155716) q[0];\nrx(2.2911884784698486) q[0];\nrz(-3.1397788524627686) q[0];\nrz(1.64790940284729) q[1];\nrx(3.140317916870117) q[1];\nrz(-1.3888441324234009) q[1];\nrz(-2.9872286319732666) q[2];\nrx(0.10166492313146591) q[2];\nrz(-0.673875093460083) q[2];"}