{"seed": 1625, "fidelity": 0.9998664855957031, "pqc_params": [[[-1.8310247659683228, 0.5144102573394775, -1.4854377508163452], [1.0209572315216064, 1.5148096084594727, -2.989224672317505], [0.25165778398513794, 1.6316699981689453, 2.5704500675201416]], [[3.2974905967712402, 1.2426648139953613, 0.7548016905784607], [3.0370330810546875, 1.6949784755706787, 0.00012128178059356287], [-2.809113025665283, 0.4307059645652771, -2.4223902225494385]], [[1.6588534116744995, 0.9496377110481262, -2.353489398956299], [1.0317320823669434, 2.866051197052002, -0.38972294330596924], [-1.7750524282455444, 0.06832100450992584, 1.1383100748062134]], [[-0.10456449538469315, -1.7991900444030762, -3.141439437866211], [2.638598918914795, -3.215451717376709, 2.7445530891418457], [-0.8380718231201172, -0.606036901473999, -1.2185934782028198]]], "base_circuit_tokens": [["h", [1], []], ["cx", [1, 0], []], ["h", [0], []], ["h", [2], []], ["h", [0], []], ["h", [0], []], ["cx", [2, 1], []], ["h", [2], []], ["h", [2], []], ["x", [0], []], ["x", [0], []], ["h", [2], []], ["h", [2], []], ["cx", [2, 1], []], ["h", [0], []], ["h", [0], []], ["h", [2], []], ["h", [0], []], ["cx", [1, 0], []], ["h", [1], []]], "pqc_circuit_tokens": [["h", [1], []], ["cx", [1, 0], []], ["h", [0], []], ["h", [2], []], ["h", [0], []], ["rz", [0], [-1.8310247659683228]], ["rx", [0], [0.5144102573394775]], ["rz", [0], [-1.4854377508163452]], ["rz", [1], [1.0209572315216064]], ["rx", [1], [1.5148096084594727]], ["rz", [1], [-2.989224672317505]], ["rz", [2], [0.25165778398513794]], ["rx", [2], [1.6316699981689453]], ["rz", [2], [2.5704500675201416]], ["h", [0], []], ["cx", [2, 1], []], ["h", [2], []], ["h", [2], []], ["x", [0], []], ["rz", [0], [3.2974905967712402]], ["rx", [0], [1.2426648139953613]], ["rz", [0], [0.7548016905784607]], ["rz", [1], [3.0370330810546875]], ["rx", [1], [1.6949784755706787]], ["rz", [1], [0.00012128178059356287]], ["rz", [2], [-2.809113025665283]], ["rx", [2], [0.4307059645652771]], ["rz", [2], [-2.4223902225494385]], ["x", [0], []], ["h", [2], []], ["h", [2], []], ["cx", [2, 1], []], ["h", [0], []], ["rz", [0], [1.6588534116744995]], ["rx", [0], [0.9496377110481262]], ["rz", [0], [-2.353489398956299]], ["rz", [1], [1.0317320823669434]], ["rx", [1], [2.866051197052002]], ["rz", [1], [-0.38972294330596924]], ["rz", [2], [-1.7750524282455444]], ["rx", [2], [0.06832100450992584]], ["rz", [2], [1.1383100748062134]], ["h", [0], []], ["h", [2], []], ["h", [0], []], ["cx", [1, 0], []], ["h", [1], []], ["rz", [0], [-0.10456449538469315]], ["rx", [0], [-1.7991900444030762]], ["rz", [0], [-3.141439437866211]], ["rz", [1], [2.638598918914795]], ["rx", [1], [-3.215451717376709]], ["rz", [1], [2.7445530891418457]], ["rz", [2], [-0.8380718231201172]], ["rx", [2], [-0.606036901473999]], ["rz", [2], [-1.2185934782028198]]], "base_circuit_qasm": "OPENQASM 2.0;\ninclude \"qelib1.inc\";\nqreg q[3];\nh q[1];\ncx q[1],q[0];\nh q[0];\nh q[2];\nh q[0];\nh q[0];\ncx q[2],q[1];\nh q[2];\nh q[2];\nx q[0];\nx q[0];\nh q[2];\nh q[2];\ncx q[2],q[1];\nh q[0];\nh q[0];\nh q[2];\nh q[0];\ncx q[1],q[0];\nh q[1];", "pqc_circuit_qasm": "OPENQASM 2.0;\ninclude \"qelib1.inc\";\nqreg q[3];\nh q[1];\ncx q[1],q[0];\nh q[0];\nh q[2];\nh q[0];\nrz(-1.8310247659683228) q[0];\nrx(0.5144102573394775) q[0];\nrz(-1.4854377508163452) q[0];\nrz(1.0209572315216064) q[1];\nrx(1.5148096084594727) q[1];\nrz(-2.989224672317505) q[1];\nrz(0.25165778398513794) q[2];\nrx(1.6316699981689453) q[2];\nrz(2.5704500675201416) q[2];\nh q[0];\ncx q[2],q[1];\nh q[2];\nh q[2];\nx q[0];\nrz(3.2974905967712402) q[0];\nrx(1.2426648139953613) q[0];\nrz(0.7548016905784607) q[0];\nrz(3.0370330810546875) q[1];\nrx(1.6949784755706787) q[1];\nrz(0.00012128178059356287) q[1];\nrz(-2.809113025665283) q[2];\nrx(0.4307059645652771) q[2];\nrz(-2.4223902225494385) q[2];\nx q[0];\nh q[2];\nh q[2];\ncx q[2],q[1];\nh q[0];\nrz(1.6588534116744995) q[0];\nrx(0.9496377110481262) q[0];\nrz(-2.353489398956299) q[0];\nrz(1.0317320823669434) q[1];\nrx(2.866051197052002) q[1];\nrz(-0.38972294330596924) q[1];\nrz(-1.7750524282455444) q[2];\nrx(0.06832100450992584) q[2];\nrz(1.1383100748062134) q[2];\nh q[0];\nh q[2];\nh q[0];\ncx q[1],q[0];\nh q[1];\nrz(-0.10456449538469315) q[0];\nrx(-1.7991900444030762) q[0];\nrz(-3.141439437866211) q[0];\nrz(2.638598918914795) q[1];\nrx(-3.215451717376709) q[1];\nrz(2.7445530891418457) q[1];\nrz(-0.8380718231201172) q[2];\nrx(-0.606036901473999) q[2];\nrz(-1.2185934782028198) q[2];"}