{"seed": 1630, "fidelity": 0.9998177886009216, "pqc_params": [[[0.32710543274879456, -1.2153979539871216, 3.638274669647217], [-0.16164274513721466, -0.12145660817623138, -0.0529894158244133], [0.8927600383758545, 2.6340761184692383, -1.2232121229171753]], [[2.3779876232147217, -0.9966761469841003, -2.6877548694610596], [0.000797693501226604, 0.2010129690170288, 2.6723978519439697], [1.7664040327072144, -2.2080307006835938, -0.25543832778930664]], [[-0.15269562602043152, -2.20196270942688, -0.16124369204044342], [-2.15956449508667, 3.227895975112915, 0.665614902973175], [-2.556018352508545, -1.8814254999160767, -0.227176696062088]], [[-0.6940150856971741, 3.1829147338867188, 2.5545170307159424], [-2.872523307800293, 0.029541000723838806, 0.06620365381240845], [-0.23702439665794373, -3.452280044555664, 0.47975364327430725]]], "base_circuit_tokens": [["h", [0], []], ["h", [0], []], ["x", [2], []], ["cx", [2, 0], []], ["x", [2], []], ["x", [2], []], ["x", [1], []], ["h", [2], []], ["x", [1], []], ["h", [1], []], ["h", [1], []], ["x", [1], []], ["h", [2], []], ["x", [1], []], ["x", [2], []], ["x", [2], []], ["cx", [2, 0], []], ["x", [2], []], ["h", [0], []], ["h", [0], []]], "pqc_circuit_tokens": [["h", [0], []], ["h", [0], []], ["x", [2], []], ["cx", [2, 0], []], ["x", [2], []], ["rz", [0], [0.32710543274879456]], ["rx", [0], [-1.2153979539871216]], ["rz", [0], [3.638274669647217]], ["rz", [1], [-0.16164274513721466]], ["rx", [1], [-0.12145660817623138]], ["rz", [1], [-0.0529894158244133]], ["rz", [2], [0.8927600383758545]], ["rx", [2], [2.6340761184692383]], ["rz", [2], [-1.2232121229171753]], ["x", [2], []], ["x", [1], []], ["h", [2], []], ["x", [1], []], ["h", [1], []], ["rz", [0], [2.3779876232147217]], ["rx", [0], [-0.9966761469841003]], ["rz", [0], [-2.6877548694610596]], ["rz", [1], [0.000797693501226604]], ["rx", [1], [0.2010129690170288]], ["rz", [1], [2.6723978519439697]], ["rz", [2], [1.7664040327072144]], ["rx", [2], [-2.2080307006835938]], ["rz", [2], [-0.25543832778930664]], ["h", [1], []], ["x", [1], []], ["h", [2], []], ["x", [1], []], ["x", [2], []], ["rz", [0], [-0.15269562602043152]], ["rx", [0], [-2.20196270942688]], ["rz", [0], [-0.16124369204044342]], ["rz", [1], [-2.15956449508667]], ["rx", [1], [3.227895975112915]], ["rz", [1], [0.665614902973175]], ["rz", [2], [-2.556018352508545]], ["rx", [2], [-1.8814254999160767]], ["rz", [2], [-0.227176696062088]], ["x", [2], []], ["cx", [2, 0], []], ["x", [2], []], ["h", [0], []], ["h", [0], []], ["rz", [0], [-0.6940150856971741]], ["rx", [0], [3.1829147338867188]], ["rz", [0], [2.5545170307159424]], ["rz", [1], [-2.872523307800293]], ["rx", [1], [0.029541000723838806]], ["rz", [1], [0.06620365381240845]], ["rz", [2], [-0.23702439665794373]], ["rx", [2], [-3.452280044555664]], ["rz", [2], [0.47975364327430725]]], "base_circuit_qasm": "OPENQASM 2.0;\ninclude \"qelib1.inc\";\nqreg q[3];\nh q[0];\nh q[0];\nx q[2];\ncx q[2],q[0];\nx q[2];\nx q[2];\nx q[1];\nh q[2];\nx q[1];\nh q[1];\nh q[1];\nx q[1];\nh q[2];\nx q[1];\nx q[2];\nx q[2];\ncx q[2],q[0];\nx q[2];\nh q[0];\nh q[0];", "pqc_circuit_qasm": "OPENQASM 2.0;\ninclude \"qelib1.inc\";\nqreg q[3];\nh q[0];\nh q[0];\nx q[2];\ncx q[2],q[0];\nx q[2];\nrz(0.32710543274879456) q[0];\nrx(-1.2153979539871216) q[0];\nrz(3.638274669647217) q[0];\nrz(-0.16164274513721466) q[1];\nrx(-0.12145660817623138) q[1];\nrz(-0.0529894158244133) q[1];\nrz(0.8927600383758545) q[2];\nrx(2.6340761184692383) q[2];\nrz(-1.2232121229171753) q[2];\nx q[2];\nx q[1];\nh q[2];\nx q[1];\nh q[1];\nrz(2.3779876232147217) q[0];\nrx(-0.9966761469841003) q[0];\nrz(-2.6877548694610596) q[0];\nrz(0.000797693501226604) q[1];\nrx(0.2010129690170288) q[1];\nrz(2.6723978519439697) q[1];\nrz(1.7664040327072144) q[2];\nrx(-2.2080307006835938) q[2];\nrz(-0.25543832778930664) q[2];\nh q[1];\nx q[1];\nh q[2];\nx q[1];\nx q[2];\nrz(-0.15269562602043152) q[0];\nrx(-2.20196270942688) q[0];\nrz(-0.16124369204044342) q[0];\nrz(-2.15956449508667) q[1];\nrx(3.227895975112915) q[1];\nrz(0.665614902973175) q[1];\nrz(-2.556018352508545) q[2];\nrx(-1.8814254999160767) q[2];\nrz(-0.227176696062088) q[2];\nx q[2];\ncx q[2],q[0];\nx q[2];\nh q[0];\nh q[0];\nrz(-0.6940150856971741) q[0];\nrx(3.1829147338867188) q[0];\nrz(2.5545170307159424) q[0];\nrz(-2.872523307800293) q[1];\nrx(0.029541000723838806) q[1];\nrz(0.06620365381240845) q[1];\nrz(-0.23702439665794373) q[2];\nrx(-3.452280044555664) q[2];\nrz(0.47975364327430725) q[2];"}