{"seed": 1652, "fidelity": 0.999867856502533, "pqc_params": [[[0.17301419377326965, -2.63258695602417, -2.7647926807403564], [0.4959975481033325, -0.20666135847568512, -3.131481647491455], [2.066200017929077, -2.123732805252075, -1.3694061040878296]], [[-3.2231059074401855, -3.035231113433838, 0.01780429109930992], [2.826455593109131, 2.077883720397949, -0.24384985864162445], [-2.1071295738220215, 1.9932838678359985, 0.5975334644317627]], [[2.5761451721191406, 0.6877603530883789, -2.9714298248291016], [2.58947491645813, -1.412750244140625, -0.30242809653282166], [0.2297360599040985, 1.035298466682434, -3.1701505184173584]], [[-0.9725306630134583, 3.1452159881591797, -1.9652531147003174], [-1.131112813949585, 0.5003840327262878, -2.4427549839019775], [-0.8016532063484192, -1.3880804777145386, -1.3391544818878174]]], "base_circuit_tokens": [["h", [1], []], ["h", [0], []], ["h", [0], []], ["h", [0], []], ["h", [1], []], ["cx", [0, 1], []], ["h", [1], []], ["h", [2], []], ["h", [1], []], ["h", [2], []], ["h", [2], []], ["h", [1], []], ["h", [2], []], ["h", [1], []], ["cx", [0, 1], []], ["h", [1], []], ["h", [0], []], ["h", [0], []], ["h", [0], []], ["h", [1], []]], "pqc_circuit_tokens": [["h", [1], []], ["h", [0], []], ["h", [0], []], ["h", [0], []], ["h", [1], []], ["rz", [0], [0.17301419377326965]], ["rx", [0], [-2.63258695602417]], ["rz", [0], [-2.7647926807403564]], ["rz", [1], [0.4959975481033325]], ["rx", [1], [-0.20666135847568512]], ["rz", [1], [-3.131481647491455]], ["rz", [2], [2.066200017929077]], ["rx", [2], [-2.123732805252075]], ["rz", [2], [-1.3694061040878296]], ["cx", [0, 1], []], ["h", [1], []], ["h", [2], []], ["h", [1], []], ["h", [2], []], ["rz", [0], [-3.2231059074401855]], ["rx", [0], [-3.035231113433838]], ["rz", [0], [0.01780429109930992]], ["rz", [1], [2.826455593109131]], ["rx", [1], [2.077883720397949]], ["rz", [1], [-0.24384985864162445]], ["rz", [2], [-2.1071295738220215]], ["rx", [2], [1.9932838678359985]], ["rz", [2], [0.5975334644317627]], ["h", [2], []], ["h", [1], []], ["h", [2], []], ["h", [1], []], ["cx", [0, 1], []], ["rz", [0], [2.5761451721191406]], ["rx", [0], [0.6877603530883789]], ["rz", [0], [-2.9714298248291016]], ["rz", [1], [2.58947491645813]], ["rx", [1], [-1.412750244140625]], ["rz", [1], [-0.30242809653282166]], ["rz", [2], [0.2297360599040985]], ["rx", [2], [1.035298466682434]], ["rz", [2], [-3.1701505184173584]], ["h", [1], []], ["h", [0], []], ["h", [0], []], ["h", [0], []], ["h", [1], []], ["rz", [0], [-0.9725306630134583]], ["rx", [0], [3.1452159881591797]], ["rz", [0], [-1.9652531147003174]], ["rz", [1], [-1.131112813949585]], ["rx", [1], [0.5003840327262878]], ["rz", [1], [-2.4427549839019775]], ["rz", [2], [-0.8016532063484192]], ["rx", [2], [-1.3880804777145386]], ["rz", [2], [-1.3391544818878174]]], "base_circuit_qasm": "OPENQASM 2.0;\ninclude \"qelib1.inc\";\nqreg q[3];\nh q[1];\nh q[0];\nh q[0];\nh q[0];\nh q[1];\ncx q[0],q[1];\nh q[1];\nh q[2];\nh q[1];\nh q[2];\nh q[2];\nh q[1];\nh q[2];\nh q[1];\ncx q[0],q[1];\nh q[1];\nh q[0];\nh q[0];\nh q[0];\nh q[1];", "pqc_circuit_qasm": "OPENQASM 2.0;\ninclude \"qelib1.inc\";\nqreg q[3];\nh q[1];\nh q[0];\nh q[0];\nh q[0];\nh q[1];\nrz(0.17301419377326965) q[0];\nrx(-2.63258695602417) q[0];\nrz(-2.7647926807403564) q[0];\nrz(0.4959975481033325) q[1];\nrx(-0.20666135847568512) q[1];\nrz(-3.131481647491455) q[1];\nrz(2.066200017929077) q[2];\nrx(-2.123732805252075) q[2];\nrz(-1.3694061040878296) q[2];\ncx q[0],q[1];\nh q[1];\nh q[2];\nh q[1];\nh q[2];\nrz(-3.2231059074401855) q[0];\nrx(-3.035231113433838) q[0];\nrz(0.01780429109930992) q[0];\nrz(2.826455593109131) q[1];\nrx(2.077883720397949) q[1];\nrz(-0.24384985864162445) q[1];\nrz(-2.1071295738220215) q[2];\nrx(1.9932838678359985) q[2];\nrz(0.5975334644317627) q[2];\nh q[2];\nh q[1];\nh q[2];\nh q[1];\ncx q[0],q[1];\nrz(2.5761451721191406) q[0];\nrx(0.6877603530883789) q[0];\nrz(-2.9714298248291016) q[0];\nrz(2.58947491645813) q[1];\nrx(-1.412750244140625) q[1];\nrz(-0.30242809653282166) q[1];\nrz(0.2297360599040985) q[2];\nrx(1.035298466682434) q[2];\nrz(-3.1701505184173584) q[2];\nh q[1];\nh q[0];\nh q[0];\nh q[0];\nh q[1];\nrz(-0.9725306630134583) q[0];\nrx(3.1452159881591797) q[0];\nrz(-1.9652531147003174) q[0];\nrz(-1.131112813949585) q[1];\nrx(0.5003840327262878) q[1];\nrz(-2.4427549839019775) q[1];\nrz(-0.8016532063484192) q[2];\nrx(-1.3880804777145386) q[2];\nrz(-1.3391544818878174) q[2];"}