{"seed": 1657, "fidelity": 0.9885010719299316, "pqc_params": [[[0.8034011125564575, -2.238297700881958, 0.06930915266275406], [-0.03366624563932419, -2.150222063064575, -2.2737369537353516], [0.388205885887146, 1.691818118095398, -0.061862166970968246]], [[3.033747434616089, -2.191728115081787, -0.0013415762223303318], [-3.1284687519073486, -3.0202431678771973, -3.023204803466797], [-3.3814241886138916, 1.5449018478393555, 0.739033579826355]], [[-1.1788058280944824, -0.023302387446165085, 3.3321237564086914], [1.869386911392212, 2.4538986682891846, 1.9365640878677368], [-0.8571689128875732, 3.355473279953003, 0.584132194519043]], [[-2.9045917987823486, 3.546046495437622, -2.8134756088256836], [-3.320934772491455, -1.8468804359436035, 2.6918275356292725], [0.03249749168753624, -3.17669415473938, -3.091874599456787]]], "base_circuit_tokens": [["x", [0], []], ["h", [1], []], ["x", [1], []], ["cx", [2, 0], []], ["h", [2], []], ["cx", [2, 0], []], ["cx", [1, 0], []], ["x", [0], []], ["h", [1], []], ["cx", [2, 0], []], ["cx", [2, 0], []], ["h", [1], []], ["x", [0], []], ["cx", [1, 0], []], ["cx", [2, 0], []], ["h", [2], []], ["cx", [2, 0], []], ["x", [1], []], ["h", [1], []], ["x", [0], []]], "pqc_circuit_tokens": [["x", [0], []], ["h", [1], []], ["x", [1], []], ["cx", [2, 0], []], ["h", [2], []], ["rz", [0], [0.8034011125564575]], ["rx", [0], [-2.238297700881958]], ["rz", [0], [0.06930915266275406]], ["rz", [1], [-0.03366624563932419]], ["rx", [1], [-2.150222063064575]], ["rz", [1], [-2.2737369537353516]], ["rz", [2], [0.388205885887146]], ["rx", [2], [1.691818118095398]], ["rz", [2], [-0.061862166970968246]], ["cx", [2, 0], []], ["cx", [1, 0], []], ["x", [0], []], ["h", [1], []], ["cx", [2, 0], []], ["rz", [0], [3.033747434616089]], ["rx", [0], [-2.191728115081787]], ["rz", [0], [-0.0013415762223303318]], ["rz", [1], [-3.1284687519073486]], ["rx", [1], [-3.0202431678771973]], ["rz", [1], [-3.023204803466797]], ["rz", [2], [-3.3814241886138916]], ["rx", [2], [1.5449018478393555]], ["rz", [2], [0.739033579826355]], ["cx", [2, 0], []], ["h", [1], []], ["x", [0], []], ["cx", [1, 0], []], ["cx", [2, 0], []], ["rz", [0], [-1.1788058280944824]], ["rx", [0], [-0.023302387446165085]], ["rz", [0], [3.3321237564086914]], ["rz", [1], [1.869386911392212]], ["rx", [1], [2.4538986682891846]], ["rz", [1], [1.9365640878677368]], ["rz", [2], [-0.8571689128875732]], ["rx", [2], [3.355473279953003]], ["rz", [2], [0.584132194519043]], ["h", [2], []], ["cx", [2, 0], []], ["x", [1], []], ["h", [1], []], ["x", [0], []], ["rz", [0], [-2.9045917987823486]], ["rx", [0], [3.546046495437622]], ["rz", [0], [-2.8134756088256836]], ["rz", [1], [-3.320934772491455]], ["rx", [1], [-1.8468804359436035]], ["rz", [1], [2.6918275356292725]], ["rz", [2], [0.03249749168753624]], ["rx", [2], [-3.17669415473938]], ["rz", [2], [-3.091874599456787]]], "base_circuit_qasm": "OPENQASM 2.0;\ninclude \"qelib1.inc\";\nqreg q[3];\nx q[0];\nh q[1];\nx q[1];\ncx q[2],q[0];\nh q[2];\ncx q[2],q[0];\ncx q[1],q[0];\nx q[0];\nh q[1];\ncx q[2],q[0];\ncx q[2],q[0];\nh q[1];\nx q[0];\ncx q[1],q[0];\ncx q[2],q[0];\nh q[2];\ncx q[2],q[0];\nx q[1];\nh q[1];\nx q[0];", "pqc_circuit_qasm": "OPENQASM 2.0;\ninclude \"qelib1.inc\";\nqreg q[3];\nx q[0];\nh q[1];\nx q[1];\ncx q[2],q[0];\nh q[2];\nrz(0.8034011125564575) q[0];\nrx(-2.238297700881958) q[0];\nrz(0.06930915266275406) q[0];\nrz(-0.03366624563932419) q[1];\nrx(-2.150222063064575) q[1];\nrz(-2.2737369537353516) q[1];\nrz(0.388205885887146) q[2];\nrx(1.691818118095398) q[2];\nrz(-0.061862166970968246) q[2];\ncx q[2],q[0];\ncx q[1],q[0];\nx q[0];\nh q[1];\ncx q[2],q[0];\nrz(3.033747434616089) q[0];\nrx(-2.191728115081787) q[0];\nrz(-0.0013415762223303318) q[0];\nrz(-3.1284687519073486) q[1];\nrx(-3.0202431678771973) q[1];\nrz(-3.023204803466797) q[1];\nrz(-3.3814241886138916) q[2];\nrx(1.5449018478393555) q[2];\nrz(0.739033579826355) q[2];\ncx q[2],q[0];\nh q[1];\nx q[0];\ncx q[1],q[0];\ncx q[2],q[0];\nrz(-1.1788058280944824) q[0];\nrx(-0.023302387446165085) q[0];\nrz(3.3321237564086914) q[0];\nrz(1.869386911392212) q[1];\nrx(2.4538986682891846) q[1];\nrz(1.9365640878677368) q[1];\nrz(-0.8571689128875732) q[2];\nrx(3.355473279953003) q[2];\nrz(0.584132194519043) q[2];\nh q[2];\ncx q[2],q[0];\nx q[1];\nh q[1];\nx q[0];\nrz(-2.9045917987823486) q[0];\nrx(3.546046495437622) q[0];\nrz(-2.8134756088256836) q[0];\nrz(-3.320934772491455) q[1];\nrx(-1.8468804359436035) q[1];\nrz(2.6918275356292725) q[1];\nrz(0.03249749168753624) q[2];\nrx(-3.17669415473938) q[2];\nrz(-3.091874599456787) q[2];"}