{"seed": 1684, "fidelity": 0.9835537075996399, "pqc_params": [[[1.594307541847229, 0.31319454312324524, 1.5510104894638062], [2.260658025741577, -0.06468026340007782, -2.140018939971924], [-2.2537477016448975, 2.0872085094451904, -2.7712361812591553]], [[1.2679158449172974, -0.048521243035793304, 2.5257530212402344], [1.6342284679412842, 0.26071518659591675, 0.6601922512054443], [-3.124525785446167, -1.9978573322296143, -2.078519582748413]], [[-2.678925037384033, -2.825037956237793, -2.600801706314087], [0.30540481209754944, 2.0079245567321777, 2.8752691745758057], [0.7250847220420837, 1.605690836906433, 0.5715332627296448]], [[2.5172486305236816, 3.0900368690490723, -2.7906904220581055], [0.41011711955070496, 0.1409812867641449, 1.4445395469665527], [2.806077003479004, -1.788333773612976, 1.1615238189697266]]], "base_circuit_tokens": [["h", [1], []], ["x", [2], []], ["h", [0], []], ["h", [2], []], ["x", [0], []], ["x", [2], []], ["cx", [1, 0], []], ["x", [2], []], ["x", [0], []], ["h", [0], []], ["h", [0], []], ["x", [0], []], ["x", [2], []], ["cx", [1, 0], []], ["x", [2], []], ["x", [0], []], ["h", [2], []], ["h", [0], []], ["x", [2], []], ["h", [1], []]], "pqc_circuit_tokens": [["h", [1], []], ["x", [2], []], ["h", [0], []], ["h", [2], []], ["x", [0], []], ["rz", [0], [1.594307541847229]], ["rx", [0], [0.31319454312324524]], ["rz", [0], [1.5510104894638062]], ["rz", [1], [2.260658025741577]], ["rx", [1], [-0.06468026340007782]], ["rz", [1], [-2.140018939971924]], ["rz", [2], [-2.2537477016448975]], ["rx", [2], [2.0872085094451904]], ["rz", [2], [-2.7712361812591553]], ["x", [2], []], ["cx", [1, 0], []], ["x", [2], []], ["x", [0], []], ["h", [0], []], ["rz", [0], [1.2679158449172974]], ["rx", [0], [-0.048521243035793304]], ["rz", [0], [2.5257530212402344]], ["rz", [1], [1.6342284679412842]], ["rx", [1], [0.26071518659591675]], ["rz", [1], [0.6601922512054443]], ["rz", [2], [-3.124525785446167]], ["rx", [2], [-1.9978573322296143]], ["rz", [2], [-2.078519582748413]], ["h", [0], []], ["x", [0], []], ["x", [2], []], ["cx", [1, 0], []], ["x", [2], []], ["rz", [0], [-2.678925037384033]], ["rx", [0], [-2.825037956237793]], ["rz", [0], [-2.600801706314087]], ["rz", [1], [0.30540481209754944]], ["rx", [1], [2.0079245567321777]], ["rz", [1], [2.8752691745758057]], ["rz", [2], [0.7250847220420837]], ["rx", [2], [1.605690836906433]], ["rz", [2], [0.5715332627296448]], ["x", [0], []], ["h", [2], []], ["h", [0], []], ["x", [2], []], ["h", [1], []], ["rz", [0], [2.5172486305236816]], ["rx", [0], [3.0900368690490723]], ["rz", [0], [-2.7906904220581055]], ["rz", [1], [0.41011711955070496]], ["rx", [1], [0.1409812867641449]], ["rz", [1], [1.4445395469665527]], ["rz", [2], [2.806077003479004]], ["rx", [2], [-1.788333773612976]], ["rz", [2], [1.1615238189697266]]], "base_circuit_qasm": "OPENQASM 2.0;\ninclude \"qelib1.inc\";\nqreg q[3];\nh q[1];\nx q[2];\nh q[0];\nh q[2];\nx q[0];\nx q[2];\ncx q[1],q[0];\nx q[2];\nx q[0];\nh q[0];\nh q[0];\nx q[0];\nx q[2];\ncx q[1],q[0];\nx q[2];\nx q[0];\nh q[2];\nh q[0];\nx q[2];\nh q[1];", "pqc_circuit_qasm": "OPENQASM 2.0;\ninclude \"qelib1.inc\";\nqreg q[3];\nh q[1];\nx q[2];\nh q[0];\nh q[2];\nx q[0];\nrz(1.594307541847229) q[0];\nrx(0.31319454312324524) q[0];\nrz(1.5510104894638062) q[0];\nrz(2.260658025741577) q[1];\nrx(-0.06468026340007782) q[1];\nrz(-2.140018939971924) q[1];\nrz(-2.2537477016448975) q[2];\nrx(2.0872085094451904) q[2];\nrz(-2.7712361812591553) q[2];\nx q[2];\ncx q[1],q[0];\nx q[2];\nx q[0];\nh q[0];\nrz(1.2679158449172974) q[0];\nrx(-0.048521243035793304) q[0];\nrz(2.5257530212402344) q[0];\nrz(1.6342284679412842) q[1];\nrx(0.26071518659591675) q[1];\nrz(0.6601922512054443) q[1];\nrz(-3.124525785446167) q[2];\nrx(-1.9978573322296143) q[2];\nrz(-2.078519582748413) q[2];\nh q[0];\nx q[0];\nx q[2];\ncx q[1],q[0];\nx q[2];\nrz(-2.678925037384033) q[0];\nrx(-2.825037956237793) q[0];\nrz(-2.600801706314087) q[0];\nrz(0.30540481209754944) q[1];\nrx(2.0079245567321777) q[1];\nrz(2.8752691745758057) q[1];\nrz(0.7250847220420837) q[2];\nrx(1.605690836906433) q[2];\nrz(0.5715332627296448) q[2];\nx q[0];\nh q[2];\nh q[0];\nx q[2];\nh q[1];\nrz(2.5172486305236816) q[0];\nrx(3.0900368690490723) q[0];\nrz(-2.7906904220581055) q[0];\nrz(0.41011711955070496) q[1];\nrx(0.1409812867641449) q[1];\nrz(1.4445395469665527) q[1];\nrz(2.806077003479004) q[2];\nrx(-1.788333773612976) q[2];\nrz(1.1615238189697266) q[2];"}