{"seed": 1694, "fidelity": 0.9925796389579773, "pqc_params": [[[2.6167819499969482, 0.18001803755760193, -0.02971964329481125], [0.1438736915588379, 1.345322608947754, -1.5548723936080933], [-1.6045830249786377, 3.075789451599121, 2.285365104675293]], [[-3.062584638595581, 0.6802874207496643, -2.0806145668029785], [-2.2127978801727295, 3.13541841506958, 1.039678692817688], [1.962863564491272, -2.777597665786743, -1.4620991945266724]], [[-2.2001593112945557, 3.589632987976074, 2.211723804473877], [-1.6142420768737793, -1.8654969930648804, -0.35862821340560913], [-1.8576343059539795, -0.0180304404348135, 2.3994741439819336]], [[-2.9370269775390625, 0.02169172838330269, -0.5078124403953552], [-1.7309097051620483, 2.566556930541992, 1.4306364059448242], [-2.1356866359710693, 3.10676646232605, -2.0310611724853516]]], "base_circuit_tokens": [["x", [2], []], ["h", [0], []], ["cx", [0, 1], []], ["cx", [0, 2], []], ["h", [0], []], ["h", [2], []], ["h", [0], []], ["h", [0], []], ["h", [1], []], ["cx", [0, 1], []], ["cx", [0, 1], []], ["h", [1], []], ["h", [0], []], ["h", [0], []], ["h", [2], []], ["h", [0], []], ["cx", [0, 2], []], ["cx", [0, 1], []], ["h", [0], []], ["x", [2], []]], "pqc_circuit_tokens": [["x", [2], []], ["h", [0], []], ["cx", [0, 1], []], ["cx", [0, 2], []], ["h", [0], []], ["rz", [0], [2.6167819499969482]], ["rx", [0], [0.18001803755760193]], ["rz", [0], [-0.02971964329481125]], ["rz", [1], [0.1438736915588379]], ["rx", [1], [1.345322608947754]], ["rz", [1], [-1.5548723936080933]], ["rz", [2], [-1.6045830249786377]], ["rx", [2], [3.075789451599121]], ["rz", [2], [2.285365104675293]], ["h", [2], []], ["h", [0], []], ["h", [0], []], ["h", [1], []], ["cx", [0, 1], []], ["rz", [0], [-3.062584638595581]], ["rx", [0], [0.6802874207496643]], ["rz", [0], [-2.0806145668029785]], ["rz", [1], [-2.2127978801727295]], ["rx", [1], [3.13541841506958]], ["rz", [1], [1.039678692817688]], ["rz", [2], [1.962863564491272]], ["rx", [2], [-2.777597665786743]], ["rz", [2], [-1.4620991945266724]], ["cx", [0, 1], []], ["h", [1], []], ["h", [0], []], ["h", [0], []], ["h", [2], []], ["rz", [0], [-2.2001593112945557]], ["rx", [0], [3.589632987976074]], ["rz", [0], [2.211723804473877]], ["rz", [1], [-1.6142420768737793]], ["rx", [1], [-1.8654969930648804]], ["rz", [1], [-0.35862821340560913]], ["rz", [2], [-1.8576343059539795]], ["rx", [2], [-0.0180304404348135]], ["rz", [2], [2.3994741439819336]], ["h", [0], []], ["cx", [0, 2], []], ["cx", [0, 1], []], ["h", [0], []], ["x", [2], []], ["rz", [0], [-2.9370269775390625]], ["rx", [0], [0.02169172838330269]], ["rz", [0], [-0.5078124403953552]], ["rz", [1], [-1.7309097051620483]], ["rx", [1], [2.566556930541992]], ["rz", [1], [1.4306364059448242]], ["rz", [2], [-2.1356866359710693]], ["rx", [2], [3.10676646232605]], ["rz", [2], [-2.0310611724853516]]], "base_circuit_qasm": "OPENQASM 2.0;\ninclude \"qelib1.inc\";\nqreg q[3];\nx q[2];\nh q[0];\ncx q[0],q[1];\ncx q[0],q[2];\nh q[0];\nh q[2];\nh q[0];\nh q[0];\nh q[1];\ncx q[0],q[1];\ncx q[0],q[1];\nh q[1];\nh q[0];\nh q[0];\nh q[2];\nh q[0];\ncx q[0],q[2];\ncx q[0],q[1];\nh q[0];\nx q[2];", "pqc_circuit_qasm": "OPENQASM 2.0;\ninclude \"qelib1.inc\";\nqreg q[3];\nx q[2];\nh q[0];\ncx q[0],q[1];\ncx q[0],q[2];\nh q[0];\nrz(2.6167819499969482) q[0];\nrx(0.18001803755760193) q[0];\nrz(-0.02971964329481125) q[0];\nrz(0.1438736915588379) q[1];\nrx(1.345322608947754) q[1];\nrz(-1.5548723936080933) q[1];\nrz(-1.6045830249786377) q[2];\nrx(3.075789451599121) q[2];\nrz(2.285365104675293) q[2];\nh q[2];\nh q[0];\nh q[0];\nh q[1];\ncx q[0],q[1];\nrz(-3.062584638595581) q[0];\nrx(0.6802874207496643) q[0];\nrz(-2.0806145668029785) q[0];\nrz(-2.2127978801727295) q[1];\nrx(3.13541841506958) q[1];\nrz(1.039678692817688) q[1];\nrz(1.962863564491272) q[2];\nrx(-2.777597665786743) q[2];\nrz(-1.4620991945266724) q[2];\ncx q[0],q[1];\nh q[1];\nh q[0];\nh q[0];\nh q[2];\nrz(-2.2001593112945557) q[0];\nrx(3.589632987976074) q[0];\nrz(2.211723804473877) q[0];\nrz(-1.6142420768737793) q[1];\nrx(-1.8654969930648804) q[1];\nrz(-0.35862821340560913) q[1];\nrz(-1.8576343059539795) q[2];\nrx(-0.0180304404348135) q[2];\nrz(2.3994741439819336) q[2];\nh q[0];\ncx q[0],q[2];\ncx q[0],q[1];\nh q[0];\nx q[2];\nrz(-2.9370269775390625) q[0];\nrx(0.02169172838330269) q[0];\nrz(-0.5078124403953552) q[0];\nrz(-1.7309097051620483) q[1];\nrx(2.566556930541992) q[1];\nrz(1.4306364059448242) q[1];\nrz(-2.1356866359710693) q[2];\nrx(3.10676646232605) q[2];\nrz(-2.0310611724853516) q[2];"}