{"seed": 1736, "fidelity": 0.9863993525505066, "pqc_params": [[[0.3046547472476959, -2.496614694595337, -2.3125317096710205], [-0.07260885834693909, 0.1950443536043167, 0.9639917016029358], [1.3321009874343872, -0.06936164200305939, 0.7649087905883789]], [[2.578375816345215, 0.2367645502090454, 2.102687358856201], [0.1732122004032135, -0.11513110995292664, -2.5874176025390625], [1.8805872201919556, 0.5090561509132385, -3.581421136856079]], [[0.040113527327775955, 1.4898349046707153, 1.388910174369812], [-2.6154205799102783, 1.4818236827850342, 0.7034963965415955], [-2.072756767272949, -3.6851253509521484, -1.151633620262146]], [[3.531093120574951, -2.52993106842041, 2.2079594135284424], [-0.31270360946655273, 2.83048152923584, 0.4995664954185486], [-0.39929842948913574, 3.0411107540130615, 3.331486463546753]]], "base_circuit_tokens": [["h", [2], []], ["cx", [1, 2], []], ["h", [1], []], ["x", [1], []], ["h", [2], []], ["h", [1], []], ["x", [1], []], ["cx", [1, 0], []], ["x", [1], []], ["h", [0], []], ["h", [0], []], ["x", [1], []], ["cx", [1, 0], []], ["x", [1], []], ["h", [1], []], ["h", [2], []], ["x", [1], []], ["h", [1], []], ["cx", [1, 2], []], ["h", [2], []]], "pqc_circuit_tokens": [["h", [2], []], ["cx", [1, 2], []], ["h", [1], []], ["x", [1], []], ["h", [2], []], ["rz", [0], [0.3046547472476959]], ["rx", [0], [-2.496614694595337]], ["rz", [0], [-2.3125317096710205]], ["rz", [1], [-0.07260885834693909]], ["rx", [1], [0.1950443536043167]], ["rz", [1], [0.9639917016029358]], ["rz", [2], [1.3321009874343872]], ["rx", [2], [-0.06936164200305939]], ["rz", [2], [0.7649087905883789]], ["h", [1], []], ["x", [1], []], ["cx", [1, 0], []], ["x", [1], []], ["h", [0], []], ["rz", [0], [2.578375816345215]], ["rx", [0], [0.2367645502090454]], ["rz", [0], [2.102687358856201]], ["rz", [1], [0.1732122004032135]], ["rx", [1], [-0.11513110995292664]], ["rz", [1], [-2.5874176025390625]], ["rz", [2], [1.8805872201919556]], ["rx", [2], [0.5090561509132385]], ["rz", [2], [-3.581421136856079]], ["h", [0], []], ["x", [1], []], ["cx", [1, 0], []], ["x", [1], []], ["h", [1], []], ["rz", [0], [0.040113527327775955]], ["rx", [0], [1.4898349046707153]], ["rz", [0], [1.388910174369812]], ["rz", [1], [-2.6154205799102783]], ["rx", [1], [1.4818236827850342]], ["rz", [1], [0.7034963965415955]], ["rz", [2], [-2.072756767272949]], ["rx", [2], [-3.6851253509521484]], ["rz", [2], [-1.151633620262146]], ["h", [2], []], ["x", [1], []], ["h", [1], []], ["cx", [1, 2], []], ["h", [2], []], ["rz", [0], [3.531093120574951]], ["rx", [0], [-2.52993106842041]], ["rz", [0], [2.2079594135284424]], ["rz", [1], [-0.31270360946655273]], ["rx", [1], [2.83048152923584]], ["rz", [1], [0.4995664954185486]], ["rz", [2], [-0.39929842948913574]], ["rx", [2], [3.0411107540130615]], ["rz", [2], [3.331486463546753]]], "base_circuit_qasm": "OPENQASM 2.0;\ninclude \"qelib1.inc\";\nqreg q[3];\nh q[2];\ncx q[1],q[2];\nh q[1];\nx q[1];\nh q[2];\nh q[1];\nx q[1];\ncx q[1],q[0];\nx q[1];\nh q[0];\nh q[0];\nx q[1];\ncx q[1],q[0];\nx q[1];\nh q[1];\nh q[2];\nx q[1];\nh q[1];\ncx q[1],q[2];\nh q[2];", "pqc_circuit_qasm": "OPENQASM 2.0;\ninclude \"qelib1.inc\";\nqreg q[3];\nh q[2];\ncx q[1],q[2];\nh q[1];\nx q[1];\nh q[2];\nrz(0.3046547472476959) q[0];\nrx(-2.496614694595337) q[0];\nrz(-2.3125317096710205) q[0];\nrz(-0.07260885834693909) q[1];\nrx(0.1950443536043167) q[1];\nrz(0.9639917016029358) q[1];\nrz(1.3321009874343872) q[2];\nrx(-0.06936164200305939) q[2];\nrz(0.7649087905883789) q[2];\nh q[1];\nx q[1];\ncx q[1],q[0];\nx q[1];\nh q[0];\nrz(2.578375816345215) q[0];\nrx(0.2367645502090454) q[0];\nrz(2.102687358856201) q[0];\nrz(0.1732122004032135) q[1];\nrx(-0.11513110995292664) q[1];\nrz(-2.5874176025390625) q[1];\nrz(1.8805872201919556) q[2];\nrx(0.5090561509132385) q[2];\nrz(-3.581421136856079) q[2];\nh q[0];\nx q[1];\ncx q[1],q[0];\nx q[1];\nh q[1];\nrz(0.040113527327775955) q[0];\nrx(1.4898349046707153) q[0];\nrz(1.388910174369812) q[0];\nrz(-2.6154205799102783) q[1];\nrx(1.4818236827850342) q[1];\nrz(0.7034963965415955) q[1];\nrz(-2.072756767272949) q[2];\nrx(-3.6851253509521484) q[2];\nrz(-1.151633620262146) q[2];\nh q[2];\nx q[1];\nh q[1];\ncx q[1],q[2];\nh q[2];\nrz(3.531093120574951) q[0];\nrx(-2.52993106842041) q[0];\nrz(2.2079594135284424) q[0];\nrz(-0.31270360946655273) q[1];\nrx(2.83048152923584) q[1];\nrz(0.4995664954185486) q[1];\nrz(-0.39929842948913574) q[2];\nrx(3.0411107540130615) q[2];\nrz(3.331486463546753) q[2];"}