{"seed": 1746, "fidelity": 0.9992344975471497, "pqc_params": [[[-2.006324052810669, 1.2816112041473389, 0.6294297575950623], [3.0526700019836426, 1.951546311378479, -1.327061414718628], [-2.8256096839904785, 1.20180344581604, 2.779787540435791]], [[-2.255491018295288, -1.2501983642578125, -1.555774211883545], [-0.2201908379793167, 2.524491310119629, 1.498612642288208], [-1.8436946868896484, 0.15737009048461914, -1.824615716934204]], [[0.6420935392379761, -1.1536831855773926, 2.4146628379821777], [-0.5994998216629028, -0.9208219647407532, -0.01720891334116459], [-2.091278314590454, -2.126488208770752, 0.5188161134719849]], [[-3.1424741744995117, 0.1081308126449585, 0.15531893074512482], [-1.665189504623413, -1.6449368000030518, 2.4484338760375977], [3.3935630321502686, 0.13178227841854095, -0.8557834029197693]]], "base_circuit_tokens": [["h", [0], []], ["h", [2], []], ["h", [2], []], ["cx", [2, 0], []], ["h", [2], []], ["h", [1], []], ["x", [2], []], ["x", [2], []], ["h", [1], []], ["h", [1], []], ["h", [1], []], ["h", [1], []], ["x", [2], []], ["x", [2], []], ["h", [1], []], ["h", [2], []], ["cx", [2, 0], []], ["h", [2], []], ["h", [2], []], ["h", [0], []]], "pqc_circuit_tokens": [["h", [0], []], ["h", [2], []], ["h", [2], []], ["cx", [2, 0], []], ["h", [2], []], ["rz", [0], [-2.006324052810669]], ["rx", [0], [1.2816112041473389]], ["rz", [0], [0.6294297575950623]], ["rz", [1], [3.0526700019836426]], ["rx", [1], [1.951546311378479]], ["rz", [1], [-1.327061414718628]], ["rz", [2], [-2.8256096839904785]], ["rx", [2], [1.20180344581604]], ["rz", [2], [2.779787540435791]], ["h", [1], []], ["x", [2], []], ["x", [2], []], ["h", [1], []], ["h", [1], []], ["rz", [0], [-2.255491018295288]], ["rx", [0], [-1.2501983642578125]], ["rz", [0], [-1.555774211883545]], ["rz", [1], [-0.2201908379793167]], ["rx", [1], [2.524491310119629]], ["rz", [1], [1.498612642288208]], ["rz", [2], [-1.8436946868896484]], ["rx", [2], [0.15737009048461914]], ["rz", [2], [-1.824615716934204]], ["h", [1], []], ["h", [1], []], ["x", [2], []], ["x", [2], []], ["h", [1], []], ["rz", [0], [0.6420935392379761]], ["rx", [0], [-1.1536831855773926]], ["rz", [0], [2.4146628379821777]], ["rz", [1], [-0.5994998216629028]], ["rx", [1], [-0.9208219647407532]], ["rz", [1], [-0.01720891334116459]], ["rz", [2], [-2.091278314590454]], ["rx", [2], [-2.126488208770752]], ["rz", [2], [0.5188161134719849]], ["h", [2], []], ["cx", [2, 0], []], ["h", [2], []], ["h", [2], []], ["h", [0], []], ["rz", [0], [-3.1424741744995117]], ["rx", [0], [0.1081308126449585]], ["rz", [0], [0.15531893074512482]], ["rz", [1], [-1.665189504623413]], ["rx", [1], [-1.6449368000030518]], ["rz", [1], [2.4484338760375977]], ["rz", [2], [3.3935630321502686]], ["rx", [2], [0.13178227841854095]], ["rz", [2], [-0.8557834029197693]]], "base_circuit_qasm": "OPENQASM 2.0;\ninclude \"qelib1.inc\";\nqreg q[3];\nh q[0];\nh q[2];\nh q[2];\ncx q[2],q[0];\nh q[2];\nh q[1];\nx q[2];\nx q[2];\nh q[1];\nh q[1];\nh q[1];\nh q[1];\nx q[2];\nx q[2];\nh q[1];\nh q[2];\ncx q[2],q[0];\nh q[2];\nh q[2];\nh q[0];", "pqc_circuit_qasm": "OPENQASM 2.0;\ninclude \"qelib1.inc\";\nqreg q[3];\nh q[0];\nh q[2];\nh q[2];\ncx q[2],q[0];\nh q[2];\nrz(-2.006324052810669) q[0];\nrx(1.2816112041473389) q[0];\nrz(0.6294297575950623) q[0];\nrz(3.0526700019836426) q[1];\nrx(1.951546311378479) q[1];\nrz(-1.327061414718628) q[1];\nrz(-2.8256096839904785) q[2];\nrx(1.20180344581604) q[2];\nrz(2.779787540435791) q[2];\nh q[1];\nx q[2];\nx q[2];\nh q[1];\nh q[1];\nrz(-2.255491018295288) q[0];\nrx(-1.2501983642578125) q[0];\nrz(-1.555774211883545) q[0];\nrz(-0.2201908379793167) q[1];\nrx(2.524491310119629) q[1];\nrz(1.498612642288208) q[1];\nrz(-1.8436946868896484) q[2];\nrx(0.15737009048461914) q[2];\nrz(-1.824615716934204) q[2];\nh q[1];\nh q[1];\nx q[2];\nx q[2];\nh q[1];\nrz(0.6420935392379761) q[0];\nrx(-1.1536831855773926) q[0];\nrz(2.4146628379821777) q[0];\nrz(-0.5994998216629028) q[1];\nrx(-0.9208219647407532) q[1];\nrz(-0.01720891334116459) q[1];\nrz(-2.091278314590454) q[2];\nrx(-2.126488208770752) q[2];\nrz(0.5188161134719849) q[2];\nh q[2];\ncx q[2],q[0];\nh q[2];\nh q[2];\nh q[0];\nrz(-3.1424741744995117) q[0];\nrx(0.1081308126449585) q[0];\nrz(0.15531893074512482) q[0];\nrz(-1.665189504623413) q[1];\nrx(-1.6449368000030518) q[1];\nrz(2.4484338760375977) q[1];\nrz(3.3935630321502686) q[2];\nrx(0.13178227841854095) q[2];\nrz(-0.8557834029197693) q[2];"}