{"seed": 1752, "fidelity": 0.9971433877944946, "pqc_params": [[[1.910614013671875, -1.547815203666687, -1.2619253396987915], [-2.3812546730041504, -1.3139015436172485, -1.866295337677002], [-2.2134294509887695, -3.3949122428894043, 2.5738649368286133]], [[2.8136260509490967, 3.3294761180877686, -1.468085765838623], [-0.31484711170196533, -1.0641182661056519, 0.11471673101186752], [-2.2136778831481934, 3.1981287002563477, -2.7216081619262695]], [[-1.4494056701660156, -1.6049555540084839, -2.0583577156066895], [0.7200212478637695, 0.019178887829184532, 0.7527747750282288], [1.0769636631011963, 2.3452277183532715, 0.3701437711715698]], [[0.13579188287258148, 3.03454327583313, 2.553687810897827], [1.3666741847991943, -1.8099346160888672, -2.749758005142212], [-1.5320128202438354, 3.1436727046966553, 1.7135369777679443]]], "base_circuit_tokens": [["h", [1], []], ["cx", [0, 2], []], ["h", [2], []], ["cx", [0, 1], []], ["x", [2], []], ["x", [0], []], ["cx", [0, 1], []], ["x", [2], []], ["cx", [2, 0], []], ["h", [0], []], ["h", [0], []], ["cx", [2, 0], []], ["x", [2], []], ["cx", [0, 1], []], ["x", [0], []], ["x", [2], []], ["cx", [0, 1], []], ["h", [2], []], ["cx", [0, 2], []], ["h", [1], []]], "pqc_circuit_tokens": [["h", [1], []], ["cx", [0, 2], []], ["h", [2], []], ["cx", [0, 1], []], ["x", [2], []], ["rz", [0], [1.910614013671875]], ["rx", [0], [-1.547815203666687]], ["rz", [0], [-1.2619253396987915]], ["rz", [1], [-2.3812546730041504]], ["rx", [1], [-1.3139015436172485]], ["rz", [1], [-1.866295337677002]], ["rz", [2], [-2.2134294509887695]], ["rx", [2], [-3.3949122428894043]], ["rz", [2], [2.5738649368286133]], ["x", [0], []], ["cx", [0, 1], []], ["x", [2], []], ["cx", [2, 0], []], ["h", [0], []], ["rz", [0], [2.8136260509490967]], ["rx", [0], [3.3294761180877686]], ["rz", [0], [-1.468085765838623]], ["rz", [1], [-0.31484711170196533]], ["rx", [1], [-1.0641182661056519]], ["rz", [1], [0.11471673101186752]], ["rz", [2], [-2.2136778831481934]], ["rx", [2], [3.1981287002563477]], ["rz", [2], [-2.7216081619262695]], ["h", [0], []], ["cx", [2, 0], []], ["x", [2], []], ["cx", [0, 1], []], ["x", [0], []], ["rz", [0], [-1.4494056701660156]], ["rx", [0], [-1.6049555540084839]], ["rz", [0], [-2.0583577156066895]], ["rz", [1], [0.7200212478637695]], ["rx", [1], [0.019178887829184532]], ["rz", [1], [0.7527747750282288]], ["rz", [2], [1.0769636631011963]], ["rx", [2], [2.3452277183532715]], ["rz", [2], [0.3701437711715698]], ["x", [2], []], ["cx", [0, 1], []], ["h", [2], []], ["cx", [0, 2], []], ["h", [1], []], ["rz", [0], [0.13579188287258148]], ["rx", [0], [3.03454327583313]], ["rz", [0], [2.553687810897827]], ["rz", [1], [1.3666741847991943]], ["rx", [1], [-1.8099346160888672]], ["rz", [1], [-2.749758005142212]], ["rz", [2], [-1.5320128202438354]], ["rx", [2], [3.1436727046966553]], ["rz", [2], [1.7135369777679443]]], "base_circuit_qasm": "OPENQASM 2.0;\ninclude \"qelib1.inc\";\nqreg q[3];\nh q[1];\ncx q[0],q[2];\nh q[2];\ncx q[0],q[1];\nx q[2];\nx q[0];\ncx q[0],q[1];\nx q[2];\ncx q[2],q[0];\nh q[0];\nh q[0];\ncx q[2],q[0];\nx q[2];\ncx q[0],q[1];\nx q[0];\nx q[2];\ncx q[0],q[1];\nh q[2];\ncx q[0],q[2];\nh q[1];", "pqc_circuit_qasm": "OPENQASM 2.0;\ninclude \"qelib1.inc\";\nqreg q[3];\nh q[1];\ncx q[0],q[2];\nh q[2];\ncx q[0],q[1];\nx q[2];\nrz(1.910614013671875) q[0];\nrx(-1.547815203666687) q[0];\nrz(-1.2619253396987915) q[0];\nrz(-2.3812546730041504) q[1];\nrx(-1.3139015436172485) q[1];\nrz(-1.866295337677002) q[1];\nrz(-2.2134294509887695) q[2];\nrx(-3.3949122428894043) q[2];\nrz(2.5738649368286133) q[2];\nx q[0];\ncx q[0],q[1];\nx q[2];\ncx q[2],q[0];\nh q[0];\nrz(2.8136260509490967) q[0];\nrx(3.3294761180877686) q[0];\nrz(-1.468085765838623) q[0];\nrz(-0.31484711170196533) q[1];\nrx(-1.0641182661056519) q[1];\nrz(0.11471673101186752) q[1];\nrz(-2.2136778831481934) q[2];\nrx(3.1981287002563477) q[2];\nrz(-2.7216081619262695) q[2];\nh q[0];\ncx q[2],q[0];\nx q[2];\ncx q[0],q[1];\nx q[0];\nrz(-1.4494056701660156) q[0];\nrx(-1.6049555540084839) q[0];\nrz(-2.0583577156066895) q[0];\nrz(0.7200212478637695) q[1];\nrx(0.019178887829184532) q[1];\nrz(0.7527747750282288) q[1];\nrz(1.0769636631011963) q[2];\nrx(2.3452277183532715) q[2];\nrz(0.3701437711715698) q[2];\nx q[2];\ncx q[0],q[1];\nh q[2];\ncx q[0],q[2];\nh q[1];\nrz(0.13579188287258148) q[0];\nrx(3.03454327583313) q[0];\nrz(2.553687810897827) q[0];\nrz(1.3666741847991943) q[1];\nrx(-1.8099346160888672) q[1];\nrz(-2.749758005142212) q[1];\nrz(-1.5320128202438354) q[2];\nrx(3.1436727046966553) q[2];\nrz(1.7135369777679443) q[2];"}