{"seed": 1753, "fidelity": 0.9993948340415955, "pqc_params": [[[2.3167319297790527, 2.802846670150757, 1.985837459564209], [-2.8299551010131836, 2.10476016998291, 0.5458600521087646], [-1.9249773025512695, -1.3155792951583862, -2.4676973819732666]], [[-0.9056633710861206, 3.058417797088623, 1.8044456243515015], [0.19602234661579132, 2.29172682762146, 0.15984280407428741], [2.3125438690185547, -2.8484113216400146, 2.615888833999634]], [[-0.9636989831924438, 2.1395325660705566, 1.566487431526184], [-0.5603445768356323, 1.6952916383743286, -3.0228912830352783], [-1.1626830101013184, -1.8639949560165405, 1.9090282917022705]], [[-0.2843135893344879, 1.1823906898498535, -1.1808756589889526], [3.5026800632476807, -0.1311744749546051, 2.463870048522949], [-2.989596128463745, -2.1562955379486084, 0.06717179715633392]]], "base_circuit_tokens": [["cx", [1, 2], []], ["x", [0], []], ["h", [0], []], ["h", [2], []], ["h", [1], []], ["h", [0], []], ["h", [2], []], ["h", [0], []], ["h", [0], []], ["cx", [2, 1], []], ["cx", [2, 1], []], ["h", [0], []], ["h", [0], []], ["h", [2], []], ["h", [0], []], ["h", [1], []], ["h", [2], []], ["h", [0], []], ["x", [0], []], ["cx", [1, 2], []]], "pqc_circuit_tokens": [["cx", [1, 2], []], ["x", [0], []], ["h", [0], []], ["h", [2], []], ["h", [1], []], ["rz", [0], [2.3167319297790527]], ["rx", [0], [2.802846670150757]], ["rz", [0], [1.985837459564209]], ["rz", [1], [-2.8299551010131836]], ["rx", [1], [2.10476016998291]], ["rz", [1], [0.5458600521087646]], ["rz", [2], [-1.9249773025512695]], ["rx", [2], [-1.3155792951583862]], ["rz", [2], [-2.4676973819732666]], ["h", [0], []], ["h", [2], []], ["h", [0], []], ["h", [0], []], ["cx", [2, 1], []], ["rz", [0], [-0.9056633710861206]], ["rx", [0], [3.058417797088623]], ["rz", [0], [1.8044456243515015]], ["rz", [1], [0.19602234661579132]], ["rx", [1], [2.29172682762146]], ["rz", [1], [0.15984280407428741]], ["rz", [2], [2.3125438690185547]], ["rx", [2], [-2.8484113216400146]], ["rz", [2], [2.615888833999634]], ["cx", [2, 1], []], ["h", [0], []], ["h", [0], []], ["h", [2], []], ["h", [0], []], ["rz", [0], [-0.9636989831924438]], ["rx", [0], [2.1395325660705566]], ["rz", [0], [1.566487431526184]], ["rz", [1], [-0.5603445768356323]], ["rx", [1], [1.6952916383743286]], ["rz", [1], [-3.0228912830352783]], ["rz", [2], [-1.1626830101013184]], ["rx", [2], [-1.8639949560165405]], ["rz", [2], [1.9090282917022705]], ["h", [1], []], ["h", [2], []], ["h", [0], []], ["x", [0], []], ["cx", [1, 2], []], ["rz", [0], [-0.2843135893344879]], ["rx", [0], [1.1823906898498535]], ["rz", [0], [-1.1808756589889526]], ["rz", [1], [3.5026800632476807]], ["rx", [1], [-0.1311744749546051]], ["rz", [1], [2.463870048522949]], ["rz", [2], [-2.989596128463745]], ["rx", [2], [-2.1562955379486084]], ["rz", [2], [0.06717179715633392]]], "base_circuit_qasm": "OPENQASM 2.0;\ninclude \"qelib1.inc\";\nqreg q[3];\ncx q[1],q[2];\nx q[0];\nh q[0];\nh q[2];\nh q[1];\nh q[0];\nh q[2];\nh q[0];\nh q[0];\ncx q[2],q[1];\ncx q[2],q[1];\nh q[0];\nh q[0];\nh q[2];\nh q[0];\nh q[1];\nh q[2];\nh q[0];\nx q[0];\ncx q[1],q[2];", "pqc_circuit_qasm": "OPENQASM 2.0;\ninclude \"qelib1.inc\";\nqreg q[3];\ncx q[1],q[2];\nx q[0];\nh q[0];\nh q[2];\nh q[1];\nrz(2.3167319297790527) q[0];\nrx(2.802846670150757) q[0];\nrz(1.985837459564209) q[0];\nrz(-2.8299551010131836) q[1];\nrx(2.10476016998291) q[1];\nrz(0.5458600521087646) q[1];\nrz(-1.9249773025512695) q[2];\nrx(-1.3155792951583862) q[2];\nrz(-2.4676973819732666) q[2];\nh q[0];\nh q[2];\nh q[0];\nh q[0];\ncx q[2],q[1];\nrz(-0.9056633710861206) q[0];\nrx(3.058417797088623) q[0];\nrz(1.8044456243515015) q[0];\nrz(0.19602234661579132) q[1];\nrx(2.29172682762146) q[1];\nrz(0.15984280407428741) q[1];\nrz(2.3125438690185547) q[2];\nrx(-2.8484113216400146) q[2];\nrz(2.615888833999634) q[2];\ncx q[2],q[1];\nh q[0];\nh q[0];\nh q[2];\nh q[0];\nrz(-0.9636989831924438) q[0];\nrx(2.1395325660705566) q[0];\nrz(1.566487431526184) q[0];\nrz(-0.5603445768356323) q[1];\nrx(1.6952916383743286) q[1];\nrz(-3.0228912830352783) q[1];\nrz(-1.1626830101013184) q[2];\nrx(-1.8639949560165405) q[2];\nrz(1.9090282917022705) q[2];\nh q[1];\nh q[2];\nh q[0];\nx q[0];\ncx q[1],q[2];\nrz(-0.2843135893344879) q[0];\nrx(1.1823906898498535) q[0];\nrz(-1.1808756589889526) q[0];\nrz(3.5026800632476807) q[1];\nrx(-0.1311744749546051) q[1];\nrz(2.463870048522949) q[1];\nrz(-2.989596128463745) q[2];\nrx(-2.1562955379486084) q[2];\nrz(0.06717179715633392) q[2];"}