{"seed": 1777, "fidelity": 0.9875407218933105, "pqc_params": [[[3.3583922386169434, 0.08037073910236359, -1.158974051475525], [1.922372579574585, 2.395040988922119, -2.015913724899292], [-1.3565285205841064, -2.156193494796753, -2.150193929672241]], [[3.032120943069458, 2.3780953884124756, -2.96632719039917], [0.5746644735336304, -3.1348536014556885, -3.2377946376800537], [-0.7020680904388428, -0.381602019071579, 0.3449024260044098]], [[-0.581048846244812, -0.33202511072158813, -0.4865395128726959], [-2.790673017501831, -0.7361104488372803, 3.043386936187744], [1.673354983329773, -4.168595314025879, 0.8816982507705688]], [[0.334136039018631, -0.011677895672619343, -0.43956491351127625], [2.562718391418457, 0.07856058329343796, -0.2947044372558594], [-1.9313111305236816, 0.01740320399403572, 1.8374212980270386]]], "base_circuit_tokens": [["x", [1], []], ["cx", [1, 0], []], ["cx", [1, 2], []], ["cx", [2, 0], []], ["h", [0], []], ["h", [2], []], ["h", [0], []], ["x", [0], []], ["cx", [2, 0], []], ["x", [1], []], ["x", [1], []], ["cx", [2, 0], []], ["x", [0], []], ["h", [0], []], ["h", [2], []], ["h", [0], []], ["cx", [2, 0], []], ["cx", [1, 2], []], ["cx", [1, 0], []], ["x", [1], []]], "pqc_circuit_tokens": [["x", [1], []], ["cx", [1, 0], []], ["cx", [1, 2], []], ["cx", [2, 0], []], ["h", [0], []], ["rz", [0], [3.3583922386169434]], ["rx", [0], [0.08037073910236359]], ["rz", [0], [-1.158974051475525]], ["rz", [1], [1.922372579574585]], ["rx", [1], [2.395040988922119]], ["rz", [1], [-2.015913724899292]], ["rz", [2], [-1.3565285205841064]], ["rx", [2], [-2.156193494796753]], ["rz", [2], [-2.150193929672241]], ["h", [2], []], ["h", [0], []], ["x", [0], []], ["cx", [2, 0], []], ["x", [1], []], ["rz", [0], [3.032120943069458]], ["rx", [0], [2.3780953884124756]], ["rz", [0], [-2.96632719039917]], ["rz", [1], [0.5746644735336304]], ["rx", [1], [-3.1348536014556885]], ["rz", [1], [-3.2377946376800537]], ["rz", [2], [-0.7020680904388428]], ["rx", [2], [-0.381602019071579]], ["rz", [2], [0.3449024260044098]], ["x", [1], []], ["cx", [2, 0], []], ["x", [0], []], ["h", [0], []], ["h", [2], []], ["rz", [0], [-0.581048846244812]], ["rx", [0], [-0.33202511072158813]], ["rz", [0], [-0.4865395128726959]], ["rz", [1], [-2.790673017501831]], ["rx", [1], [-0.7361104488372803]], ["rz", [1], [3.043386936187744]], ["rz", [2], [1.673354983329773]], ["rx", [2], [-4.168595314025879]], ["rz", [2], [0.8816982507705688]], ["h", [0], []], ["cx", [2, 0], []], ["cx", [1, 2], []], ["cx", [1, 0], []], ["x", [1], []], ["rz", [0], [0.334136039018631]], ["rx", [0], [-0.011677895672619343]], ["rz", [0], [-0.43956491351127625]], ["rz", [1], [2.562718391418457]], ["rx", [1], [0.07856058329343796]], ["rz", [1], [-0.2947044372558594]], ["rz", [2], [-1.9313111305236816]], ["rx", [2], [0.01740320399403572]], ["rz", [2], [1.8374212980270386]]], "base_circuit_qasm": "OPENQASM 2.0;\ninclude \"qelib1.inc\";\nqreg q[3];\nx q[1];\ncx q[1],q[0];\ncx q[1],q[2];\ncx q[2],q[0];\nh q[0];\nh q[2];\nh q[0];\nx q[0];\ncx q[2],q[0];\nx q[1];\nx q[1];\ncx q[2],q[0];\nx q[0];\nh q[0];\nh q[2];\nh q[0];\ncx q[2],q[0];\ncx q[1],q[2];\ncx q[1],q[0];\nx q[1];", "pqc_circuit_qasm": "OPENQASM 2.0;\ninclude \"qelib1.inc\";\nqreg q[3];\nx q[1];\ncx q[1],q[0];\ncx q[1],q[2];\ncx q[2],q[0];\nh q[0];\nrz(3.3583922386169434) q[0];\nrx(0.08037073910236359) q[0];\nrz(-1.158974051475525) q[0];\nrz(1.922372579574585) q[1];\nrx(2.395040988922119) q[1];\nrz(-2.015913724899292) q[1];\nrz(-1.3565285205841064) q[2];\nrx(-2.156193494796753) q[2];\nrz(-2.150193929672241) q[2];\nh q[2];\nh q[0];\nx q[0];\ncx q[2],q[0];\nx q[1];\nrz(3.032120943069458) q[0];\nrx(2.3780953884124756) q[0];\nrz(-2.96632719039917) q[0];\nrz(0.5746644735336304) q[1];\nrx(-3.1348536014556885) q[1];\nrz(-3.2377946376800537) q[1];\nrz(-0.7020680904388428) q[2];\nrx(-0.381602019071579) q[2];\nrz(0.3449024260044098) q[2];\nx q[1];\ncx q[2],q[0];\nx q[0];\nh q[0];\nh q[2];\nrz(-0.581048846244812) q[0];\nrx(-0.33202511072158813) q[0];\nrz(-0.4865395128726959) q[0];\nrz(-2.790673017501831) q[1];\nrx(-0.7361104488372803) q[1];\nrz(3.043386936187744) q[1];\nrz(1.673354983329773) q[2];\nrx(-4.168595314025879) q[2];\nrz(0.8816982507705688) q[2];\nh q[0];\ncx q[2],q[0];\ncx q[1],q[2];\ncx q[1],q[0];\nx q[1];\nrz(0.334136039018631) q[0];\nrx(-0.011677895672619343) q[0];\nrz(-0.43956491351127625) q[0];\nrz(2.562718391418457) q[1];\nrx(0.07856058329343796) q[1];\nrz(-0.2947044372558594) q[1];\nrz(-1.9313111305236816) q[2];\nrx(0.01740320399403572) q[2];\nrz(1.8374212980270386) q[2];"}