{"seed": 1780, "fidelity": 0.9998467564582825, "pqc_params": [[[-2.3735854625701904, 1.760099172592163, 0.7246829867362976], [-0.4536519944667816, -1.6136482954025269, -0.07074379175901413], [-1.9818849563598633, -1.530517578125, 2.230079174041748]], [[-1.3018954992294312, -2.5559396743774414, 2.408278703689575], [0.5014694929122925, 2.1247751712799072, 2.1445374488830566], [-0.7068257927894592, 0.0487532801926136, 2.003274917602539]], [[0.010666023939847946, 1.4256168603897095, 3.152785062789917], [-2.247246026992798, 0.31075721979141235, 3.127098798751831], [-2.310641288757324, 1.4772268533706665, 1.4698388576507568]], [[-3.143420934677124, -2.3058278560638428, 0.7857113480567932], [-2.4326767921447754, -1.0792070627212524, -0.24661721289157867], [2.075810432434082, -0.3698568642139435, 2.2871100902557373]]], "base_circuit_tokens": [["x", [0], []], ["h", [2], []], ["h", [1], []], ["h", [1], []], ["h", [1], []], ["h", [0], []], ["h", [2], []], ["h", [1], []], ["h", [2], []], ["h", [0], []], ["h", [0], []], ["h", [2], []], ["h", [1], []], ["h", [2], []], ["h", [0], []], ["h", [1], []], ["h", [1], []], ["h", [1], []], ["h", [2], []], ["x", [0], []]], "pqc_circuit_tokens": [["x", [0], []], ["h", [2], []], ["h", [1], []], ["h", [1], []], ["h", [1], []], ["rz", [0], [-2.3735854625701904]], ["rx", [0], [1.760099172592163]], ["rz", [0], [0.7246829867362976]], ["rz", [1], [-0.4536519944667816]], ["rx", [1], [-1.6136482954025269]], ["rz", [1], [-0.07074379175901413]], ["rz", [2], [-1.9818849563598633]], ["rx", [2], [-1.530517578125]], ["rz", [2], [2.230079174041748]], ["h", [0], []], ["h", [2], []], ["h", [1], []], ["h", [2], []], ["h", [0], []], ["rz", [0], [-1.3018954992294312]], ["rx", [0], [-2.5559396743774414]], ["rz", [0], [2.408278703689575]], ["rz", [1], [0.5014694929122925]], ["rx", [1], [2.1247751712799072]], ["rz", [1], [2.1445374488830566]], ["rz", [2], [-0.7068257927894592]], ["rx", [2], [0.0487532801926136]], ["rz", [2], [2.003274917602539]], ["h", [0], []], ["h", [2], []], ["h", [1], []], ["h", [2], []], ["h", [0], []], ["rz", [0], [0.010666023939847946]], ["rx", [0], [1.4256168603897095]], ["rz", [0], [3.152785062789917]], ["rz", [1], [-2.247246026992798]], ["rx", [1], [0.31075721979141235]], ["rz", [1], [3.127098798751831]], ["rz", [2], [-2.310641288757324]], ["rx", [2], [1.4772268533706665]], ["rz", [2], [1.4698388576507568]], ["h", [1], []], ["h", [1], []], ["h", [1], []], ["h", [2], []], ["x", [0], []], ["rz", [0], [-3.143420934677124]], ["rx", [0], [-2.3058278560638428]], ["rz", [0], [0.7857113480567932]], ["rz", [1], [-2.4326767921447754]], ["rx", [1], [-1.0792070627212524]], ["rz", [1], [-0.24661721289157867]], ["rz", [2], [2.075810432434082]], ["rx", [2], [-0.3698568642139435]], ["rz", [2], [2.2871100902557373]]], "base_circuit_qasm": "OPENQASM 2.0;\ninclude \"qelib1.inc\";\nqreg q[3];\nx q[0];\nh q[2];\nh q[1];\nh q[1];\nh q[1];\nh q[0];\nh q[2];\nh q[1];\nh q[2];\nh q[0];\nh q[0];\nh q[2];\nh q[1];\nh q[2];\nh q[0];\nh q[1];\nh q[1];\nh q[1];\nh q[2];\nx q[0];", "pqc_circuit_qasm": "OPENQASM 2.0;\ninclude \"qelib1.inc\";\nqreg q[3];\nx q[0];\nh q[2];\nh q[1];\nh q[1];\nh q[1];\nrz(-2.3735854625701904) q[0];\nrx(1.760099172592163) q[0];\nrz(0.7246829867362976) q[0];\nrz(-0.4536519944667816) q[1];\nrx(-1.6136482954025269) q[1];\nrz(-0.07074379175901413) q[1];\nrz(-1.9818849563598633) q[2];\nrx(-1.530517578125) q[2];\nrz(2.230079174041748) q[2];\nh q[0];\nh q[2];\nh q[1];\nh q[2];\nh q[0];\nrz(-1.3018954992294312) q[0];\nrx(-2.5559396743774414) q[0];\nrz(2.408278703689575) q[0];\nrz(0.5014694929122925) q[1];\nrx(2.1247751712799072) q[1];\nrz(2.1445374488830566) q[1];\nrz(-0.7068257927894592) q[2];\nrx(0.0487532801926136) q[2];\nrz(2.003274917602539) q[2];\nh q[0];\nh q[2];\nh q[1];\nh q[2];\nh q[0];\nrz(0.010666023939847946) q[0];\nrx(1.4256168603897095) q[0];\nrz(3.152785062789917) q[0];\nrz(-2.247246026992798) q[1];\nrx(0.31075721979141235) q[1];\nrz(3.127098798751831) q[1];\nrz(-2.310641288757324) q[2];\nrx(1.4772268533706665) q[2];\nrz(1.4698388576507568) q[2];\nh q[1];\nh q[1];\nh q[1];\nh q[2];\nx q[0];\nrz(-3.143420934677124) q[0];\nrx(-2.3058278560638428) q[0];\nrz(0.7857113480567932) q[0];\nrz(-2.4326767921447754) q[1];\nrx(-1.0792070627212524) q[1];\nrz(-0.24661721289157867) q[1];\nrz(2.075810432434082) q[2];\nrx(-0.3698568642139435) q[2];\nrz(2.2871100902557373) q[2];"}