{"seed": 1783, "fidelity": 0.9952988624572754, "pqc_params": [[[-1.852699637413025, 2.843797206878662, 1.8263437747955322], [-3.7831976413726807, -0.38896074891090393, -0.5771154165267944], [2.4715278148651123, -2.96696138381958, 0.08619166165590286]], [[-2.1137592792510986, -3.097527027130127, -2.9701344966888428], [-3.615384101867676, 3.3515923023223877, -0.3807247281074524], [-2.93062686920166, 0.501197874546051, -0.7426971197128296]], [[0.4647506773471832, 2.632953643798828, 1.10608971118927], [-0.33087754249572754, 2.6598784923553467, 1.6534099578857422], [3.3937933444976807, -0.8872907161712646, -0.28753724694252014]], [[2.803605556488037, 0.3004869520664215, -2.9815773963928223], [3.3241140842437744, -3.0435681343078613, -0.19475527107715607], [-0.28957200050354004, -0.22659307718276978, -1.4844740629196167]]], "base_circuit_tokens": [["h", [2], []], ["cx", [1, 0], []], ["h", [1], []], ["x", [1], []], ["cx", [0, 2], []], ["x", [0], []], ["h", [2], []], ["x", [1], []], ["x", [2], []], ["cx", [0, 1], []], ["cx", [0, 1], []], ["x", [2], []], ["x", [1], []], ["h", [2], []], ["x", [0], []], ["cx", [0, 2], []], ["x", [1], []], ["h", [1], []], ["cx", [1, 0], []], ["h", [2], []]], "pqc_circuit_tokens": [["h", [2], []], ["cx", [1, 0], []], ["h", [1], []], ["x", [1], []], ["cx", [0, 2], []], ["rz", [0], [-1.852699637413025]], ["rx", [0], [2.843797206878662]], ["rz", [0], [1.8263437747955322]], ["rz", [1], [-3.7831976413726807]], ["rx", [1], [-0.38896074891090393]], ["rz", [1], [-0.5771154165267944]], ["rz", [2], [2.4715278148651123]], ["rx", [2], [-2.96696138381958]], ["rz", [2], [0.08619166165590286]], ["x", [0], []], ["h", [2], []], ["x", [1], []], ["x", [2], []], ["cx", [0, 1], []], ["rz", [0], [-2.1137592792510986]], ["rx", [0], [-3.097527027130127]], ["rz", [0], [-2.9701344966888428]], ["rz", [1], [-3.615384101867676]], ["rx", [1], [3.3515923023223877]], ["rz", [1], [-0.3807247281074524]], ["rz", [2], [-2.93062686920166]], ["rx", [2], [0.501197874546051]], ["rz", [2], [-0.7426971197128296]], ["cx", [0, 1], []], ["x", [2], []], ["x", [1], []], ["h", [2], []], ["x", [0], []], ["rz", [0], [0.4647506773471832]], ["rx", [0], [2.632953643798828]], ["rz", [0], [1.10608971118927]], ["rz", [1], [-0.33087754249572754]], ["rx", [1], [2.6598784923553467]], ["rz", [1], [1.6534099578857422]], ["rz", [2], [3.3937933444976807]], ["rx", [2], [-0.8872907161712646]], ["rz", [2], [-0.28753724694252014]], ["cx", [0, 2], []], ["x", [1], []], ["h", [1], []], ["cx", [1, 0], []], ["h", [2], []], ["rz", [0], [2.803605556488037]], ["rx", [0], [0.3004869520664215]], ["rz", [0], [-2.9815773963928223]], ["rz", [1], [3.3241140842437744]], ["rx", [1], [-3.0435681343078613]], ["rz", [1], [-0.19475527107715607]], ["rz", [2], [-0.28957200050354004]], ["rx", [2], [-0.22659307718276978]], ["rz", [2], [-1.4844740629196167]]], "base_circuit_qasm": "OPENQASM 2.0;\ninclude \"qelib1.inc\";\nqreg q[3];\nh q[2];\ncx q[1],q[0];\nh q[1];\nx q[1];\ncx q[0],q[2];\nx q[0];\nh q[2];\nx q[1];\nx q[2];\ncx q[0],q[1];\ncx q[0],q[1];\nx q[2];\nx q[1];\nh q[2];\nx q[0];\ncx q[0],q[2];\nx q[1];\nh q[1];\ncx q[1],q[0];\nh q[2];", "pqc_circuit_qasm": "OPENQASM 2.0;\ninclude \"qelib1.inc\";\nqreg q[3];\nh q[2];\ncx q[1],q[0];\nh q[1];\nx q[1];\ncx q[0],q[2];\nrz(-1.852699637413025) q[0];\nrx(2.843797206878662) q[0];\nrz(1.8263437747955322) q[0];\nrz(-3.7831976413726807) q[1];\nrx(-0.38896074891090393) q[1];\nrz(-0.5771154165267944) q[1];\nrz(2.4715278148651123) q[2];\nrx(-2.96696138381958) q[2];\nrz(0.08619166165590286) q[2];\nx q[0];\nh q[2];\nx q[1];\nx q[2];\ncx q[0],q[1];\nrz(-2.1137592792510986) q[0];\nrx(-3.097527027130127) q[0];\nrz(-2.9701344966888428) q[0];\nrz(-3.615384101867676) q[1];\nrx(3.3515923023223877) q[1];\nrz(-0.3807247281074524) q[1];\nrz(-2.93062686920166) q[2];\nrx(0.501197874546051) q[2];\nrz(-0.7426971197128296) q[2];\ncx q[0],q[1];\nx q[2];\nx q[1];\nh q[2];\nx q[0];\nrz(0.4647506773471832) q[0];\nrx(2.632953643798828) q[0];\nrz(1.10608971118927) q[0];\nrz(-0.33087754249572754) q[1];\nrx(2.6598784923553467) q[1];\nrz(1.6534099578857422) q[1];\nrz(3.3937933444976807) q[2];\nrx(-0.8872907161712646) q[2];\nrz(-0.28753724694252014) q[2];\ncx q[0],q[2];\nx q[1];\nh q[1];\ncx q[1],q[0];\nh q[2];\nrz(2.803605556488037) q[0];\nrx(0.3004869520664215) q[0];\nrz(-2.9815773963928223) q[0];\nrz(3.3241140842437744) q[1];\nrx(-3.0435681343078613) q[1];\nrz(-0.19475527107715607) q[1];\nrz(-0.28957200050354004) q[2];\nrx(-0.22659307718276978) q[2];\nrz(-1.4844740629196167) q[2];"}