{"seed": 182, "fidelity": 0.9751160740852356, "pqc_params": [[[2.604022264480591, 2.389558792114258, 0.06079453229904175], [-2.158216714859009, 1.85273015499115, 3.314260959625244], [0.8796899914741516, 1.0662013292312622, -2.671342372894287]], [[2.703453779220581, 0.6395585536956787, 1.9489458799362183], [-1.5069265365600586, 0.21958518028259277, 1.9059925079345703], [2.507709264755249, -0.6855455636978149, -0.10946787148714066]], [[-2.0809125900268555, 0.252395361661911, -1.6151009798049927], [-0.6256227493286133, 1.7818268537521362, 1.8221131563186646], [1.3306884765625, 1.7314631938934326, -2.4801063537597656]], [[0.1331581026315689, -0.20921337604522705, 1.944701910018921], [-1.2091021537780762, 0.0036109702195972204, -2.0455727577209473], [-0.5140390396118164, 1.3884183168411255, -2.2356021404266357]]], "base_circuit_tokens": [["h", [0], []], ["h", [0], []], ["cx", [0, 1], []], ["h", [0], []], ["h", [2], []], ["cx", [2, 0], []], ["h", [0], []], ["x", [2], []], ["h", [2], []], ["cx", [2, 0], []], ["cx", [2, 0], []], ["h", [2], []], ["x", [2], []], ["h", [0], []], ["cx", [2, 0], []], ["h", [2], []], ["h", [0], []], ["cx", [0, 1], []], ["h", [0], []], ["h", [0], []]], "pqc_circuit_tokens": [["h", [0], []], ["h", [0], []], ["cx", [0, 1], []], ["h", [0], []], ["h", [2], []], ["rz", [0], [2.604022264480591]], ["rx", [0], [2.389558792114258]], ["rz", [0], [0.06079453229904175]], ["rz", [1], [-2.158216714859009]], ["rx", [1], [1.85273015499115]], ["rz", [1], [3.314260959625244]], ["rz", [2], [0.8796899914741516]], ["rx", [2], [1.0662013292312622]], ["rz", [2], [-2.671342372894287]], ["cx", [2, 0], []], ["h", [0], []], ["x", [2], []], ["h", [2], []], ["cx", [2, 0], []], ["rz", [0], [2.703453779220581]], ["rx", [0], [0.6395585536956787]], ["rz", [0], [1.9489458799362183]], ["rz", [1], [-1.5069265365600586]], ["rx", [1], [0.21958518028259277]], ["rz", [1], [1.9059925079345703]], ["rz", [2], [2.507709264755249]], ["rx", [2], [-0.6855455636978149]], ["rz", [2], [-0.10946787148714066]], ["cx", [2, 0], []], ["h", [2], []], ["x", [2], []], ["h", [0], []], ["cx", [2, 0], []], ["rz", [0], [-2.0809125900268555]], ["rx", [0], [0.252395361661911]], ["rz", [0], [-1.6151009798049927]], ["rz", [1], [-0.6256227493286133]], ["rx", [1], [1.7818268537521362]], ["rz", [1], [1.8221131563186646]], ["rz", [2], [1.3306884765625]], ["rx", [2], [1.7314631938934326]], ["rz", [2], [-2.4801063537597656]], ["h", [2], []], ["h", [0], []], ["cx", [0, 1], []], ["h", [0], []], ["h", [0], []], ["rz", [0], [0.1331581026315689]], ["rx", [0], [-0.20921337604522705]], ["rz", [0], [1.944701910018921]], ["rz", [1], [-1.2091021537780762]], ["rx", [1], [0.0036109702195972204]], ["rz", [1], [-2.0455727577209473]], ["rz", [2], [-0.5140390396118164]], ["rx", [2], [1.3884183168411255]], ["rz", [2], [-2.2356021404266357]]], "base_circuit_qasm": "OPENQASM 2.0;\ninclude \"qelib1.inc\";\nqreg q[3];\nh q[0];\nh q[0];\ncx q[0],q[1];\nh q[0];\nh q[2];\ncx q[2],q[0];\nh q[0];\nx q[2];\nh q[2];\ncx q[2],q[0];\ncx q[2],q[0];\nh q[2];\nx q[2];\nh q[0];\ncx q[2],q[0];\nh q[2];\nh q[0];\ncx q[0],q[1];\nh q[0];\nh q[0];", "pqc_circuit_qasm": "OPENQASM 2.0;\ninclude \"qelib1.inc\";\nqreg q[3];\nh q[0];\nh q[0];\ncx q[0],q[1];\nh q[0];\nh q[2];\nrz(2.604022264480591) q[0];\nrx(2.389558792114258) q[0];\nrz(0.06079453229904175) q[0];\nrz(-2.158216714859009) q[1];\nrx(1.85273015499115) q[1];\nrz(3.314260959625244) q[1];\nrz(0.8796899914741516) q[2];\nrx(1.0662013292312622) q[2];\nrz(-2.671342372894287) q[2];\ncx q[2],q[0];\nh q[0];\nx q[2];\nh q[2];\ncx q[2],q[0];\nrz(2.703453779220581) q[0];\nrx(0.6395585536956787) q[0];\nrz(1.9489458799362183) q[0];\nrz(-1.5069265365600586) q[1];\nrx(0.21958518028259277) q[1];\nrz(1.9059925079345703) q[1];\nrz(2.507709264755249) q[2];\nrx(-0.6855455636978149) q[2];\nrz(-0.10946787148714066) q[2];\ncx q[2],q[0];\nh q[2];\nx q[2];\nh q[0];\ncx q[2],q[0];\nrz(-2.0809125900268555) q[0];\nrx(0.252395361661911) q[0];\nrz(-1.6151009798049927) q[0];\nrz(-0.6256227493286133) q[1];\nrx(1.7818268537521362) q[1];\nrz(1.8221131563186646) q[1];\nrz(1.3306884765625) q[2];\nrx(1.7314631938934326) q[2];\nrz(-2.4801063537597656) q[2];\nh q[2];\nh q[0];\ncx q[0],q[1];\nh q[0];\nh q[0];\nrz(0.1331581026315689) q[0];\nrx(-0.20921337604522705) q[0];\nrz(1.944701910018921) q[0];\nrz(-1.2091021537780762) q[1];\nrx(0.0036109702195972204) q[1];\nrz(-2.0455727577209473) q[1];\nrz(-0.5140390396118164) q[2];\nrx(1.3884183168411255) q[2];\nrz(-2.2356021404266357) q[2];"}