{"seed": 1826, "fidelity": 0.9997097253799438, "pqc_params": [[[-1.6270101070404053, 2.6141517162323, -1.2397546768188477], [-1.0336825847625732, 0.2626133859157562, 0.04593794792890549], [-0.7053031325340271, 0.49067187309265137, 1.6447917222976685]], [[2.072423219680786, -2.822282075881958, -1.191469669342041], [-0.3011825382709503, -0.01443770993500948, -0.6167330741882324], [-1.1985175609588623, -0.5779458284378052, -1.5165342092514038]], [[2.379878520965576, 0.5044662356376648, -2.652766466140747], [-2.2357256412506104, -2.82083797454834, -2.8040902614593506], [1.0177515745162964, -0.1993994563817978, 1.007119059562683]], [[-1.2455506324768066, 3.1327784061431885, -1.1366122961044312], [-1.110143780708313, 0.24877524375915527, -2.166661024093628], [-0.2420075684785843, -0.11198456585407257, 0.18853889405727386]]], "base_circuit_tokens": [["cx", [2, 0], []], ["x", [1], []], ["h", [1], []], ["x", [2], []], ["h", [0], []], ["h", [0], []], ["h", [1], []], ["h", [1], []], ["x", [0], []], ["h", [1], []], ["h", [1], []], ["x", [0], []], ["h", [1], []], ["h", [1], []], ["h", [0], []], ["h", [0], []], ["x", [2], []], ["h", [1], []], ["x", [1], []], ["cx", [2, 0], []]], "pqc_circuit_tokens": [["cx", [2, 0], []], ["x", [1], []], ["h", [1], []], ["x", [2], []], ["h", [0], []], ["rz", [0], [-1.6270101070404053]], ["rx", [0], [2.6141517162323]], ["rz", [0], [-1.2397546768188477]], ["rz", [1], [-1.0336825847625732]], ["rx", [1], [0.2626133859157562]], ["rz", [1], [0.04593794792890549]], ["rz", [2], [-0.7053031325340271]], ["rx", [2], [0.49067187309265137]], ["rz", [2], [1.6447917222976685]], ["h", [0], []], ["h", [1], []], ["h", [1], []], ["x", [0], []], ["h", [1], []], ["rz", [0], [2.072423219680786]], ["rx", [0], [-2.822282075881958]], ["rz", [0], [-1.191469669342041]], ["rz", [1], [-0.3011825382709503]], ["rx", [1], [-0.01443770993500948]], ["rz", [1], [-0.6167330741882324]], ["rz", [2], [-1.1985175609588623]], ["rx", [2], [-0.5779458284378052]], ["rz", [2], [-1.5165342092514038]], ["h", [1], []], ["x", [0], []], ["h", [1], []], ["h", [1], []], ["h", [0], []], ["rz", [0], [2.379878520965576]], ["rx", [0], [0.5044662356376648]], ["rz", [0], [-2.652766466140747]], ["rz", [1], [-2.2357256412506104]], ["rx", [1], [-2.82083797454834]], ["rz", [1], [-2.8040902614593506]], ["rz", [2], [1.0177515745162964]], ["rx", [2], [-0.1993994563817978]], ["rz", [2], [1.007119059562683]], ["h", [0], []], ["x", [2], []], ["h", [1], []], ["x", [1], []], ["cx", [2, 0], []], ["rz", [0], [-1.2455506324768066]], ["rx", [0], [3.1327784061431885]], ["rz", [0], [-1.1366122961044312]], ["rz", [1], [-1.110143780708313]], ["rx", [1], [0.24877524375915527]], ["rz", [1], [-2.166661024093628]], ["rz", [2], [-0.2420075684785843]], ["rx", [2], [-0.11198456585407257]], ["rz", [2], [0.18853889405727386]]], "base_circuit_qasm": "OPENQASM 2.0;\ninclude \"qelib1.inc\";\nqreg q[3];\ncx q[2],q[0];\nx q[1];\nh q[1];\nx q[2];\nh q[0];\nh q[0];\nh q[1];\nh q[1];\nx q[0];\nh q[1];\nh q[1];\nx q[0];\nh q[1];\nh q[1];\nh q[0];\nh q[0];\nx q[2];\nh q[1];\nx q[1];\ncx q[2],q[0];", "pqc_circuit_qasm": "OPENQASM 2.0;\ninclude \"qelib1.inc\";\nqreg q[3];\ncx q[2],q[0];\nx q[1];\nh q[1];\nx q[2];\nh q[0];\nrz(-1.6270101070404053) q[0];\nrx(2.6141517162323) q[0];\nrz(-1.2397546768188477) q[0];\nrz(-1.0336825847625732) q[1];\nrx(0.2626133859157562) q[1];\nrz(0.04593794792890549) q[1];\nrz(-0.7053031325340271) q[2];\nrx(0.49067187309265137) q[2];\nrz(1.6447917222976685) q[2];\nh q[0];\nh q[1];\nh q[1];\nx q[0];\nh q[1];\nrz(2.072423219680786) q[0];\nrx(-2.822282075881958) q[0];\nrz(-1.191469669342041) q[0];\nrz(-0.3011825382709503) q[1];\nrx(-0.01443770993500948) q[1];\nrz(-0.6167330741882324) q[1];\nrz(-1.1985175609588623) q[2];\nrx(-0.5779458284378052) q[2];\nrz(-1.5165342092514038) q[2];\nh q[1];\nx q[0];\nh q[1];\nh q[1];\nh q[0];\nrz(2.379878520965576) q[0];\nrx(0.5044662356376648) q[0];\nrz(-2.652766466140747) q[0];\nrz(-2.2357256412506104) q[1];\nrx(-2.82083797454834) q[1];\nrz(-2.8040902614593506) q[1];\nrz(1.0177515745162964) q[2];\nrx(-0.1993994563817978) q[2];\nrz(1.007119059562683) q[2];\nh q[0];\nx q[2];\nh q[1];\nx q[1];\ncx q[2],q[0];\nrz(-1.2455506324768066) q[0];\nrx(3.1327784061431885) q[0];\nrz(-1.1366122961044312) q[0];\nrz(-1.110143780708313) q[1];\nrx(0.24877524375915527) q[1];\nrz(-2.166661024093628) q[1];\nrz(-0.2420075684785843) q[2];\nrx(-0.11198456585407257) q[2];\nrz(0.18853889405727386) q[2];"}