{"seed": 1832, "fidelity": 0.9715360999107361, "pqc_params": [[[-0.11568966507911682, -2.479954957962036, -0.09418272972106934], [1.8093398809432983, 0.9050875902175903, 1.6703131198883057], [-3.244962215423584, 2.1739633083343506, 3.2980141639709473]], [[0.6555662155151367, 3.066622734069824, 0.035739436745643616], [1.380844235420227, 3.119598627090454, 1.4837238788604736], [2.207012176513672, -2.9320528507232666, -2.2590463161468506]], [[2.8973073959350586, 0.8524855971336365, -0.010094428434967995], [2.234367609024048, 2.5401344299316406, -2.157815933227539], [0.14353537559509277, -3.2686855792999268, 2.984757423400879]], [[-0.1525290459394455, -0.2777889668941498, 0.7360854148864746], [2.2753610610961914, -0.6018898487091064, -2.7436389923095703], [2.9308228492736816, 0.10495424270629883, 2.630239725112915]]], "base_circuit_tokens": [["h", [0], []], ["cx", [2, 0], []], ["x", [2], []], ["x", [1], []], ["h", [2], []], ["h", [1], []], ["h", [0], []], ["cx", [1, 2], []], ["h", [2], []], ["cx", [0, 1], []], ["cx", [0, 1], []], ["h", [2], []], ["cx", [1, 2], []], ["h", [0], []], ["h", [1], []], ["h", [2], []], ["x", [1], []], ["x", [2], []], ["cx", [2, 0], []], ["h", [0], []]], "pqc_circuit_tokens": [["h", [0], []], ["cx", [2, 0], []], ["x", [2], []], ["x", [1], []], ["h", [2], []], ["rz", [0], [-0.11568966507911682]], ["rx", [0], [-2.479954957962036]], ["rz", [0], [-0.09418272972106934]], ["rz", [1], [1.8093398809432983]], ["rx", [1], [0.9050875902175903]], ["rz", [1], [1.6703131198883057]], ["rz", [2], [-3.244962215423584]], ["rx", [2], [2.1739633083343506]], ["rz", [2], [3.2980141639709473]], ["h", [1], []], ["h", [0], []], ["cx", [1, 2], []], ["h", [2], []], ["cx", [0, 1], []], ["rz", [0], [0.6555662155151367]], ["rx", [0], [3.066622734069824]], ["rz", [0], [0.035739436745643616]], ["rz", [1], [1.380844235420227]], ["rx", [1], [3.119598627090454]], ["rz", [1], [1.4837238788604736]], ["rz", [2], [2.207012176513672]], ["rx", [2], [-2.9320528507232666]], ["rz", [2], [-2.2590463161468506]], ["cx", [0, 1], []], ["h", [2], []], ["cx", [1, 2], []], ["h", [0], []], ["h", [1], []], ["rz", [0], [2.8973073959350586]], ["rx", [0], [0.8524855971336365]], ["rz", [0], [-0.010094428434967995]], ["rz", [1], [2.234367609024048]], ["rx", [1], [2.5401344299316406]], ["rz", [1], [-2.157815933227539]], ["rz", [2], [0.14353537559509277]], ["rx", [2], [-3.2686855792999268]], ["rz", [2], [2.984757423400879]], ["h", [2], []], ["x", [1], []], ["x", [2], []], ["cx", [2, 0], []], ["h", [0], []], ["rz", [0], [-0.1525290459394455]], ["rx", [0], [-0.2777889668941498]], ["rz", [0], [0.7360854148864746]], ["rz", [1], [2.2753610610961914]], ["rx", [1], [-0.6018898487091064]], ["rz", [1], [-2.7436389923095703]], ["rz", [2], [2.9308228492736816]], ["rx", [2], [0.10495424270629883]], ["rz", [2], [2.630239725112915]]], "base_circuit_qasm": "OPENQASM 2.0;\ninclude \"qelib1.inc\";\nqreg q[3];\nh q[0];\ncx q[2],q[0];\nx q[2];\nx q[1];\nh q[2];\nh q[1];\nh q[0];\ncx q[1],q[2];\nh q[2];\ncx q[0],q[1];\ncx q[0],q[1];\nh q[2];\ncx q[1],q[2];\nh q[0];\nh q[1];\nh q[2];\nx q[1];\nx q[2];\ncx q[2],q[0];\nh q[0];", "pqc_circuit_qasm": "OPENQASM 2.0;\ninclude \"qelib1.inc\";\nqreg q[3];\nh q[0];\ncx q[2],q[0];\nx q[2];\nx q[1];\nh q[2];\nrz(-0.11568966507911682) q[0];\nrx(-2.479954957962036) q[0];\nrz(-0.09418272972106934) q[0];\nrz(1.8093398809432983) q[1];\nrx(0.9050875902175903) q[1];\nrz(1.6703131198883057) q[1];\nrz(-3.244962215423584) q[2];\nrx(2.1739633083343506) q[2];\nrz(3.2980141639709473) q[2];\nh q[1];\nh q[0];\ncx q[1],q[2];\nh q[2];\ncx q[0],q[1];\nrz(0.6555662155151367) q[0];\nrx(3.066622734069824) q[0];\nrz(0.035739436745643616) q[0];\nrz(1.380844235420227) q[1];\nrx(3.119598627090454) q[1];\nrz(1.4837238788604736) q[1];\nrz(2.207012176513672) q[2];\nrx(-2.9320528507232666) q[2];\nrz(-2.2590463161468506) q[2];\ncx q[0],q[1];\nh q[2];\ncx q[1],q[2];\nh q[0];\nh q[1];\nrz(2.8973073959350586) q[0];\nrx(0.8524855971336365) q[0];\nrz(-0.010094428434967995) q[0];\nrz(2.234367609024048) q[1];\nrx(2.5401344299316406) q[1];\nrz(-2.157815933227539) q[1];\nrz(0.14353537559509277) q[2];\nrx(-3.2686855792999268) q[2];\nrz(2.984757423400879) q[2];\nh q[2];\nx q[1];\nx q[2];\ncx q[2],q[0];\nh q[0];\nrz(-0.1525290459394455) q[0];\nrx(-0.2777889668941498) q[0];\nrz(0.7360854148864746) q[0];\nrz(2.2753610610961914) q[1];\nrx(-0.6018898487091064) q[1];\nrz(-2.7436389923095703) q[1];\nrz(2.9308228492736816) q[2];\nrx(0.10495424270629883) q[2];\nrz(2.630239725112915) q[2];"}