{"seed": 1837, "fidelity": 0.9773527979850769, "pqc_params": [[[-2.092621326446533, 2.0793814659118652, -3.0190048217773438], [2.7751858234405518, -2.17201828956604, 0.1499985009431839], [-3.3511362075805664, -1.9973899126052856, -0.028271621093153954]], [[-2.4190328121185303, 0.03679102286696434, -0.22260117530822754], [-0.10750667005777359, 2.3170173168182373, -3.1452839374542236], [-3.364785671234131, 1.9750090837478638, 3.0199007987976074]], [[2.300471782684326, 2.62027907371521, -1.59873366355896], [-1.2207468748092651, -0.14466585218906403, 1.519842505455017], [-0.17612692713737488, -2.2038822174072266, 1.2908525466918945]], [[0.21898958086967468, 2.5495471954345703, -2.754528284072876], [3.461042881011963, 0.8702888488769531, 0.19356656074523926], [2.897416830062866, 3.117053270339966, 1.252088189125061]]], "base_circuit_tokens": [["x", [1], []], ["h", [1], []], ["h", [1], []], ["cx", [2, 0], []], ["h", [1], []], ["cx", [2, 1], []], ["h", [2], []], ["cx", [0, 2], []], ["cx", [2, 0], []], ["x", [0], []], ["x", [0], []], ["cx", [2, 0], []], ["cx", [0, 2], []], ["h", [2], []], ["cx", [2, 1], []], ["h", [1], []], ["cx", [2, 0], []], ["h", [1], []], ["h", [1], []], ["x", [1], []]], "pqc_circuit_tokens": [["x", [1], []], ["h", [1], []], ["h", [1], []], ["cx", [2, 0], []], ["h", [1], []], ["rz", [0], [-2.092621326446533]], ["rx", [0], [2.0793814659118652]], ["rz", [0], [-3.0190048217773438]], ["rz", [1], [2.7751858234405518]], ["rx", [1], [-2.17201828956604]], ["rz", [1], [0.1499985009431839]], ["rz", [2], [-3.3511362075805664]], ["rx", [2], [-1.9973899126052856]], ["rz", [2], [-0.028271621093153954]], ["cx", [2, 1], []], ["h", [2], []], ["cx", [0, 2], []], ["cx", [2, 0], []], ["x", [0], []], ["rz", [0], [-2.4190328121185303]], ["rx", [0], [0.03679102286696434]], ["rz", [0], [-0.22260117530822754]], ["rz", [1], [-0.10750667005777359]], ["rx", [1], [2.3170173168182373]], ["rz", [1], [-3.1452839374542236]], ["rz", [2], [-3.364785671234131]], ["rx", [2], [1.9750090837478638]], ["rz", [2], [3.0199007987976074]], ["x", [0], []], ["cx", [2, 0], []], ["cx", [0, 2], []], ["h", [2], []], ["cx", [2, 1], []], ["rz", [0], [2.300471782684326]], ["rx", [0], [2.62027907371521]], ["rz", [0], [-1.59873366355896]], ["rz", [1], [-1.2207468748092651]], ["rx", [1], [-0.14466585218906403]], ["rz", [1], [1.519842505455017]], ["rz", [2], [-0.17612692713737488]], ["rx", [2], [-2.2038822174072266]], ["rz", [2], [1.2908525466918945]], ["h", [1], []], ["cx", [2, 0], []], ["h", [1], []], ["h", [1], []], ["x", [1], []], ["rz", [0], [0.21898958086967468]], ["rx", [0], [2.5495471954345703]], ["rz", [0], [-2.754528284072876]], ["rz", [1], [3.461042881011963]], ["rx", [1], [0.8702888488769531]], ["rz", [1], [0.19356656074523926]], ["rz", [2], [2.897416830062866]], ["rx", [2], [3.117053270339966]], ["rz", [2], [1.252088189125061]]], "base_circuit_qasm": "OPENQASM 2.0;\ninclude \"qelib1.inc\";\nqreg q[3];\nx q[1];\nh q[1];\nh q[1];\ncx q[2],q[0];\nh q[1];\ncx q[2],q[1];\nh q[2];\ncx q[0],q[2];\ncx q[2],q[0];\nx q[0];\nx q[0];\ncx q[2],q[0];\ncx q[0],q[2];\nh q[2];\ncx q[2],q[1];\nh q[1];\ncx q[2],q[0];\nh q[1];\nh q[1];\nx q[1];", "pqc_circuit_qasm": "OPENQASM 2.0;\ninclude \"qelib1.inc\";\nqreg q[3];\nx q[1];\nh q[1];\nh q[1];\ncx q[2],q[0];\nh q[1];\nrz(-2.092621326446533) q[0];\nrx(2.0793814659118652) q[0];\nrz(-3.0190048217773438) q[0];\nrz(2.7751858234405518) q[1];\nrx(-2.17201828956604) q[1];\nrz(0.1499985009431839) q[1];\nrz(-3.3511362075805664) q[2];\nrx(-1.9973899126052856) q[2];\nrz(-0.028271621093153954) q[2];\ncx q[2],q[1];\nh q[2];\ncx q[0],q[2];\ncx q[2],q[0];\nx q[0];\nrz(-2.4190328121185303) q[0];\nrx(0.03679102286696434) q[0];\nrz(-0.22260117530822754) q[0];\nrz(-0.10750667005777359) q[1];\nrx(2.3170173168182373) q[1];\nrz(-3.1452839374542236) q[1];\nrz(-3.364785671234131) q[2];\nrx(1.9750090837478638) q[2];\nrz(3.0199007987976074) q[2];\nx q[0];\ncx q[2],q[0];\ncx q[0],q[2];\nh q[2];\ncx q[2],q[1];\nrz(2.300471782684326) q[0];\nrx(2.62027907371521) q[0];\nrz(-1.59873366355896) q[0];\nrz(-1.2207468748092651) q[1];\nrx(-0.14466585218906403) q[1];\nrz(1.519842505455017) q[1];\nrz(-0.17612692713737488) q[2];\nrx(-2.2038822174072266) q[2];\nrz(1.2908525466918945) q[2];\nh q[1];\ncx q[2],q[0];\nh q[1];\nh q[1];\nx q[1];\nrz(0.21898958086967468) q[0];\nrx(2.5495471954345703) q[0];\nrz(-2.754528284072876) q[0];\nrz(3.461042881011963) q[1];\nrx(0.8702888488769531) q[1];\nrz(0.19356656074523926) q[1];\nrz(2.897416830062866) q[2];\nrx(3.117053270339966) q[2];\nrz(1.252088189125061) q[2];"}