{"seed": 1844, "fidelity": 0.9957872629165649, "pqc_params": [[[-2.432790517807007, -3.200303554534912, -1.1650415658950806], [2.0702855587005615, 0.6992924809455872, 0.666876494884491], [1.2805143594741821, -2.0301296710968018, -1.4999706745147705]], [[-0.10417522490024567, 1.62179696559906, -0.0022761861328035593], [-0.9212586283683777, 2.877600908279419, -0.42729467153549194], [2.5943002700805664, 0.10130011290311813, -0.31961891055107117]], [[3.216693162918091, 0.11168622225522995, 1.3613778352737427], [-2.492276191711426, 1.0858839750289917, -3.9865012168884277], [0.8670384883880615, 2.0430614948272705, 1.6943386793136597]], [[0.5942776799201965, 3.5466599464416504, -2.258061408996582], [1.9662498235702515, 1.0721811056137085, 1.6893903017044067], [1.0706363916397095, 1.9979501962661743, -2.0644547939300537]]], "base_circuit_tokens": [["x", [0], []], ["cx", [0, 1], []], ["h", [0], []], ["h", [2], []], ["x", [0], []], ["cx", [0, 1], []], ["h", [1], []], ["x", [2], []], ["cx", [0, 1], []], ["cx", [2, 0], []], ["cx", [2, 0], []], ["cx", [0, 1], []], ["x", [2], []], ["h", [1], []], ["cx", [0, 1], []], ["x", [0], []], ["h", [2], []], ["h", [0], []], ["cx", [0, 1], []], ["x", [0], []]], "pqc_circuit_tokens": [["x", [0], []], ["cx", [0, 1], []], ["h", [0], []], ["h", [2], []], ["x", [0], []], ["rz", [0], [-2.432790517807007]], ["rx", [0], [-3.200303554534912]], ["rz", [0], [-1.1650415658950806]], ["rz", [1], [2.0702855587005615]], ["rx", [1], [0.6992924809455872]], ["rz", [1], [0.666876494884491]], ["rz", [2], [1.2805143594741821]], ["rx", [2], [-2.0301296710968018]], ["rz", [2], [-1.4999706745147705]], ["cx", [0, 1], []], ["h", [1], []], ["x", [2], []], ["cx", [0, 1], []], ["cx", [2, 0], []], ["rz", [0], [-0.10417522490024567]], ["rx", [0], [1.62179696559906]], ["rz", [0], [-0.0022761861328035593]], ["rz", [1], [-0.9212586283683777]], ["rx", [1], [2.877600908279419]], ["rz", [1], [-0.42729467153549194]], ["rz", [2], [2.5943002700805664]], ["rx", [2], [0.10130011290311813]], ["rz", [2], [-0.31961891055107117]], ["cx", [2, 0], []], ["cx", [0, 1], []], ["x", [2], []], ["h", [1], []], ["cx", [0, 1], []], ["rz", [0], [3.216693162918091]], ["rx", [0], [0.11168622225522995]], ["rz", [0], [1.3613778352737427]], ["rz", [1], [-2.492276191711426]], ["rx", [1], [1.0858839750289917]], ["rz", [1], [-3.9865012168884277]], ["rz", [2], [0.8670384883880615]], ["rx", [2], [2.0430614948272705]], ["rz", [2], [1.6943386793136597]], ["x", [0], []], ["h", [2], []], ["h", [0], []], ["cx", [0, 1], []], ["x", [0], []], ["rz", [0], [0.5942776799201965]], ["rx", [0], [3.5466599464416504]], ["rz", [0], [-2.258061408996582]], ["rz", [1], [1.9662498235702515]], ["rx", [1], [1.0721811056137085]], ["rz", [1], [1.6893903017044067]], ["rz", [2], [1.0706363916397095]], ["rx", [2], [1.9979501962661743]], ["rz", [2], [-2.0644547939300537]]], "base_circuit_qasm": "OPENQASM 2.0;\ninclude \"qelib1.inc\";\nqreg q[3];\nx q[0];\ncx q[0],q[1];\nh q[0];\nh q[2];\nx q[0];\ncx q[0],q[1];\nh q[1];\nx q[2];\ncx q[0],q[1];\ncx q[2],q[0];\ncx q[2],q[0];\ncx q[0],q[1];\nx q[2];\nh q[1];\ncx q[0],q[1];\nx q[0];\nh q[2];\nh q[0];\ncx q[0],q[1];\nx q[0];", "pqc_circuit_qasm": "OPENQASM 2.0;\ninclude \"qelib1.inc\";\nqreg q[3];\nx q[0];\ncx q[0],q[1];\nh q[0];\nh q[2];\nx q[0];\nrz(-2.432790517807007) q[0];\nrx(-3.200303554534912) q[0];\nrz(-1.1650415658950806) q[0];\nrz(2.0702855587005615) q[1];\nrx(0.6992924809455872) q[1];\nrz(0.666876494884491) q[1];\nrz(1.2805143594741821) q[2];\nrx(-2.0301296710968018) q[2];\nrz(-1.4999706745147705) q[2];\ncx q[0],q[1];\nh q[1];\nx q[2];\ncx q[0],q[1];\ncx q[2],q[0];\nrz(-0.10417522490024567) q[0];\nrx(1.62179696559906) q[0];\nrz(-0.0022761861328035593) q[0];\nrz(-0.9212586283683777) q[1];\nrx(2.877600908279419) q[1];\nrz(-0.42729467153549194) q[1];\nrz(2.5943002700805664) q[2];\nrx(0.10130011290311813) q[2];\nrz(-0.31961891055107117) q[2];\ncx q[2],q[0];\ncx q[0],q[1];\nx q[2];\nh q[1];\ncx q[0],q[1];\nrz(3.216693162918091) q[0];\nrx(0.11168622225522995) q[0];\nrz(1.3613778352737427) q[0];\nrz(-2.492276191711426) q[1];\nrx(1.0858839750289917) q[1];\nrz(-3.9865012168884277) q[1];\nrz(0.8670384883880615) q[2];\nrx(2.0430614948272705) q[2];\nrz(1.6943386793136597) q[2];\nx q[0];\nh q[2];\nh q[0];\ncx q[0],q[1];\nx q[0];\nrz(0.5942776799201965) q[0];\nrx(3.5466599464416504) q[0];\nrz(-2.258061408996582) q[0];\nrz(1.9662498235702515) q[1];\nrx(1.0721811056137085) q[1];\nrz(1.6893903017044067) q[1];\nrz(1.0706363916397095) q[2];\nrx(1.9979501962661743) q[2];\nrz(-2.0644547939300537) q[2];"}