{"seed": 1897, "fidelity": 0.9821249842643738, "pqc_params": [[[-1.9081839323043823, -1.3245879411697388, -1.6448912620544434], [1.502130150794983, 1.734040379524231, -2.021111249923706], [-0.8989037275314331, -1.9934955835342407, 0.7929246425628662]], [[0.16288551688194275, -1.5104745626449585, -0.3895137906074524], [-0.22337250411510468, -1.9174796342849731, 0.3890618681907654], [-1.8049709796905518, 0.7695156335830688, 2.8931992053985596]], [[-1.4136559963226318, -1.3060014247894287, 2.49544095993042], [0.7098457217216492, 1.6707619428634644, -1.600568413734436], [-2.144463300704956, 3.0206711292266846, -0.28757616877555847]], [[2.2812485694885254, 1.261641263961792, 2.77858304977417], [1.1030685901641846, -3.1765525341033936, 0.5511963963508606], [0.05772608891129494, 1.010689616203308, -0.09053248912096024]]], "base_circuit_tokens": [["cx", [1, 2], []], ["h", [1], []], ["cx", [0, 1], []], ["h", [2], []], ["h", [2], []], ["x", [0], []], ["cx", [1, 0], []], ["h", [1], []], ["h", [0], []], ["x", [1], []], ["x", [1], []], ["h", [0], []], ["h", [1], []], ["cx", [1, 0], []], ["x", [0], []], ["h", [2], []], ["h", [2], []], ["cx", [0, 1], []], ["h", [1], []], ["cx", [1, 2], []]], "pqc_circuit_tokens": [["cx", [1, 2], []], ["h", [1], []], ["cx", [0, 1], []], ["h", [2], []], ["h", [2], []], ["rz", [0], [-1.9081839323043823]], ["rx", [0], [-1.3245879411697388]], ["rz", [0], [-1.6448912620544434]], ["rz", [1], [1.502130150794983]], ["rx", [1], [1.734040379524231]], ["rz", [1], [-2.021111249923706]], ["rz", [2], [-0.8989037275314331]], ["rx", [2], [-1.9934955835342407]], ["rz", [2], [0.7929246425628662]], ["x", [0], []], ["cx", [1, 0], []], ["h", [1], []], ["h", [0], []], ["x", [1], []], ["rz", [0], [0.16288551688194275]], ["rx", [0], [-1.5104745626449585]], ["rz", [0], [-0.3895137906074524]], ["rz", [1], [-0.22337250411510468]], ["rx", [1], [-1.9174796342849731]], ["rz", [1], [0.3890618681907654]], ["rz", [2], [-1.8049709796905518]], ["rx", [2], [0.7695156335830688]], ["rz", [2], [2.8931992053985596]], ["x", [1], []], ["h", [0], []], ["h", [1], []], ["cx", [1, 0], []], ["x", [0], []], ["rz", [0], [-1.4136559963226318]], ["rx", [0], [-1.3060014247894287]], ["rz", [0], [2.49544095993042]], ["rz", [1], [0.7098457217216492]], ["rx", [1], [1.6707619428634644]], ["rz", [1], [-1.600568413734436]], ["rz", [2], [-2.144463300704956]], ["rx", [2], [3.0206711292266846]], ["rz", [2], [-0.28757616877555847]], ["h", [2], []], ["h", [2], []], ["cx", [0, 1], []], ["h", [1], []], ["cx", [1, 2], []], ["rz", [0], [2.2812485694885254]], ["rx", [0], [1.261641263961792]], ["rz", [0], [2.77858304977417]], ["rz", [1], [1.1030685901641846]], ["rx", [1], [-3.1765525341033936]], ["rz", [1], [0.5511963963508606]], ["rz", [2], [0.05772608891129494]], ["rx", [2], [1.010689616203308]], ["rz", [2], [-0.09053248912096024]]], "base_circuit_qasm": "OPENQASM 2.0;\ninclude \"qelib1.inc\";\nqreg q[3];\ncx q[1],q[2];\nh q[1];\ncx q[0],q[1];\nh q[2];\nh q[2];\nx q[0];\ncx q[1],q[0];\nh q[1];\nh q[0];\nx q[1];\nx q[1];\nh q[0];\nh q[1];\ncx q[1],q[0];\nx q[0];\nh q[2];\nh q[2];\ncx q[0],q[1];\nh q[1];\ncx q[1],q[2];", "pqc_circuit_qasm": "OPENQASM 2.0;\ninclude \"qelib1.inc\";\nqreg q[3];\ncx q[1],q[2];\nh q[1];\ncx q[0],q[1];\nh q[2];\nh q[2];\nrz(-1.9081839323043823) q[0];\nrx(-1.3245879411697388) q[0];\nrz(-1.6448912620544434) q[0];\nrz(1.502130150794983) q[1];\nrx(1.734040379524231) q[1];\nrz(-2.021111249923706) q[1];\nrz(-0.8989037275314331) q[2];\nrx(-1.9934955835342407) q[2];\nrz(0.7929246425628662) q[2];\nx q[0];\ncx q[1],q[0];\nh q[1];\nh q[0];\nx q[1];\nrz(0.16288551688194275) q[0];\nrx(-1.5104745626449585) q[0];\nrz(-0.3895137906074524) q[0];\nrz(-0.22337250411510468) q[1];\nrx(-1.9174796342849731) q[1];\nrz(0.3890618681907654) q[1];\nrz(-1.8049709796905518) q[2];\nrx(0.7695156335830688) q[2];\nrz(2.8931992053985596) q[2];\nx q[1];\nh q[0];\nh q[1];\ncx q[1],q[0];\nx q[0];\nrz(-1.4136559963226318) q[0];\nrx(-1.3060014247894287) q[0];\nrz(2.49544095993042) q[0];\nrz(0.7098457217216492) q[1];\nrx(1.6707619428634644) q[1];\nrz(-1.600568413734436) q[1];\nrz(-2.144463300704956) q[2];\nrx(3.0206711292266846) q[2];\nrz(-0.28757616877555847) q[2];\nh q[2];\nh q[2];\ncx q[0],q[1];\nh q[1];\ncx q[1],q[2];\nrz(2.2812485694885254) q[0];\nrx(1.261641263961792) q[0];\nrz(2.77858304977417) q[0];\nrz(1.1030685901641846) q[1];\nrx(-3.1765525341033936) q[1];\nrz(0.5511963963508606) q[1];\nrz(0.05772608891129494) q[2];\nrx(1.010689616203308) q[2];\nrz(-0.09053248912096024) q[2];"}