{"seed": 1901, "fidelity": 0.9997243285179138, "pqc_params": [[[-0.5959176421165466, 1.2243374586105347, 1.464943289756775], [-0.10423600673675537, 1.310112714767456, 1.281497836112976], [-3.242645263671875, -0.995845377445221, 2.5652918815612793]], [[-0.3518655002117157, -2.409907341003418, -3.4802794456481934], [1.744152545928955, -2.94905161857605, -0.3974721431732178], [0.6746429800987244, 1.6564912796020508, -1.624402403831482]], [[-2.18151593208313, 1.8864277601242065, 0.8927276134490967], [-1.9496374130249023, 0.37188681960105896, -2.3767690658569336], [-1.7899720668792725, -0.9715054035186768, -2.4210762977600098]], [[0.9121819734573364, -0.3058468997478485, -1.5813597440719604], [1.0649710893630981, 2.818451404571533, -0.08768246322870255], [-2.5476441383361816, -2.864870548248291, -2.1405296325683594]]], "base_circuit_tokens": [["x", [1], []], ["h", [1], []], ["h", [0], []], ["x", [2], []], ["x", [0], []], ["x", [2], []], ["h", [2], []], ["x", [1], []], ["x", [0], []], ["h", [0], []], ["h", [0], []], ["x", [0], []], ["x", [1], []], ["h", [2], []], ["x", [2], []], ["x", [0], []], ["x", [2], []], ["h", [0], []], ["h", [1], []], ["x", [1], []]], "pqc_circuit_tokens": [["x", [1], []], ["h", [1], []], ["h", [0], []], ["x", [2], []], ["x", [0], []], ["rz", [0], [-0.5959176421165466]], ["rx", [0], [1.2243374586105347]], ["rz", [0], [1.464943289756775]], ["rz", [1], [-0.10423600673675537]], ["rx", [1], [1.310112714767456]], ["rz", [1], [1.281497836112976]], ["rz", [2], [-3.242645263671875]], ["rx", [2], [-0.995845377445221]], ["rz", [2], [2.5652918815612793]], ["x", [2], []], ["h", [2], []], ["x", [1], []], ["x", [0], []], ["h", [0], []], ["rz", [0], [-0.3518655002117157]], ["rx", [0], [-2.409907341003418]], ["rz", [0], [-3.4802794456481934]], ["rz", [1], [1.744152545928955]], ["rx", [1], [-2.94905161857605]], ["rz", [1], [-0.3974721431732178]], ["rz", [2], [0.6746429800987244]], ["rx", [2], [1.6564912796020508]], ["rz", [2], [-1.624402403831482]], ["h", [0], []], ["x", [0], []], ["x", [1], []], ["h", [2], []], ["x", [2], []], ["rz", [0], [-2.18151593208313]], ["rx", [0], [1.8864277601242065]], ["rz", [0], [0.8927276134490967]], ["rz", [1], [-1.9496374130249023]], ["rx", [1], [0.37188681960105896]], ["rz", [1], [-2.3767690658569336]], ["rz", [2], [-1.7899720668792725]], ["rx", [2], [-0.9715054035186768]], ["rz", [2], [-2.4210762977600098]], ["x", [0], []], ["x", [2], []], ["h", [0], []], ["h", [1], []], ["x", [1], []], ["rz", [0], [0.9121819734573364]], ["rx", [0], [-0.3058468997478485]], ["rz", [0], [-1.5813597440719604]], ["rz", [1], [1.0649710893630981]], ["rx", [1], [2.818451404571533]], ["rz", [1], [-0.08768246322870255]], ["rz", [2], [-2.5476441383361816]], ["rx", [2], [-2.864870548248291]], ["rz", [2], [-2.1405296325683594]]], "base_circuit_qasm": "OPENQASM 2.0;\ninclude \"qelib1.inc\";\nqreg q[3];\nx q[1];\nh q[1];\nh q[0];\nx q[2];\nx q[0];\nx q[2];\nh q[2];\nx q[1];\nx q[0];\nh q[0];\nh q[0];\nx q[0];\nx q[1];\nh q[2];\nx q[2];\nx q[0];\nx q[2];\nh q[0];\nh q[1];\nx q[1];", "pqc_circuit_qasm": "OPENQASM 2.0;\ninclude \"qelib1.inc\";\nqreg q[3];\nx q[1];\nh q[1];\nh q[0];\nx q[2];\nx q[0];\nrz(-0.5959176421165466) q[0];\nrx(1.2243374586105347) q[0];\nrz(1.464943289756775) q[0];\nrz(-0.10423600673675537) q[1];\nrx(1.310112714767456) q[1];\nrz(1.281497836112976) q[1];\nrz(-3.242645263671875) q[2];\nrx(-0.995845377445221) q[2];\nrz(2.5652918815612793) q[2];\nx q[2];\nh q[2];\nx q[1];\nx q[0];\nh q[0];\nrz(-0.3518655002117157) q[0];\nrx(-2.409907341003418) q[0];\nrz(-3.4802794456481934) q[0];\nrz(1.744152545928955) q[1];\nrx(-2.94905161857605) q[1];\nrz(-0.3974721431732178) q[1];\nrz(0.6746429800987244) q[2];\nrx(1.6564912796020508) q[2];\nrz(-1.624402403831482) q[2];\nh q[0];\nx q[0];\nx q[1];\nh q[2];\nx q[2];\nrz(-2.18151593208313) q[0];\nrx(1.8864277601242065) q[0];\nrz(0.8927276134490967) q[0];\nrz(-1.9496374130249023) q[1];\nrx(0.37188681960105896) q[1];\nrz(-2.3767690658569336) q[1];\nrz(-1.7899720668792725) q[2];\nrx(-0.9715054035186768) q[2];\nrz(-2.4210762977600098) q[2];\nx q[0];\nx q[2];\nh q[0];\nh q[1];\nx q[1];\nrz(0.9121819734573364) q[0];\nrx(-0.3058468997478485) q[0];\nrz(-1.5813597440719604) q[0];\nrz(1.0649710893630981) q[1];\nrx(2.818451404571533) q[1];\nrz(-0.08768246322870255) q[1];\nrz(-2.5476441383361816) q[2];\nrx(-2.864870548248291) q[2];\nrz(-2.1405296325683594) q[2];"}