{"seed": 1925, "fidelity": 0.9926239848136902, "pqc_params": [[[1.6336909532546997, -1.2153034210205078, 0.12041371315717697], [-2.937696695327759, -0.7134913206100464, -2.9008097648620605], [-2.6792938709259033, -1.7824000120162964, -0.046984970569610596]], [[-1.7697070837020874, -2.987522602081299, -0.09127219766378403], [-2.2255516052246094, 2.6545042991638184, 0.9551464319229126], [-1.7770752906799316, -0.030430031940340996, -1.2581580877304077]], [[-0.2609226405620575, -3.192445755004883, 0.8199054598808289], [0.40866005420684814, 0.03567736595869064, -1.2313224077224731], [0.19776473939418793, -0.7292147874832153, -1.3439799547195435]], [[1.2937748432159424, -0.3839249610900879, -1.001162052154541], [-1.3264940977096558, -2.087019443511963, -2.9000370502471924], [2.3114306926727295, 1.553175449371338, -1.1903852224349976]]], "base_circuit_tokens": [["h", [2], []], ["h", [1], []], ["x", [2], []], ["h", [1], []], ["x", [1], []], ["x", [0], []], ["h", [0], []], ["x", [0], []], ["cx", [0, 2], []], ["x", [2], []], ["x", [2], []], ["cx", [0, 2], []], ["x", [0], []], ["h", [0], []], ["x", [0], []], ["x", [1], []], ["h", [1], []], ["x", [2], []], ["h", [1], []], ["h", [2], []]], "pqc_circuit_tokens": [["h", [2], []], ["h", [1], []], ["x", [2], []], ["h", [1], []], ["x", [1], []], ["rz", [0], [1.6336909532546997]], ["rx", [0], [-1.2153034210205078]], ["rz", [0], [0.12041371315717697]], ["rz", [1], [-2.937696695327759]], ["rx", [1], [-0.7134913206100464]], ["rz", [1], [-2.9008097648620605]], ["rz", [2], [-2.6792938709259033]], ["rx", [2], [-1.7824000120162964]], ["rz", [2], [-0.046984970569610596]], ["x", [0], []], ["h", [0], []], ["x", [0], []], ["cx", [0, 2], []], ["x", [2], []], ["rz", [0], [-1.7697070837020874]], ["rx", [0], [-2.987522602081299]], ["rz", [0], [-0.09127219766378403]], ["rz", [1], [-2.2255516052246094]], ["rx", [1], [2.6545042991638184]], ["rz", [1], [0.9551464319229126]], ["rz", [2], [-1.7770752906799316]], ["rx", [2], [-0.030430031940340996]], ["rz", [2], [-1.2581580877304077]], ["x", [2], []], ["cx", [0, 2], []], ["x", [0], []], ["h", [0], []], ["x", [0], []], ["rz", [0], [-0.2609226405620575]], ["rx", [0], [-3.192445755004883]], ["rz", [0], [0.8199054598808289]], ["rz", [1], [0.40866005420684814]], ["rx", [1], [0.03567736595869064]], ["rz", [1], [-1.2313224077224731]], ["rz", [2], [0.19776473939418793]], ["rx", [2], [-0.7292147874832153]], ["rz", [2], [-1.3439799547195435]], ["x", [1], []], ["h", [1], []], ["x", [2], []], ["h", [1], []], ["h", [2], []], ["rz", [0], [1.2937748432159424]], ["rx", [0], [-0.3839249610900879]], ["rz", [0], [-1.001162052154541]], ["rz", [1], [-1.3264940977096558]], ["rx", [1], [-2.087019443511963]], ["rz", [1], [-2.9000370502471924]], ["rz", [2], [2.3114306926727295]], ["rx", [2], [1.553175449371338]], ["rz", [2], [-1.1903852224349976]]], "base_circuit_qasm": "OPENQASM 2.0;\ninclude \"qelib1.inc\";\nqreg q[3];\nh q[2];\nh q[1];\nx q[2];\nh q[1];\nx q[1];\nx q[0];\nh q[0];\nx q[0];\ncx q[0],q[2];\nx q[2];\nx q[2];\ncx q[0],q[2];\nx q[0];\nh q[0];\nx q[0];\nx q[1];\nh q[1];\nx q[2];\nh q[1];\nh q[2];", "pqc_circuit_qasm": "OPENQASM 2.0;\ninclude \"qelib1.inc\";\nqreg q[3];\nh q[2];\nh q[1];\nx q[2];\nh q[1];\nx q[1];\nrz(1.6336909532546997) q[0];\nrx(-1.2153034210205078) q[0];\nrz(0.12041371315717697) q[0];\nrz(-2.937696695327759) q[1];\nrx(-0.7134913206100464) q[1];\nrz(-2.9008097648620605) q[1];\nrz(-2.6792938709259033) q[2];\nrx(-1.7824000120162964) q[2];\nrz(-0.046984970569610596) q[2];\nx q[0];\nh q[0];\nx q[0];\ncx q[0],q[2];\nx q[2];\nrz(-1.7697070837020874) q[0];\nrx(-2.987522602081299) q[0];\nrz(-0.09127219766378403) q[0];\nrz(-2.2255516052246094) q[1];\nrx(2.6545042991638184) q[1];\nrz(0.9551464319229126) q[1];\nrz(-1.7770752906799316) q[2];\nrx(-0.030430031940340996) q[2];\nrz(-1.2581580877304077) q[2];\nx q[2];\ncx q[0],q[2];\nx q[0];\nh q[0];\nx q[0];\nrz(-0.2609226405620575) q[0];\nrx(-3.192445755004883) q[0];\nrz(0.8199054598808289) q[0];\nrz(0.40866005420684814) q[1];\nrx(0.03567736595869064) q[1];\nrz(-1.2313224077224731) q[1];\nrz(0.19776473939418793) q[2];\nrx(-0.7292147874832153) q[2];\nrz(-1.3439799547195435) q[2];\nx q[1];\nh q[1];\nx q[2];\nh q[1];\nh q[2];\nrz(1.2937748432159424) q[0];\nrx(-0.3839249610900879) q[0];\nrz(-1.001162052154541) q[0];\nrz(-1.3264940977096558) q[1];\nrx(-2.087019443511963) q[1];\nrz(-2.9000370502471924) q[1];\nrz(2.3114306926727295) q[2];\nrx(1.553175449371338) q[2];\nrz(-1.1903852224349976) q[2];"}