{"seed": 1932, "fidelity": 0.9997431635856628, "pqc_params": [[[1.5178292989730835, -0.15470322966575623, -1.0350868701934814], [-0.024737974628806114, -0.33074724674224854, 1.07515549659729], [-0.9047144055366516, -1.7567049264907837, 0.057951919734478]], [[-3.156667470932007, -2.118997097015381, 0.5931568145751953], [-0.13385342061519623, -0.4259740114212036, -1.3393338918685913], [1.5091079473495483, 2.5467143058776855, -0.3245471715927124]], [[0.059685613960027695, -1.5905390977859497, -2.1892426013946533], [-2.934468984603882, 0.5204177498817444, -2.78542423248291], [1.3328564167022705, -2.8865466117858887, -3.1325440406799316]], [[2.1454899311065674, 0.6780160665512085, 1.3006439208984375], [-0.4774276316165924, -2.7808802127838135, -0.38360995054244995], [0.5842545032501221, -3.1398532390594482, 0.6841834187507629]]], "base_circuit_tokens": [["h", [1], []], ["x", [1], []], ["cx", [1, 2], []], ["x", [0], []], ["h", [0], []], ["x", [0], []], ["h", [1], []], ["h", [1], []], ["h", [2], []], ["x", [1], []], ["x", [1], []], ["h", [2], []], ["h", [1], []], ["h", [1], []], ["x", [0], []], ["h", [0], []], ["x", [0], []], ["cx", [1, 2], []], ["x", [1], []], ["h", [1], []]], "pqc_circuit_tokens": [["h", [1], []], ["x", [1], []], ["cx", [1, 2], []], ["x", [0], []], ["h", [0], []], ["rz", [0], [1.5178292989730835]], ["rx", [0], [-0.15470322966575623]], ["rz", [0], [-1.0350868701934814]], ["rz", [1], [-0.024737974628806114]], ["rx", [1], [-0.33074724674224854]], ["rz", [1], [1.07515549659729]], ["rz", [2], [-0.9047144055366516]], ["rx", [2], [-1.7567049264907837]], ["rz", [2], [0.057951919734478]], ["x", [0], []], ["h", [1], []], ["h", [1], []], ["h", [2], []], ["x", [1], []], ["rz", [0], [-3.156667470932007]], ["rx", [0], [-2.118997097015381]], ["rz", [0], [0.5931568145751953]], ["rz", [1], [-0.13385342061519623]], ["rx", [1], [-0.4259740114212036]], ["rz", [1], [-1.3393338918685913]], ["rz", [2], [1.5091079473495483]], ["rx", [2], [2.5467143058776855]], ["rz", [2], [-0.3245471715927124]], ["x", [1], []], ["h", [2], []], ["h", [1], []], ["h", [1], []], ["x", [0], []], ["rz", [0], [0.059685613960027695]], ["rx", [0], [-1.5905390977859497]], ["rz", [0], [-2.1892426013946533]], ["rz", [1], [-2.934468984603882]], ["rx", [1], [0.5204177498817444]], ["rz", [1], [-2.78542423248291]], ["rz", [2], [1.3328564167022705]], ["rx", [2], [-2.8865466117858887]], ["rz", [2], [-3.1325440406799316]], ["h", [0], []], ["x", [0], []], ["cx", [1, 2], []], ["x", [1], []], ["h", [1], []], ["rz", [0], [2.1454899311065674]], ["rx", [0], [0.6780160665512085]], ["rz", [0], [1.3006439208984375]], ["rz", [1], [-0.4774276316165924]], ["rx", [1], [-2.7808802127838135]], ["rz", [1], [-0.38360995054244995]], ["rz", [2], [0.5842545032501221]], ["rx", [2], [-3.1398532390594482]], ["rz", [2], [0.6841834187507629]]], "base_circuit_qasm": "OPENQASM 2.0;\ninclude \"qelib1.inc\";\nqreg q[3];\nh q[1];\nx q[1];\ncx q[1],q[2];\nx q[0];\nh q[0];\nx q[0];\nh q[1];\nh q[1];\nh q[2];\nx q[1];\nx q[1];\nh q[2];\nh q[1];\nh q[1];\nx q[0];\nh q[0];\nx q[0];\ncx q[1],q[2];\nx q[1];\nh q[1];", "pqc_circuit_qasm": "OPENQASM 2.0;\ninclude \"qelib1.inc\";\nqreg q[3];\nh q[1];\nx q[1];\ncx q[1],q[2];\nx q[0];\nh q[0];\nrz(1.5178292989730835) q[0];\nrx(-0.15470322966575623) q[0];\nrz(-1.0350868701934814) q[0];\nrz(-0.024737974628806114) q[1];\nrx(-0.33074724674224854) q[1];\nrz(1.07515549659729) q[1];\nrz(-0.9047144055366516) q[2];\nrx(-1.7567049264907837) q[2];\nrz(0.057951919734478) q[2];\nx q[0];\nh q[1];\nh q[1];\nh q[2];\nx q[1];\nrz(-3.156667470932007) q[0];\nrx(-2.118997097015381) q[0];\nrz(0.5931568145751953) q[0];\nrz(-0.13385342061519623) q[1];\nrx(-0.4259740114212036) q[1];\nrz(-1.3393338918685913) q[1];\nrz(1.5091079473495483) q[2];\nrx(2.5467143058776855) q[2];\nrz(-0.3245471715927124) q[2];\nx q[1];\nh q[2];\nh q[1];\nh q[1];\nx q[0];\nrz(0.059685613960027695) q[0];\nrx(-1.5905390977859497) q[0];\nrz(-2.1892426013946533) q[0];\nrz(-2.934468984603882) q[1];\nrx(0.5204177498817444) q[1];\nrz(-2.78542423248291) q[1];\nrz(1.3328564167022705) q[2];\nrx(-2.8865466117858887) q[2];\nrz(-3.1325440406799316) q[2];\nh q[0];\nx q[0];\ncx q[1],q[2];\nx q[1];\nh q[1];\nrz(2.1454899311065674) q[0];\nrx(0.6780160665512085) q[0];\nrz(1.3006439208984375) q[0];\nrz(-0.4774276316165924) q[1];\nrx(-2.7808802127838135) q[1];\nrz(-0.38360995054244995) q[1];\nrz(0.5842545032501221) q[2];\nrx(-3.1398532390594482) q[2];\nrz(0.6841834187507629) q[2];"}