{"seed": 1933, "fidelity": 0.9944038391113281, "pqc_params": [[[-1.5739322900772095, -1.649400234222412, -0.8218595385551453], [-2.589188814163208, -0.820964515209198, -1.5804641246795654], [2.0330276489257812, -0.42572665214538574, 2.0171706676483154]], [[-1.7702136039733887, -0.8879531025886536, 3.088505506515503], [-3.4849956035614014, 2.264727830886841, -2.2957277297973633], [-1.0963115692138672, 2.4522972106933594, 1.4505839347839355]], [[2.3520090579986572, -1.0329216718673706, -1.8755545616149902], [-2.863711357116699, -1.510480284690857, 1.4661312103271484], [1.8166803121566772, 1.6966488361358643, 1.235339879989624]], [[1.1329883337020874, 0.15613053739070892, -0.21486927568912506], [-1.8128446340560913, 0.0017044227570295334, 1.7070467472076416], [-1.8864737749099731, -1.5055171251296997, 0.8237733244895935]]], "base_circuit_tokens": [["h", [2], []], ["h", [2], []], ["cx", [2, 1], []], ["h", [2], []], ["cx", [2, 1], []], ["x", [1], []], ["h", [2], []], ["h", [2], []], ["x", [2], []], ["x", [1], []], ["x", [1], []], ["x", [2], []], ["h", [2], []], ["h", [2], []], ["x", [1], []], ["cx", [2, 1], []], ["h", [2], []], ["cx", [2, 1], []], ["h", [2], []], ["h", [2], []]], "pqc_circuit_tokens": [["h", [2], []], ["h", [2], []], ["cx", [2, 1], []], ["h", [2], []], ["cx", [2, 1], []], ["rz", [0], [-1.5739322900772095]], ["rx", [0], [-1.649400234222412]], ["rz", [0], [-0.8218595385551453]], ["rz", [1], [-2.589188814163208]], ["rx", [1], [-0.820964515209198]], ["rz", [1], [-1.5804641246795654]], ["rz", [2], [2.0330276489257812]], ["rx", [2], [-0.42572665214538574]], ["rz", [2], [2.0171706676483154]], ["x", [1], []], ["h", [2], []], ["h", [2], []], ["x", [2], []], ["x", [1], []], ["rz", [0], [-1.7702136039733887]], ["rx", [0], [-0.8879531025886536]], ["rz", [0], [3.088505506515503]], ["rz", [1], [-3.4849956035614014]], ["rx", [1], [2.264727830886841]], ["rz", [1], [-2.2957277297973633]], ["rz", [2], [-1.0963115692138672]], ["rx", [2], [2.4522972106933594]], ["rz", [2], [1.4505839347839355]], ["x", [1], []], ["x", [2], []], ["h", [2], []], ["h", [2], []], ["x", [1], []], ["rz", [0], [2.3520090579986572]], ["rx", [0], [-1.0329216718673706]], ["rz", [0], [-1.8755545616149902]], ["rz", [1], [-2.863711357116699]], ["rx", [1], [-1.510480284690857]], ["rz", [1], [1.4661312103271484]], ["rz", [2], [1.8166803121566772]], ["rx", [2], [1.6966488361358643]], ["rz", [2], [1.235339879989624]], ["cx", [2, 1], []], ["h", [2], []], ["cx", [2, 1], []], ["h", [2], []], ["h", [2], []], ["rz", [0], [1.1329883337020874]], ["rx", [0], [0.15613053739070892]], ["rz", [0], [-0.21486927568912506]], ["rz", [1], [-1.8128446340560913]], ["rx", [1], [0.0017044227570295334]], ["rz", [1], [1.7070467472076416]], ["rz", [2], [-1.8864737749099731]], ["rx", [2], [-1.5055171251296997]], ["rz", [2], [0.8237733244895935]]], "base_circuit_qasm": "OPENQASM 2.0;\ninclude \"qelib1.inc\";\nqreg q[3];\nh q[2];\nh q[2];\ncx q[2],q[1];\nh q[2];\ncx q[2],q[1];\nx q[1];\nh q[2];\nh q[2];\nx q[2];\nx q[1];\nx q[1];\nx q[2];\nh q[2];\nh q[2];\nx q[1];\ncx q[2],q[1];\nh q[2];\ncx q[2],q[1];\nh q[2];\nh q[2];", "pqc_circuit_qasm": "OPENQASM 2.0;\ninclude \"qelib1.inc\";\nqreg q[3];\nh q[2];\nh q[2];\ncx q[2],q[1];\nh q[2];\ncx q[2],q[1];\nrz(-1.5739322900772095) q[0];\nrx(-1.649400234222412) q[0];\nrz(-0.8218595385551453) q[0];\nrz(-2.589188814163208) q[1];\nrx(-0.820964515209198) q[1];\nrz(-1.5804641246795654) q[1];\nrz(2.0330276489257812) q[2];\nrx(-0.42572665214538574) q[2];\nrz(2.0171706676483154) q[2];\nx q[1];\nh q[2];\nh q[2];\nx q[2];\nx q[1];\nrz(-1.7702136039733887) q[0];\nrx(-0.8879531025886536) q[0];\nrz(3.088505506515503) q[0];\nrz(-3.4849956035614014) q[1];\nrx(2.264727830886841) q[1];\nrz(-2.2957277297973633) q[1];\nrz(-1.0963115692138672) q[2];\nrx(2.4522972106933594) q[2];\nrz(1.4505839347839355) q[2];\nx q[1];\nx q[2];\nh q[2];\nh q[2];\nx q[1];\nrz(2.3520090579986572) q[0];\nrx(-1.0329216718673706) q[0];\nrz(-1.8755545616149902) q[0];\nrz(-2.863711357116699) q[1];\nrx(-1.510480284690857) q[1];\nrz(1.4661312103271484) q[1];\nrz(1.8166803121566772) q[2];\nrx(1.6966488361358643) q[2];\nrz(1.235339879989624) q[2];\ncx q[2],q[1];\nh q[2];\ncx q[2],q[1];\nh q[2];\nh q[2];\nrz(1.1329883337020874) q[0];\nrx(0.15613053739070892) q[0];\nrz(-0.21486927568912506) q[0];\nrz(-1.8128446340560913) q[1];\nrx(0.0017044227570295334) q[1];\nrz(1.7070467472076416) q[1];\nrz(-1.8864737749099731) q[2];\nrx(-1.5055171251296997) q[2];\nrz(0.8237733244895935) q[2];"}