{"seed": 1946, "fidelity": 0.9702617526054382, "pqc_params": [[[1.8751357793807983, 1.1919376850128174, 2.4498002529144287], [-0.4308283030986786, 1.0757390260696411, -0.18177004158496857], [2.5346720218658447, -0.5109958648681641, 0.8453062772750854]], [[-2.781862258911133, 0.14380237460136414, 2.6655421257019043], [0.44287484884262085, 0.2858734130859375, 3.2298367023468018], [0.3809311091899872, 3.2241923809051514, -2.6328787803649902]], [[0.9012097716331482, 0.012297326698899269, 0.2021050900220871], [-3.0929930210113525, 2.2260968685150146, 0.4586719870567322], [-0.3580489754676819, 0.34851524233818054, 0.5207445025444031]], [[-2.584453821182251, -0.9370035529136658, 1.838776707649231], [0.7985274195671082, -0.12890496850013733, 2.2481272220611572], [-2.0463902950286865, 0.5100241303443909, 0.564702033996582]]], "base_circuit_tokens": [["cx", [2, 1], []], ["h", [2], []], ["x", [1], []], ["cx", [1, 2], []], ["x", [0], []], ["cx", [2, 1], []], ["h", [1], []], ["x", [2], []], ["h", [0], []], ["h", [2], []], ["h", [2], []], ["h", [0], []], ["x", [2], []], ["h", [1], []], ["cx", [2, 1], []], ["x", [0], []], ["cx", [1, 2], []], ["x", [1], []], ["h", [2], []], ["cx", [2, 1], []]], "pqc_circuit_tokens": [["cx", [2, 1], []], ["h", [2], []], ["x", [1], []], ["cx", [1, 2], []], ["x", [0], []], ["rz", [0], [1.8751357793807983]], ["rx", [0], [1.1919376850128174]], ["rz", [0], [2.4498002529144287]], ["rz", [1], [-0.4308283030986786]], ["rx", [1], [1.0757390260696411]], ["rz", [1], [-0.18177004158496857]], ["rz", [2], [2.5346720218658447]], ["rx", [2], [-0.5109958648681641]], ["rz", [2], [0.8453062772750854]], ["cx", [2, 1], []], ["h", [1], []], ["x", [2], []], ["h", [0], []], ["h", [2], []], ["rz", [0], [-2.781862258911133]], ["rx", [0], [0.14380237460136414]], ["rz", [0], [2.6655421257019043]], ["rz", [1], [0.44287484884262085]], ["rx", [1], [0.2858734130859375]], ["rz", [1], [3.2298367023468018]], ["rz", [2], [0.3809311091899872]], ["rx", [2], [3.2241923809051514]], ["rz", [2], [-2.6328787803649902]], ["h", [2], []], ["h", [0], []], ["x", [2], []], ["h", [1], []], ["cx", [2, 1], []], ["rz", [0], [0.9012097716331482]], ["rx", [0], [0.012297326698899269]], ["rz", [0], [0.2021050900220871]], ["rz", [1], [-3.0929930210113525]], ["rx", [1], [2.2260968685150146]], ["rz", [1], [0.4586719870567322]], ["rz", [2], [-0.3580489754676819]], ["rx", [2], [0.34851524233818054]], ["rz", [2], [0.5207445025444031]], ["x", [0], []], ["cx", [1, 2], []], ["x", [1], []], ["h", [2], []], ["cx", [2, 1], []], ["rz", [0], [-2.584453821182251]], ["rx", [0], [-0.9370035529136658]], ["rz", [0], [1.838776707649231]], ["rz", [1], [0.7985274195671082]], ["rx", [1], [-0.12890496850013733]], ["rz", [1], [2.2481272220611572]], ["rz", [2], [-2.0463902950286865]], ["rx", [2], [0.5100241303443909]], ["rz", [2], [0.564702033996582]]], "base_circuit_qasm": "OPENQASM 2.0;\ninclude \"qelib1.inc\";\nqreg q[3];\ncx q[2],q[1];\nh q[2];\nx q[1];\ncx q[1],q[2];\nx q[0];\ncx q[2],q[1];\nh q[1];\nx q[2];\nh q[0];\nh q[2];\nh q[2];\nh q[0];\nx q[2];\nh q[1];\ncx q[2],q[1];\nx q[0];\ncx q[1],q[2];\nx q[1];\nh q[2];\ncx q[2],q[1];", "pqc_circuit_qasm": "OPENQASM 2.0;\ninclude \"qelib1.inc\";\nqreg q[3];\ncx q[2],q[1];\nh q[2];\nx q[1];\ncx q[1],q[2];\nx q[0];\nrz(1.8751357793807983) q[0];\nrx(1.1919376850128174) q[0];\nrz(2.4498002529144287) q[0];\nrz(-0.4308283030986786) q[1];\nrx(1.0757390260696411) q[1];\nrz(-0.18177004158496857) q[1];\nrz(2.5346720218658447) q[2];\nrx(-0.5109958648681641) q[2];\nrz(0.8453062772750854) q[2];\ncx q[2],q[1];\nh q[1];\nx q[2];\nh q[0];\nh q[2];\nrz(-2.781862258911133) q[0];\nrx(0.14380237460136414) q[0];\nrz(2.6655421257019043) q[0];\nrz(0.44287484884262085) q[1];\nrx(0.2858734130859375) q[1];\nrz(3.2298367023468018) q[1];\nrz(0.3809311091899872) q[2];\nrx(3.2241923809051514) q[2];\nrz(-2.6328787803649902) q[2];\nh q[2];\nh q[0];\nx q[2];\nh q[1];\ncx q[2],q[1];\nrz(0.9012097716331482) q[0];\nrx(0.012297326698899269) q[0];\nrz(0.2021050900220871) q[0];\nrz(-3.0929930210113525) q[1];\nrx(2.2260968685150146) q[1];\nrz(0.4586719870567322) q[1];\nrz(-0.3580489754676819) q[2];\nrx(0.34851524233818054) q[2];\nrz(0.5207445025444031) q[2];\nx q[0];\ncx q[1],q[2];\nx q[1];\nh q[2];\ncx q[2],q[1];\nrz(-2.584453821182251) q[0];\nrx(-0.9370035529136658) q[0];\nrz(1.838776707649231) q[0];\nrz(0.7985274195671082) q[1];\nrx(-0.12890496850013733) q[1];\nrz(2.2481272220611572) q[1];\nrz(-2.0463902950286865) q[2];\nrx(0.5100241303443909) q[2];\nrz(0.564702033996582) q[2];"}