{"seed": 1947, "fidelity": 0.9998399615287781, "pqc_params": [[[-0.3428948223590851, 0.5712190270423889, 2.491025686264038], [-0.7360602021217346, -0.32806041836738586, -1.8382320404052734], [-1.5275182723999023, -2.1187338829040527, 1.6838126182556152]], [[-1.3907526731491089, -0.5960515737533569, -2.545132637023926], [-0.8088954091072083, 1.7364952564239502, 1.3610843420028687], [-0.13977549970149994, 1.4511042833328247, 2.8892722129821777]], [[-1.7052470445632935, 2.246161699295044, 1.3888486623764038], [-0.6794887781143188, -0.26310116052627563, 2.172332286834717], [-1.2761772871017456, 1.247925877571106, -1.6488633155822754]], [[1.5415194034576416, 1.7494080066680908, -0.22203055024147034], [-2.8282670974731445, 0.8319398760795593, 1.5616183280944824], [0.48359420895576477, -3.2188639640808105, -1.2083516120910645]]], "base_circuit_tokens": [["x", [2], []], ["x", [0], []], ["h", [0], []], ["h", [1], []], ["x", [2], []], ["h", [0], []], ["h", [0], []], ["x", [0], []], ["x", [2], []], ["h", [1], []], ["h", [1], []], ["x", [2], []], ["x", [0], []], ["h", [0], []], ["h", [0], []], ["x", [2], []], ["h", [1], []], ["h", [0], []], ["x", [0], []], ["x", [2], []]], "pqc_circuit_tokens": [["x", [2], []], ["x", [0], []], ["h", [0], []], ["h", [1], []], ["x", [2], []], ["rz", [0], [-0.3428948223590851]], ["rx", [0], [0.5712190270423889]], ["rz", [0], [2.491025686264038]], ["rz", [1], [-0.7360602021217346]], ["rx", [1], [-0.32806041836738586]], ["rz", [1], [-1.8382320404052734]], ["rz", [2], [-1.5275182723999023]], ["rx", [2], [-2.1187338829040527]], ["rz", [2], [1.6838126182556152]], ["h", [0], []], ["h", [0], []], ["x", [0], []], ["x", [2], []], ["h", [1], []], ["rz", [0], [-1.3907526731491089]], ["rx", [0], [-0.5960515737533569]], ["rz", [0], [-2.545132637023926]], ["rz", [1], [-0.8088954091072083]], ["rx", [1], [1.7364952564239502]], ["rz", [1], [1.3610843420028687]], ["rz", [2], [-0.13977549970149994]], ["rx", [2], [1.4511042833328247]], ["rz", [2], [2.8892722129821777]], ["h", [1], []], ["x", [2], []], ["x", [0], []], ["h", [0], []], ["h", [0], []], ["rz", [0], [-1.7052470445632935]], ["rx", [0], [2.246161699295044]], ["rz", [0], [1.3888486623764038]], ["rz", [1], [-0.6794887781143188]], ["rx", [1], [-0.26310116052627563]], ["rz", [1], [2.172332286834717]], ["rz", [2], [-1.2761772871017456]], ["rx", [2], [1.247925877571106]], ["rz", [2], [-1.6488633155822754]], ["x", [2], []], ["h", [1], []], ["h", [0], []], ["x", [0], []], ["x", [2], []], ["rz", [0], [1.5415194034576416]], ["rx", [0], [1.7494080066680908]], ["rz", [0], [-0.22203055024147034]], ["rz", [1], [-2.8282670974731445]], ["rx", [1], [0.8319398760795593]], ["rz", [1], [1.5616183280944824]], ["rz", [2], [0.48359420895576477]], ["rx", [2], [-3.2188639640808105]], ["rz", [2], [-1.2083516120910645]]], "base_circuit_qasm": "OPENQASM 2.0;\ninclude \"qelib1.inc\";\nqreg q[3];\nx q[2];\nx q[0];\nh q[0];\nh q[1];\nx q[2];\nh q[0];\nh q[0];\nx q[0];\nx q[2];\nh q[1];\nh q[1];\nx q[2];\nx q[0];\nh q[0];\nh q[0];\nx q[2];\nh q[1];\nh q[0];\nx q[0];\nx q[2];", "pqc_circuit_qasm": "OPENQASM 2.0;\ninclude \"qelib1.inc\";\nqreg q[3];\nx q[2];\nx q[0];\nh q[0];\nh q[1];\nx q[2];\nrz(-0.3428948223590851) q[0];\nrx(0.5712190270423889) q[0];\nrz(2.491025686264038) q[0];\nrz(-0.7360602021217346) q[1];\nrx(-0.32806041836738586) q[1];\nrz(-1.8382320404052734) q[1];\nrz(-1.5275182723999023) q[2];\nrx(-2.1187338829040527) q[2];\nrz(1.6838126182556152) q[2];\nh q[0];\nh q[0];\nx q[0];\nx q[2];\nh q[1];\nrz(-1.3907526731491089) q[0];\nrx(-0.5960515737533569) q[0];\nrz(-2.545132637023926) q[0];\nrz(-0.8088954091072083) q[1];\nrx(1.7364952564239502) q[1];\nrz(1.3610843420028687) q[1];\nrz(-0.13977549970149994) q[2];\nrx(1.4511042833328247) q[2];\nrz(2.8892722129821777) q[2];\nh q[1];\nx q[2];\nx q[0];\nh q[0];\nh q[0];\nrz(-1.7052470445632935) q[0];\nrx(2.246161699295044) q[0];\nrz(1.3888486623764038) q[0];\nrz(-0.6794887781143188) q[1];\nrx(-0.26310116052627563) q[1];\nrz(2.172332286834717) q[1];\nrz(-1.2761772871017456) q[2];\nrx(1.247925877571106) q[2];\nrz(-1.6488633155822754) q[2];\nx q[2];\nh q[1];\nh q[0];\nx q[0];\nx q[2];\nrz(1.5415194034576416) q[0];\nrx(1.7494080066680908) q[0];\nrz(-0.22203055024147034) q[0];\nrz(-2.8282670974731445) q[1];\nrx(0.8319398760795593) q[1];\nrz(1.5616183280944824) q[1];\nrz(0.48359420895576477) q[2];\nrx(-3.2188639640808105) q[2];\nrz(-1.2083516120910645) q[2];"}