{"seed": 1951, "fidelity": 0.997602641582489, "pqc_params": [[[2.856390953063965, -2.6357390880584717, -2.5217294692993164], [-2.9568746089935303, -0.8571547269821167, -0.3948057293891907], [3.6282827854156494, 1.3812628984451294, -0.9547516703605652]], [[-3.188286066055298, -1.3447216749191284, -0.059784989804029465], [-0.707669734954834, -3.257213592529297, 0.2873058617115021], [-2.787294864654541, -1.0231853723526, 2.0209908485412598]], [[2.973526954650879, -2.944913148880005, -2.5112862586975098], [1.8680421113967896, -1.2045551538467407, -2.8889389038085938], [-0.41375458240509033, 2.4627766609191895, -0.016383469104766846]], [[-0.10026594996452332, -0.21464534103870392, 3.1434085369110107], [2.706347703933716, 0.4754062592983246, 0.6031253933906555], [1.0749566555023193, -0.02194642461836338, 1.77144193649292]]], "base_circuit_tokens": [["h", [2], []], ["x", [1], []], ["cx", [2, 0], []], ["h", [2], []], ["cx", [0, 1], []], ["x", [0], []], ["cx", [1, 0], []], ["cx", [1, 0], []], ["h", [0], []], ["h", [2], []], ["h", [2], []], ["h", [0], []], ["cx", [1, 0], []], ["cx", [1, 0], []], ["x", [0], []], ["cx", [0, 1], []], ["h", [2], []], ["cx", [2, 0], []], ["x", [1], []], ["h", [2], []]], "pqc_circuit_tokens": [["h", [2], []], ["x", [1], []], ["cx", [2, 0], []], ["h", [2], []], ["cx", [0, 1], []], ["rz", [0], [2.856390953063965]], ["rx", [0], [-2.6357390880584717]], ["rz", [0], [-2.5217294692993164]], ["rz", [1], [-2.9568746089935303]], ["rx", [1], [-0.8571547269821167]], ["rz", [1], [-0.3948057293891907]], ["rz", [2], [3.6282827854156494]], ["rx", [2], [1.3812628984451294]], ["rz", [2], [-0.9547516703605652]], ["x", [0], []], ["cx", [1, 0], []], ["cx", [1, 0], []], ["h", [0], []], ["h", [2], []], ["rz", [0], [-3.188286066055298]], ["rx", [0], [-1.3447216749191284]], ["rz", [0], [-0.059784989804029465]], ["rz", [1], [-0.707669734954834]], ["rx", [1], [-3.257213592529297]], ["rz", [1], [0.2873058617115021]], ["rz", [2], [-2.787294864654541]], ["rx", [2], [-1.0231853723526]], ["rz", [2], [2.0209908485412598]], ["h", [2], []], ["h", [0], []], ["cx", [1, 0], []], ["cx", [1, 0], []], ["x", [0], []], ["rz", [0], [2.973526954650879]], ["rx", [0], [-2.944913148880005]], ["rz", [0], [-2.5112862586975098]], ["rz", [1], [1.8680421113967896]], ["rx", [1], [-1.2045551538467407]], ["rz", [1], [-2.8889389038085938]], ["rz", [2], [-0.41375458240509033]], ["rx", [2], [2.4627766609191895]], ["rz", [2], [-0.016383469104766846]], ["cx", [0, 1], []], ["h", [2], []], ["cx", [2, 0], []], ["x", [1], []], ["h", [2], []], ["rz", [0], [-0.10026594996452332]], ["rx", [0], [-0.21464534103870392]], ["rz", [0], [3.1434085369110107]], ["rz", [1], [2.706347703933716]], ["rx", [1], [0.4754062592983246]], ["rz", [1], [0.6031253933906555]], ["rz", [2], [1.0749566555023193]], ["rx", [2], [-0.02194642461836338]], ["rz", [2], [1.77144193649292]]], "base_circuit_qasm": "OPENQASM 2.0;\ninclude \"qelib1.inc\";\nqreg q[3];\nh q[2];\nx q[1];\ncx q[2],q[0];\nh q[2];\ncx q[0],q[1];\nx q[0];\ncx q[1],q[0];\ncx q[1],q[0];\nh q[0];\nh q[2];\nh q[2];\nh q[0];\ncx q[1],q[0];\ncx q[1],q[0];\nx q[0];\ncx q[0],q[1];\nh q[2];\ncx q[2],q[0];\nx q[1];\nh q[2];", "pqc_circuit_qasm": "OPENQASM 2.0;\ninclude \"qelib1.inc\";\nqreg q[3];\nh q[2];\nx q[1];\ncx q[2],q[0];\nh q[2];\ncx q[0],q[1];\nrz(2.856390953063965) q[0];\nrx(-2.6357390880584717) q[0];\nrz(-2.5217294692993164) q[0];\nrz(-2.9568746089935303) q[1];\nrx(-0.8571547269821167) q[1];\nrz(-0.3948057293891907) q[1];\nrz(3.6282827854156494) q[2];\nrx(1.3812628984451294) q[2];\nrz(-0.9547516703605652) q[2];\nx q[0];\ncx q[1],q[0];\ncx q[1],q[0];\nh q[0];\nh q[2];\nrz(-3.188286066055298) q[0];\nrx(-1.3447216749191284) q[0];\nrz(-0.059784989804029465) q[0];\nrz(-0.707669734954834) q[1];\nrx(-3.257213592529297) q[1];\nrz(0.2873058617115021) q[1];\nrz(-2.787294864654541) q[2];\nrx(-1.0231853723526) q[2];\nrz(2.0209908485412598) q[2];\nh q[2];\nh q[0];\ncx q[1],q[0];\ncx q[1],q[0];\nx q[0];\nrz(2.973526954650879) q[0];\nrx(-2.944913148880005) q[0];\nrz(-2.5112862586975098) q[0];\nrz(1.8680421113967896) q[1];\nrx(-1.2045551538467407) q[1];\nrz(-2.8889389038085938) q[1];\nrz(-0.41375458240509033) q[2];\nrx(2.4627766609191895) q[2];\nrz(-0.016383469104766846) q[2];\ncx q[0],q[1];\nh q[2];\ncx q[2],q[0];\nx q[1];\nh q[2];\nrz(-0.10026594996452332) q[0];\nrx(-0.21464534103870392) q[0];\nrz(3.1434085369110107) q[0];\nrz(2.706347703933716) q[1];\nrx(0.4754062592983246) q[1];\nrz(0.6031253933906555) q[1];\nrz(1.0749566555023193) q[2];\nrx(-0.02194642461836338) q[2];\nrz(1.77144193649292) q[2];"}