{"seed": 1953, "fidelity": 0.9573495984077454, "pqc_params": [[[-1.8140138387680054, 1.8087890148162842, 3.1108484268188477], [2.9162113666534424, 2.0326595306396484, 3.2029476165771484], [1.3761943578720093, -1.4590932130813599, -0.25159838795661926]], [[-1.9021707773208618, 1.354379653930664, -2.2570106983184814], [2.958275079727173, -2.9540677070617676, -1.1041169166564941], [1.1829124689102173, 2.225571632385254, -1.062052607536316]], [[-1.921305775642395, -0.14715518057346344, -0.7608363032341003], [1.2008116245269775, -0.825507402420044, 2.2946252822875977], [-3.0722081661224365, 2.43430495262146, -0.762054979801178]], [[-3.1856331825256348, -2.79843807220459, -2.9177417755126953], [0.7376762628555298, -2.0753912925720215, 0.2425430566072464], [-0.8073229789733887, 0.516473650932312, -2.391551971435547]]], "base_circuit_tokens": [["x", [2], []], ["x", [1], []], ["x", [1], []], ["x", [2], []], ["cx", [0, 2], []], ["x", [0], []], ["x", [2], []], ["h", [0], []], ["x", [0], []], ["h", [2], []], ["h", [2], []], ["x", [0], []], ["h", [0], []], ["x", [2], []], ["x", [0], []], ["cx", [0, 2], []], ["x", [2], []], ["x", [1], []], ["x", [1], []], ["x", [2], []]], "pqc_circuit_tokens": [["x", [2], []], ["x", [1], []], ["x", [1], []], ["x", [2], []], ["cx", [0, 2], []], ["rz", [0], [-1.8140138387680054]], ["rx", [0], [1.8087890148162842]], ["rz", [0], [3.1108484268188477]], ["rz", [1], [2.9162113666534424]], ["rx", [1], [2.0326595306396484]], ["rz", [1], [3.2029476165771484]], ["rz", [2], [1.3761943578720093]], ["rx", [2], [-1.4590932130813599]], ["rz", [2], [-0.25159838795661926]], ["x", [0], []], ["x", [2], []], ["h", [0], []], ["x", [0], []], ["h", [2], []], ["rz", [0], [-1.9021707773208618]], ["rx", [0], [1.354379653930664]], ["rz", [0], [-2.2570106983184814]], ["rz", [1], [2.958275079727173]], ["rx", [1], [-2.9540677070617676]], ["rz", [1], [-1.1041169166564941]], ["rz", [2], [1.1829124689102173]], ["rx", [2], [2.225571632385254]], ["rz", [2], [-1.062052607536316]], ["h", [2], []], ["x", [0], []], ["h", [0], []], ["x", [2], []], ["x", [0], []], ["rz", [0], [-1.921305775642395]], ["rx", [0], [-0.14715518057346344]], ["rz", [0], [-0.7608363032341003]], ["rz", [1], [1.2008116245269775]], ["rx", [1], [-0.825507402420044]], ["rz", [1], [2.2946252822875977]], ["rz", [2], [-3.0722081661224365]], ["rx", [2], [2.43430495262146]], ["rz", [2], [-0.762054979801178]], ["cx", [0, 2], []], ["x", [2], []], ["x", [1], []], ["x", [1], []], ["x", [2], []], ["rz", [0], [-3.1856331825256348]], ["rx", [0], [-2.79843807220459]], ["rz", [0], [-2.9177417755126953]], ["rz", [1], [0.7376762628555298]], ["rx", [1], [-2.0753912925720215]], ["rz", [1], [0.2425430566072464]], ["rz", [2], [-0.8073229789733887]], ["rx", [2], [0.516473650932312]], ["rz", [2], [-2.391551971435547]]], "base_circuit_qasm": "OPENQASM 2.0;\ninclude \"qelib1.inc\";\nqreg q[3];\nx q[2];\nx q[1];\nx q[1];\nx q[2];\ncx q[0],q[2];\nx q[0];\nx q[2];\nh q[0];\nx q[0];\nh q[2];\nh q[2];\nx q[0];\nh q[0];\nx q[2];\nx q[0];\ncx q[0],q[2];\nx q[2];\nx q[1];\nx q[1];\nx q[2];", "pqc_circuit_qasm": "OPENQASM 2.0;\ninclude \"qelib1.inc\";\nqreg q[3];\nx q[2];\nx q[1];\nx q[1];\nx q[2];\ncx q[0],q[2];\nrz(-1.8140138387680054) q[0];\nrx(1.8087890148162842) q[0];\nrz(3.1108484268188477) q[0];\nrz(2.9162113666534424) q[1];\nrx(2.0326595306396484) q[1];\nrz(3.2029476165771484) q[1];\nrz(1.3761943578720093) q[2];\nrx(-1.4590932130813599) q[2];\nrz(-0.25159838795661926) q[2];\nx q[0];\nx q[2];\nh q[0];\nx q[0];\nh q[2];\nrz(-1.9021707773208618) q[0];\nrx(1.354379653930664) q[0];\nrz(-2.2570106983184814) q[0];\nrz(2.958275079727173) q[1];\nrx(-2.9540677070617676) q[1];\nrz(-1.1041169166564941) q[1];\nrz(1.1829124689102173) q[2];\nrx(2.225571632385254) q[2];\nrz(-1.062052607536316) q[2];\nh q[2];\nx q[0];\nh q[0];\nx q[2];\nx q[0];\nrz(-1.921305775642395) q[0];\nrx(-0.14715518057346344) q[0];\nrz(-0.7608363032341003) q[0];\nrz(1.2008116245269775) q[1];\nrx(-0.825507402420044) q[1];\nrz(2.2946252822875977) q[1];\nrz(-3.0722081661224365) q[2];\nrx(2.43430495262146) q[2];\nrz(-0.762054979801178) q[2];\ncx q[0],q[2];\nx q[2];\nx q[1];\nx q[1];\nx q[2];\nrz(-3.1856331825256348) q[0];\nrx(-2.79843807220459) q[0];\nrz(-2.9177417755126953) q[0];\nrz(0.7376762628555298) q[1];\nrx(-2.0753912925720215) q[1];\nrz(0.2425430566072464) q[1];\nrz(-0.8073229789733887) q[2];\nrx(0.516473650932312) q[2];\nrz(-2.391551971435547) q[2];"}