{"seed": 1972, "fidelity": 0.9901891946792603, "pqc_params": [[[2.240464687347412, 2.7291369438171387, -1.5314162969589233], [-0.10837560892105103, -1.6350016593933105, 2.7086737155914307], [1.8338871002197266, 0.9640350937843323, 1.9905897378921509]], [[-0.7600589394569397, -3.6972501277923584, 1.9664243459701538], [-1.541084885597229, 0.4408009648323059, 2.476351022720337], [-0.9954845905303955, 1.2317248582839966, -2.984098196029663]], [[-0.058472733944654465, 2.538388729095459, -3.1848464012145996], [1.8524903059005737, 1.4227638244628906, -0.8212510347366333], [2.1412553787231445, 2.121955633163452, 1.440178632736206]], [[2.9720640182495117, -2.413482904434204, 3.4168009757995605], [-1.5918660163879395, -2.2422358989715576, 2.585341691970825], [-2.1406610012054443, -3.154395818710327, -0.2506694197654724]]], "base_circuit_tokens": [["x", [0], []], ["h", [2], []], ["h", [0], []], ["h", [0], []], ["cx", [0, 2], []], ["x", [1], []], ["h", [1], []], ["h", [0], []], ["h", [2], []], ["h", [0], []], ["h", [0], []], ["h", [2], []], ["h", [0], []], ["h", [1], []], ["x", [1], []], ["cx", [0, 2], []], ["h", [0], []], ["h", [0], []], ["h", [2], []], ["x", [0], []]], "pqc_circuit_tokens": [["x", [0], []], ["h", [2], []], ["h", [0], []], ["h", [0], []], ["cx", [0, 2], []], ["rz", [0], [2.240464687347412]], ["rx", [0], [2.7291369438171387]], ["rz", [0], [-1.5314162969589233]], ["rz", [1], [-0.10837560892105103]], ["rx", [1], [-1.6350016593933105]], ["rz", [1], [2.7086737155914307]], ["rz", [2], [1.8338871002197266]], ["rx", [2], [0.9640350937843323]], ["rz", [2], [1.9905897378921509]], ["x", [1], []], ["h", [1], []], ["h", [0], []], ["h", [2], []], ["h", [0], []], ["rz", [0], [-0.7600589394569397]], ["rx", [0], [-3.6972501277923584]], ["rz", [0], [1.9664243459701538]], ["rz", [1], [-1.541084885597229]], ["rx", [1], [0.4408009648323059]], ["rz", [1], [2.476351022720337]], ["rz", [2], [-0.9954845905303955]], ["rx", [2], [1.2317248582839966]], ["rz", [2], [-2.984098196029663]], ["h", [0], []], ["h", [2], []], ["h", [0], []], ["h", [1], []], ["x", [1], []], ["rz", [0], [-0.058472733944654465]], ["rx", [0], [2.538388729095459]], ["rz", [0], [-3.1848464012145996]], ["rz", [1], [1.8524903059005737]], ["rx", [1], [1.4227638244628906]], ["rz", [1], [-0.8212510347366333]], ["rz", [2], [2.1412553787231445]], ["rx", [2], [2.121955633163452]], ["rz", [2], [1.440178632736206]], ["cx", [0, 2], []], ["h", [0], []], ["h", [0], []], ["h", [2], []], ["x", [0], []], ["rz", [0], [2.9720640182495117]], ["rx", [0], [-2.413482904434204]], ["rz", [0], [3.4168009757995605]], ["rz", [1], [-1.5918660163879395]], ["rx", [1], [-2.2422358989715576]], ["rz", [1], [2.585341691970825]], ["rz", [2], [-2.1406610012054443]], ["rx", [2], [-3.154395818710327]], ["rz", [2], [-0.2506694197654724]]], "base_circuit_qasm": "OPENQASM 2.0;\ninclude \"qelib1.inc\";\nqreg q[3];\nx q[0];\nh q[2];\nh q[0];\nh q[0];\ncx q[0],q[2];\nx q[1];\nh q[1];\nh q[0];\nh q[2];\nh q[0];\nh q[0];\nh q[2];\nh q[0];\nh q[1];\nx q[1];\ncx q[0],q[2];\nh q[0];\nh q[0];\nh q[2];\nx q[0];", "pqc_circuit_qasm": "OPENQASM 2.0;\ninclude \"qelib1.inc\";\nqreg q[3];\nx q[0];\nh q[2];\nh q[0];\nh q[0];\ncx q[0],q[2];\nrz(2.240464687347412) q[0];\nrx(2.7291369438171387) q[0];\nrz(-1.5314162969589233) q[0];\nrz(-0.10837560892105103) q[1];\nrx(-1.6350016593933105) q[1];\nrz(2.7086737155914307) q[1];\nrz(1.8338871002197266) q[2];\nrx(0.9640350937843323) q[2];\nrz(1.9905897378921509) q[2];\nx q[1];\nh q[1];\nh q[0];\nh q[2];\nh q[0];\nrz(-0.7600589394569397) q[0];\nrx(-3.6972501277923584) q[0];\nrz(1.9664243459701538) q[0];\nrz(-1.541084885597229) q[1];\nrx(0.4408009648323059) q[1];\nrz(2.476351022720337) q[1];\nrz(-0.9954845905303955) q[2];\nrx(1.2317248582839966) q[2];\nrz(-2.984098196029663) q[2];\nh q[0];\nh q[2];\nh q[0];\nh q[1];\nx q[1];\nrz(-0.058472733944654465) q[0];\nrx(2.538388729095459) q[0];\nrz(-3.1848464012145996) q[0];\nrz(1.8524903059005737) q[1];\nrx(1.4227638244628906) q[1];\nrz(-0.8212510347366333) q[1];\nrz(2.1412553787231445) q[2];\nrx(2.121955633163452) q[2];\nrz(1.440178632736206) q[2];\ncx q[0],q[2];\nh q[0];\nh q[0];\nh q[2];\nx q[0];\nrz(2.9720640182495117) q[0];\nrx(-2.413482904434204) q[0];\nrz(3.4168009757995605) q[0];\nrz(-1.5918660163879395) q[1];\nrx(-2.2422358989715576) q[1];\nrz(2.585341691970825) q[1];\nrz(-2.1406610012054443) q[2];\nrx(-3.154395818710327) q[2];\nrz(-0.2506694197654724) q[2];"}