{"seed": 1985, "fidelity": 0.9611388444900513, "pqc_params": [[[2.210871934890747, 1.286421775817871, -2.188443422317505], [-0.4921334981918335, 0.7450619339942932, 1.3710038661956787], [1.9935417175292969, 1.7582429647445679, -0.011797411367297173]], [[3.0046684741973877, 1.051185965538025, 0.040933769196271896], [-0.6733787059783936, 2.7737348079681396, 0.6558255553245544], [2.087282180786133, -0.06490448117256165, 1.5574278831481934]], [[-2.2844443321228027, 1.3028485774993896, 0.029072700068354607], [2.856376886367798, -1.0735665559768677, 3.3146774768829346], [2.8695168495178223, -0.5328360199928284, -0.9232885837554932]], [[-2.052827835083008, 0.017982294782996178, 1.5242177248001099], [1.707343578338623, 2.2606022357940674, -0.41751283407211304], [-1.112370491027832, -0.10421233624219894, -2.3455922603607178]]], "base_circuit_tokens": [["h", [0], []], ["h", [2], []], ["x", [1], []], ["h", [0], []], ["cx", [2, 0], []], ["h", [1], []], ["cx", [1, 2], []], ["x", [1], []], ["h", [2], []], ["cx", [1, 0], []], ["cx", [1, 0], []], ["h", [2], []], ["x", [1], []], ["cx", [1, 2], []], ["h", [1], []], ["cx", [2, 0], []], ["h", [0], []], ["x", [1], []], ["h", [2], []], ["h", [0], []]], "pqc_circuit_tokens": [["h", [0], []], ["h", [2], []], ["x", [1], []], ["h", [0], []], ["cx", [2, 0], []], ["rz", [0], [2.210871934890747]], ["rx", [0], [1.286421775817871]], ["rz", [0], [-2.188443422317505]], ["rz", [1], [-0.4921334981918335]], ["rx", [1], [0.7450619339942932]], ["rz", [1], [1.3710038661956787]], ["rz", [2], [1.9935417175292969]], ["rx", [2], [1.7582429647445679]], ["rz", [2], [-0.011797411367297173]], ["h", [1], []], ["cx", [1, 2], []], ["x", [1], []], ["h", [2], []], ["cx", [1, 0], []], ["rz", [0], [3.0046684741973877]], ["rx", [0], [1.051185965538025]], ["rz", [0], [0.040933769196271896]], ["rz", [1], [-0.6733787059783936]], ["rx", [1], [2.7737348079681396]], ["rz", [1], [0.6558255553245544]], ["rz", [2], [2.087282180786133]], ["rx", [2], [-0.06490448117256165]], ["rz", [2], [1.5574278831481934]], ["cx", [1, 0], []], ["h", [2], []], ["x", [1], []], ["cx", [1, 2], []], ["h", [1], []], ["rz", [0], [-2.2844443321228027]], ["rx", [0], [1.3028485774993896]], ["rz", [0], [0.029072700068354607]], ["rz", [1], [2.856376886367798]], ["rx", [1], [-1.0735665559768677]], ["rz", [1], [3.3146774768829346]], ["rz", [2], [2.8695168495178223]], ["rx", [2], [-0.5328360199928284]], ["rz", [2], [-0.9232885837554932]], ["cx", [2, 0], []], ["h", [0], []], ["x", [1], []], ["h", [2], []], ["h", [0], []], ["rz", [0], [-2.052827835083008]], ["rx", [0], [0.017982294782996178]], ["rz", [0], [1.5242177248001099]], ["rz", [1], [1.707343578338623]], ["rx", [1], [2.2606022357940674]], ["rz", [1], [-0.41751283407211304]], ["rz", [2], [-1.112370491027832]], ["rx", [2], [-0.10421233624219894]], ["rz", [2], [-2.3455922603607178]]], "base_circuit_qasm": "OPENQASM 2.0;\ninclude \"qelib1.inc\";\nqreg q[3];\nh q[0];\nh q[2];\nx q[1];\nh q[0];\ncx q[2],q[0];\nh q[1];\ncx q[1],q[2];\nx q[1];\nh q[2];\ncx q[1],q[0];\ncx q[1],q[0];\nh q[2];\nx q[1];\ncx q[1],q[2];\nh q[1];\ncx q[2],q[0];\nh q[0];\nx q[1];\nh q[2];\nh q[0];", "pqc_circuit_qasm": "OPENQASM 2.0;\ninclude \"qelib1.inc\";\nqreg q[3];\nh q[0];\nh q[2];\nx q[1];\nh q[0];\ncx q[2],q[0];\nrz(2.210871934890747) q[0];\nrx(1.286421775817871) q[0];\nrz(-2.188443422317505) q[0];\nrz(-0.4921334981918335) q[1];\nrx(0.7450619339942932) q[1];\nrz(1.3710038661956787) q[1];\nrz(1.9935417175292969) q[2];\nrx(1.7582429647445679) q[2];\nrz(-0.011797411367297173) q[2];\nh q[1];\ncx q[1],q[2];\nx q[1];\nh q[2];\ncx q[1],q[0];\nrz(3.0046684741973877) q[0];\nrx(1.051185965538025) q[0];\nrz(0.040933769196271896) q[0];\nrz(-0.6733787059783936) q[1];\nrx(2.7737348079681396) q[1];\nrz(0.6558255553245544) q[1];\nrz(2.087282180786133) q[2];\nrx(-0.06490448117256165) q[2];\nrz(1.5574278831481934) q[2];\ncx q[1],q[0];\nh q[2];\nx q[1];\ncx q[1],q[2];\nh q[1];\nrz(-2.2844443321228027) q[0];\nrx(1.3028485774993896) q[0];\nrz(0.029072700068354607) q[0];\nrz(2.856376886367798) q[1];\nrx(-1.0735665559768677) q[1];\nrz(3.3146774768829346) q[1];\nrz(2.8695168495178223) q[2];\nrx(-0.5328360199928284) q[2];\nrz(-0.9232885837554932) q[2];\ncx q[2],q[0];\nh q[0];\nx q[1];\nh q[2];\nh q[0];\nrz(-2.052827835083008) q[0];\nrx(0.017982294782996178) q[0];\nrz(1.5242177248001099) q[0];\nrz(1.707343578338623) q[1];\nrx(2.2606022357940674) q[1];\nrz(-0.41751283407211304) q[1];\nrz(-1.112370491027832) q[2];\nrx(-0.10421233624219894) q[2];\nrz(-2.3455922603607178) q[2];"}