{"seed": 2003, "fidelity": 0.9982563853263855, "pqc_params": [[[-1.1240954399108887, 0.28868991136550903, -0.4216638505458832], [-2.5779356956481934, -1.3645936250686646, 1.5509226322174072], [3.889448642730713, 0.9746102690696716, 0.8839067220687866]], [[0.4845939576625824, -0.1697298288345337, 1.5250182151794434], [-1.1084812879562378, 2.840531826019287, -0.5164241790771484], [0.2672671973705292, -0.10772021114826202, 2.2576723098754883]], [[-0.5557901263237, 2.643662691116333, -0.7893456220626831], [2.134324550628662, -3.300764322280884, 3.3719422817230225], [2.9246561527252197, -0.603571891784668, 1.8402811288833618]], [[-2.4616329669952393, 1.758484125137329, -2.885969877243042], [-2.8936705589294434, 0.10798857361078262, 0.8336963653564453], [-0.1314418762922287, 0.3600074350833893, 0.007187338545918465]]], "base_circuit_tokens": [["h", [0], []], ["cx", [1, 2], []], ["x", [0], []], ["h", [1], []], ["x", [1], []], ["cx", [2, 0], []], ["cx", [2, 1], []], ["cx", [2, 1], []], ["x", [1], []], ["h", [0], []], ["h", [0], []], ["x", [1], []], ["cx", [2, 1], []], ["cx", [2, 1], []], ["cx", [2, 0], []], ["x", [1], []], ["h", [1], []], ["x", [0], []], ["cx", [1, 2], []], ["h", [0], []]], "pqc_circuit_tokens": [["h", [0], []], ["cx", [1, 2], []], ["x", [0], []], ["h", [1], []], ["x", [1], []], ["rz", [0], [-1.1240954399108887]], ["rx", [0], [0.28868991136550903]], ["rz", [0], [-0.4216638505458832]], ["rz", [1], [-2.5779356956481934]], ["rx", [1], [-1.3645936250686646]], ["rz", [1], [1.5509226322174072]], ["rz", [2], [3.889448642730713]], ["rx", [2], [0.9746102690696716]], ["rz", [2], [0.8839067220687866]], ["cx", [2, 0], []], ["cx", [2, 1], []], ["cx", [2, 1], []], ["x", [1], []], ["h", [0], []], ["rz", [0], [0.4845939576625824]], ["rx", [0], [-0.1697298288345337]], ["rz", [0], [1.5250182151794434]], ["rz", [1], [-1.1084812879562378]], ["rx", [1], [2.840531826019287]], ["rz", [1], [-0.5164241790771484]], ["rz", [2], [0.2672671973705292]], ["rx", [2], [-0.10772021114826202]], ["rz", [2], [2.2576723098754883]], ["h", [0], []], ["x", [1], []], ["cx", [2, 1], []], ["cx", [2, 1], []], ["cx", [2, 0], []], ["rz", [0], [-0.5557901263237]], ["rx", [0], [2.643662691116333]], ["rz", [0], [-0.7893456220626831]], ["rz", [1], [2.134324550628662]], ["rx", [1], [-3.300764322280884]], ["rz", [1], [3.3719422817230225]], ["rz", [2], [2.9246561527252197]], ["rx", [2], [-0.603571891784668]], ["rz", [2], [1.8402811288833618]], ["x", [1], []], ["h", [1], []], ["x", [0], []], ["cx", [1, 2], []], ["h", [0], []], ["rz", [0], [-2.4616329669952393]], ["rx", [0], [1.758484125137329]], ["rz", [0], [-2.885969877243042]], ["rz", [1], [-2.8936705589294434]], ["rx", [1], [0.10798857361078262]], ["rz", [1], [0.8336963653564453]], ["rz", [2], [-0.1314418762922287]], ["rx", [2], [0.3600074350833893]], ["rz", [2], [0.007187338545918465]]], "base_circuit_qasm": "OPENQASM 2.0;\ninclude \"qelib1.inc\";\nqreg q[3];\nh q[0];\ncx q[1],q[2];\nx q[0];\nh q[1];\nx q[1];\ncx q[2],q[0];\ncx q[2],q[1];\ncx q[2],q[1];\nx q[1];\nh q[0];\nh q[0];\nx q[1];\ncx q[2],q[1];\ncx q[2],q[1];\ncx q[2],q[0];\nx q[1];\nh q[1];\nx q[0];\ncx q[1],q[2];\nh q[0];", "pqc_circuit_qasm": "OPENQASM 2.0;\ninclude \"qelib1.inc\";\nqreg q[3];\nh q[0];\ncx q[1],q[2];\nx q[0];\nh q[1];\nx q[1];\nrz(-1.1240954399108887) q[0];\nrx(0.28868991136550903) q[0];\nrz(-0.4216638505458832) q[0];\nrz(-2.5779356956481934) q[1];\nrx(-1.3645936250686646) q[1];\nrz(1.5509226322174072) q[1];\nrz(3.889448642730713) q[2];\nrx(0.9746102690696716) q[2];\nrz(0.8839067220687866) q[2];\ncx q[2],q[0];\ncx q[2],q[1];\ncx q[2],q[1];\nx q[1];\nh q[0];\nrz(0.4845939576625824) q[0];\nrx(-0.1697298288345337) q[0];\nrz(1.5250182151794434) q[0];\nrz(-1.1084812879562378) q[1];\nrx(2.840531826019287) q[1];\nrz(-0.5164241790771484) q[1];\nrz(0.2672671973705292) q[2];\nrx(-0.10772021114826202) q[2];\nrz(2.2576723098754883) q[2];\nh q[0];\nx q[1];\ncx q[2],q[1];\ncx q[2],q[1];\ncx q[2],q[0];\nrz(-0.5557901263237) q[0];\nrx(2.643662691116333) q[0];\nrz(-0.7893456220626831) q[0];\nrz(2.134324550628662) q[1];\nrx(-3.300764322280884) q[1];\nrz(3.3719422817230225) q[1];\nrz(2.9246561527252197) q[2];\nrx(-0.603571891784668) q[2];\nrz(1.8402811288833618) q[2];\nx q[1];\nh q[1];\nx q[0];\ncx q[1],q[2];\nh q[0];\nrz(-2.4616329669952393) q[0];\nrx(1.758484125137329) q[0];\nrz(-2.885969877243042) q[0];\nrz(-2.8936705589294434) q[1];\nrx(0.10798857361078262) q[1];\nrz(0.8336963653564453) q[1];\nrz(-0.1314418762922287) q[2];\nrx(0.3600074350833893) q[2];\nrz(0.007187338545918465) q[2];"}