{"seed": 2020, "fidelity": 0.9874569177627563, "pqc_params": [[[2.5761430263519287, -0.7911776900291443, -0.22468191385269165], [-1.302852988243103, 0.4556175768375397, 1.2003353834152222], [-0.45783156156539917, 1.6989192962646484, -2.1420719623565674]], [[-2.4768552780151367, 0.2692590355873108, -1.9947295188903809], [-0.8907366991043091, 0.03248663991689682, 0.5792533755302429], [-2.8089826107025146, 1.4978132247924805, -2.485821485519409]], [[-2.3297860622406006, 2.652534008026123, 1.29776930809021], [1.2223697900772095, -3.2072055339813232, -0.8865451216697693], [0.6293511390686035, 1.2963178157806396, -0.7567346096038818]], [[0.19254066050052643, -2.0856311321258545, -0.04422730579972267], [3.092437505722046, 2.6909337043762207, 0.6934453248977661], [2.80195689201355, -2.7240567207336426, 1.258733868598938]]], "base_circuit_tokens": [["x", [0], []], ["h", [1], []], ["cx", [2, 0], []], ["cx", [2, 0], []], ["h", [1], []], ["cx", [1, 0], []], ["x", [2], []], ["x", [2], []], ["h", [0], []], ["h", [1], []], ["h", [1], []], ["h", [0], []], ["x", [2], []], ["x", [2], []], ["cx", [1, 0], []], ["h", [1], []], ["cx", [2, 0], []], ["cx", [2, 0], []], ["h", [1], []], ["x", [0], []]], "pqc_circuit_tokens": [["x", [0], []], ["h", [1], []], ["cx", [2, 0], []], ["cx", [2, 0], []], ["h", [1], []], ["rz", [0], [2.5761430263519287]], ["rx", [0], [-0.7911776900291443]], ["rz", [0], [-0.22468191385269165]], ["rz", [1], [-1.302852988243103]], ["rx", [1], [0.4556175768375397]], ["rz", [1], [1.2003353834152222]], ["rz", [2], [-0.45783156156539917]], ["rx", [2], [1.6989192962646484]], ["rz", [2], [-2.1420719623565674]], ["cx", [1, 0], []], ["x", [2], []], ["x", [2], []], ["h", [0], []], ["h", [1], []], ["rz", [0], [-2.4768552780151367]], ["rx", [0], [0.2692590355873108]], ["rz", [0], [-1.9947295188903809]], ["rz", [1], [-0.8907366991043091]], ["rx", [1], [0.03248663991689682]], ["rz", [1], [0.5792533755302429]], ["rz", [2], [-2.8089826107025146]], ["rx", [2], [1.4978132247924805]], ["rz", [2], [-2.485821485519409]], ["h", [1], []], ["h", [0], []], ["x", [2], []], ["x", [2], []], ["cx", [1, 0], []], ["rz", [0], [-2.3297860622406006]], ["rx", [0], [2.652534008026123]], ["rz", [0], [1.29776930809021]], ["rz", [1], [1.2223697900772095]], ["rx", [1], [-3.2072055339813232]], ["rz", [1], [-0.8865451216697693]], ["rz", [2], [0.6293511390686035]], ["rx", [2], [1.2963178157806396]], ["rz", [2], [-0.7567346096038818]], ["h", [1], []], ["cx", [2, 0], []], ["cx", [2, 0], []], ["h", [1], []], ["x", [0], []], ["rz", [0], [0.19254066050052643]], ["rx", [0], [-2.0856311321258545]], ["rz", [0], [-0.04422730579972267]], ["rz", [1], [3.092437505722046]], ["rx", [1], [2.6909337043762207]], ["rz", [1], [0.6934453248977661]], ["rz", [2], [2.80195689201355]], ["rx", [2], [-2.7240567207336426]], ["rz", [2], [1.258733868598938]]], "base_circuit_qasm": "OPENQASM 2.0;\ninclude \"qelib1.inc\";\nqreg q[3];\nx q[0];\nh q[1];\ncx q[2],q[0];\ncx q[2],q[0];\nh q[1];\ncx q[1],q[0];\nx q[2];\nx q[2];\nh q[0];\nh q[1];\nh q[1];\nh q[0];\nx q[2];\nx q[2];\ncx q[1],q[0];\nh q[1];\ncx q[2],q[0];\ncx q[2],q[0];\nh q[1];\nx q[0];", "pqc_circuit_qasm": "OPENQASM 2.0;\ninclude \"qelib1.inc\";\nqreg q[3];\nx q[0];\nh q[1];\ncx q[2],q[0];\ncx q[2],q[0];\nh q[1];\nrz(2.5761430263519287) q[0];\nrx(-0.7911776900291443) q[0];\nrz(-0.22468191385269165) q[0];\nrz(-1.302852988243103) q[1];\nrx(0.4556175768375397) q[1];\nrz(1.2003353834152222) q[1];\nrz(-0.45783156156539917) q[2];\nrx(1.6989192962646484) q[2];\nrz(-2.1420719623565674) q[2];\ncx q[1],q[0];\nx q[2];\nx q[2];\nh q[0];\nh q[1];\nrz(-2.4768552780151367) q[0];\nrx(0.2692590355873108) q[0];\nrz(-1.9947295188903809) q[0];\nrz(-0.8907366991043091) q[1];\nrx(0.03248663991689682) q[1];\nrz(0.5792533755302429) q[1];\nrz(-2.8089826107025146) q[2];\nrx(1.4978132247924805) q[2];\nrz(-2.485821485519409) q[2];\nh q[1];\nh q[0];\nx q[2];\nx q[2];\ncx q[1],q[0];\nrz(-2.3297860622406006) q[0];\nrx(2.652534008026123) q[0];\nrz(1.29776930809021) q[0];\nrz(1.2223697900772095) q[1];\nrx(-3.2072055339813232) q[1];\nrz(-0.8865451216697693) q[1];\nrz(0.6293511390686035) q[2];\nrx(1.2963178157806396) q[2];\nrz(-0.7567346096038818) q[2];\nh q[1];\ncx q[2],q[0];\ncx q[2],q[0];\nh q[1];\nx q[0];\nrz(0.19254066050052643) q[0];\nrx(-2.0856311321258545) q[0];\nrz(-0.04422730579972267) q[0];\nrz(3.092437505722046) q[1];\nrx(2.6909337043762207) q[1];\nrz(0.6934453248977661) q[1];\nrz(2.80195689201355) q[2];\nrx(-2.7240567207336426) q[2];\nrz(1.258733868598938) q[2];"}