{"seed": 2025, "fidelity": 0.9998540282249451, "pqc_params": [[[-1.113286018371582, 3.227808952331543, -1.5237385034561157], [1.2188912630081177, -1.912734031677246, 0.09005187451839447], [-1.8868157863616943, 1.938259482383728, 1.4969500303268433]], [[2.3710029125213623, 3.0548436641693115, -0.6570979356765747], [0.5722582936286926, 1.5012681484222412, -0.9151155948638916], [-0.3035246729850769, -1.7181084156036377, 2.8999242782592773]], [[1.3818608522415161, 1.8216331005096436, 1.3026422262191772], [-2.586212396621704, -2.082334518432617, 1.994961142539978], [-1.1933716535568237, 2.08740234375, -0.8316410779953003]], [[1.0923048257827759, 1.477881669998169, 2.1462788581848145], [-0.9150463938713074, 1.3431764841079712, 1.854798436164856], [3.065305233001709, 1.4217454195022583, -0.3734402656555176]]], "base_circuit_tokens": [["x", [0], []], ["x", [1], []], ["h", [0], []], ["h", [1], []], ["h", [0], []], ["cx", [2, 0], []], ["x", [2], []], ["h", [2], []], ["h", [0], []], ["h", [0], []], ["h", [0], []], ["h", [0], []], ["h", [2], []], ["x", [2], []], ["cx", [2, 0], []], ["h", [0], []], ["h", [1], []], ["h", [0], []], ["x", [1], []], ["x", [0], []]], "pqc_circuit_tokens": [["x", [0], []], ["x", [1], []], ["h", [0], []], ["h", [1], []], ["h", [0], []], ["rz", [0], [-1.113286018371582]], ["rx", [0], [3.227808952331543]], ["rz", [0], [-1.5237385034561157]], ["rz", [1], [1.2188912630081177]], ["rx", [1], [-1.912734031677246]], ["rz", [1], [0.09005187451839447]], ["rz", [2], [-1.8868157863616943]], ["rx", [2], [1.938259482383728]], ["rz", [2], [1.4969500303268433]], ["cx", [2, 0], []], ["x", [2], []], ["h", [2], []], ["h", [0], []], ["h", [0], []], ["rz", [0], [2.3710029125213623]], ["rx", [0], [3.0548436641693115]], ["rz", [0], [-0.6570979356765747]], ["rz", [1], [0.5722582936286926]], ["rx", [1], [1.5012681484222412]], ["rz", [1], [-0.9151155948638916]], ["rz", [2], [-0.3035246729850769]], ["rx", [2], [-1.7181084156036377]], ["rz", [2], [2.8999242782592773]], ["h", [0], []], ["h", [0], []], ["h", [2], []], ["x", [2], []], ["cx", [2, 0], []], ["rz", [0], [1.3818608522415161]], ["rx", [0], [1.8216331005096436]], ["rz", [0], [1.3026422262191772]], ["rz", [1], [-2.586212396621704]], ["rx", [1], [-2.082334518432617]], ["rz", [1], [1.994961142539978]], ["rz", [2], [-1.1933716535568237]], ["rx", [2], [2.08740234375]], ["rz", [2], [-0.8316410779953003]], ["h", [0], []], ["h", [1], []], ["h", [0], []], ["x", [1], []], ["x", [0], []], ["rz", [0], [1.0923048257827759]], ["rx", [0], [1.477881669998169]], ["rz", [0], [2.1462788581848145]], ["rz", [1], [-0.9150463938713074]], ["rx", [1], [1.3431764841079712]], ["rz", [1], [1.854798436164856]], ["rz", [2], [3.065305233001709]], ["rx", [2], [1.4217454195022583]], ["rz", [2], [-0.3734402656555176]]], "base_circuit_qasm": "OPENQASM 2.0;\ninclude \"qelib1.inc\";\nqreg q[3];\nx q[0];\nx q[1];\nh q[0];\nh q[1];\nh q[0];\ncx q[2],q[0];\nx q[2];\nh q[2];\nh q[0];\nh q[0];\nh q[0];\nh q[0];\nh q[2];\nx q[2];\ncx q[2],q[0];\nh q[0];\nh q[1];\nh q[0];\nx q[1];\nx q[0];", "pqc_circuit_qasm": "OPENQASM 2.0;\ninclude \"qelib1.inc\";\nqreg q[3];\nx q[0];\nx q[1];\nh q[0];\nh q[1];\nh q[0];\nrz(-1.113286018371582) q[0];\nrx(3.227808952331543) q[0];\nrz(-1.5237385034561157) q[0];\nrz(1.2188912630081177) q[1];\nrx(-1.912734031677246) q[1];\nrz(0.09005187451839447) q[1];\nrz(-1.8868157863616943) q[2];\nrx(1.938259482383728) q[2];\nrz(1.4969500303268433) q[2];\ncx q[2],q[0];\nx q[2];\nh q[2];\nh q[0];\nh q[0];\nrz(2.3710029125213623) q[0];\nrx(3.0548436641693115) q[0];\nrz(-0.6570979356765747) q[0];\nrz(0.5722582936286926) q[1];\nrx(1.5012681484222412) q[1];\nrz(-0.9151155948638916) q[1];\nrz(-0.3035246729850769) q[2];\nrx(-1.7181084156036377) q[2];\nrz(2.8999242782592773) q[2];\nh q[0];\nh q[0];\nh q[2];\nx q[2];\ncx q[2],q[0];\nrz(1.3818608522415161) q[0];\nrx(1.8216331005096436) q[0];\nrz(1.3026422262191772) q[0];\nrz(-2.586212396621704) q[1];\nrx(-2.082334518432617) q[1];\nrz(1.994961142539978) q[1];\nrz(-1.1933716535568237) q[2];\nrx(2.08740234375) q[2];\nrz(-0.8316410779953003) q[2];\nh q[0];\nh q[1];\nh q[0];\nx q[1];\nx q[0];\nrz(1.0923048257827759) q[0];\nrx(1.477881669998169) q[0];\nrz(2.1462788581848145) q[0];\nrz(-0.9150463938713074) q[1];\nrx(1.3431764841079712) q[1];\nrz(1.854798436164856) q[1];\nrz(3.065305233001709) q[2];\nrx(1.4217454195022583) q[2];\nrz(-0.3734402656555176) q[2];"}