{"seed": 2027, "fidelity": 0.9997267723083496, "pqc_params": [[[1.900266170501709, -1.5786889791488647, -0.6202606558799744], [-2.0547056198120117, 1.671651005744934, 2.5631158351898193], [1.7850492000579834, -1.7884951829910278, 2.551115036010742]], [[0.02827267162501812, 0.7538530230522156, 2.047447919845581], [3.03585147857666, -3.029073476791382, 0.009803238324820995], [0.030877046287059784, 0.7854822874069214, 3.2150397300720215]], [[2.3980846405029297, -1.3905158042907715, -0.8847990036010742], [-1.3923307657241821, 0.7362839579582214, -1.5910969972610474], [1.6811660528182983, 1.8153797388076782, -1.9506886005401611]], [[1.7194138765335083, 1.3976746797561646, 1.2428617477416992], [2.43385648727417, -2.0953762531280518, -0.6167140007019043], [-1.8705034255981445, 0.8702841401100159, -0.8227525949478149]]], "base_circuit_tokens": [["h", [2], []], ["h", [2], []], ["h", [0], []], ["h", [2], []], ["h", [2], []], ["cx", [1, 2], []], ["h", [0], []], ["h", [1], []], ["x", [2], []], ["h", [1], []], ["h", [1], []], ["x", [2], []], ["h", [1], []], ["h", [0], []], ["cx", [1, 2], []], ["h", [2], []], ["h", [2], []], ["h", [0], []], ["h", [2], []], ["h", [2], []]], "pqc_circuit_tokens": [["h", [2], []], ["h", [2], []], ["h", [0], []], ["h", [2], []], ["h", [2], []], ["rz", [0], [1.900266170501709]], ["rx", [0], [-1.5786889791488647]], ["rz", [0], [-0.6202606558799744]], ["rz", [1], [-2.0547056198120117]], ["rx", [1], [1.671651005744934]], ["rz", [1], [2.5631158351898193]], ["rz", [2], [1.7850492000579834]], ["rx", [2], [-1.7884951829910278]], ["rz", [2], [2.551115036010742]], ["cx", [1, 2], []], ["h", [0], []], ["h", [1], []], ["x", [2], []], ["h", [1], []], ["rz", [0], [0.02827267162501812]], ["rx", [0], [0.7538530230522156]], ["rz", [0], [2.047447919845581]], ["rz", [1], [3.03585147857666]], ["rx", [1], [-3.029073476791382]], ["rz", [1], [0.009803238324820995]], ["rz", [2], [0.030877046287059784]], ["rx", [2], [0.7854822874069214]], ["rz", [2], [3.2150397300720215]], ["h", [1], []], ["x", [2], []], ["h", [1], []], ["h", [0], []], ["cx", [1, 2], []], ["rz", [0], [2.3980846405029297]], ["rx", [0], [-1.3905158042907715]], ["rz", [0], [-0.8847990036010742]], ["rz", [1], [-1.3923307657241821]], ["rx", [1], [0.7362839579582214]], ["rz", [1], [-1.5910969972610474]], ["rz", [2], [1.6811660528182983]], ["rx", [2], [1.8153797388076782]], ["rz", [2], [-1.9506886005401611]], ["h", [2], []], ["h", [2], []], ["h", [0], []], ["h", [2], []], ["h", [2], []], ["rz", [0], [1.7194138765335083]], ["rx", [0], [1.3976746797561646]], ["rz", [0], [1.2428617477416992]], ["rz", [1], [2.43385648727417]], ["rx", [1], [-2.0953762531280518]], ["rz", [1], [-0.6167140007019043]], ["rz", [2], [-1.8705034255981445]], ["rx", [2], [0.8702841401100159]], ["rz", [2], [-0.8227525949478149]]], "base_circuit_qasm": "OPENQASM 2.0;\ninclude \"qelib1.inc\";\nqreg q[3];\nh q[2];\nh q[2];\nh q[0];\nh q[2];\nh q[2];\ncx q[1],q[2];\nh q[0];\nh q[1];\nx q[2];\nh q[1];\nh q[1];\nx q[2];\nh q[1];\nh q[0];\ncx q[1],q[2];\nh q[2];\nh q[2];\nh q[0];\nh q[2];\nh q[2];", "pqc_circuit_qasm": "OPENQASM 2.0;\ninclude \"qelib1.inc\";\nqreg q[3];\nh q[2];\nh q[2];\nh q[0];\nh q[2];\nh q[2];\nrz(1.900266170501709) q[0];\nrx(-1.5786889791488647) q[0];\nrz(-0.6202606558799744) q[0];\nrz(-2.0547056198120117) q[1];\nrx(1.671651005744934) q[1];\nrz(2.5631158351898193) q[1];\nrz(1.7850492000579834) q[2];\nrx(-1.7884951829910278) q[2];\nrz(2.551115036010742) q[2];\ncx q[1],q[2];\nh q[0];\nh q[1];\nx q[2];\nh q[1];\nrz(0.02827267162501812) q[0];\nrx(0.7538530230522156) q[0];\nrz(2.047447919845581) q[0];\nrz(3.03585147857666) q[1];\nrx(-3.029073476791382) q[1];\nrz(0.009803238324820995) q[1];\nrz(0.030877046287059784) q[2];\nrx(0.7854822874069214) q[2];\nrz(3.2150397300720215) q[2];\nh q[1];\nx q[2];\nh q[1];\nh q[0];\ncx q[1],q[2];\nrz(2.3980846405029297) q[0];\nrx(-1.3905158042907715) q[0];\nrz(-0.8847990036010742) q[0];\nrz(-1.3923307657241821) q[1];\nrx(0.7362839579582214) q[1];\nrz(-1.5910969972610474) q[1];\nrz(1.6811660528182983) q[2];\nrx(1.8153797388076782) q[2];\nrz(-1.9506886005401611) q[2];\nh q[2];\nh q[2];\nh q[0];\nh q[2];\nh q[2];\nrz(1.7194138765335083) q[0];\nrx(1.3976746797561646) q[0];\nrz(1.2428617477416992) q[0];\nrz(2.43385648727417) q[1];\nrx(-2.0953762531280518) q[1];\nrz(-0.6167140007019043) q[1];\nrz(-1.8705034255981445) q[2];\nrx(0.8702841401100159) q[2];\nrz(-0.8227525949478149) q[2];"}