{"seed": 2035, "fidelity": 0.9955012202262878, "pqc_params": [[[-1.9415647983551025, 0.01438210904598236, 2.4604299068450928], [-1.9872759580612183, 1.8362548351287842, -2.447988271713257], [0.1683230847120285, -0.29056257009506226, 3.1142361164093018]], [[0.4141358733177185, 1.225671410560608, -2.068044900894165], [3.127286672592163, 2.2966911792755127, 0.5873383283615112], [2.485278606414795, -0.03903079032897949, -3.069342613220215]], [[1.1157644987106323, 1.4736496210098267, -0.6157221794128418], [1.4366161823272705, -1.717179536819458, 1.3689966201782227], [2.567094564437866, 0.17396755516529083, -2.429957389831543]], [[0.5307579040527344, 3.0129523277282715, -1.981146216392517], [-3.629669189453125, -0.05113857984542847, 0.18914560973644257], [-1.0237982273101807, -0.0584692545235157, -2.438309669494629]]], "base_circuit_tokens": [["cx", [2, 0], []], ["cx", [1, 2], []], ["cx", [0, 1], []], ["h", [0], []], ["x", [1], []], ["x", [0], []], ["x", [0], []], ["h", [1], []], ["cx", [2, 1], []], ["x", [0], []], ["x", [0], []], ["cx", [2, 1], []], ["h", [1], []], ["x", [0], []], ["x", [0], []], ["x", [1], []], ["h", [0], []], ["cx", [0, 1], []], ["cx", [1, 2], []], ["cx", [2, 0], []]], "pqc_circuit_tokens": [["cx", [2, 0], []], ["cx", [1, 2], []], ["cx", [0, 1], []], ["h", [0], []], ["x", [1], []], ["rz", [0], [-1.9415647983551025]], ["rx", [0], [0.01438210904598236]], ["rz", [0], [2.4604299068450928]], ["rz", [1], [-1.9872759580612183]], ["rx", [1], [1.8362548351287842]], ["rz", [1], [-2.447988271713257]], ["rz", [2], [0.1683230847120285]], ["rx", [2], [-0.29056257009506226]], ["rz", [2], [3.1142361164093018]], ["x", [0], []], ["x", [0], []], ["h", [1], []], ["cx", [2, 1], []], ["x", [0], []], ["rz", [0], [0.4141358733177185]], ["rx", [0], [1.225671410560608]], ["rz", [0], [-2.068044900894165]], ["rz", [1], [3.127286672592163]], ["rx", [1], [2.2966911792755127]], ["rz", [1], [0.5873383283615112]], ["rz", [2], [2.485278606414795]], ["rx", [2], [-0.03903079032897949]], ["rz", [2], [-3.069342613220215]], ["x", [0], []], ["cx", [2, 1], []], ["h", [1], []], ["x", [0], []], ["x", [0], []], ["rz", [0], [1.1157644987106323]], ["rx", [0], [1.4736496210098267]], ["rz", [0], [-0.6157221794128418]], ["rz", [1], [1.4366161823272705]], ["rx", [1], [-1.717179536819458]], ["rz", [1], [1.3689966201782227]], ["rz", [2], [2.567094564437866]], ["rx", [2], [0.17396755516529083]], ["rz", [2], [-2.429957389831543]], ["x", [1], []], ["h", [0], []], ["cx", [0, 1], []], ["cx", [1, 2], []], ["cx", [2, 0], []], ["rz", [0], [0.5307579040527344]], ["rx", [0], [3.0129523277282715]], ["rz", [0], [-1.981146216392517]], ["rz", [1], [-3.629669189453125]], ["rx", [1], [-0.05113857984542847]], ["rz", [1], [0.18914560973644257]], ["rz", [2], [-1.0237982273101807]], ["rx", [2], [-0.0584692545235157]], ["rz", [2], [-2.438309669494629]]], "base_circuit_qasm": "OPENQASM 2.0;\ninclude \"qelib1.inc\";\nqreg q[3];\ncx q[2],q[0];\ncx q[1],q[2];\ncx q[0],q[1];\nh q[0];\nx q[1];\nx q[0];\nx q[0];\nh q[1];\ncx q[2],q[1];\nx q[0];\nx q[0];\ncx q[2],q[1];\nh q[1];\nx q[0];\nx q[0];\nx q[1];\nh q[0];\ncx q[0],q[1];\ncx q[1],q[2];\ncx q[2],q[0];", "pqc_circuit_qasm": "OPENQASM 2.0;\ninclude \"qelib1.inc\";\nqreg q[3];\ncx q[2],q[0];\ncx q[1],q[2];\ncx q[0],q[1];\nh q[0];\nx q[1];\nrz(-1.9415647983551025) q[0];\nrx(0.01438210904598236) q[0];\nrz(2.4604299068450928) q[0];\nrz(-1.9872759580612183) q[1];\nrx(1.8362548351287842) q[1];\nrz(-2.447988271713257) q[1];\nrz(0.1683230847120285) q[2];\nrx(-0.29056257009506226) q[2];\nrz(3.1142361164093018) q[2];\nx q[0];\nx q[0];\nh q[1];\ncx q[2],q[1];\nx q[0];\nrz(0.4141358733177185) q[0];\nrx(1.225671410560608) q[0];\nrz(-2.068044900894165) q[0];\nrz(3.127286672592163) q[1];\nrx(2.2966911792755127) q[1];\nrz(0.5873383283615112) q[1];\nrz(2.485278606414795) q[2];\nrx(-0.03903079032897949) q[2];\nrz(-3.069342613220215) q[2];\nx q[0];\ncx q[2],q[1];\nh q[1];\nx q[0];\nx q[0];\nrz(1.1157644987106323) q[0];\nrx(1.4736496210098267) q[0];\nrz(-0.6157221794128418) q[0];\nrz(1.4366161823272705) q[1];\nrx(-1.717179536819458) q[1];\nrz(1.3689966201782227) q[1];\nrz(2.567094564437866) q[2];\nrx(0.17396755516529083) q[2];\nrz(-2.429957389831543) q[2];\nx q[1];\nh q[0];\ncx q[0],q[1];\ncx q[1],q[2];\ncx q[2],q[0];\nrz(0.5307579040527344) q[0];\nrx(3.0129523277282715) q[0];\nrz(-1.981146216392517) q[0];\nrz(-3.629669189453125) q[1];\nrx(-0.05113857984542847) q[1];\nrz(0.18914560973644257) q[1];\nrz(-1.0237982273101807) q[2];\nrx(-0.0584692545235157) q[2];\nrz(-2.438309669494629) q[2];"}