{"seed": 2039, "fidelity": 0.9943661093711853, "pqc_params": [[[1.9323700666427612, -1.768038034439087, 0.6618019342422485], [0.39481785893440247, 1.9000463485717773, 2.8873274326324463], [1.6491186618804932, 0.46014121174812317, -1.9509401321411133]], [[-2.3607242107391357, -2.2198245525360107, 1.161047339439392], [0.6871747970581055, -1.581961750984192, -0.7176327705383301], [1.6693670749664307, -0.5390170812606812, -0.9680970907211304]], [[-2.9045164585113525, -0.9729254841804504, -2.4410293102264404], [-1.6419477462768555, -2.757985830307007, -2.980668783187866], [-0.28704020380973816, -0.4543960392475128, 1.4132447242736816]], [[2.278733491897583, 0.20694676041603088, 0.7508862018585205], [-0.006876799277961254, -1.6573457717895508, 3.24753737449646], [0.2512095272541046, -0.09698999673128128, -2.1704883575439453]]], "base_circuit_tokens": [["cx", [2, 0], []], ["x", [1], []], ["x", [2], []], ["cx", [0, 1], []], ["x", [0], []], ["x", [2], []], ["x", [0], []], ["h", [1], []], ["x", [0], []], ["x", [2], []], ["x", [2], []], ["x", [0], []], ["h", [1], []], ["x", [0], []], ["x", [2], []], ["x", [0], []], ["cx", [0, 1], []], ["x", [2], []], ["x", [1], []], ["cx", [2, 0], []]], "pqc_circuit_tokens": [["cx", [2, 0], []], ["x", [1], []], ["x", [2], []], ["cx", [0, 1], []], ["x", [0], []], ["rz", [0], [1.9323700666427612]], ["rx", [0], [-1.768038034439087]], ["rz", [0], [0.6618019342422485]], ["rz", [1], [0.39481785893440247]], ["rx", [1], [1.9000463485717773]], ["rz", [1], [2.8873274326324463]], ["rz", [2], [1.6491186618804932]], ["rx", [2], [0.46014121174812317]], ["rz", [2], [-1.9509401321411133]], ["x", [2], []], ["x", [0], []], ["h", [1], []], ["x", [0], []], ["x", [2], []], ["rz", [0], [-2.3607242107391357]], ["rx", [0], [-2.2198245525360107]], ["rz", [0], [1.161047339439392]], ["rz", [1], [0.6871747970581055]], ["rx", [1], [-1.581961750984192]], ["rz", [1], [-0.7176327705383301]], ["rz", [2], [1.6693670749664307]], ["rx", [2], [-0.5390170812606812]], ["rz", [2], [-0.9680970907211304]], ["x", [2], []], ["x", [0], []], ["h", [1], []], ["x", [0], []], ["x", [2], []], ["rz", [0], [-2.9045164585113525]], ["rx", [0], [-0.9729254841804504]], ["rz", [0], [-2.4410293102264404]], ["rz", [1], [-1.6419477462768555]], ["rx", [1], [-2.757985830307007]], ["rz", [1], [-2.980668783187866]], ["rz", [2], [-0.28704020380973816]], ["rx", [2], [-0.4543960392475128]], ["rz", [2], [1.4132447242736816]], ["x", [0], []], ["cx", [0, 1], []], ["x", [2], []], ["x", [1], []], ["cx", [2, 0], []], ["rz", [0], [2.278733491897583]], ["rx", [0], [0.20694676041603088]], ["rz", [0], [0.7508862018585205]], ["rz", [1], [-0.006876799277961254]], ["rx", [1], [-1.6573457717895508]], ["rz", [1], [3.24753737449646]], ["rz", [2], [0.2512095272541046]], ["rx", [2], [-0.09698999673128128]], ["rz", [2], [-2.1704883575439453]]], "base_circuit_qasm": "OPENQASM 2.0;\ninclude \"qelib1.inc\";\nqreg q[3];\ncx q[2],q[0];\nx q[1];\nx q[2];\ncx q[0],q[1];\nx q[0];\nx q[2];\nx q[0];\nh q[1];\nx q[0];\nx q[2];\nx q[2];\nx q[0];\nh q[1];\nx q[0];\nx q[2];\nx q[0];\ncx q[0],q[1];\nx q[2];\nx q[1];\ncx q[2],q[0];", "pqc_circuit_qasm": "OPENQASM 2.0;\ninclude \"qelib1.inc\";\nqreg q[3];\ncx q[2],q[0];\nx q[1];\nx q[2];\ncx q[0],q[1];\nx q[0];\nrz(1.9323700666427612) q[0];\nrx(-1.768038034439087) q[0];\nrz(0.6618019342422485) q[0];\nrz(0.39481785893440247) q[1];\nrx(1.9000463485717773) q[1];\nrz(2.8873274326324463) q[1];\nrz(1.6491186618804932) q[2];\nrx(0.46014121174812317) q[2];\nrz(-1.9509401321411133) q[2];\nx q[2];\nx q[0];\nh q[1];\nx q[0];\nx q[2];\nrz(-2.3607242107391357) q[0];\nrx(-2.2198245525360107) q[0];\nrz(1.161047339439392) q[0];\nrz(0.6871747970581055) q[1];\nrx(-1.581961750984192) q[1];\nrz(-0.7176327705383301) q[1];\nrz(1.6693670749664307) q[2];\nrx(-0.5390170812606812) q[2];\nrz(-0.9680970907211304) q[2];\nx q[2];\nx q[0];\nh q[1];\nx q[0];\nx q[2];\nrz(-2.9045164585113525) q[0];\nrx(-0.9729254841804504) q[0];\nrz(-2.4410293102264404) q[0];\nrz(-1.6419477462768555) q[1];\nrx(-2.757985830307007) q[1];\nrz(-2.980668783187866) q[1];\nrz(-0.28704020380973816) q[2];\nrx(-0.4543960392475128) q[2];\nrz(1.4132447242736816) q[2];\nx q[0];\ncx q[0],q[1];\nx q[2];\nx q[1];\ncx q[2],q[0];\nrz(2.278733491897583) q[0];\nrx(0.20694676041603088) q[0];\nrz(0.7508862018585205) q[0];\nrz(-0.006876799277961254) q[1];\nrx(-1.6573457717895508) q[1];\nrz(3.24753737449646) q[1];\nrz(0.2512095272541046) q[2];\nrx(-0.09698999673128128) q[2];\nrz(-2.1704883575439453) q[2];"}