{"seed": 2064, "fidelity": 0.9990391135215759, "pqc_params": [[[1.2475428581237793, -0.151655375957489, -0.22413015365600586], [0.11161886900663376, -1.060490608215332, -3.182285785675049], [2.362149715423584, 2.7756454944610596, 3.2658331394195557]], [[0.3231445848941803, 3.1167819499969482, -2.721569776535034], [0.4666285514831543, 2.8323681354522705, -2.2695493698120117], [0.36676734685897827, -3.2926361560821533, -1.9198991060256958]], [[0.41896915435791016, -0.19996516406536102, 3.4527153968811035], [1.327517032623291, 0.032344091683626175, -1.2363945245742798], [-0.7415279150009155, 1.966469645500183, 1.2565463781356812]], [[2.7027463912963867, 0.09334992617368698, 1.090075969696045], [1.2645540237426758, 3.1204681396484375, 1.3580410480499268], [-1.3443256616592407, -3.0288312435150146, 0.5230218768119812]]], "base_circuit_tokens": [["x", [1], []], ["x", [1], []], ["h", [2], []], ["h", [2], []], ["cx", [0, 1], []], ["x", [1], []], ["cx", [0, 2], []], ["cx", [0, 2], []], ["h", [1], []], ["cx", [2, 0], []], ["cx", [2, 0], []], ["h", [1], []], ["cx", [0, 2], []], ["cx", [0, 2], []], ["x", [1], []], ["cx", [0, 1], []], ["h", [2], []], ["h", [2], []], ["x", [1], []], ["x", [1], []]], "pqc_circuit_tokens": [["x", [1], []], ["x", [1], []], ["h", [2], []], ["h", [2], []], ["cx", [0, 1], []], ["rz", [0], [1.2475428581237793]], ["rx", [0], [-0.151655375957489]], ["rz", [0], [-0.22413015365600586]], ["rz", [1], [0.11161886900663376]], ["rx", [1], [-1.060490608215332]], ["rz", [1], [-3.182285785675049]], ["rz", [2], [2.362149715423584]], ["rx", [2], [2.7756454944610596]], ["rz", [2], [3.2658331394195557]], ["x", [1], []], ["cx", [0, 2], []], ["cx", [0, 2], []], ["h", [1], []], ["cx", [2, 0], []], ["rz", [0], [0.3231445848941803]], ["rx", [0], [3.1167819499969482]], ["rz", [0], [-2.721569776535034]], ["rz", [1], [0.4666285514831543]], ["rx", [1], [2.8323681354522705]], ["rz", [1], [-2.2695493698120117]], ["rz", [2], [0.36676734685897827]], ["rx", [2], [-3.2926361560821533]], ["rz", [2], [-1.9198991060256958]], ["cx", [2, 0], []], ["h", [1], []], ["cx", [0, 2], []], ["cx", [0, 2], []], ["x", [1], []], ["rz", [0], [0.41896915435791016]], ["rx", [0], [-0.19996516406536102]], ["rz", [0], [3.4527153968811035]], ["rz", [1], [1.327517032623291]], ["rx", [1], [0.032344091683626175]], ["rz", [1], [-1.2363945245742798]], ["rz", [2], [-0.7415279150009155]], ["rx", [2], [1.966469645500183]], ["rz", [2], [1.2565463781356812]], ["cx", [0, 1], []], ["h", [2], []], ["h", [2], []], ["x", [1], []], ["x", [1], []], ["rz", [0], [2.7027463912963867]], ["rx", [0], [0.09334992617368698]], ["rz", [0], [1.090075969696045]], ["rz", [1], [1.2645540237426758]], ["rx", [1], [3.1204681396484375]], ["rz", [1], [1.3580410480499268]], ["rz", [2], [-1.3443256616592407]], ["rx", [2], [-3.0288312435150146]], ["rz", [2], [0.5230218768119812]]], "base_circuit_qasm": "OPENQASM 2.0;\ninclude \"qelib1.inc\";\nqreg q[3];\nx q[1];\nx q[1];\nh q[2];\nh q[2];\ncx q[0],q[1];\nx q[1];\ncx q[0],q[2];\ncx q[0],q[2];\nh q[1];\ncx q[2],q[0];\ncx q[2],q[0];\nh q[1];\ncx q[0],q[2];\ncx q[0],q[2];\nx q[1];\ncx q[0],q[1];\nh q[2];\nh q[2];\nx q[1];\nx q[1];", "pqc_circuit_qasm": "OPENQASM 2.0;\ninclude \"qelib1.inc\";\nqreg q[3];\nx q[1];\nx q[1];\nh q[2];\nh q[2];\ncx q[0],q[1];\nrz(1.2475428581237793) q[0];\nrx(-0.151655375957489) q[0];\nrz(-0.22413015365600586) q[0];\nrz(0.11161886900663376) q[1];\nrx(-1.060490608215332) q[1];\nrz(-3.182285785675049) q[1];\nrz(2.362149715423584) q[2];\nrx(2.7756454944610596) q[2];\nrz(3.2658331394195557) q[2];\nx q[1];\ncx q[0],q[2];\ncx q[0],q[2];\nh q[1];\ncx q[2],q[0];\nrz(0.3231445848941803) q[0];\nrx(3.1167819499969482) q[0];\nrz(-2.721569776535034) q[0];\nrz(0.4666285514831543) q[1];\nrx(2.8323681354522705) q[1];\nrz(-2.2695493698120117) q[1];\nrz(0.36676734685897827) q[2];\nrx(-3.2926361560821533) q[2];\nrz(-1.9198991060256958) q[2];\ncx q[2],q[0];\nh q[1];\ncx q[0],q[2];\ncx q[0],q[2];\nx q[1];\nrz(0.41896915435791016) q[0];\nrx(-0.19996516406536102) q[0];\nrz(3.4527153968811035) q[0];\nrz(1.327517032623291) q[1];\nrx(0.032344091683626175) q[1];\nrz(-1.2363945245742798) q[1];\nrz(-0.7415279150009155) q[2];\nrx(1.966469645500183) q[2];\nrz(1.2565463781356812) q[2];\ncx q[0],q[1];\nh q[2];\nh q[2];\nx q[1];\nx q[1];\nrz(2.7027463912963867) q[0];\nrx(0.09334992617368698) q[0];\nrz(1.090075969696045) q[0];\nrz(1.2645540237426758) q[1];\nrx(3.1204681396484375) q[1];\nrz(1.3580410480499268) q[1];\nrz(-1.3443256616592407) q[2];\nrx(-3.0288312435150146) q[2];\nrz(0.5230218768119812) q[2];"}