{"seed": 2071, "fidelity": 0.9973544478416443, "pqc_params": [[[1.4410297870635986, -2.159755229949951, -1.3320685625076294], [2.5600881576538086, 2.7748451232910156, -1.6896758079528809], [2.6157498359680176, -1.5855276584625244, -2.251335382461548]], [[1.8790181875228882, 0.0424991175532341, -0.5658345818519592], [-0.045279473066329956, -1.7903568744659424, 1.929702639579773], [0.5354240536689758, -0.04485822468996048, 2.4894895553588867]], [[-0.11379560828208923, -1.7617758512496948, 0.6556469798088074], [-0.6362150311470032, 2.054161548614502, 2.209101438522339], [-0.1741311401128769, -2.3604862689971924, 2.602025270462036]], [[2.5234782695770264, -1.418217420578003, 2.2169275283813477], [1.143031358718872, 1.9980485439300537, 2.632629632949829], [1.3458821773529053, 2.215372323989868, 1.0760589838027954]]], "base_circuit_tokens": [["h", [1], []], ["cx", [1, 0], []], ["h", [1], []], ["h", [1], []], ["cx", [0, 1], []], ["x", [2], []], ["x", [1], []], ["x", [1], []], ["cx", [1, 0], []], ["cx", [0, 2], []], ["cx", [0, 2], []], ["cx", [1, 0], []], ["x", [1], []], ["x", [1], []], ["x", [2], []], ["cx", [0, 1], []], ["h", [1], []], ["h", [1], []], ["cx", [1, 0], []], ["h", [1], []]], "pqc_circuit_tokens": [["h", [1], []], ["cx", [1, 0], []], ["h", [1], []], ["h", [1], []], ["cx", [0, 1], []], ["rz", [0], [1.4410297870635986]], ["rx", [0], [-2.159755229949951]], ["rz", [0], [-1.3320685625076294]], ["rz", [1], [2.5600881576538086]], ["rx", [1], [2.7748451232910156]], ["rz", [1], [-1.6896758079528809]], ["rz", [2], [2.6157498359680176]], ["rx", [2], [-1.5855276584625244]], ["rz", [2], [-2.251335382461548]], ["x", [2], []], ["x", [1], []], ["x", [1], []], ["cx", [1, 0], []], ["cx", [0, 2], []], ["rz", [0], [1.8790181875228882]], ["rx", [0], [0.0424991175532341]], ["rz", [0], [-0.5658345818519592]], ["rz", [1], [-0.045279473066329956]], ["rx", [1], [-1.7903568744659424]], ["rz", [1], [1.929702639579773]], ["rz", [2], [0.5354240536689758]], ["rx", [2], [-0.04485822468996048]], ["rz", [2], [2.4894895553588867]], ["cx", [0, 2], []], ["cx", [1, 0], []], ["x", [1], []], ["x", [1], []], ["x", [2], []], ["rz", [0], [-0.11379560828208923]], ["rx", [0], [-1.7617758512496948]], ["rz", [0], [0.6556469798088074]], ["rz", [1], [-0.6362150311470032]], ["rx", [1], [2.054161548614502]], ["rz", [1], [2.209101438522339]], ["rz", [2], [-0.1741311401128769]], ["rx", [2], [-2.3604862689971924]], ["rz", [2], [2.602025270462036]], ["cx", [0, 1], []], ["h", [1], []], ["h", [1], []], ["cx", [1, 0], []], ["h", [1], []], ["rz", [0], [2.5234782695770264]], ["rx", [0], [-1.418217420578003]], ["rz", [0], [2.2169275283813477]], ["rz", [1], [1.143031358718872]], ["rx", [1], [1.9980485439300537]], ["rz", [1], [2.632629632949829]], ["rz", [2], [1.3458821773529053]], ["rx", [2], [2.215372323989868]], ["rz", [2], [1.0760589838027954]]], "base_circuit_qasm": "OPENQASM 2.0;\ninclude \"qelib1.inc\";\nqreg q[3];\nh q[1];\ncx q[1],q[0];\nh q[1];\nh q[1];\ncx q[0],q[1];\nx q[2];\nx q[1];\nx q[1];\ncx q[1],q[0];\ncx q[0],q[2];\ncx q[0],q[2];\ncx q[1],q[0];\nx q[1];\nx q[1];\nx q[2];\ncx q[0],q[1];\nh q[1];\nh q[1];\ncx q[1],q[0];\nh q[1];", "pqc_circuit_qasm": "OPENQASM 2.0;\ninclude \"qelib1.inc\";\nqreg q[3];\nh q[1];\ncx q[1],q[0];\nh q[1];\nh q[1];\ncx q[0],q[1];\nrz(1.4410297870635986) q[0];\nrx(-2.159755229949951) q[0];\nrz(-1.3320685625076294) q[0];\nrz(2.5600881576538086) q[1];\nrx(2.7748451232910156) q[1];\nrz(-1.6896758079528809) q[1];\nrz(2.6157498359680176) q[2];\nrx(-1.5855276584625244) q[2];\nrz(-2.251335382461548) q[2];\nx q[2];\nx q[1];\nx q[1];\ncx q[1],q[0];\ncx q[0],q[2];\nrz(1.8790181875228882) q[0];\nrx(0.0424991175532341) q[0];\nrz(-0.5658345818519592) q[0];\nrz(-0.045279473066329956) q[1];\nrx(-1.7903568744659424) q[1];\nrz(1.929702639579773) q[1];\nrz(0.5354240536689758) q[2];\nrx(-0.04485822468996048) q[2];\nrz(2.4894895553588867) q[2];\ncx q[0],q[2];\ncx q[1],q[0];\nx q[1];\nx q[1];\nx q[2];\nrz(-0.11379560828208923) q[0];\nrx(-1.7617758512496948) q[0];\nrz(0.6556469798088074) q[0];\nrz(-0.6362150311470032) q[1];\nrx(2.054161548614502) q[1];\nrz(2.209101438522339) q[1];\nrz(-0.1741311401128769) q[2];\nrx(-2.3604862689971924) q[2];\nrz(2.602025270462036) q[2];\ncx q[0],q[1];\nh q[1];\nh q[1];\ncx q[1],q[0];\nh q[1];\nrz(2.5234782695770264) q[0];\nrx(-1.418217420578003) q[0];\nrz(2.2169275283813477) q[0];\nrz(1.143031358718872) q[1];\nrx(1.9980485439300537) q[1];\nrz(2.632629632949829) q[1];\nrz(1.3458821773529053) q[2];\nrx(2.215372323989868) q[2];\nrz(1.0760589838027954) q[2];"}