{"seed": 2085, "fidelity": 0.9887312054634094, "pqc_params": [[[2.502159357070923, 0.4719943404197693, -0.6888577342033386], [0.7656721472740173, 1.2055319547653198, 2.6619133949279785], [-2.411407947540283, -1.07633638381958, 0.5797457098960876]], [[2.7992160320281982, 3.134437084197998, 2.1108860969543457], [2.016831159591675, -2.927452325820923, 3.192152261734009], [1.4184236526489258, -3.152996301651001, -1.6159385442733765]], [[-2.5348405838012695, -0.6714022159576416, 0.7705618739128113], [-2.2218496799468994, 1.5466595888137817, -2.3042185306549072], [-0.17378872632980347, -2.941288948059082, 1.6909701824188232]], [[-1.2827177047729492, 1.9962140321731567, 0.8563986420631409], [1.6549744606018066, -1.5200809240341187, 1.7692797183990479], [-3.5255465507507324, 0.9340395331382751, -2.863398551940918]]], "base_circuit_tokens": [["h", [0], []], ["x", [2], []], ["x", [0], []], ["h", [0], []], ["h", [1], []], ["x", [1], []], ["cx", [0, 1], []], ["h", [2], []], ["cx", [0, 2], []], ["h", [1], []], ["h", [1], []], ["cx", [0, 2], []], ["h", [2], []], ["cx", [0, 1], []], ["x", [1], []], ["h", [1], []], ["h", [0], []], ["x", [0], []], ["x", [2], []], ["h", [0], []]], "pqc_circuit_tokens": [["h", [0], []], ["x", [2], []], ["x", [0], []], ["h", [0], []], ["h", [1], []], ["rz", [0], [2.502159357070923]], ["rx", [0], [0.4719943404197693]], ["rz", [0], [-0.6888577342033386]], ["rz", [1], [0.7656721472740173]], ["rx", [1], [1.2055319547653198]], ["rz", [1], [2.6619133949279785]], ["rz", [2], [-2.411407947540283]], ["rx", [2], [-1.07633638381958]], ["rz", [2], [0.5797457098960876]], ["x", [1], []], ["cx", [0, 1], []], ["h", [2], []], ["cx", [0, 2], []], ["h", [1], []], ["rz", [0], [2.7992160320281982]], ["rx", [0], [3.134437084197998]], ["rz", [0], [2.1108860969543457]], ["rz", [1], [2.016831159591675]], ["rx", [1], [-2.927452325820923]], ["rz", [1], [3.192152261734009]], ["rz", [2], [1.4184236526489258]], ["rx", [2], [-3.152996301651001]], ["rz", [2], [-1.6159385442733765]], ["h", [1], []], ["cx", [0, 2], []], ["h", [2], []], ["cx", [0, 1], []], ["x", [1], []], ["rz", [0], [-2.5348405838012695]], ["rx", [0], [-0.6714022159576416]], ["rz", [0], [0.7705618739128113]], ["rz", [1], [-2.2218496799468994]], ["rx", [1], [1.5466595888137817]], ["rz", [1], [-2.3042185306549072]], ["rz", [2], [-0.17378872632980347]], ["rx", [2], [-2.941288948059082]], ["rz", [2], [1.6909701824188232]], ["h", [1], []], ["h", [0], []], ["x", [0], []], ["x", [2], []], ["h", [0], []], ["rz", [0], [-1.2827177047729492]], ["rx", [0], [1.9962140321731567]], ["rz", [0], [0.8563986420631409]], ["rz", [1], [1.6549744606018066]], ["rx", [1], [-1.5200809240341187]], ["rz", [1], [1.7692797183990479]], ["rz", [2], [-3.5255465507507324]], ["rx", [2], [0.9340395331382751]], ["rz", [2], [-2.863398551940918]]], "base_circuit_qasm": "OPENQASM 2.0;\ninclude \"qelib1.inc\";\nqreg q[3];\nh q[0];\nx q[2];\nx q[0];\nh q[0];\nh q[1];\nx q[1];\ncx q[0],q[1];\nh q[2];\ncx q[0],q[2];\nh q[1];\nh q[1];\ncx q[0],q[2];\nh q[2];\ncx q[0],q[1];\nx q[1];\nh q[1];\nh q[0];\nx q[0];\nx q[2];\nh q[0];", "pqc_circuit_qasm": "OPENQASM 2.0;\ninclude \"qelib1.inc\";\nqreg q[3];\nh q[0];\nx q[2];\nx q[0];\nh q[0];\nh q[1];\nrz(2.502159357070923) q[0];\nrx(0.4719943404197693) q[0];\nrz(-0.6888577342033386) q[0];\nrz(0.7656721472740173) q[1];\nrx(1.2055319547653198) q[1];\nrz(2.6619133949279785) q[1];\nrz(-2.411407947540283) q[2];\nrx(-1.07633638381958) q[2];\nrz(0.5797457098960876) q[2];\nx q[1];\ncx q[0],q[1];\nh q[2];\ncx q[0],q[2];\nh q[1];\nrz(2.7992160320281982) q[0];\nrx(3.134437084197998) q[0];\nrz(2.1108860969543457) q[0];\nrz(2.016831159591675) q[1];\nrx(-2.927452325820923) q[1];\nrz(3.192152261734009) q[1];\nrz(1.4184236526489258) q[2];\nrx(-3.152996301651001) q[2];\nrz(-1.6159385442733765) q[2];\nh q[1];\ncx q[0],q[2];\nh q[2];\ncx q[0],q[1];\nx q[1];\nrz(-2.5348405838012695) q[0];\nrx(-0.6714022159576416) q[0];\nrz(0.7705618739128113) q[0];\nrz(-2.2218496799468994) q[1];\nrx(1.5466595888137817) q[1];\nrz(-2.3042185306549072) q[1];\nrz(-0.17378872632980347) q[2];\nrx(-2.941288948059082) q[2];\nrz(1.6909701824188232) q[2];\nh q[1];\nh q[0];\nx q[0];\nx q[2];\nh q[0];\nrz(-1.2827177047729492) q[0];\nrx(1.9962140321731567) q[0];\nrz(0.8563986420631409) q[0];\nrz(1.6549744606018066) q[1];\nrx(-1.5200809240341187) q[1];\nrz(1.7692797183990479) q[1];\nrz(-3.5255465507507324) q[2];\nrx(0.9340395331382751) q[2];\nrz(-2.863398551940918) q[2];"}