{"seed": 2086, "fidelity": 0.9989644885063171, "pqc_params": [[[-1.1899880170822144, -0.6017377972602844, -2.010161876678467], [2.259042501449585, -2.761970281600952, 2.7485108375549316], [-0.35309162735939026, -1.4365297555923462, -0.7177143096923828]], [[-0.7318850159645081, -0.08277570456266403, -0.6336928009986877], [-1.0022838115692139, 2.6038002967834473, -1.4658128023147583], [0.896867573261261, -3.116772413253784, 1.006290316581726]], [[2.138716697692871, 1.8888791799545288, -0.8758000731468201], [2.7740304470062256, 2.667479991912842, -0.9996408224105835], [-0.9181277751922607, 0.9564104080200195, 0.5365147590637207]], [[2.6581921577453613, 1.533110499382019, 1.063493251800537], [-0.5189225077629089, 2.426021099090576, -2.61661958694458], [2.4066383838653564, -3.0745911598205566, 2.0413713455200195]]], "base_circuit_tokens": [["x", [1], []], ["x", [2], []], ["h", [1], []], ["x", [0], []], ["x", [1], []], ["x", [1], []], ["cx", [0, 2], []], ["x", [2], []], ["h", [1], []], ["h", [1], []], ["h", [1], []], ["h", [1], []], ["x", [2], []], ["cx", [0, 2], []], ["x", [1], []], ["x", [1], []], ["x", [0], []], ["h", [1], []], ["x", [2], []], ["x", [1], []]], "pqc_circuit_tokens": [["x", [1], []], ["x", [2], []], ["h", [1], []], ["x", [0], []], ["x", [1], []], ["rz", [0], [-1.1899880170822144]], ["rx", [0], [-0.6017377972602844]], ["rz", [0], [-2.010161876678467]], ["rz", [1], [2.259042501449585]], ["rx", [1], [-2.761970281600952]], ["rz", [1], [2.7485108375549316]], ["rz", [2], [-0.35309162735939026]], ["rx", [2], [-1.4365297555923462]], ["rz", [2], [-0.7177143096923828]], ["x", [1], []], ["cx", [0, 2], []], ["x", [2], []], ["h", [1], []], ["h", [1], []], ["rz", [0], [-0.7318850159645081]], ["rx", [0], [-0.08277570456266403]], ["rz", [0], [-0.6336928009986877]], ["rz", [1], [-1.0022838115692139]], ["rx", [1], [2.6038002967834473]], ["rz", [1], [-1.4658128023147583]], ["rz", [2], [0.896867573261261]], ["rx", [2], [-3.116772413253784]], ["rz", [2], [1.006290316581726]], ["h", [1], []], ["h", [1], []], ["x", [2], []], ["cx", [0, 2], []], ["x", [1], []], ["rz", [0], [2.138716697692871]], ["rx", [0], [1.8888791799545288]], ["rz", [0], [-0.8758000731468201]], ["rz", [1], [2.7740304470062256]], ["rx", [1], [2.667479991912842]], ["rz", [1], [-0.9996408224105835]], ["rz", [2], [-0.9181277751922607]], ["rx", [2], [0.9564104080200195]], ["rz", [2], [0.5365147590637207]], ["x", [1], []], ["x", [0], []], ["h", [1], []], ["x", [2], []], ["x", [1], []], ["rz", [0], [2.6581921577453613]], ["rx", [0], [1.533110499382019]], ["rz", [0], [1.063493251800537]], ["rz", [1], [-0.5189225077629089]], ["rx", [1], [2.426021099090576]], ["rz", [1], [-2.61661958694458]], ["rz", [2], [2.4066383838653564]], ["rx", [2], [-3.0745911598205566]], ["rz", [2], [2.0413713455200195]]], "base_circuit_qasm": "OPENQASM 2.0;\ninclude \"qelib1.inc\";\nqreg q[3];\nx q[1];\nx q[2];\nh q[1];\nx q[0];\nx q[1];\nx q[1];\ncx q[0],q[2];\nx q[2];\nh q[1];\nh q[1];\nh q[1];\nh q[1];\nx q[2];\ncx q[0],q[2];\nx q[1];\nx q[1];\nx q[0];\nh q[1];\nx q[2];\nx q[1];", "pqc_circuit_qasm": "OPENQASM 2.0;\ninclude \"qelib1.inc\";\nqreg q[3];\nx q[1];\nx q[2];\nh q[1];\nx q[0];\nx q[1];\nrz(-1.1899880170822144) q[0];\nrx(-0.6017377972602844) q[0];\nrz(-2.010161876678467) q[0];\nrz(2.259042501449585) q[1];\nrx(-2.761970281600952) q[1];\nrz(2.7485108375549316) q[1];\nrz(-0.35309162735939026) q[2];\nrx(-1.4365297555923462) q[2];\nrz(-0.7177143096923828) q[2];\nx q[1];\ncx q[0],q[2];\nx q[2];\nh q[1];\nh q[1];\nrz(-0.7318850159645081) q[0];\nrx(-0.08277570456266403) q[0];\nrz(-0.6336928009986877) q[0];\nrz(-1.0022838115692139) q[1];\nrx(2.6038002967834473) q[1];\nrz(-1.4658128023147583) q[1];\nrz(0.896867573261261) q[2];\nrx(-3.116772413253784) q[2];\nrz(1.006290316581726) q[2];\nh q[1];\nh q[1];\nx q[2];\ncx q[0],q[2];\nx q[1];\nrz(2.138716697692871) q[0];\nrx(1.8888791799545288) q[0];\nrz(-0.8758000731468201) q[0];\nrz(2.7740304470062256) q[1];\nrx(2.667479991912842) q[1];\nrz(-0.9996408224105835) q[1];\nrz(-0.9181277751922607) q[2];\nrx(0.9564104080200195) q[2];\nrz(0.5365147590637207) q[2];\nx q[1];\nx q[0];\nh q[1];\nx q[2];\nx q[1];\nrz(2.6581921577453613) q[0];\nrx(1.533110499382019) q[0];\nrz(1.063493251800537) q[0];\nrz(-0.5189225077629089) q[1];\nrx(2.426021099090576) q[1];\nrz(-2.61661958694458) q[1];\nrz(2.4066383838653564) q[2];\nrx(-3.0745911598205566) q[2];\nrz(2.0413713455200195) q[2];"}