{"seed": 2125, "fidelity": 0.985179603099823, "pqc_params": [[[1.8227920532226562, -2.66801381111145, 2.5979702472686768], [3.431464195251465, 0.7592787742614746, 1.77213454246521], [0.6908847093582153, 0.3422790765762329, -0.37701159715652466]], [[-1.9677261114120483, 0.011886307038366795, 1.4481546878814697], [-3.2297065258026123, -2.0567567348480225, 3.1375772953033447], [2.9647345542907715, 0.41071850061416626, 2.964291572570801]], [[-1.5134472846984863, 2.7934813499450684, 1.9876976013183594], [-3.8388237953186035, -0.29549258947372437, -0.5234216451644897], [-0.1489749699831009, 2.404653787612915, -2.1483981609344482]], [[3.1481099128723145, 0.11476170271635056, -0.5312632322311401], [0.5756373405456543, 3.080949068069458, 3.2234396934509277], [-1.6892184019088745, -3.150125741958618, 1.9526044130325317]]], "base_circuit_tokens": [["h", [0], []], ["cx", [2, 0], []], ["x", [1], []], ["h", [1], []], ["cx", [0, 1], []], ["cx", [2, 0], []], ["x", [1], []], ["x", [1], []], ["cx", [0, 2], []], ["cx", [0, 1], []], ["cx", [0, 1], []], ["cx", [0, 2], []], ["x", [1], []], ["x", [1], []], ["cx", [2, 0], []], ["cx", [0, 1], []], ["h", [1], []], ["x", [1], []], ["cx", [2, 0], []], ["h", [0], []]], "pqc_circuit_tokens": [["h", [0], []], ["cx", [2, 0], []], ["x", [1], []], ["h", [1], []], ["cx", [0, 1], []], ["rz", [0], [1.8227920532226562]], ["rx", [0], [-2.66801381111145]], ["rz", [0], [2.5979702472686768]], ["rz", [1], [3.431464195251465]], ["rx", [1], [0.7592787742614746]], ["rz", [1], [1.77213454246521]], ["rz", [2], [0.6908847093582153]], ["rx", [2], [0.3422790765762329]], ["rz", [2], [-0.37701159715652466]], ["cx", [2, 0], []], ["x", [1], []], ["x", [1], []], ["cx", [0, 2], []], ["cx", [0, 1], []], ["rz", [0], [-1.9677261114120483]], ["rx", [0], [0.011886307038366795]], ["rz", [0], [1.4481546878814697]], ["rz", [1], [-3.2297065258026123]], ["rx", [1], [-2.0567567348480225]], ["rz", [1], [3.1375772953033447]], ["rz", [2], [2.9647345542907715]], ["rx", [2], [0.41071850061416626]], ["rz", [2], [2.964291572570801]], ["cx", [0, 1], []], ["cx", [0, 2], []], ["x", [1], []], ["x", [1], []], ["cx", [2, 0], []], ["rz", [0], [-1.5134472846984863]], ["rx", [0], [2.7934813499450684]], ["rz", [0], [1.9876976013183594]], ["rz", [1], [-3.8388237953186035]], ["rx", [1], [-0.29549258947372437]], ["rz", [1], [-0.5234216451644897]], ["rz", [2], [-0.1489749699831009]], ["rx", [2], [2.404653787612915]], ["rz", [2], [-2.1483981609344482]], ["cx", [0, 1], []], ["h", [1], []], ["x", [1], []], ["cx", [2, 0], []], ["h", [0], []], ["rz", [0], [3.1481099128723145]], ["rx", [0], [0.11476170271635056]], ["rz", [0], [-0.5312632322311401]], ["rz", [1], [0.5756373405456543]], ["rx", [1], [3.080949068069458]], ["rz", [1], [3.2234396934509277]], ["rz", [2], [-1.6892184019088745]], ["rx", [2], [-3.150125741958618]], ["rz", [2], [1.9526044130325317]]], "base_circuit_qasm": "OPENQASM 2.0;\ninclude \"qelib1.inc\";\nqreg q[3];\nh q[0];\ncx q[2],q[0];\nx q[1];\nh q[1];\ncx q[0],q[1];\ncx q[2],q[0];\nx q[1];\nx q[1];\ncx q[0],q[2];\ncx q[0],q[1];\ncx q[0],q[1];\ncx q[0],q[2];\nx q[1];\nx q[1];\ncx q[2],q[0];\ncx q[0],q[1];\nh q[1];\nx q[1];\ncx q[2],q[0];\nh q[0];", "pqc_circuit_qasm": "OPENQASM 2.0;\ninclude \"qelib1.inc\";\nqreg q[3];\nh q[0];\ncx q[2],q[0];\nx q[1];\nh q[1];\ncx q[0],q[1];\nrz(1.8227920532226562) q[0];\nrx(-2.66801381111145) q[0];\nrz(2.5979702472686768) q[0];\nrz(3.431464195251465) q[1];\nrx(0.7592787742614746) q[1];\nrz(1.77213454246521) q[1];\nrz(0.6908847093582153) q[2];\nrx(0.3422790765762329) q[2];\nrz(-0.37701159715652466) q[2];\ncx q[2],q[0];\nx q[1];\nx q[1];\ncx q[0],q[2];\ncx q[0],q[1];\nrz(-1.9677261114120483) q[0];\nrx(0.011886307038366795) q[0];\nrz(1.4481546878814697) q[0];\nrz(-3.2297065258026123) q[1];\nrx(-2.0567567348480225) q[1];\nrz(3.1375772953033447) q[1];\nrz(2.9647345542907715) q[2];\nrx(0.41071850061416626) q[2];\nrz(2.964291572570801) q[2];\ncx q[0],q[1];\ncx q[0],q[2];\nx q[1];\nx q[1];\ncx q[2],q[0];\nrz(-1.5134472846984863) q[0];\nrx(2.7934813499450684) q[0];\nrz(1.9876976013183594) q[0];\nrz(-3.8388237953186035) q[1];\nrx(-0.29549258947372437) q[1];\nrz(-0.5234216451644897) q[1];\nrz(-0.1489749699831009) q[2];\nrx(2.404653787612915) q[2];\nrz(-2.1483981609344482) q[2];\ncx q[0],q[1];\nh q[1];\nx q[1];\ncx q[2],q[0];\nh q[0];\nrz(3.1481099128723145) q[0];\nrx(0.11476170271635056) q[0];\nrz(-0.5312632322311401) q[0];\nrz(0.5756373405456543) q[1];\nrx(3.080949068069458) q[1];\nrz(3.2234396934509277) q[1];\nrz(-1.6892184019088745) q[2];\nrx(-3.150125741958618) q[2];\nrz(1.9526044130325317) q[2];"}