{"seed": 2126, "fidelity": 0.9895563125610352, "pqc_params": [[[-1.2605547904968262, 0.9903839826583862, 0.6845300197601318], [1.5104742050170898, -1.172690510749817, -2.365424156188965], [-0.39740869402885437, -0.7422695159912109, -0.5961713790893555]], [[-1.8853626251220703, 2.2671849727630615, 0.7343828082084656], [0.35167449712753296, 3.041093587875366, 0.4654448628425598], [-0.08863790333271027, -2.387847423553467, -3.1358840465545654]], [[-1.223806619644165, 2.0685133934020996, 2.2065658569335938], [1.0867245197296143, -0.519127607345581, 2.784748077392578], [-1.268317699432373, -0.4449697732925415, 0.365215539932251]], [[-1.1211267709732056, 0.6992757320404053, -1.4710800647735596], [3.1191258430480957, -1.4768247604370117, 1.3228291273117065], [2.3373606204986572, 0.011971943080425262, -2.1029279232025146]]], "base_circuit_tokens": [["h", [2], []], ["cx", [2, 0], []], ["x", [1], []], ["h", [2], []], ["cx", [2, 0], []], ["x", [2], []], ["h", [0], []], ["cx", [2, 0], []], ["cx", [1, 2], []], ["cx", [0, 2], []], ["cx", [0, 2], []], ["cx", [1, 2], []], ["cx", [2, 0], []], ["h", [0], []], ["x", [2], []], ["cx", [2, 0], []], ["h", [2], []], ["x", [1], []], ["cx", [2, 0], []], ["h", [2], []]], "pqc_circuit_tokens": [["h", [2], []], ["cx", [2, 0], []], ["x", [1], []], ["h", [2], []], ["cx", [2, 0], []], ["rz", [0], [-1.2605547904968262]], ["rx", [0], [0.9903839826583862]], ["rz", [0], [0.6845300197601318]], ["rz", [1], [1.5104742050170898]], ["rx", [1], [-1.172690510749817]], ["rz", [1], [-2.365424156188965]], ["rz", [2], [-0.39740869402885437]], ["rx", [2], [-0.7422695159912109]], ["rz", [2], [-0.5961713790893555]], ["x", [2], []], ["h", [0], []], ["cx", [2, 0], []], ["cx", [1, 2], []], ["cx", [0, 2], []], ["rz", [0], [-1.8853626251220703]], ["rx", [0], [2.2671849727630615]], ["rz", [0], [0.7343828082084656]], ["rz", [1], [0.35167449712753296]], ["rx", [1], [3.041093587875366]], ["rz", [1], [0.4654448628425598]], ["rz", [2], [-0.08863790333271027]], ["rx", [2], [-2.387847423553467]], ["rz", [2], [-3.1358840465545654]], ["cx", [0, 2], []], ["cx", [1, 2], []], ["cx", [2, 0], []], ["h", [0], []], ["x", [2], []], ["rz", [0], [-1.223806619644165]], ["rx", [0], [2.0685133934020996]], ["rz", [0], [2.2065658569335938]], ["rz", [1], [1.0867245197296143]], ["rx", [1], [-0.519127607345581]], ["rz", [1], [2.784748077392578]], ["rz", [2], [-1.268317699432373]], ["rx", [2], [-0.4449697732925415]], ["rz", [2], [0.365215539932251]], ["cx", [2, 0], []], ["h", [2], []], ["x", [1], []], ["cx", [2, 0], []], ["h", [2], []], ["rz", [0], [-1.1211267709732056]], ["rx", [0], [0.6992757320404053]], ["rz", [0], [-1.4710800647735596]], ["rz", [1], [3.1191258430480957]], ["rx", [1], [-1.4768247604370117]], ["rz", [1], [1.3228291273117065]], ["rz", [2], [2.3373606204986572]], ["rx", [2], [0.011971943080425262]], ["rz", [2], [-2.1029279232025146]]], "base_circuit_qasm": "OPENQASM 2.0;\ninclude \"qelib1.inc\";\nqreg q[3];\nh q[2];\ncx q[2],q[0];\nx q[1];\nh q[2];\ncx q[2],q[0];\nx q[2];\nh q[0];\ncx q[2],q[0];\ncx q[1],q[2];\ncx q[0],q[2];\ncx q[0],q[2];\ncx q[1],q[2];\ncx q[2],q[0];\nh q[0];\nx q[2];\ncx q[2],q[0];\nh q[2];\nx q[1];\ncx q[2],q[0];\nh q[2];", "pqc_circuit_qasm": "OPENQASM 2.0;\ninclude \"qelib1.inc\";\nqreg q[3];\nh q[2];\ncx q[2],q[0];\nx q[1];\nh q[2];\ncx q[2],q[0];\nrz(-1.2605547904968262) q[0];\nrx(0.9903839826583862) q[0];\nrz(0.6845300197601318) q[0];\nrz(1.5104742050170898) q[1];\nrx(-1.172690510749817) q[1];\nrz(-2.365424156188965) q[1];\nrz(-0.39740869402885437) q[2];\nrx(-0.7422695159912109) q[2];\nrz(-0.5961713790893555) q[2];\nx q[2];\nh q[0];\ncx q[2],q[0];\ncx q[1],q[2];\ncx q[0],q[2];\nrz(-1.8853626251220703) q[0];\nrx(2.2671849727630615) q[0];\nrz(0.7343828082084656) q[0];\nrz(0.35167449712753296) q[1];\nrx(3.041093587875366) q[1];\nrz(0.4654448628425598) q[1];\nrz(-0.08863790333271027) q[2];\nrx(-2.387847423553467) q[2];\nrz(-3.1358840465545654) q[2];\ncx q[0],q[2];\ncx q[1],q[2];\ncx q[2],q[0];\nh q[0];\nx q[2];\nrz(-1.223806619644165) q[0];\nrx(2.0685133934020996) q[0];\nrz(2.2065658569335938) q[0];\nrz(1.0867245197296143) q[1];\nrx(-0.519127607345581) q[1];\nrz(2.784748077392578) q[1];\nrz(-1.268317699432373) q[2];\nrx(-0.4449697732925415) q[2];\nrz(0.365215539932251) q[2];\ncx q[2],q[0];\nh q[2];\nx q[1];\ncx q[2],q[0];\nh q[2];\nrz(-1.1211267709732056) q[0];\nrx(0.6992757320404053) q[0];\nrz(-1.4710800647735596) q[0];\nrz(3.1191258430480957) q[1];\nrx(-1.4768247604370117) q[1];\nrz(1.3228291273117065) q[1];\nrz(2.3373606204986572) q[2];\nrx(0.011971943080425262) q[2];\nrz(-2.1029279232025146) q[2];"}