{"seed": 2139, "fidelity": 0.9998200535774231, "pqc_params": [[[-1.0526736974716187, -0.986089289188385, 2.647402286529541], [3.868990421295166, 1.115625023841858, 1.6236358880996704], [-0.4689883887767792, -2.3646657466888428, 1.5625444650650024]], [[1.2867629528045654, -3.6241865158081055, -1.392552137374878], [-2.8361639976501465, -1.374629020690918, -2.3096091747283936], [-3.0477280616760254, -2.7894654273986816, 3.145108938217163]], [[0.9258877038955688, -2.5826199054718018, 2.5796189308166504], [1.929451584815979, -0.25511330366134644, -2.3389787673950195], [1.2407848834991455, 1.028948426246643, 1.0353175401687622]], [[2.485964059829712, -0.007355967070907354, -2.594170570373535], [-0.0979635939002037, -0.10400686413049698, 1.533211350440979], [0.62620609998703, -0.8223329186439514, -2.3997161388397217]]], "base_circuit_tokens": [["x", [0], []], ["x", [0], []], ["cx", [1, 0], []], ["h", [2], []], ["h", [1], []], ["h", [1], []], ["x", [1], []], ["x", [0], []], ["h", [1], []], ["h", [0], []], ["h", [0], []], ["h", [1], []], ["x", [0], []], ["x", [1], []], ["h", [1], []], ["h", [1], []], ["h", [2], []], ["cx", [1, 0], []], ["x", [0], []], ["x", [0], []]], "pqc_circuit_tokens": [["x", [0], []], ["x", [0], []], ["cx", [1, 0], []], ["h", [2], []], ["h", [1], []], ["rz", [0], [-1.0526736974716187]], ["rx", [0], [-0.986089289188385]], ["rz", [0], [2.647402286529541]], ["rz", [1], [3.868990421295166]], ["rx", [1], [1.115625023841858]], ["rz", [1], [1.6236358880996704]], ["rz", [2], [-0.4689883887767792]], ["rx", [2], [-2.3646657466888428]], ["rz", [2], [1.5625444650650024]], ["h", [1], []], ["x", [1], []], ["x", [0], []], ["h", [1], []], ["h", [0], []], ["rz", [0], [1.2867629528045654]], ["rx", [0], [-3.6241865158081055]], ["rz", [0], [-1.392552137374878]], ["rz", [1], [-2.8361639976501465]], ["rx", [1], [-1.374629020690918]], ["rz", [1], [-2.3096091747283936]], ["rz", [2], [-3.0477280616760254]], ["rx", [2], [-2.7894654273986816]], ["rz", [2], [3.145108938217163]], ["h", [0], []], ["h", [1], []], ["x", [0], []], ["x", [1], []], ["h", [1], []], ["rz", [0], [0.9258877038955688]], ["rx", [0], [-2.5826199054718018]], ["rz", [0], [2.5796189308166504]], ["rz", [1], [1.929451584815979]], ["rx", [1], [-0.25511330366134644]], ["rz", [1], [-2.3389787673950195]], ["rz", [2], [1.2407848834991455]], ["rx", [2], [1.028948426246643]], ["rz", [2], [1.0353175401687622]], ["h", [1], []], ["h", [2], []], ["cx", [1, 0], []], ["x", [0], []], ["x", [0], []], ["rz", [0], [2.485964059829712]], ["rx", [0], [-0.007355967070907354]], ["rz", [0], [-2.594170570373535]], ["rz", [1], [-0.0979635939002037]], ["rx", [1], [-0.10400686413049698]], ["rz", [1], [1.533211350440979]], ["rz", [2], [0.62620609998703]], ["rx", [2], [-0.8223329186439514]], ["rz", [2], [-2.3997161388397217]]], "base_circuit_qasm": "OPENQASM 2.0;\ninclude \"qelib1.inc\";\nqreg q[3];\nx q[0];\nx q[0];\ncx q[1],q[0];\nh q[2];\nh q[1];\nh q[1];\nx q[1];\nx q[0];\nh q[1];\nh q[0];\nh q[0];\nh q[1];\nx q[0];\nx q[1];\nh q[1];\nh q[1];\nh q[2];\ncx q[1],q[0];\nx q[0];\nx q[0];", "pqc_circuit_qasm": "OPENQASM 2.0;\ninclude \"qelib1.inc\";\nqreg q[3];\nx q[0];\nx q[0];\ncx q[1],q[0];\nh q[2];\nh q[1];\nrz(-1.0526736974716187) q[0];\nrx(-0.986089289188385) q[0];\nrz(2.647402286529541) q[0];\nrz(3.868990421295166) q[1];\nrx(1.115625023841858) q[1];\nrz(1.6236358880996704) q[1];\nrz(-0.4689883887767792) q[2];\nrx(-2.3646657466888428) q[2];\nrz(1.5625444650650024) q[2];\nh q[1];\nx q[1];\nx q[0];\nh q[1];\nh q[0];\nrz(1.2867629528045654) q[0];\nrx(-3.6241865158081055) q[0];\nrz(-1.392552137374878) q[0];\nrz(-2.8361639976501465) q[1];\nrx(-1.374629020690918) q[1];\nrz(-2.3096091747283936) q[1];\nrz(-3.0477280616760254) q[2];\nrx(-2.7894654273986816) q[2];\nrz(3.145108938217163) q[2];\nh q[0];\nh q[1];\nx q[0];\nx q[1];\nh q[1];\nrz(0.9258877038955688) q[0];\nrx(-2.5826199054718018) q[0];\nrz(2.5796189308166504) q[0];\nrz(1.929451584815979) q[1];\nrx(-0.25511330366134644) q[1];\nrz(-2.3389787673950195) q[1];\nrz(1.2407848834991455) q[2];\nrx(1.028948426246643) q[2];\nrz(1.0353175401687622) q[2];\nh q[1];\nh q[2];\ncx q[1],q[0];\nx q[0];\nx q[0];\nrz(2.485964059829712) q[0];\nrx(-0.007355967070907354) q[0];\nrz(-2.594170570373535) q[0];\nrz(-0.0979635939002037) q[1];\nrx(-0.10400686413049698) q[1];\nrz(1.533211350440979) q[1];\nrz(0.62620609998703) q[2];\nrx(-0.8223329186439514) q[2];\nrz(-2.3997161388397217) q[2];"}