{"seed": 2141, "fidelity": 0.996566116809845, "pqc_params": [[[1.7039026021957397, 0.9889751672744751, -1.8655840158462524], [1.278414249420166, -0.7271527647972107, 1.0680503845214844], [-0.24234992265701294, -1.8408793210983276, -2.458923101425171]], [[-0.7129769325256348, -0.09450861811637878, -0.11439108848571777], [3.5279541015625, 0.985983669757843, 2.3782589435577393], [1.623372197151184, -0.06727168709039688, 0.9719418287277222]], [[2.1828572750091553, 2.2543816566467285, 1.5749773979187012], [2.19697642326355, -3.0501527786254883, 1.1042451858520508], [-0.8370484113693237, 1.022698163986206, -0.012015442363917828]], [[-1.0311131477355957, -0.0034002186730504036, 0.9223364591598511], [-0.34486517310142517, -3.1948390007019043, 2.9057297706604004], [2.9850869178771973, 3.1741535663604736, -3.1990621089935303]]], "base_circuit_tokens": [["cx", [2, 0], []], ["x", [1], []], ["h", [2], []], ["cx", [2, 1], []], ["h", [2], []], ["h", [1], []], ["x", [1], []], ["h", [2], []], ["cx", [0, 2], []], ["h", [2], []], ["h", [2], []], ["cx", [0, 2], []], ["h", [2], []], ["x", [1], []], ["h", [1], []], ["h", [2], []], ["cx", [2, 1], []], ["h", [2], []], ["x", [1], []], ["cx", [2, 0], []]], "pqc_circuit_tokens": [["cx", [2, 0], []], ["x", [1], []], ["h", [2], []], ["cx", [2, 1], []], ["h", [2], []], ["rz", [0], [1.7039026021957397]], ["rx", [0], [0.9889751672744751]], ["rz", [0], [-1.8655840158462524]], ["rz", [1], [1.278414249420166]], ["rx", [1], [-0.7271527647972107]], ["rz", [1], [1.0680503845214844]], ["rz", [2], [-0.24234992265701294]], ["rx", [2], [-1.8408793210983276]], ["rz", [2], [-2.458923101425171]], ["h", [1], []], ["x", [1], []], ["h", [2], []], ["cx", [0, 2], []], ["h", [2], []], ["rz", [0], [-0.7129769325256348]], ["rx", [0], [-0.09450861811637878]], ["rz", [0], [-0.11439108848571777]], ["rz", [1], [3.5279541015625]], ["rx", [1], [0.985983669757843]], ["rz", [1], [2.3782589435577393]], ["rz", [2], [1.623372197151184]], ["rx", [2], [-0.06727168709039688]], ["rz", [2], [0.9719418287277222]], ["h", [2], []], ["cx", [0, 2], []], ["h", [2], []], ["x", [1], []], ["h", [1], []], ["rz", [0], [2.1828572750091553]], ["rx", [0], [2.2543816566467285]], ["rz", [0], [1.5749773979187012]], ["rz", [1], [2.19697642326355]], ["rx", [1], [-3.0501527786254883]], ["rz", [1], [1.1042451858520508]], ["rz", [2], [-0.8370484113693237]], ["rx", [2], [1.022698163986206]], ["rz", [2], [-0.012015442363917828]], ["h", [2], []], ["cx", [2, 1], []], ["h", [2], []], ["x", [1], []], ["cx", [2, 0], []], ["rz", [0], [-1.0311131477355957]], ["rx", [0], [-0.0034002186730504036]], ["rz", [0], [0.9223364591598511]], ["rz", [1], [-0.34486517310142517]], ["rx", [1], [-3.1948390007019043]], ["rz", [1], [2.9057297706604004]], ["rz", [2], [2.9850869178771973]], ["rx", [2], [3.1741535663604736]], ["rz", [2], [-3.1990621089935303]]], "base_circuit_qasm": "OPENQASM 2.0;\ninclude \"qelib1.inc\";\nqreg q[3];\ncx q[2],q[0];\nx q[1];\nh q[2];\ncx q[2],q[1];\nh q[2];\nh q[1];\nx q[1];\nh q[2];\ncx q[0],q[2];\nh q[2];\nh q[2];\ncx q[0],q[2];\nh q[2];\nx q[1];\nh q[1];\nh q[2];\ncx q[2],q[1];\nh q[2];\nx q[1];\ncx q[2],q[0];", "pqc_circuit_qasm": "OPENQASM 2.0;\ninclude \"qelib1.inc\";\nqreg q[3];\ncx q[2],q[0];\nx q[1];\nh q[2];\ncx q[2],q[1];\nh q[2];\nrz(1.7039026021957397) q[0];\nrx(0.9889751672744751) q[0];\nrz(-1.8655840158462524) q[0];\nrz(1.278414249420166) q[1];\nrx(-0.7271527647972107) q[1];\nrz(1.0680503845214844) q[1];\nrz(-0.24234992265701294) q[2];\nrx(-1.8408793210983276) q[2];\nrz(-2.458923101425171) q[2];\nh q[1];\nx q[1];\nh q[2];\ncx q[0],q[2];\nh q[2];\nrz(-0.7129769325256348) q[0];\nrx(-0.09450861811637878) q[0];\nrz(-0.11439108848571777) q[0];\nrz(3.5279541015625) q[1];\nrx(0.985983669757843) q[1];\nrz(2.3782589435577393) q[1];\nrz(1.623372197151184) q[2];\nrx(-0.06727168709039688) q[2];\nrz(0.9719418287277222) q[2];\nh q[2];\ncx q[0],q[2];\nh q[2];\nx q[1];\nh q[1];\nrz(2.1828572750091553) q[0];\nrx(2.2543816566467285) q[0];\nrz(1.5749773979187012) q[0];\nrz(2.19697642326355) q[1];\nrx(-3.0501527786254883) q[1];\nrz(1.1042451858520508) q[1];\nrz(-0.8370484113693237) q[2];\nrx(1.022698163986206) q[2];\nrz(-0.012015442363917828) q[2];\nh q[2];\ncx q[2],q[1];\nh q[2];\nx q[1];\ncx q[2],q[0];\nrz(-1.0311131477355957) q[0];\nrx(-0.0034002186730504036) q[0];\nrz(0.9223364591598511) q[0];\nrz(-0.34486517310142517) q[1];\nrx(-3.1948390007019043) q[1];\nrz(2.9057297706604004) q[1];\nrz(2.9850869178771973) q[2];\nrx(3.1741535663604736) q[2];\nrz(-3.1990621089935303) q[2];"}