{"seed": 2159, "fidelity": 0.9996674656867981, "pqc_params": [[[-0.5885998606681824, -0.6412720680236816, 1.1768903732299805], [-1.2964897155761719, -0.018743271008133888, -0.9485098719596863], [2.4547641277313232, 1.0394281148910522, 0.39869558811187744]], [[1.858646273612976, 0.8574249744415283, -0.6549163460731506], [-1.8016889095306396, 1.8581148386001587, 2.498317241668701], [-1.046671986579895, -2.412781000137329, -0.9762760996818542]], [[-1.6721744537353516, -0.052573610097169876, 0.26252099871635437], [1.674434781074524, -1.714052677154541, -2.3500449657440186], [-0.2828581929206848, -3.2833755016326904, -0.4595404267311096]], [[0.04166775196790695, -0.4646340012550354, 1.8268927335739136], [-2.2415852546691895, 0.08810387551784515, -0.9058662056922913], [-3.1598548889160156, 1.3780295848846436, -0.2452254444360733]]], "base_circuit_tokens": [["h", [1], []], ["x", [1], []], ["h", [2], []], ["h", [2], []], ["h", [1], []], ["h", [1], []], ["x", [2], []], ["x", [0], []], ["x", [1], []], ["x", [1], []], ["x", [1], []], ["x", [1], []], ["x", [0], []], ["x", [2], []], ["h", [1], []], ["h", [1], []], ["h", [2], []], ["h", [2], []], ["x", [1], []], ["h", [1], []]], "pqc_circuit_tokens": [["h", [1], []], ["x", [1], []], ["h", [2], []], ["h", [2], []], ["h", [1], []], ["rz", [0], [-0.5885998606681824]], ["rx", [0], [-0.6412720680236816]], ["rz", [0], [1.1768903732299805]], ["rz", [1], [-1.2964897155761719]], ["rx", [1], [-0.018743271008133888]], ["rz", [1], [-0.9485098719596863]], ["rz", [2], [2.4547641277313232]], ["rx", [2], [1.0394281148910522]], ["rz", [2], [0.39869558811187744]], ["h", [1], []], ["x", [2], []], ["x", [0], []], ["x", [1], []], ["x", [1], []], ["rz", [0], [1.858646273612976]], ["rx", [0], [0.8574249744415283]], ["rz", [0], [-0.6549163460731506]], ["rz", [1], [-1.8016889095306396]], ["rx", [1], [1.8581148386001587]], ["rz", [1], [2.498317241668701]], ["rz", [2], [-1.046671986579895]], ["rx", [2], [-2.412781000137329]], ["rz", [2], [-0.9762760996818542]], ["x", [1], []], ["x", [1], []], ["x", [0], []], ["x", [2], []], ["h", [1], []], ["rz", [0], [-1.6721744537353516]], ["rx", [0], [-0.052573610097169876]], ["rz", [0], [0.26252099871635437]], ["rz", [1], [1.674434781074524]], ["rx", [1], [-1.714052677154541]], ["rz", [1], [-2.3500449657440186]], ["rz", [2], [-0.2828581929206848]], ["rx", [2], [-3.2833755016326904]], ["rz", [2], [-0.4595404267311096]], ["h", [1], []], ["h", [2], []], ["h", [2], []], ["x", [1], []], ["h", [1], []], ["rz", [0], [0.04166775196790695]], ["rx", [0], [-0.4646340012550354]], ["rz", [0], [1.8268927335739136]], ["rz", [1], [-2.2415852546691895]], ["rx", [1], [0.08810387551784515]], ["rz", [1], [-0.9058662056922913]], ["rz", [2], [-3.1598548889160156]], ["rx", [2], [1.3780295848846436]], ["rz", [2], [-0.2452254444360733]]], "base_circuit_qasm": "OPENQASM 2.0;\ninclude \"qelib1.inc\";\nqreg q[3];\nh q[1];\nx q[1];\nh q[2];\nh q[2];\nh q[1];\nh q[1];\nx q[2];\nx q[0];\nx q[1];\nx q[1];\nx q[1];\nx q[1];\nx q[0];\nx q[2];\nh q[1];\nh q[1];\nh q[2];\nh q[2];\nx q[1];\nh q[1];", "pqc_circuit_qasm": "OPENQASM 2.0;\ninclude \"qelib1.inc\";\nqreg q[3];\nh q[1];\nx q[1];\nh q[2];\nh q[2];\nh q[1];\nrz(-0.5885998606681824) q[0];\nrx(-0.6412720680236816) q[0];\nrz(1.1768903732299805) q[0];\nrz(-1.2964897155761719) q[1];\nrx(-0.018743271008133888) q[1];\nrz(-0.9485098719596863) q[1];\nrz(2.4547641277313232) q[2];\nrx(1.0394281148910522) q[2];\nrz(0.39869558811187744) q[2];\nh q[1];\nx q[2];\nx q[0];\nx q[1];\nx q[1];\nrz(1.858646273612976) q[0];\nrx(0.8574249744415283) q[0];\nrz(-0.6549163460731506) q[0];\nrz(-1.8016889095306396) q[1];\nrx(1.8581148386001587) q[1];\nrz(2.498317241668701) q[1];\nrz(-1.046671986579895) q[2];\nrx(-2.412781000137329) q[2];\nrz(-0.9762760996818542) q[2];\nx q[1];\nx q[1];\nx q[0];\nx q[2];\nh q[1];\nrz(-1.6721744537353516) q[0];\nrx(-0.052573610097169876) q[0];\nrz(0.26252099871635437) q[0];\nrz(1.674434781074524) q[1];\nrx(-1.714052677154541) q[1];\nrz(-2.3500449657440186) q[1];\nrz(-0.2828581929206848) q[2];\nrx(-3.2833755016326904) q[2];\nrz(-0.4595404267311096) q[2];\nh q[1];\nh q[2];\nh q[2];\nx q[1];\nh q[1];\nrz(0.04166775196790695) q[0];\nrx(-0.4646340012550354) q[0];\nrz(1.8268927335739136) q[0];\nrz(-2.2415852546691895) q[1];\nrx(0.08810387551784515) q[1];\nrz(-0.9058662056922913) q[1];\nrz(-3.1598548889160156) q[2];\nrx(1.3780295848846436) q[2];\nrz(-0.2452254444360733) q[2];"}