{"seed": 2188, "fidelity": 0.9976879358291626, "pqc_params": [[[-1.0683141946792603, 0.7369241714477539, -0.8453349471092224], [-1.717919945716858, -2.7633488178253174, 0.1311192810535431], [0.4094063639640808, 1.6828014850616455, 1.8054653406143188]], [[-0.40024450421333313, -3.2464585304260254, 2.6147708892822266], [0.3172503411769867, -0.7088929414749146, 0.5476876497268677], [2.1381702423095703, 0.07319653034210205, 1.330163836479187]], [[2.9180893898010254, -1.0074163675308228, -3.181993246078491], [3.330003261566162, 1.4601279497146606, -2.206151008605957], [1.883148431777954, 1.9984065294265747, -2.794241428375244]], [[2.694528818130493, -1.0808771848678589, 2.3847482204437256], [2.0085501670837402, 3.1943795680999756, 2.966538429260254], [-2.2424817085266113, 3.1427502632141113, 1.0077619552612305]]], "base_circuit_tokens": [["cx", [1, 2], []], ["x", [1], []], ["h", [0], []], ["h", [2], []], ["x", [0], []], ["cx", [2, 0], []], ["h", [1], []], ["h", [2], []], ["x", [2], []], ["h", [0], []], ["h", [0], []], ["x", [2], []], ["h", [2], []], ["h", [1], []], ["cx", [2, 0], []], ["x", [0], []], ["h", [2], []], ["h", [0], []], ["x", [1], []], ["cx", [1, 2], []]], "pqc_circuit_tokens": [["cx", [1, 2], []], ["x", [1], []], ["h", [0], []], ["h", [2], []], ["x", [0], []], ["rz", [0], [-1.0683141946792603]], ["rx", [0], [0.7369241714477539]], ["rz", [0], [-0.8453349471092224]], ["rz", [1], [-1.717919945716858]], ["rx", [1], [-2.7633488178253174]], ["rz", [1], [0.1311192810535431]], ["rz", [2], [0.4094063639640808]], ["rx", [2], [1.6828014850616455]], ["rz", [2], [1.8054653406143188]], ["cx", [2, 0], []], ["h", [1], []], ["h", [2], []], ["x", [2], []], ["h", [0], []], ["rz", [0], [-0.40024450421333313]], ["rx", [0], [-3.2464585304260254]], ["rz", [0], [2.6147708892822266]], ["rz", [1], [0.3172503411769867]], ["rx", [1], [-0.7088929414749146]], ["rz", [1], [0.5476876497268677]], ["rz", [2], [2.1381702423095703]], ["rx", [2], [0.07319653034210205]], ["rz", [2], [1.330163836479187]], ["h", [0], []], ["x", [2], []], ["h", [2], []], ["h", [1], []], ["cx", [2, 0], []], ["rz", [0], [2.9180893898010254]], ["rx", [0], [-1.0074163675308228]], ["rz", [0], [-3.181993246078491]], ["rz", [1], [3.330003261566162]], ["rx", [1], [1.4601279497146606]], ["rz", [1], [-2.206151008605957]], ["rz", [2], [1.883148431777954]], ["rx", [2], [1.9984065294265747]], ["rz", [2], [-2.794241428375244]], ["x", [0], []], ["h", [2], []], ["h", [0], []], ["x", [1], []], ["cx", [1, 2], []], ["rz", [0], [2.694528818130493]], ["rx", [0], [-1.0808771848678589]], ["rz", [0], [2.3847482204437256]], ["rz", [1], [2.0085501670837402]], ["rx", [1], [3.1943795680999756]], ["rz", [1], [2.966538429260254]], ["rz", [2], [-2.2424817085266113]], ["rx", [2], [3.1427502632141113]], ["rz", [2], [1.0077619552612305]]], "base_circuit_qasm": "OPENQASM 2.0;\ninclude \"qelib1.inc\";\nqreg q[3];\ncx q[1],q[2];\nx q[1];\nh q[0];\nh q[2];\nx q[0];\ncx q[2],q[0];\nh q[1];\nh q[2];\nx q[2];\nh q[0];\nh q[0];\nx q[2];\nh q[2];\nh q[1];\ncx q[2],q[0];\nx q[0];\nh q[2];\nh q[0];\nx q[1];\ncx q[1],q[2];", "pqc_circuit_qasm": "OPENQASM 2.0;\ninclude \"qelib1.inc\";\nqreg q[3];\ncx q[1],q[2];\nx q[1];\nh q[0];\nh q[2];\nx q[0];\nrz(-1.0683141946792603) q[0];\nrx(0.7369241714477539) q[0];\nrz(-0.8453349471092224) q[0];\nrz(-1.717919945716858) q[1];\nrx(-2.7633488178253174) q[1];\nrz(0.1311192810535431) q[1];\nrz(0.4094063639640808) q[2];\nrx(1.6828014850616455) q[2];\nrz(1.8054653406143188) q[2];\ncx q[2],q[0];\nh q[1];\nh q[2];\nx q[2];\nh q[0];\nrz(-0.40024450421333313) q[0];\nrx(-3.2464585304260254) q[0];\nrz(2.6147708892822266) q[0];\nrz(0.3172503411769867) q[1];\nrx(-0.7088929414749146) q[1];\nrz(0.5476876497268677) q[1];\nrz(2.1381702423095703) q[2];\nrx(0.07319653034210205) q[2];\nrz(1.330163836479187) q[2];\nh q[0];\nx q[2];\nh q[2];\nh q[1];\ncx q[2],q[0];\nrz(2.9180893898010254) q[0];\nrx(-1.0074163675308228) q[0];\nrz(-3.181993246078491) q[0];\nrz(3.330003261566162) q[1];\nrx(1.4601279497146606) q[1];\nrz(-2.206151008605957) q[1];\nrz(1.883148431777954) q[2];\nrx(1.9984065294265747) q[2];\nrz(-2.794241428375244) q[2];\nx q[0];\nh q[2];\nh q[0];\nx q[1];\ncx q[1],q[2];\nrz(2.694528818130493) q[0];\nrx(-1.0808771848678589) q[0];\nrz(2.3847482204437256) q[0];\nrz(2.0085501670837402) q[1];\nrx(3.1943795680999756) q[1];\nrz(2.966538429260254) q[1];\nrz(-2.2424817085266113) q[2];\nrx(3.1427502632141113) q[2];\nrz(1.0077619552612305) q[2];"}