{"seed": 2202, "fidelity": 0.9960870146751404, "pqc_params": [[[1.9475860595703125, -2.2455341815948486, 0.10200341045856476], [2.139761209487915, 1.950324296951294, -0.9592806696891785], [-2.412536859512329, -1.3985728025436401, 2.8340506553649902]], [[-0.11002469062805176, 1.776675820350647, -3.1387529373168945], [1.4490224123001099, 3.140718460083008, 1.556644320487976], [0.6805430054664612, 3.069917678833008, 1.0414683818817139]], [[-3.270582675933838, 0.5117926597595215, -1.229599118232727], [0.745425820350647, 1.8130555152893066, 0.028731558471918106], [2.5337417125701904, 1.7655645608901978, 0.553013801574707]], [[-0.3153102993965149, 3.1341989040374756, 2.931910514831543], [-0.24938900768756866, -2.7066822052001953, -0.1595982164144516], [2.9249560832977295, -1.4194231033325195, 3.0568113327026367]]], "base_circuit_tokens": [["h", [1], []], ["cx", [1, 0], []], ["h", [2], []], ["cx", [2, 0], []], ["h", [0], []], ["cx", [2, 1], []], ["h", [1], []], ["x", [1], []], ["h", [1], []], ["cx", [1, 0], []], ["cx", [1, 0], []], ["h", [1], []], ["x", [1], []], ["h", [1], []], ["cx", [2, 1], []], ["h", [0], []], ["cx", [2, 0], []], ["h", [2], []], ["cx", [1, 0], []], ["h", [1], []]], "pqc_circuit_tokens": [["h", [1], []], ["cx", [1, 0], []], ["h", [2], []], ["cx", [2, 0], []], ["h", [0], []], ["rz", [0], [1.9475860595703125]], ["rx", [0], [-2.2455341815948486]], ["rz", [0], [0.10200341045856476]], ["rz", [1], [2.139761209487915]], ["rx", [1], [1.950324296951294]], ["rz", [1], [-0.9592806696891785]], ["rz", [2], [-2.412536859512329]], ["rx", [2], [-1.3985728025436401]], ["rz", [2], [2.8340506553649902]], ["cx", [2, 1], []], ["h", [1], []], ["x", [1], []], ["h", [1], []], ["cx", [1, 0], []], ["rz", [0], [-0.11002469062805176]], ["rx", [0], [1.776675820350647]], ["rz", [0], [-3.1387529373168945]], ["rz", [1], [1.4490224123001099]], ["rx", [1], [3.140718460083008]], ["rz", [1], [1.556644320487976]], ["rz", [2], [0.6805430054664612]], ["rx", [2], [3.069917678833008]], ["rz", [2], [1.0414683818817139]], ["cx", [1, 0], []], ["h", [1], []], ["x", [1], []], ["h", [1], []], ["cx", [2, 1], []], ["rz", [0], [-3.270582675933838]], ["rx", [0], [0.5117926597595215]], ["rz", [0], [-1.229599118232727]], ["rz", [1], [0.745425820350647]], ["rx", [1], [1.8130555152893066]], ["rz", [1], [0.028731558471918106]], ["rz", [2], [2.5337417125701904]], ["rx", [2], [1.7655645608901978]], ["rz", [2], [0.553013801574707]], ["h", [0], []], ["cx", [2, 0], []], ["h", [2], []], ["cx", [1, 0], []], ["h", [1], []], ["rz", [0], [-0.3153102993965149]], ["rx", [0], [3.1341989040374756]], ["rz", [0], [2.931910514831543]], ["rz", [1], [-0.24938900768756866]], ["rx", [1], [-2.7066822052001953]], ["rz", [1], [-0.1595982164144516]], ["rz", [2], [2.9249560832977295]], ["rx", [2], [-1.4194231033325195]], ["rz", [2], [3.0568113327026367]]], "base_circuit_qasm": "OPENQASM 2.0;\ninclude \"qelib1.inc\";\nqreg q[3];\nh q[1];\ncx q[1],q[0];\nh q[2];\ncx q[2],q[0];\nh q[0];\ncx q[2],q[1];\nh q[1];\nx q[1];\nh q[1];\ncx q[1],q[0];\ncx q[1],q[0];\nh q[1];\nx q[1];\nh q[1];\ncx q[2],q[1];\nh q[0];\ncx q[2],q[0];\nh q[2];\ncx q[1],q[0];\nh q[1];", "pqc_circuit_qasm": "OPENQASM 2.0;\ninclude \"qelib1.inc\";\nqreg q[3];\nh q[1];\ncx q[1],q[0];\nh q[2];\ncx q[2],q[0];\nh q[0];\nrz(1.9475860595703125) q[0];\nrx(-2.2455341815948486) q[0];\nrz(0.10200341045856476) q[0];\nrz(2.139761209487915) q[1];\nrx(1.950324296951294) q[1];\nrz(-0.9592806696891785) q[1];\nrz(-2.412536859512329) q[2];\nrx(-1.3985728025436401) q[2];\nrz(2.8340506553649902) q[2];\ncx q[2],q[1];\nh q[1];\nx q[1];\nh q[1];\ncx q[1],q[0];\nrz(-0.11002469062805176) q[0];\nrx(1.776675820350647) q[0];\nrz(-3.1387529373168945) q[0];\nrz(1.4490224123001099) q[1];\nrx(3.140718460083008) q[1];\nrz(1.556644320487976) q[1];\nrz(0.6805430054664612) q[2];\nrx(3.069917678833008) q[2];\nrz(1.0414683818817139) q[2];\ncx q[1],q[0];\nh q[1];\nx q[1];\nh q[1];\ncx q[2],q[1];\nrz(-3.270582675933838) q[0];\nrx(0.5117926597595215) q[0];\nrz(-1.229599118232727) q[0];\nrz(0.745425820350647) q[1];\nrx(1.8130555152893066) q[1];\nrz(0.028731558471918106) q[1];\nrz(2.5337417125701904) q[2];\nrx(1.7655645608901978) q[2];\nrz(0.553013801574707) q[2];\nh q[0];\ncx q[2],q[0];\nh q[2];\ncx q[1],q[0];\nh q[1];\nrz(-0.3153102993965149) q[0];\nrx(3.1341989040374756) q[0];\nrz(2.931910514831543) q[0];\nrz(-0.24938900768756866) q[1];\nrx(-2.7066822052001953) q[1];\nrz(-0.1595982164144516) q[1];\nrz(2.9249560832977295) q[2];\nrx(-1.4194231033325195) q[2];\nrz(3.0568113327026367) q[2];"}