{"seed": 2203, "fidelity": 0.9996773600578308, "pqc_params": [[[1.8490848541259766, 0.6928199529647827, -1.7318296432495117], [1.7920931577682495, 1.6608400344848633, 2.9512135982513428], [-1.0741385221481323, 3.2797298431396484, 2.670661449432373]], [[-2.9307119846343994, -3.141270637512207, 0.31761661171913147], [-3.236940622329712, 3.3870174884796143, -2.039928913116455], [0.26098957657814026, -3.261941909790039, -2.5887463092803955]], [[-0.5376808643341064, -1.3684660196304321, -3.0861198902130127], [-2.261207103729248, -1.5660039186477661, -1.4466745853424072], [-0.24021224677562714, -3.2410707473754883, 2.1750500202178955]], [[-0.35240527987480164, 0.35809364914894104, 1.5682264566421509], [-1.7527875900268555, 3.0649075508117676, 1.3316537141799927], [0.9482091069221497, -0.18572452664375305, 0.9732179641723633]]], "base_circuit_tokens": [["x", [2], []], ["x", [0], []], ["cx", [2, 1], []], ["h", [0], []], ["h", [1], []], ["cx", [1, 2], []], ["cx", [2, 0], []], ["x", [1], []], ["h", [2], []], ["h", [2], []], ["h", [2], []], ["h", [2], []], ["x", [1], []], ["cx", [2, 0], []], ["cx", [1, 2], []], ["h", [1], []], ["h", [0], []], ["cx", [2, 1], []], ["x", [0], []], ["x", [2], []]], "pqc_circuit_tokens": [["x", [2], []], ["x", [0], []], ["cx", [2, 1], []], ["h", [0], []], ["h", [1], []], ["rz", [0], [1.8490848541259766]], ["rx", [0], [0.6928199529647827]], ["rz", [0], [-1.7318296432495117]], ["rz", [1], [1.7920931577682495]], ["rx", [1], [1.6608400344848633]], ["rz", [1], [2.9512135982513428]], ["rz", [2], [-1.0741385221481323]], ["rx", [2], [3.2797298431396484]], ["rz", [2], [2.670661449432373]], ["cx", [1, 2], []], ["cx", [2, 0], []], ["x", [1], []], ["h", [2], []], ["h", [2], []], ["rz", [0], [-2.9307119846343994]], ["rx", [0], [-3.141270637512207]], ["rz", [0], [0.31761661171913147]], ["rz", [1], [-3.236940622329712]], ["rx", [1], [3.3870174884796143]], ["rz", [1], [-2.039928913116455]], ["rz", [2], [0.26098957657814026]], ["rx", [2], [-3.261941909790039]], ["rz", [2], [-2.5887463092803955]], ["h", [2], []], ["h", [2], []], ["x", [1], []], ["cx", [2, 0], []], ["cx", [1, 2], []], ["rz", [0], [-0.5376808643341064]], ["rx", [0], [-1.3684660196304321]], ["rz", [0], [-3.0861198902130127]], ["rz", [1], [-2.261207103729248]], ["rx", [1], [-1.5660039186477661]], ["rz", [1], [-1.4466745853424072]], ["rz", [2], [-0.24021224677562714]], ["rx", [2], [-3.2410707473754883]], ["rz", [2], [2.1750500202178955]], ["h", [1], []], ["h", [0], []], ["cx", [2, 1], []], ["x", [0], []], ["x", [2], []], ["rz", [0], [-0.35240527987480164]], ["rx", [0], [0.35809364914894104]], ["rz", [0], [1.5682264566421509]], ["rz", [1], [-1.7527875900268555]], ["rx", [1], [3.0649075508117676]], ["rz", [1], [1.3316537141799927]], ["rz", [2], [0.9482091069221497]], ["rx", [2], [-0.18572452664375305]], ["rz", [2], [0.9732179641723633]]], "base_circuit_qasm": "OPENQASM 2.0;\ninclude \"qelib1.inc\";\nqreg q[3];\nx q[2];\nx q[0];\ncx q[2],q[1];\nh q[0];\nh q[1];\ncx q[1],q[2];\ncx q[2],q[0];\nx q[1];\nh q[2];\nh q[2];\nh q[2];\nh q[2];\nx q[1];\ncx q[2],q[0];\ncx q[1],q[2];\nh q[1];\nh q[0];\ncx q[2],q[1];\nx q[0];\nx q[2];", "pqc_circuit_qasm": "OPENQASM 2.0;\ninclude \"qelib1.inc\";\nqreg q[3];\nx q[2];\nx q[0];\ncx q[2],q[1];\nh q[0];\nh q[1];\nrz(1.8490848541259766) q[0];\nrx(0.6928199529647827) q[0];\nrz(-1.7318296432495117) q[0];\nrz(1.7920931577682495) q[1];\nrx(1.6608400344848633) q[1];\nrz(2.9512135982513428) q[1];\nrz(-1.0741385221481323) q[2];\nrx(3.2797298431396484) q[2];\nrz(2.670661449432373) q[2];\ncx q[1],q[2];\ncx q[2],q[0];\nx q[1];\nh q[2];\nh q[2];\nrz(-2.9307119846343994) q[0];\nrx(-3.141270637512207) q[0];\nrz(0.31761661171913147) q[0];\nrz(-3.236940622329712) q[1];\nrx(3.3870174884796143) q[1];\nrz(-2.039928913116455) q[1];\nrz(0.26098957657814026) q[2];\nrx(-3.261941909790039) q[2];\nrz(-2.5887463092803955) q[2];\nh q[2];\nh q[2];\nx q[1];\ncx q[2],q[0];\ncx q[1],q[2];\nrz(-0.5376808643341064) q[0];\nrx(-1.3684660196304321) q[0];\nrz(-3.0861198902130127) q[0];\nrz(-2.261207103729248) q[1];\nrx(-1.5660039186477661) q[1];\nrz(-1.4466745853424072) q[1];\nrz(-0.24021224677562714) q[2];\nrx(-3.2410707473754883) q[2];\nrz(2.1750500202178955) q[2];\nh q[1];\nh q[0];\ncx q[2],q[1];\nx q[0];\nx q[2];\nrz(-0.35240527987480164) q[0];\nrx(0.35809364914894104) q[0];\nrz(1.5682264566421509) q[0];\nrz(-1.7527875900268555) q[1];\nrx(3.0649075508117676) q[1];\nrz(1.3316537141799927) q[1];\nrz(0.9482091069221497) q[2];\nrx(-0.18572452664375305) q[2];\nrz(0.9732179641723633) q[2];"}