{"seed": 2213, "fidelity": 0.9995037913322449, "pqc_params": [[[2.426717519760132, 0.20939114689826965, 2.8343493938446045], [1.6773650646209717, 0.3999405801296234, -2.589290142059326], [-0.7336146831512451, -1.4545634984970093, -0.6876648664474487]], [[-0.028996622189879417, -0.12839610874652863, 1.15813410282135], [-0.8915577530860901, -0.18906384706497192, -2.2481815814971924], [-2.4833526611328125, -3.5499043464660645, -2.7833609580993652]], [[1.579683780670166, -1.6993565559387207, -2.501577377319336], [2.4330592155456543, 0.8317641615867615, 0.5272822976112366], [2.2291548252105713, 0.4966869652271271, -2.099431276321411]], [[-0.9409600496292114, -2.1069440841674805, -2.341104030609131], [-0.3051374852657318, -3.420628309249878, -2.477400541305542], [3.5650405883789062, 0.8134153485298157, 0.9826851487159729]]], "base_circuit_tokens": [["h", [2], []], ["x", [0], []], ["h", [0], []], ["x", [1], []], ["x", [1], []], ["h", [0], []], ["cx", [0, 1], []], ["h", [1], []], ["h", [1], []], ["h", [1], []], ["h", [1], []], ["h", [1], []], ["h", [1], []], ["cx", [0, 1], []], ["h", [0], []], ["x", [1], []], ["x", [1], []], ["h", [0], []], ["x", [0], []], ["h", [2], []]], "pqc_circuit_tokens": [["h", [2], []], ["x", [0], []], ["h", [0], []], ["x", [1], []], ["x", [1], []], ["rz", [0], [2.426717519760132]], ["rx", [0], [0.20939114689826965]], ["rz", [0], [2.8343493938446045]], ["rz", [1], [1.6773650646209717]], ["rx", [1], [0.3999405801296234]], ["rz", [1], [-2.589290142059326]], ["rz", [2], [-0.7336146831512451]], ["rx", [2], [-1.4545634984970093]], ["rz", [2], [-0.6876648664474487]], ["h", [0], []], ["cx", [0, 1], []], ["h", [1], []], ["h", [1], []], ["h", [1], []], ["rz", [0], [-0.028996622189879417]], ["rx", [0], [-0.12839610874652863]], ["rz", [0], [1.15813410282135]], ["rz", [1], [-0.8915577530860901]], ["rx", [1], [-0.18906384706497192]], ["rz", [1], [-2.2481815814971924]], ["rz", [2], [-2.4833526611328125]], ["rx", [2], [-3.5499043464660645]], ["rz", [2], [-2.7833609580993652]], ["h", [1], []], ["h", [1], []], ["h", [1], []], ["cx", [0, 1], []], ["h", [0], []], ["rz", [0], [1.579683780670166]], ["rx", [0], [-1.6993565559387207]], ["rz", [0], [-2.501577377319336]], ["rz", [1], [2.4330592155456543]], ["rx", [1], [0.8317641615867615]], ["rz", [1], [0.5272822976112366]], ["rz", [2], [2.2291548252105713]], ["rx", [2], [0.4966869652271271]], ["rz", [2], [-2.099431276321411]], ["x", [1], []], ["x", [1], []], ["h", [0], []], ["x", [0], []], ["h", [2], []], ["rz", [0], [-0.9409600496292114]], ["rx", [0], [-2.1069440841674805]], ["rz", [0], [-2.341104030609131]], ["rz", [1], [-0.3051374852657318]], ["rx", [1], [-3.420628309249878]], ["rz", [1], [-2.477400541305542]], ["rz", [2], [3.5650405883789062]], ["rx", [2], [0.8134153485298157]], ["rz", [2], [0.9826851487159729]]], "base_circuit_qasm": "OPENQASM 2.0;\ninclude \"qelib1.inc\";\nqreg q[3];\nh q[2];\nx q[0];\nh q[0];\nx q[1];\nx q[1];\nh q[0];\ncx q[0],q[1];\nh q[1];\nh q[1];\nh q[1];\nh q[1];\nh q[1];\nh q[1];\ncx q[0],q[1];\nh q[0];\nx q[1];\nx q[1];\nh q[0];\nx q[0];\nh q[2];", "pqc_circuit_qasm": "OPENQASM 2.0;\ninclude \"qelib1.inc\";\nqreg q[3];\nh q[2];\nx q[0];\nh q[0];\nx q[1];\nx q[1];\nrz(2.426717519760132) q[0];\nrx(0.20939114689826965) q[0];\nrz(2.8343493938446045) q[0];\nrz(1.6773650646209717) q[1];\nrx(0.3999405801296234) q[1];\nrz(-2.589290142059326) q[1];\nrz(-0.7336146831512451) q[2];\nrx(-1.4545634984970093) q[2];\nrz(-0.6876648664474487) q[2];\nh q[0];\ncx q[0],q[1];\nh q[1];\nh q[1];\nh q[1];\nrz(-0.028996622189879417) q[0];\nrx(-0.12839610874652863) q[0];\nrz(1.15813410282135) q[0];\nrz(-0.8915577530860901) q[1];\nrx(-0.18906384706497192) q[1];\nrz(-2.2481815814971924) q[1];\nrz(-2.4833526611328125) q[2];\nrx(-3.5499043464660645) q[2];\nrz(-2.7833609580993652) q[2];\nh q[1];\nh q[1];\nh q[1];\ncx q[0],q[1];\nh q[0];\nrz(1.579683780670166) q[0];\nrx(-1.6993565559387207) q[0];\nrz(-2.501577377319336) q[0];\nrz(2.4330592155456543) q[1];\nrx(0.8317641615867615) q[1];\nrz(0.5272822976112366) q[1];\nrz(2.2291548252105713) q[2];\nrx(0.4966869652271271) q[2];\nrz(-2.099431276321411) q[2];\nx q[1];\nx q[1];\nh q[0];\nx q[0];\nh q[2];\nrz(-0.9409600496292114) q[0];\nrx(-2.1069440841674805) q[0];\nrz(-2.341104030609131) q[0];\nrz(-0.3051374852657318) q[1];\nrx(-3.420628309249878) q[1];\nrz(-2.477400541305542) q[1];\nrz(3.5650405883789062) q[2];\nrx(0.8134153485298157) q[2];\nrz(0.9826851487159729) q[2];"}