{"seed": 2234, "fidelity": 0.9583234786987305, "pqc_params": [[[-0.2530013918876648, 0.2669231593608856, -2.8187315464019775], [3.1526873111724854, 0.10247450321912766, -0.2082088142633438], [-1.8258053064346313, 0.665507972240448, -2.607638120651245]], [[2.5912866592407227, -0.7075976729393005, -1.2614786624908447], [1.3604925870895386, -3.1382901668548584, -1.674234390258789], [-0.7762680649757385, 2.7736871242523193, -0.8413109183311462]], [[-0.18595564365386963, 2.767340898513794, 1.738351821899414], [3.1746418476104736, 0.4003036916255951, -0.20845462381839752], [0.20498445630073547, 2.384638547897339, -1.8072162866592407]], [[2.1340603828430176, 3.081211805343628, -0.7416983842849731], [0.03169319033622742, -2.99269962310791, 0.5542836785316467], [-1.352816104888916, 2.224637031555176, -1.2326595783233643]]], "base_circuit_tokens": [["cx", [1, 2], []], ["cx", [2, 0], []], ["h", [1], []], ["x", [1], []], ["x", [1], []], ["x", [2], []], ["cx", [2, 1], []], ["cx", [2, 0], []], ["cx", [2, 0], []], ["cx", [0, 2], []], ["cx", [0, 2], []], ["cx", [2, 0], []], ["cx", [2, 0], []], ["cx", [2, 1], []], ["x", [2], []], ["x", [1], []], ["x", [1], []], ["h", [1], []], ["cx", [2, 0], []], ["cx", [1, 2], []]], "pqc_circuit_tokens": [["cx", [1, 2], []], ["cx", [2, 0], []], ["h", [1], []], ["x", [1], []], ["x", [1], []], ["rz", [0], [-0.2530013918876648]], ["rx", [0], [0.2669231593608856]], ["rz", [0], [-2.8187315464019775]], ["rz", [1], [3.1526873111724854]], ["rx", [1], [0.10247450321912766]], ["rz", [1], [-0.2082088142633438]], ["rz", [2], [-1.8258053064346313]], ["rx", [2], [0.665507972240448]], ["rz", [2], [-2.607638120651245]], ["x", [2], []], ["cx", [2, 1], []], ["cx", [2, 0], []], ["cx", [2, 0], []], ["cx", [0, 2], []], ["rz", [0], [2.5912866592407227]], ["rx", [0], [-0.7075976729393005]], ["rz", [0], [-1.2614786624908447]], ["rz", [1], [1.3604925870895386]], ["rx", [1], [-3.1382901668548584]], ["rz", [1], [-1.674234390258789]], ["rz", [2], [-0.7762680649757385]], ["rx", [2], [2.7736871242523193]], ["rz", [2], [-0.8413109183311462]], ["cx", [0, 2], []], ["cx", [2, 0], []], ["cx", [2, 0], []], ["cx", [2, 1], []], ["x", [2], []], ["rz", [0], [-0.18595564365386963]], ["rx", [0], [2.767340898513794]], ["rz", [0], [1.738351821899414]], ["rz", [1], [3.1746418476104736]], ["rx", [1], [0.4003036916255951]], ["rz", [1], [-0.20845462381839752]], ["rz", [2], [0.20498445630073547]], ["rx", [2], [2.384638547897339]], ["rz", [2], [-1.8072162866592407]], ["x", [1], []], ["x", [1], []], ["h", [1], []], ["cx", [2, 0], []], ["cx", [1, 2], []], ["rz", [0], [2.1340603828430176]], ["rx", [0], [3.081211805343628]], ["rz", [0], [-0.7416983842849731]], ["rz", [1], [0.03169319033622742]], ["rx", [1], [-2.99269962310791]], ["rz", [1], [0.5542836785316467]], ["rz", [2], [-1.352816104888916]], ["rx", [2], [2.224637031555176]], ["rz", [2], [-1.2326595783233643]]], "base_circuit_qasm": "OPENQASM 2.0;\ninclude \"qelib1.inc\";\nqreg q[3];\ncx q[1],q[2];\ncx q[2],q[0];\nh q[1];\nx q[1];\nx q[1];\nx q[2];\ncx q[2],q[1];\ncx q[2],q[0];\ncx q[2],q[0];\ncx q[0],q[2];\ncx q[0],q[2];\ncx q[2],q[0];\ncx q[2],q[0];\ncx q[2],q[1];\nx q[2];\nx q[1];\nx q[1];\nh q[1];\ncx q[2],q[0];\ncx q[1],q[2];", "pqc_circuit_qasm": "OPENQASM 2.0;\ninclude \"qelib1.inc\";\nqreg q[3];\ncx q[1],q[2];\ncx q[2],q[0];\nh q[1];\nx q[1];\nx q[1];\nrz(-0.2530013918876648) q[0];\nrx(0.2669231593608856) q[0];\nrz(-2.8187315464019775) q[0];\nrz(3.1526873111724854) q[1];\nrx(0.10247450321912766) q[1];\nrz(-0.2082088142633438) q[1];\nrz(-1.8258053064346313) q[2];\nrx(0.665507972240448) q[2];\nrz(-2.607638120651245) q[2];\nx q[2];\ncx q[2],q[1];\ncx q[2],q[0];\ncx q[2],q[0];\ncx q[0],q[2];\nrz(2.5912866592407227) q[0];\nrx(-0.7075976729393005) q[0];\nrz(-1.2614786624908447) q[0];\nrz(1.3604925870895386) q[1];\nrx(-3.1382901668548584) q[1];\nrz(-1.674234390258789) q[1];\nrz(-0.7762680649757385) q[2];\nrx(2.7736871242523193) q[2];\nrz(-0.8413109183311462) q[2];\ncx q[0],q[2];\ncx q[2],q[0];\ncx q[2],q[0];\ncx q[2],q[1];\nx q[2];\nrz(-0.18595564365386963) q[0];\nrx(2.767340898513794) q[0];\nrz(1.738351821899414) q[0];\nrz(3.1746418476104736) q[1];\nrx(0.4003036916255951) q[1];\nrz(-0.20845462381839752) q[1];\nrz(0.20498445630073547) q[2];\nrx(2.384638547897339) q[2];\nrz(-1.8072162866592407) q[2];\nx q[1];\nx q[1];\nh q[1];\ncx q[2],q[0];\ncx q[1],q[2];\nrz(2.1340603828430176) q[0];\nrx(3.081211805343628) q[0];\nrz(-0.7416983842849731) q[0];\nrz(0.03169319033622742) q[1];\nrx(-2.99269962310791) q[1];\nrz(0.5542836785316467) q[1];\nrz(-1.352816104888916) q[2];\nrx(2.224637031555176) q[2];\nrz(-1.2326595783233643) q[2];"}