{"seed": 2237, "fidelity": 0.9716574549674988, "pqc_params": [[[2.8344945907592773, -2.1548972129821777, -0.9371349215507507], [-2.4154083728790283, -1.9027762413024902, -2.841454267501831], [2.6006710529327393, -1.732919454574585, 3.342670202255249]], [[-3.177750825881958, 1.7578966617584229, 0.33761894702911377], [-1.2251098155975342, 2.7478508949279785, -1.1513354778289795], [-0.10084911435842514, -1.9355883598327637, 0.002446638885885477]], [[3.110591411590576, 1.994300365447998, 1.371058702468872], [0.7875679135322571, 2.301923990249634, 0.5151867866516113], [-0.8978793621063232, -0.7026247978210449, 1.482046365737915]], [[2.0029296875, -0.7306468486785889, -1.0178956985473633], [0.6765419244766235, -1.0901472568511963, 1.4163203239440918], [0.9655093550682068, -0.5661543011665344, -1.4502941370010376]]], "base_circuit_tokens": [["h", [2], []], ["h", [1], []], ["h", [2], []], ["x", [0], []], ["h", [1], []], ["x", [1], []], ["cx", [1, 2], []], ["x", [0], []], ["h", [0], []], ["h", [1], []], ["h", [1], []], ["h", [0], []], ["x", [0], []], ["cx", [1, 2], []], ["x", [1], []], ["h", [1], []], ["x", [0], []], ["h", [2], []], ["h", [1], []], ["h", [2], []]], "pqc_circuit_tokens": [["h", [2], []], ["h", [1], []], ["h", [2], []], ["x", [0], []], ["h", [1], []], ["rz", [0], [2.8344945907592773]], ["rx", [0], [-2.1548972129821777]], ["rz", [0], [-0.9371349215507507]], ["rz", [1], [-2.4154083728790283]], ["rx", [1], [-1.9027762413024902]], ["rz", [1], [-2.841454267501831]], ["rz", [2], [2.6006710529327393]], ["rx", [2], [-1.732919454574585]], ["rz", [2], [3.342670202255249]], ["x", [1], []], ["cx", [1, 2], []], ["x", [0], []], ["h", [0], []], ["h", [1], []], ["rz", [0], [-3.177750825881958]], ["rx", [0], [1.7578966617584229]], ["rz", [0], [0.33761894702911377]], ["rz", [1], [-1.2251098155975342]], ["rx", [1], [2.7478508949279785]], ["rz", [1], [-1.1513354778289795]], ["rz", [2], [-0.10084911435842514]], ["rx", [2], [-1.9355883598327637]], ["rz", [2], [0.002446638885885477]], ["h", [1], []], ["h", [0], []], ["x", [0], []], ["cx", [1, 2], []], ["x", [1], []], ["rz", [0], [3.110591411590576]], ["rx", [0], [1.994300365447998]], ["rz", [0], [1.371058702468872]], ["rz", [1], [0.7875679135322571]], ["rx", [1], [2.301923990249634]], ["rz", [1], [0.5151867866516113]], ["rz", [2], [-0.8978793621063232]], ["rx", [2], [-0.7026247978210449]], ["rz", [2], [1.482046365737915]], ["h", [1], []], ["x", [0], []], ["h", [2], []], ["h", [1], []], ["h", [2], []], ["rz", [0], [2.0029296875]], ["rx", [0], [-0.7306468486785889]], ["rz", [0], [-1.0178956985473633]], ["rz", [1], [0.6765419244766235]], ["rx", [1], [-1.0901472568511963]], ["rz", [1], [1.4163203239440918]], ["rz", [2], [0.9655093550682068]], ["rx", [2], [-0.5661543011665344]], ["rz", [2], [-1.4502941370010376]]], "base_circuit_qasm": "OPENQASM 2.0;\ninclude \"qelib1.inc\";\nqreg q[3];\nh q[2];\nh q[1];\nh q[2];\nx q[0];\nh q[1];\nx q[1];\ncx q[1],q[2];\nx q[0];\nh q[0];\nh q[1];\nh q[1];\nh q[0];\nx q[0];\ncx q[1],q[2];\nx q[1];\nh q[1];\nx q[0];\nh q[2];\nh q[1];\nh q[2];", "pqc_circuit_qasm": "OPENQASM 2.0;\ninclude \"qelib1.inc\";\nqreg q[3];\nh q[2];\nh q[1];\nh q[2];\nx q[0];\nh q[1];\nrz(2.8344945907592773) q[0];\nrx(-2.1548972129821777) q[0];\nrz(-0.9371349215507507) q[0];\nrz(-2.4154083728790283) q[1];\nrx(-1.9027762413024902) q[1];\nrz(-2.841454267501831) q[1];\nrz(2.6006710529327393) q[2];\nrx(-1.732919454574585) q[2];\nrz(3.342670202255249) q[2];\nx q[1];\ncx q[1],q[2];\nx q[0];\nh q[0];\nh q[1];\nrz(-3.177750825881958) q[0];\nrx(1.7578966617584229) q[0];\nrz(0.33761894702911377) q[0];\nrz(-1.2251098155975342) q[1];\nrx(2.7478508949279785) q[1];\nrz(-1.1513354778289795) q[1];\nrz(-0.10084911435842514) q[2];\nrx(-1.9355883598327637) q[2];\nrz(0.002446638885885477) q[2];\nh q[1];\nh q[0];\nx q[0];\ncx q[1],q[2];\nx q[1];\nrz(3.110591411590576) q[0];\nrx(1.994300365447998) q[0];\nrz(1.371058702468872) q[0];\nrz(0.7875679135322571) q[1];\nrx(2.301923990249634) q[1];\nrz(0.5151867866516113) q[1];\nrz(-0.8978793621063232) q[2];\nrx(-0.7026247978210449) q[2];\nrz(1.482046365737915) q[2];\nh q[1];\nx q[0];\nh q[2];\nh q[1];\nh q[2];\nrz(2.0029296875) q[0];\nrx(-0.7306468486785889) q[0];\nrz(-1.0178956985473633) q[0];\nrz(0.6765419244766235) q[1];\nrx(-1.0901472568511963) q[1];\nrz(1.4163203239440918) q[1];\nrz(0.9655093550682068) q[2];\nrx(-0.5661543011665344) q[2];\nrz(-1.4502941370010376) q[2];"}