{"seed": 2248, "fidelity": 0.9849057197570801, "pqc_params": [[[-2.13457989692688, -2.507434368133545, -0.9442389607429504], [-2.4121932983398438, -0.712035059928894, -0.9204424619674683], [-0.6868208646774292, 0.6826562285423279, -2.949390411376953]], [[2.583940267562866, 2.052201747894287, -3.343543529510498], [1.430550456047058, 0.9661441445350647, 0.9492992758750916], [3.0182483196258545, 1.9410380125045776, 0.02371841110289097]], [[-0.4913270175457001, -3.6268367767333984, -0.9219266772270203], [3.766594648361206, -1.5643044710159302, -0.8579322099685669], [1.003998875617981, 0.08932052552700043, -1.5307831764221191]], [[-0.5987547039985657, -0.09640368819236755, -2.719028949737549], [1.085680365562439, 3.0297439098358154, -1.1095019578933716], [-3.347832441329956, 3.2257752418518066, -0.2550382912158966]]], "base_circuit_tokens": [["h", [0], []], ["cx", [1, 2], []], ["cx", [2, 0], []], ["h", [0], []], ["h", [2], []], ["cx", [1, 2], []], ["x", [0], []], ["h", [1], []], ["cx", [1, 2], []], ["h", [0], []], ["h", [0], []], ["cx", [1, 2], []], ["h", [1], []], ["x", [0], []], ["cx", [1, 2], []], ["h", [2], []], ["h", [0], []], ["cx", [2, 0], []], ["cx", [1, 2], []], ["h", [0], []]], "pqc_circuit_tokens": [["h", [0], []], ["cx", [1, 2], []], ["cx", [2, 0], []], ["h", [0], []], ["h", [2], []], ["rz", [0], [-2.13457989692688]], ["rx", [0], [-2.507434368133545]], ["rz", [0], [-0.9442389607429504]], ["rz", [1], [-2.4121932983398438]], ["rx", [1], [-0.712035059928894]], ["rz", [1], [-0.9204424619674683]], ["rz", [2], [-0.6868208646774292]], ["rx", [2], [0.6826562285423279]], ["rz", [2], [-2.949390411376953]], ["cx", [1, 2], []], ["x", [0], []], ["h", [1], []], ["cx", [1, 2], []], ["h", [0], []], ["rz", [0], [2.583940267562866]], ["rx", [0], [2.052201747894287]], ["rz", [0], [-3.343543529510498]], ["rz", [1], [1.430550456047058]], ["rx", [1], [0.9661441445350647]], ["rz", [1], [0.9492992758750916]], ["rz", [2], [3.0182483196258545]], ["rx", [2], [1.9410380125045776]], ["rz", [2], [0.02371841110289097]], ["h", [0], []], ["cx", [1, 2], []], ["h", [1], []], ["x", [0], []], ["cx", [1, 2], []], ["rz", [0], [-0.4913270175457001]], ["rx", [0], [-3.6268367767333984]], ["rz", [0], [-0.9219266772270203]], ["rz", [1], [3.766594648361206]], ["rx", [1], [-1.5643044710159302]], ["rz", [1], [-0.8579322099685669]], ["rz", [2], [1.003998875617981]], ["rx", [2], [0.08932052552700043]], ["rz", [2], [-1.5307831764221191]], ["h", [2], []], ["h", [0], []], ["cx", [2, 0], []], ["cx", [1, 2], []], ["h", [0], []], ["rz", [0], [-0.5987547039985657]], ["rx", [0], [-0.09640368819236755]], ["rz", [0], [-2.719028949737549]], ["rz", [1], [1.085680365562439]], ["rx", [1], [3.0297439098358154]], ["rz", [1], [-1.1095019578933716]], ["rz", [2], [-3.347832441329956]], ["rx", [2], [3.2257752418518066]], ["rz", [2], [-0.2550382912158966]]], "base_circuit_qasm": "OPENQASM 2.0;\ninclude \"qelib1.inc\";\nqreg q[3];\nh q[0];\ncx q[1],q[2];\ncx q[2],q[0];\nh q[0];\nh q[2];\ncx q[1],q[2];\nx q[0];\nh q[1];\ncx q[1],q[2];\nh q[0];\nh q[0];\ncx q[1],q[2];\nh q[1];\nx q[0];\ncx q[1],q[2];\nh q[2];\nh q[0];\ncx q[2],q[0];\ncx q[1],q[2];\nh q[0];", "pqc_circuit_qasm": "OPENQASM 2.0;\ninclude \"qelib1.inc\";\nqreg q[3];\nh q[0];\ncx q[1],q[2];\ncx q[2],q[0];\nh q[0];\nh q[2];\nrz(-2.13457989692688) q[0];\nrx(-2.507434368133545) q[0];\nrz(-0.9442389607429504) q[0];\nrz(-2.4121932983398438) q[1];\nrx(-0.712035059928894) q[1];\nrz(-0.9204424619674683) q[1];\nrz(-0.6868208646774292) q[2];\nrx(0.6826562285423279) q[2];\nrz(-2.949390411376953) q[2];\ncx q[1],q[2];\nx q[0];\nh q[1];\ncx q[1],q[2];\nh q[0];\nrz(2.583940267562866) q[0];\nrx(2.052201747894287) q[0];\nrz(-3.343543529510498) q[0];\nrz(1.430550456047058) q[1];\nrx(0.9661441445350647) q[1];\nrz(0.9492992758750916) q[1];\nrz(3.0182483196258545) q[2];\nrx(1.9410380125045776) q[2];\nrz(0.02371841110289097) q[2];\nh q[0];\ncx q[1],q[2];\nh q[1];\nx q[0];\ncx q[1],q[2];\nrz(-0.4913270175457001) q[0];\nrx(-3.6268367767333984) q[0];\nrz(-0.9219266772270203) q[0];\nrz(3.766594648361206) q[1];\nrx(-1.5643044710159302) q[1];\nrz(-0.8579322099685669) q[1];\nrz(1.003998875617981) q[2];\nrx(0.08932052552700043) q[2];\nrz(-1.5307831764221191) q[2];\nh q[2];\nh q[0];\ncx q[2],q[0];\ncx q[1],q[2];\nh q[0];\nrz(-0.5987547039985657) q[0];\nrx(-0.09640368819236755) q[0];\nrz(-2.719028949737549) q[0];\nrz(1.085680365562439) q[1];\nrx(3.0297439098358154) q[1];\nrz(-1.1095019578933716) q[1];\nrz(-3.347832441329956) q[2];\nrx(3.2257752418518066) q[2];\nrz(-0.2550382912158966) q[2];"}