{"seed": 2253, "fidelity": 0.9961711764335632, "pqc_params": [[[1.542587161064148, -0.9424879550933838, 2.690460443496704], [-2.250913381576538, -3.2946674823760986, 0.9923540949821472], [0.7096440196037292, 2.0248324871063232, 1.7898188829421997]], [[2.400003433227539, -1.5445199012756348, 2.0597779750823975], [1.3295812606811523, 1.2840429544448853, 1.53330397605896], [1.6088557243347168, 1.037983775138855, 1.316795825958252]], [[-1.6441048383712769, -0.34462714195251465, 0.518821120262146], [-0.1819155514240265, 2.6588242053985596, -0.3890528380870819], [-0.9141181707382202, 0.3333282768726349, -3.314809799194336]], [[-1.6281095743179321, -0.053373463451862335, -2.7590253353118896], [-1.6890555620193481, 1.3409554958343506, 2.0561342239379883], [2.7082386016845703, -3.088042736053467, 2.818190336227417]]], "base_circuit_tokens": [["h", [1], []], ["cx", [0, 2], []], ["x", [2], []], ["h", [0], []], ["x", [1], []], ["h", [1], []], ["h", [0], []], ["h", [1], []], ["x", [2], []], ["h", [0], []], ["h", [0], []], ["x", [2], []], ["h", [1], []], ["h", [0], []], ["h", [1], []], ["x", [1], []], ["h", [0], []], ["x", [2], []], ["cx", [0, 2], []], ["h", [1], []]], "pqc_circuit_tokens": [["h", [1], []], ["cx", [0, 2], []], ["x", [2], []], ["h", [0], []], ["x", [1], []], ["rz", [0], [1.542587161064148]], ["rx", [0], [-0.9424879550933838]], ["rz", [0], [2.690460443496704]], ["rz", [1], [-2.250913381576538]], ["rx", [1], [-3.2946674823760986]], ["rz", [1], [0.9923540949821472]], ["rz", [2], [0.7096440196037292]], ["rx", [2], [2.0248324871063232]], ["rz", [2], [1.7898188829421997]], ["h", [1], []], ["h", [0], []], ["h", [1], []], ["x", [2], []], ["h", [0], []], ["rz", [0], [2.400003433227539]], ["rx", [0], [-1.5445199012756348]], ["rz", [0], [2.0597779750823975]], ["rz", [1], [1.3295812606811523]], ["rx", [1], [1.2840429544448853]], ["rz", [1], [1.53330397605896]], ["rz", [2], [1.6088557243347168]], ["rx", [2], [1.037983775138855]], ["rz", [2], [1.316795825958252]], ["h", [0], []], ["x", [2], []], ["h", [1], []], ["h", [0], []], ["h", [1], []], ["rz", [0], [-1.6441048383712769]], ["rx", [0], [-0.34462714195251465]], ["rz", [0], [0.518821120262146]], ["rz", [1], [-0.1819155514240265]], ["rx", [1], [2.6588242053985596]], ["rz", [1], [-0.3890528380870819]], ["rz", [2], [-0.9141181707382202]], ["rx", [2], [0.3333282768726349]], ["rz", [2], [-3.314809799194336]], ["x", [1], []], ["h", [0], []], ["x", [2], []], ["cx", [0, 2], []], ["h", [1], []], ["rz", [0], [-1.6281095743179321]], ["rx", [0], [-0.053373463451862335]], ["rz", [0], [-2.7590253353118896]], ["rz", [1], [-1.6890555620193481]], ["rx", [1], [1.3409554958343506]], ["rz", [1], [2.0561342239379883]], ["rz", [2], [2.7082386016845703]], ["rx", [2], [-3.088042736053467]], ["rz", [2], [2.818190336227417]]], "base_circuit_qasm": "OPENQASM 2.0;\ninclude \"qelib1.inc\";\nqreg q[3];\nh q[1];\ncx q[0],q[2];\nx q[2];\nh q[0];\nx q[1];\nh q[1];\nh q[0];\nh q[1];\nx q[2];\nh q[0];\nh q[0];\nx q[2];\nh q[1];\nh q[0];\nh q[1];\nx q[1];\nh q[0];\nx q[2];\ncx q[0],q[2];\nh q[1];", "pqc_circuit_qasm": "OPENQASM 2.0;\ninclude \"qelib1.inc\";\nqreg q[3];\nh q[1];\ncx q[0],q[2];\nx q[2];\nh q[0];\nx q[1];\nrz(1.542587161064148) q[0];\nrx(-0.9424879550933838) q[0];\nrz(2.690460443496704) q[0];\nrz(-2.250913381576538) q[1];\nrx(-3.2946674823760986) q[1];\nrz(0.9923540949821472) q[1];\nrz(0.7096440196037292) q[2];\nrx(2.0248324871063232) q[2];\nrz(1.7898188829421997) q[2];\nh q[1];\nh q[0];\nh q[1];\nx q[2];\nh q[0];\nrz(2.400003433227539) q[0];\nrx(-1.5445199012756348) q[0];\nrz(2.0597779750823975) q[0];\nrz(1.3295812606811523) q[1];\nrx(1.2840429544448853) q[1];\nrz(1.53330397605896) q[1];\nrz(1.6088557243347168) q[2];\nrx(1.037983775138855) q[2];\nrz(1.316795825958252) q[2];\nh q[0];\nx q[2];\nh q[1];\nh q[0];\nh q[1];\nrz(-1.6441048383712769) q[0];\nrx(-0.34462714195251465) q[0];\nrz(0.518821120262146) q[0];\nrz(-0.1819155514240265) q[1];\nrx(2.6588242053985596) q[1];\nrz(-0.3890528380870819) q[1];\nrz(-0.9141181707382202) q[2];\nrx(0.3333282768726349) q[2];\nrz(-3.314809799194336) q[2];\nx q[1];\nh q[0];\nx q[2];\ncx q[0],q[2];\nh q[1];\nrz(-1.6281095743179321) q[0];\nrx(-0.053373463451862335) q[0];\nrz(-2.7590253353118896) q[0];\nrz(-1.6890555620193481) q[1];\nrx(1.3409554958343506) q[1];\nrz(2.0561342239379883) q[1];\nrz(2.7082386016845703) q[2];\nrx(-3.088042736053467) q[2];\nrz(2.818190336227417) q[2];"}