{"seed": 2254, "fidelity": 0.9756327867507935, "pqc_params": [[[-0.7307981848716736, 1.4599260091781616, 1.4212568998336792], [-3.068941593170166, -1.1922999620437622, -1.2010443210601807], [-0.7677497863769531, 2.1938490867614746, 0.8810446858406067]], [[0.11690758913755417, 0.7814742922782898, 2.850468635559082], [0.8849494457244873, -0.6549473404884338, 0.14618313312530518], [-1.5977387428283691, 0.5124870538711548, 2.532925844192505]], [[-1.486722469329834, 1.7059015035629272, 2.802964925765991], [-2.373046398162842, 0.37160560488700867, -0.9594312906265259], [1.1316663026809692, 0.1603684425354004, -0.74863600730896]], [[1.129618763923645, -3.129244565963745, 3.7791748046875], [-0.08276800066232681, -2.1051788330078125, -3.149854898452759], [0.8827319145202637, -3.2310736179351807, -1.530336618423462]]], "base_circuit_tokens": [["h", [1], []], ["cx", [1, 0], []], ["h", [2], []], ["h", [1], []], ["cx", [0, 2], []], ["h", [2], []], ["cx", [1, 0], []], ["h", [2], []], ["x", [2], []], ["x", [2], []], ["x", [2], []], ["x", [2], []], ["h", [2], []], ["cx", [1, 0], []], ["h", [2], []], ["cx", [0, 2], []], ["h", [1], []], ["h", [2], []], ["cx", [1, 0], []], ["h", [1], []]], "pqc_circuit_tokens": [["h", [1], []], ["cx", [1, 0], []], ["h", [2], []], ["h", [1], []], ["cx", [0, 2], []], ["rz", [0], [-0.7307981848716736]], ["rx", [0], [1.4599260091781616]], ["rz", [0], [1.4212568998336792]], ["rz", [1], [-3.068941593170166]], ["rx", [1], [-1.1922999620437622]], ["rz", [1], [-1.2010443210601807]], ["rz", [2], [-0.7677497863769531]], ["rx", [2], [2.1938490867614746]], ["rz", [2], [0.8810446858406067]], ["h", [2], []], ["cx", [1, 0], []], ["h", [2], []], ["x", [2], []], ["x", [2], []], ["rz", [0], [0.11690758913755417]], ["rx", [0], [0.7814742922782898]], ["rz", [0], [2.850468635559082]], ["rz", [1], [0.8849494457244873]], ["rx", [1], [-0.6549473404884338]], ["rz", [1], [0.14618313312530518]], ["rz", [2], [-1.5977387428283691]], ["rx", [2], [0.5124870538711548]], ["rz", [2], [2.532925844192505]], ["x", [2], []], ["x", [2], []], ["h", [2], []], ["cx", [1, 0], []], ["h", [2], []], ["rz", [0], [-1.486722469329834]], ["rx", [0], [1.7059015035629272]], ["rz", [0], [2.802964925765991]], ["rz", [1], [-2.373046398162842]], ["rx", [1], [0.37160560488700867]], ["rz", [1], [-0.9594312906265259]], ["rz", [2], [1.1316663026809692]], ["rx", [2], [0.1603684425354004]], ["rz", [2], [-0.74863600730896]], ["cx", [0, 2], []], ["h", [1], []], ["h", [2], []], ["cx", [1, 0], []], ["h", [1], []], ["rz", [0], [1.129618763923645]], ["rx", [0], [-3.129244565963745]], ["rz", [0], [3.7791748046875]], ["rz", [1], [-0.08276800066232681]], ["rx", [1], [-2.1051788330078125]], ["rz", [1], [-3.149854898452759]], ["rz", [2], [0.8827319145202637]], ["rx", [2], [-3.2310736179351807]], ["rz", [2], [-1.530336618423462]]], "base_circuit_qasm": "OPENQASM 2.0;\ninclude \"qelib1.inc\";\nqreg q[3];\nh q[1];\ncx q[1],q[0];\nh q[2];\nh q[1];\ncx q[0],q[2];\nh q[2];\ncx q[1],q[0];\nh q[2];\nx q[2];\nx q[2];\nx q[2];\nx q[2];\nh q[2];\ncx q[1],q[0];\nh q[2];\ncx q[0],q[2];\nh q[1];\nh q[2];\ncx q[1],q[0];\nh q[1];", "pqc_circuit_qasm": "OPENQASM 2.0;\ninclude \"qelib1.inc\";\nqreg q[3];\nh q[1];\ncx q[1],q[0];\nh q[2];\nh q[1];\ncx q[0],q[2];\nrz(-0.7307981848716736) q[0];\nrx(1.4599260091781616) q[0];\nrz(1.4212568998336792) q[0];\nrz(-3.068941593170166) q[1];\nrx(-1.1922999620437622) q[1];\nrz(-1.2010443210601807) q[1];\nrz(-0.7677497863769531) q[2];\nrx(2.1938490867614746) q[2];\nrz(0.8810446858406067) q[2];\nh q[2];\ncx q[1],q[0];\nh q[2];\nx q[2];\nx q[2];\nrz(0.11690758913755417) q[0];\nrx(0.7814742922782898) q[0];\nrz(2.850468635559082) q[0];\nrz(0.8849494457244873) q[1];\nrx(-0.6549473404884338) q[1];\nrz(0.14618313312530518) q[1];\nrz(-1.5977387428283691) q[2];\nrx(0.5124870538711548) q[2];\nrz(2.532925844192505) q[2];\nx q[2];\nx q[2];\nh q[2];\ncx q[1],q[0];\nh q[2];\nrz(-1.486722469329834) q[0];\nrx(1.7059015035629272) q[0];\nrz(2.802964925765991) q[0];\nrz(-2.373046398162842) q[1];\nrx(0.37160560488700867) q[1];\nrz(-0.9594312906265259) q[1];\nrz(1.1316663026809692) q[2];\nrx(0.1603684425354004) q[2];\nrz(-0.74863600730896) q[2];\ncx q[0],q[2];\nh q[1];\nh q[2];\ncx q[1],q[0];\nh q[1];\nrz(1.129618763923645) q[0];\nrx(-3.129244565963745) q[0];\nrz(3.7791748046875) q[0];\nrz(-0.08276800066232681) q[1];\nrx(-2.1051788330078125) q[1];\nrz(-3.149854898452759) q[1];\nrz(0.8827319145202637) q[2];\nrx(-3.2310736179351807) q[2];\nrz(-1.530336618423462) q[2];"}