{"seed": 2274, "fidelity": 0.962250828742981, "pqc_params": [[[2.201901435852051, -1.0252448320388794, 3.487819194793701], [2.5706539154052734, -2.2985928058624268, -0.5830141305923462], [0.48017963767051697, 1.6632850170135498, 1.6040500402450562]], [[2.8593313694000244, 2.3714709281921387, 3.1281607151031494], [-1.3790396451950073, 0.012680192478001118, 1.0683026313781738], [-2.6227622032165527, -3.0162761211395264, 0.9313660860061646]], [[-1.168136477470398, 3.5666301250457764, -1.5287752151489258], [-0.46186915040016174, -2.4990122318267822, 0.965393602848053], [0.025806019082665443, -1.3833098411560059, 1.5296765565872192]], [[-1.139225721359253, -0.2823265790939331, 0.662398099899292], [0.8961146473884583, 2.9109768867492676, -0.4979996085166931], [-3.139352560043335, -1.4354562759399414, 2.578554391860962]]], "base_circuit_tokens": [["x", [1], []], ["x", [0], []], ["h", [0], []], ["x", [2], []], ["cx", [1, 0], []], ["cx", [2, 1], []], ["cx", [1, 2], []], ["h", [0], []], ["x", [2], []], ["h", [0], []], ["h", [0], []], ["x", [2], []], ["h", [0], []], ["cx", [1, 2], []], ["cx", [2, 1], []], ["cx", [1, 0], []], ["x", [2], []], ["h", [0], []], ["x", [0], []], ["x", [1], []]], "pqc_circuit_tokens": [["x", [1], []], ["x", [0], []], ["h", [0], []], ["x", [2], []], ["cx", [1, 0], []], ["rz", [0], [2.201901435852051]], ["rx", [0], [-1.0252448320388794]], ["rz", [0], [3.487819194793701]], ["rz", [1], [2.5706539154052734]], ["rx", [1], [-2.2985928058624268]], ["rz", [1], [-0.5830141305923462]], ["rz", [2], [0.48017963767051697]], ["rx", [2], [1.6632850170135498]], ["rz", [2], [1.6040500402450562]], ["cx", [2, 1], []], ["cx", [1, 2], []], ["h", [0], []], ["x", [2], []], ["h", [0], []], ["rz", [0], [2.8593313694000244]], ["rx", [0], [2.3714709281921387]], ["rz", [0], [3.1281607151031494]], ["rz", [1], [-1.3790396451950073]], ["rx", [1], [0.012680192478001118]], ["rz", [1], [1.0683026313781738]], ["rz", [2], [-2.6227622032165527]], ["rx", [2], [-3.0162761211395264]], ["rz", [2], [0.9313660860061646]], ["h", [0], []], ["x", [2], []], ["h", [0], []], ["cx", [1, 2], []], ["cx", [2, 1], []], ["rz", [0], [-1.168136477470398]], ["rx", [0], [3.5666301250457764]], ["rz", [0], [-1.5287752151489258]], ["rz", [1], [-0.46186915040016174]], ["rx", [1], [-2.4990122318267822]], ["rz", [1], [0.965393602848053]], ["rz", [2], [0.025806019082665443]], ["rx", [2], [-1.3833098411560059]], ["rz", [2], [1.5296765565872192]], ["cx", [1, 0], []], ["x", [2], []], ["h", [0], []], ["x", [0], []], ["x", [1], []], ["rz", [0], [-1.139225721359253]], ["rx", [0], [-0.2823265790939331]], ["rz", [0], [0.662398099899292]], ["rz", [1], [0.8961146473884583]], ["rx", [1], [2.9109768867492676]], ["rz", [1], [-0.4979996085166931]], ["rz", [2], [-3.139352560043335]], ["rx", [2], [-1.4354562759399414]], ["rz", [2], [2.578554391860962]]], "base_circuit_qasm": "OPENQASM 2.0;\ninclude \"qelib1.inc\";\nqreg q[3];\nx q[1];\nx q[0];\nh q[0];\nx q[2];\ncx q[1],q[0];\ncx q[2],q[1];\ncx q[1],q[2];\nh q[0];\nx q[2];\nh q[0];\nh q[0];\nx q[2];\nh q[0];\ncx q[1],q[2];\ncx q[2],q[1];\ncx q[1],q[0];\nx q[2];\nh q[0];\nx q[0];\nx q[1];", "pqc_circuit_qasm": "OPENQASM 2.0;\ninclude \"qelib1.inc\";\nqreg q[3];\nx q[1];\nx q[0];\nh q[0];\nx q[2];\ncx q[1],q[0];\nrz(2.201901435852051) q[0];\nrx(-1.0252448320388794) q[0];\nrz(3.487819194793701) q[0];\nrz(2.5706539154052734) q[1];\nrx(-2.2985928058624268) q[1];\nrz(-0.5830141305923462) q[1];\nrz(0.48017963767051697) q[2];\nrx(1.6632850170135498) q[2];\nrz(1.6040500402450562) q[2];\ncx q[2],q[1];\ncx q[1],q[2];\nh q[0];\nx q[2];\nh q[0];\nrz(2.8593313694000244) q[0];\nrx(2.3714709281921387) q[0];\nrz(3.1281607151031494) q[0];\nrz(-1.3790396451950073) q[1];\nrx(0.012680192478001118) q[1];\nrz(1.0683026313781738) q[1];\nrz(-2.6227622032165527) q[2];\nrx(-3.0162761211395264) q[2];\nrz(0.9313660860061646) q[2];\nh q[0];\nx q[2];\nh q[0];\ncx q[1],q[2];\ncx q[2],q[1];\nrz(-1.168136477470398) q[0];\nrx(3.5666301250457764) q[0];\nrz(-1.5287752151489258) q[0];\nrz(-0.46186915040016174) q[1];\nrx(-2.4990122318267822) q[1];\nrz(0.965393602848053) q[1];\nrz(0.025806019082665443) q[2];\nrx(-1.3833098411560059) q[2];\nrz(1.5296765565872192) q[2];\ncx q[1],q[0];\nx q[2];\nh q[0];\nx q[0];\nx q[1];\nrz(-1.139225721359253) q[0];\nrx(-0.2823265790939331) q[0];\nrz(0.662398099899292) q[0];\nrz(0.8961146473884583) q[1];\nrx(2.9109768867492676) q[1];\nrz(-0.4979996085166931) q[1];\nrz(-3.139352560043335) q[2];\nrx(-1.4354562759399414) q[2];\nrz(2.578554391860962) q[2];"}