{"seed": 2304, "fidelity": 0.9963794946670532, "pqc_params": [[[0.6823167204856873, -1.303181529045105, 3.285517692565918], [-0.4148671627044678, -2.4903745651245117, -0.7082922458648682], [1.3397976160049438, 2.1813790798187256, -3.7105045318603516]], [[-0.5687894225120544, -1.0102267265319824, 1.0898747444152832], [-1.6817529201507568, -0.5273576974868774, -2.0134775638580322], [1.830787181854248, -0.004999660421162844, -1.9355552196502686]], [[0.46755465865135193, -1.121399164199829, -0.1859867423772812], [-1.660433053970337, 0.14320307970046997, 0.9720587134361267], [0.21723955869674683, 1.4602643251419067, -1.3976768255233765]], [[0.4252876341342926, 2.945852756500244, 1.1875557899475098], [-2.654456615447998, 0.692500114440918, 2.849289655685425], [-2.68377423286438, 0.021029377356171608, 3.19517183303833]]], "base_circuit_tokens": [["x", [2], []], ["h", [2], []], ["h", [2], []], ["cx", [0, 2], []], ["h", [0], []], ["cx", [1, 2], []], ["x", [2], []], ["h", [1], []], ["h", [0], []], ["cx", [1, 2], []], ["cx", [1, 2], []], ["h", [0], []], ["h", [1], []], ["x", [2], []], ["cx", [1, 2], []], ["h", [0], []], ["cx", [0, 2], []], ["h", [2], []], ["h", [2], []], ["x", [2], []]], "pqc_circuit_tokens": [["x", [2], []], ["h", [2], []], ["h", [2], []], ["cx", [0, 2], []], ["h", [0], []], ["rz", [0], [0.6823167204856873]], ["rx", [0], [-1.303181529045105]], ["rz", [0], [3.285517692565918]], ["rz", [1], [-0.4148671627044678]], ["rx", [1], [-2.4903745651245117]], ["rz", [1], [-0.7082922458648682]], ["rz", [2], [1.3397976160049438]], ["rx", [2], [2.1813790798187256]], ["rz", [2], [-3.7105045318603516]], ["cx", [1, 2], []], ["x", [2], []], ["h", [1], []], ["h", [0], []], ["cx", [1, 2], []], ["rz", [0], [-0.5687894225120544]], ["rx", [0], [-1.0102267265319824]], ["rz", [0], [1.0898747444152832]], ["rz", [1], [-1.6817529201507568]], ["rx", [1], [-0.5273576974868774]], ["rz", [1], [-2.0134775638580322]], ["rz", [2], [1.830787181854248]], ["rx", [2], [-0.004999660421162844]], ["rz", [2], [-1.9355552196502686]], ["cx", [1, 2], []], ["h", [0], []], ["h", [1], []], ["x", [2], []], ["cx", [1, 2], []], ["rz", [0], [0.46755465865135193]], ["rx", [0], [-1.121399164199829]], ["rz", [0], [-0.1859867423772812]], ["rz", [1], [-1.660433053970337]], ["rx", [1], [0.14320307970046997]], ["rz", [1], [0.9720587134361267]], ["rz", [2], [0.21723955869674683]], ["rx", [2], [1.4602643251419067]], ["rz", [2], [-1.3976768255233765]], ["h", [0], []], ["cx", [0, 2], []], ["h", [2], []], ["h", [2], []], ["x", [2], []], ["rz", [0], [0.4252876341342926]], ["rx", [0], [2.945852756500244]], ["rz", [0], [1.1875557899475098]], ["rz", [1], [-2.654456615447998]], ["rx", [1], [0.692500114440918]], ["rz", [1], [2.849289655685425]], ["rz", [2], [-2.68377423286438]], ["rx", [2], [0.021029377356171608]], ["rz", [2], [3.19517183303833]]], "base_circuit_qasm": "OPENQASM 2.0;\ninclude \"qelib1.inc\";\nqreg q[3];\nx q[2];\nh q[2];\nh q[2];\ncx q[0],q[2];\nh q[0];\ncx q[1],q[2];\nx q[2];\nh q[1];\nh q[0];\ncx q[1],q[2];\ncx q[1],q[2];\nh q[0];\nh q[1];\nx q[2];\ncx q[1],q[2];\nh q[0];\ncx q[0],q[2];\nh q[2];\nh q[2];\nx q[2];", "pqc_circuit_qasm": "OPENQASM 2.0;\ninclude \"qelib1.inc\";\nqreg q[3];\nx q[2];\nh q[2];\nh q[2];\ncx q[0],q[2];\nh q[0];\nrz(0.6823167204856873) q[0];\nrx(-1.303181529045105) q[0];\nrz(3.285517692565918) q[0];\nrz(-0.4148671627044678) q[1];\nrx(-2.4903745651245117) q[1];\nrz(-0.7082922458648682) q[1];\nrz(1.3397976160049438) q[2];\nrx(2.1813790798187256) q[2];\nrz(-3.7105045318603516) q[2];\ncx q[1],q[2];\nx q[2];\nh q[1];\nh q[0];\ncx q[1],q[2];\nrz(-0.5687894225120544) q[0];\nrx(-1.0102267265319824) q[0];\nrz(1.0898747444152832) q[0];\nrz(-1.6817529201507568) q[1];\nrx(-0.5273576974868774) q[1];\nrz(-2.0134775638580322) q[1];\nrz(1.830787181854248) q[2];\nrx(-0.004999660421162844) q[2];\nrz(-1.9355552196502686) q[2];\ncx q[1],q[2];\nh q[0];\nh q[1];\nx q[2];\ncx q[1],q[2];\nrz(0.46755465865135193) q[0];\nrx(-1.121399164199829) q[0];\nrz(-0.1859867423772812) q[0];\nrz(-1.660433053970337) q[1];\nrx(0.14320307970046997) q[1];\nrz(0.9720587134361267) q[1];\nrz(0.21723955869674683) q[2];\nrx(1.4602643251419067) q[2];\nrz(-1.3976768255233765) q[2];\nh q[0];\ncx q[0],q[2];\nh q[2];\nh q[2];\nx q[2];\nrz(0.4252876341342926) q[0];\nrx(2.945852756500244) q[0];\nrz(1.1875557899475098) q[0];\nrz(-2.654456615447998) q[1];\nrx(0.692500114440918) q[1];\nrz(2.849289655685425) q[1];\nrz(-2.68377423286438) q[2];\nrx(0.021029377356171608) q[2];\nrz(3.19517183303833) q[2];"}