{"seed": 2306, "fidelity": 0.9673056602478027, "pqc_params": [[[1.422793984413147, 2.7559707164764404, 1.049261212348938], [1.0185630321502686, -0.4907456040382385, -1.4471348524093628], [-2.611975908279419, -0.08724316209554672, 2.01328182220459]], [[0.7099302411079407, 2.715536594390869, -2.3291115760803223], [-1.8783951997756958, -2.133420944213867, -0.43530529737472534], [-3.165215253829956, -0.38938841223716736, -0.10191777348518372]], [[0.29366201162338257, -0.12684030830860138, 2.8660011291503906], [-2.38955020904541, -2.589188575744629, 2.4489128589630127], [3.250248432159424, -0.8346731066703796, -3.49031138420105]], [[-1.5764566659927368, 0.5824821591377258, -2.421755313873291], [-1.1795892715454102, -0.44657522439956665, 1.3476791381835938], [-1.4999849796295166, -2.686138153076172, 1.900334119796753]]], "base_circuit_tokens": [["h", [2], []], ["h", [1], []], ["cx", [1, 0], []], ["x", [2], []], ["cx", [1, 0], []], ["h", [0], []], ["h", [0], []], ["cx", [0, 2], []], ["x", [1], []], ["h", [0], []], ["h", [0], []], ["x", [1], []], ["cx", [0, 2], []], ["h", [0], []], ["h", [0], []], ["cx", [1, 0], []], ["x", [2], []], ["cx", [1, 0], []], ["h", [1], []], ["h", [2], []]], "pqc_circuit_tokens": [["h", [2], []], ["h", [1], []], ["cx", [1, 0], []], ["x", [2], []], ["cx", [1, 0], []], ["rz", [0], [1.422793984413147]], ["rx", [0], [2.7559707164764404]], ["rz", [0], [1.049261212348938]], ["rz", [1], [1.0185630321502686]], ["rx", [1], [-0.4907456040382385]], ["rz", [1], [-1.4471348524093628]], ["rz", [2], [-2.611975908279419]], ["rx", [2], [-0.08724316209554672]], ["rz", [2], [2.01328182220459]], ["h", [0], []], ["h", [0], []], ["cx", [0, 2], []], ["x", [1], []], ["h", [0], []], ["rz", [0], [0.7099302411079407]], ["rx", [0], [2.715536594390869]], ["rz", [0], [-2.3291115760803223]], ["rz", [1], [-1.8783951997756958]], ["rx", [1], [-2.133420944213867]], ["rz", [1], [-0.43530529737472534]], ["rz", [2], [-3.165215253829956]], ["rx", [2], [-0.38938841223716736]], ["rz", [2], [-0.10191777348518372]], ["h", [0], []], ["x", [1], []], ["cx", [0, 2], []], ["h", [0], []], ["h", [0], []], ["rz", [0], [0.29366201162338257]], ["rx", [0], [-0.12684030830860138]], ["rz", [0], [2.8660011291503906]], ["rz", [1], [-2.38955020904541]], ["rx", [1], [-2.589188575744629]], ["rz", [1], [2.4489128589630127]], ["rz", [2], [3.250248432159424]], ["rx", [2], [-0.8346731066703796]], ["rz", [2], [-3.49031138420105]], ["cx", [1, 0], []], ["x", [2], []], ["cx", [1, 0], []], ["h", [1], []], ["h", [2], []], ["rz", [0], [-1.5764566659927368]], ["rx", [0], [0.5824821591377258]], ["rz", [0], [-2.421755313873291]], ["rz", [1], [-1.1795892715454102]], ["rx", [1], [-0.44657522439956665]], ["rz", [1], [1.3476791381835938]], ["rz", [2], [-1.4999849796295166]], ["rx", [2], [-2.686138153076172]], ["rz", [2], [1.900334119796753]]], "base_circuit_qasm": "OPENQASM 2.0;\ninclude \"qelib1.inc\";\nqreg q[3];\nh q[2];\nh q[1];\ncx q[1],q[0];\nx q[2];\ncx q[1],q[0];\nh q[0];\nh q[0];\ncx q[0],q[2];\nx q[1];\nh q[0];\nh q[0];\nx q[1];\ncx q[0],q[2];\nh q[0];\nh q[0];\ncx q[1],q[0];\nx q[2];\ncx q[1],q[0];\nh q[1];\nh q[2];", "pqc_circuit_qasm": "OPENQASM 2.0;\ninclude \"qelib1.inc\";\nqreg q[3];\nh q[2];\nh q[1];\ncx q[1],q[0];\nx q[2];\ncx q[1],q[0];\nrz(1.422793984413147) q[0];\nrx(2.7559707164764404) q[0];\nrz(1.049261212348938) q[0];\nrz(1.0185630321502686) q[1];\nrx(-0.4907456040382385) q[1];\nrz(-1.4471348524093628) q[1];\nrz(-2.611975908279419) q[2];\nrx(-0.08724316209554672) q[2];\nrz(2.01328182220459) q[2];\nh q[0];\nh q[0];\ncx q[0],q[2];\nx q[1];\nh q[0];\nrz(0.7099302411079407) q[0];\nrx(2.715536594390869) q[0];\nrz(-2.3291115760803223) q[0];\nrz(-1.8783951997756958) q[1];\nrx(-2.133420944213867) q[1];\nrz(-0.43530529737472534) q[1];\nrz(-3.165215253829956) q[2];\nrx(-0.38938841223716736) q[2];\nrz(-0.10191777348518372) q[2];\nh q[0];\nx q[1];\ncx q[0],q[2];\nh q[0];\nh q[0];\nrz(0.29366201162338257) q[0];\nrx(-0.12684030830860138) q[0];\nrz(2.8660011291503906) q[0];\nrz(-2.38955020904541) q[1];\nrx(-2.589188575744629) q[1];\nrz(2.4489128589630127) q[1];\nrz(3.250248432159424) q[2];\nrx(-0.8346731066703796) q[2];\nrz(-3.49031138420105) q[2];\ncx q[1],q[0];\nx q[2];\ncx q[1],q[0];\nh q[1];\nh q[2];\nrz(-1.5764566659927368) q[0];\nrx(0.5824821591377258) q[0];\nrz(-2.421755313873291) q[0];\nrz(-1.1795892715454102) q[1];\nrx(-0.44657522439956665) q[1];\nrz(1.3476791381835938) q[1];\nrz(-1.4999849796295166) q[2];\nrx(-2.686138153076172) q[2];\nrz(1.900334119796753) q[2];"}