{"seed": 2308, "fidelity": 0.992920994758606, "pqc_params": [[[0.7790376543998718, 2.0379157066345215, -0.6840008497238159], [1.8831299543380737, 1.3652230501174927, 2.757351875305176], [-1.462606430053711, -1.3752844333648682, 0.8170087337493896]], [[2.7213494777679443, -0.5346706509590149, 1.453705072402954], [3.236335277557373, 1.7820857763290405, -0.3296034336090088], [-2.6946680545806885, 2.250478744506836, 0.39431002736091614]], [[1.9011445045471191, 3.246075391769409, 3.0373547077178955], [1.6615906953811646, -0.2818966209888458, -1.2930235862731934], [-0.025861969217658043, -2.0618762969970703, -1.5759696960449219]], [[0.9528992176055908, -0.19430994987487793, 1.5653867721557617], [-0.5314754247665405, -0.6040250658988953, -1.9750272035598755], [3.3013923168182373, -2.330641508102417, 2.875628709793091]]], "base_circuit_tokens": [["cx", [0, 2], []], ["cx", [1, 2], []], ["h", [0], []], ["h", [2], []], ["cx", [2, 0], []], ["h", [0], []], ["x", [2], []], ["cx", [2, 1], []], ["x", [1], []], ["h", [2], []], ["h", [2], []], ["x", [1], []], ["cx", [2, 1], []], ["x", [2], []], ["h", [0], []], ["cx", [2, 0], []], ["h", [2], []], ["h", [0], []], ["cx", [1, 2], []], ["cx", [0, 2], []]], "pqc_circuit_tokens": [["cx", [0, 2], []], ["cx", [1, 2], []], ["h", [0], []], ["h", [2], []], ["cx", [2, 0], []], ["rz", [0], [0.7790376543998718]], ["rx", [0], [2.0379157066345215]], ["rz", [0], [-0.6840008497238159]], ["rz", [1], [1.8831299543380737]], ["rx", [1], [1.3652230501174927]], ["rz", [1], [2.757351875305176]], ["rz", [2], [-1.462606430053711]], ["rx", [2], [-1.3752844333648682]], ["rz", [2], [0.8170087337493896]], ["h", [0], []], ["x", [2], []], ["cx", [2, 1], []], ["x", [1], []], ["h", [2], []], ["rz", [0], [2.7213494777679443]], ["rx", [0], [-0.5346706509590149]], ["rz", [0], [1.453705072402954]], ["rz", [1], [3.236335277557373]], ["rx", [1], [1.7820857763290405]], ["rz", [1], [-0.3296034336090088]], ["rz", [2], [-2.6946680545806885]], ["rx", [2], [2.250478744506836]], ["rz", [2], [0.39431002736091614]], ["h", [2], []], ["x", [1], []], ["cx", [2, 1], []], ["x", [2], []], ["h", [0], []], ["rz", [0], [1.9011445045471191]], ["rx", [0], [3.246075391769409]], ["rz", [0], [3.0373547077178955]], ["rz", [1], [1.6615906953811646]], ["rx", [1], [-0.2818966209888458]], ["rz", [1], [-1.2930235862731934]], ["rz", [2], [-0.025861969217658043]], ["rx", [2], [-2.0618762969970703]], ["rz", [2], [-1.5759696960449219]], ["cx", [2, 0], []], ["h", [2], []], ["h", [0], []], ["cx", [1, 2], []], ["cx", [0, 2], []], ["rz", [0], [0.9528992176055908]], ["rx", [0], [-0.19430994987487793]], ["rz", [0], [1.5653867721557617]], ["rz", [1], [-0.5314754247665405]], ["rx", [1], [-0.6040250658988953]], ["rz", [1], [-1.9750272035598755]], ["rz", [2], [3.3013923168182373]], ["rx", [2], [-2.330641508102417]], ["rz", [2], [2.875628709793091]]], "base_circuit_qasm": "OPENQASM 2.0;\ninclude \"qelib1.inc\";\nqreg q[3];\ncx q[0],q[2];\ncx q[1],q[2];\nh q[0];\nh q[2];\ncx q[2],q[0];\nh q[0];\nx q[2];\ncx q[2],q[1];\nx q[1];\nh q[2];\nh q[2];\nx q[1];\ncx q[2],q[1];\nx q[2];\nh q[0];\ncx q[2],q[0];\nh q[2];\nh q[0];\ncx q[1],q[2];\ncx q[0],q[2];", "pqc_circuit_qasm": "OPENQASM 2.0;\ninclude \"qelib1.inc\";\nqreg q[3];\ncx q[0],q[2];\ncx q[1],q[2];\nh q[0];\nh q[2];\ncx q[2],q[0];\nrz(0.7790376543998718) q[0];\nrx(2.0379157066345215) q[0];\nrz(-0.6840008497238159) q[0];\nrz(1.8831299543380737) q[1];\nrx(1.3652230501174927) q[1];\nrz(2.757351875305176) q[1];\nrz(-1.462606430053711) q[2];\nrx(-1.3752844333648682) q[2];\nrz(0.8170087337493896) q[2];\nh q[0];\nx q[2];\ncx q[2],q[1];\nx q[1];\nh q[2];\nrz(2.7213494777679443) q[0];\nrx(-0.5346706509590149) q[0];\nrz(1.453705072402954) q[0];\nrz(3.236335277557373) q[1];\nrx(1.7820857763290405) q[1];\nrz(-0.3296034336090088) q[1];\nrz(-2.6946680545806885) q[2];\nrx(2.250478744506836) q[2];\nrz(0.39431002736091614) q[2];\nh q[2];\nx q[1];\ncx q[2],q[1];\nx q[2];\nh q[0];\nrz(1.9011445045471191) q[0];\nrx(3.246075391769409) q[0];\nrz(3.0373547077178955) q[0];\nrz(1.6615906953811646) q[1];\nrx(-0.2818966209888458) q[1];\nrz(-1.2930235862731934) q[1];\nrz(-0.025861969217658043) q[2];\nrx(-2.0618762969970703) q[2];\nrz(-1.5759696960449219) q[2];\ncx q[2],q[0];\nh q[2];\nh q[0];\ncx q[1],q[2];\ncx q[0],q[2];\nrz(0.9528992176055908) q[0];\nrx(-0.19430994987487793) q[0];\nrz(1.5653867721557617) q[0];\nrz(-0.5314754247665405) q[1];\nrx(-0.6040250658988953) q[1];\nrz(-1.9750272035598755) q[1];\nrz(3.3013923168182373) q[2];\nrx(-2.330641508102417) q[2];\nrz(2.875628709793091) q[2];"}