{"seed": 2312, "fidelity": 0.9881924986839294, "pqc_params": [[[-0.8355728387832642, 1.5327491760253906, -1.073005199432373], [2.7822413444519043, 2.1093547344207764, -0.7449490427970886], [-1.1254631280899048, -2.248283624649048, -2.930015802383423]], [[-0.3188839554786682, 1.2256206274032593, -0.8912249207496643], [1.6462310552597046, 2.561255693435669, 3.9748923778533936], [-3.751378297805786, -0.6874768137931824, -2.038435459136963]], [[-1.0097262859344482, 3.296316146850586, -0.22557489573955536], [-1.114344596862793, -0.16719338297843933, 2.411093235015869], [0.2387964129447937, -3.5055196285247803, 0.7608044147491455]], [[0.8557005524635315, -0.008185877464711666, -0.9560348391532898], [-1.0168999433517456, -0.0687355324625969, -0.9817751049995422], [-0.8086340427398682, -0.2373146414756775, -0.412092924118042]]], "base_circuit_tokens": [["x", [2], []], ["cx", [1, 0], []], ["cx", [2, 0], []], ["h", [0], []], ["x", [2], []], ["h", [2], []], ["h", [0], []], ["h", [1], []], ["x", [0], []], ["h", [2], []], ["h", [2], []], ["x", [0], []], ["h", [1], []], ["h", [0], []], ["h", [2], []], ["x", [2], []], ["h", [0], []], ["cx", [2, 0], []], ["cx", [1, 0], []], ["x", [2], []]], "pqc_circuit_tokens": [["x", [2], []], ["cx", [1, 0], []], ["cx", [2, 0], []], ["h", [0], []], ["x", [2], []], ["rz", [0], [-0.8355728387832642]], ["rx", [0], [1.5327491760253906]], ["rz", [0], [-1.073005199432373]], ["rz", [1], [2.7822413444519043]], ["rx", [1], [2.1093547344207764]], ["rz", [1], [-0.7449490427970886]], ["rz", [2], [-1.1254631280899048]], ["rx", [2], [-2.248283624649048]], ["rz", [2], [-2.930015802383423]], ["h", [2], []], ["h", [0], []], ["h", [1], []], ["x", [0], []], ["h", [2], []], ["rz", [0], [-0.3188839554786682]], ["rx", [0], [1.2256206274032593]], ["rz", [0], [-0.8912249207496643]], ["rz", [1], [1.6462310552597046]], ["rx", [1], [2.561255693435669]], ["rz", [1], [3.9748923778533936]], ["rz", [2], [-3.751378297805786]], ["rx", [2], [-0.6874768137931824]], ["rz", [2], [-2.038435459136963]], ["h", [2], []], ["x", [0], []], ["h", [1], []], ["h", [0], []], ["h", [2], []], ["rz", [0], [-1.0097262859344482]], ["rx", [0], [3.296316146850586]], ["rz", [0], [-0.22557489573955536]], ["rz", [1], [-1.114344596862793]], ["rx", [1], [-0.16719338297843933]], ["rz", [1], [2.411093235015869]], ["rz", [2], [0.2387964129447937]], ["rx", [2], [-3.5055196285247803]], ["rz", [2], [0.7608044147491455]], ["x", [2], []], ["h", [0], []], ["cx", [2, 0], []], ["cx", [1, 0], []], ["x", [2], []], ["rz", [0], [0.8557005524635315]], ["rx", [0], [-0.008185877464711666]], ["rz", [0], [-0.9560348391532898]], ["rz", [1], [-1.0168999433517456]], ["rx", [1], [-0.0687355324625969]], ["rz", [1], [-0.9817751049995422]], ["rz", [2], [-0.8086340427398682]], ["rx", [2], [-0.2373146414756775]], ["rz", [2], [-0.412092924118042]]], "base_circuit_qasm": "OPENQASM 2.0;\ninclude \"qelib1.inc\";\nqreg q[3];\nx q[2];\ncx q[1],q[0];\ncx q[2],q[0];\nh q[0];\nx q[2];\nh q[2];\nh q[0];\nh q[1];\nx q[0];\nh q[2];\nh q[2];\nx q[0];\nh q[1];\nh q[0];\nh q[2];\nx q[2];\nh q[0];\ncx q[2],q[0];\ncx q[1],q[0];\nx q[2];", "pqc_circuit_qasm": "OPENQASM 2.0;\ninclude \"qelib1.inc\";\nqreg q[3];\nx q[2];\ncx q[1],q[0];\ncx q[2],q[0];\nh q[0];\nx q[2];\nrz(-0.8355728387832642) q[0];\nrx(1.5327491760253906) q[0];\nrz(-1.073005199432373) q[0];\nrz(2.7822413444519043) q[1];\nrx(2.1093547344207764) q[1];\nrz(-0.7449490427970886) q[1];\nrz(-1.1254631280899048) q[2];\nrx(-2.248283624649048) q[2];\nrz(-2.930015802383423) q[2];\nh q[2];\nh q[0];\nh q[1];\nx q[0];\nh q[2];\nrz(-0.3188839554786682) q[0];\nrx(1.2256206274032593) q[0];\nrz(-0.8912249207496643) q[0];\nrz(1.6462310552597046) q[1];\nrx(2.561255693435669) q[1];\nrz(3.9748923778533936) q[1];\nrz(-3.751378297805786) q[2];\nrx(-0.6874768137931824) q[2];\nrz(-2.038435459136963) q[2];\nh q[2];\nx q[0];\nh q[1];\nh q[0];\nh q[2];\nrz(-1.0097262859344482) q[0];\nrx(3.296316146850586) q[0];\nrz(-0.22557489573955536) q[0];\nrz(-1.114344596862793) q[1];\nrx(-0.16719338297843933) q[1];\nrz(2.411093235015869) q[1];\nrz(0.2387964129447937) q[2];\nrx(-3.5055196285247803) q[2];\nrz(0.7608044147491455) q[2];\nx q[2];\nh q[0];\ncx q[2],q[0];\ncx q[1],q[0];\nx q[2];\nrz(0.8557005524635315) q[0];\nrx(-0.008185877464711666) q[0];\nrz(-0.9560348391532898) q[0];\nrz(-1.0168999433517456) q[1];\nrx(-0.0687355324625969) q[1];\nrz(-0.9817751049995422) q[1];\nrz(-0.8086340427398682) q[2];\nrx(-0.2373146414756775) q[2];\nrz(-0.412092924118042) q[2];"}