{"seed": 2313, "fidelity": 0.9974991083145142, "pqc_params": [[[-0.7106291055679321, 0.904913604259491, -1.828682780265808], [-0.42923465371131897, -1.5834378004074097, 0.5138455629348755], [0.99885094165802, -3.1698756217956543, 2.1050727367401123]], [[1.303174614906311, -1.7665302753448486, 3.0630030632019043], [1.5704931020736694, -1.7281845808029175, -0.764655351638794], [-0.5823557376861572, -0.7930625081062317, 1.6518956422805786]], [[-0.7056986093521118, -1.5585201978683472, 3.003194808959961], [1.1674615144729614, 0.7021860480308533, -1.657239556312561], [-1.4145127534866333, 2.446955680847168, 1.679409146308899]], [[2.6941490173339844, 0.0755840316414833, 1.235660433769226], [1.923352837562561, 0.0064198910258710384, 2.0119011402130127], [1.1225438117980957, 0.002956690965220332, 1.9110736846923828]]], "base_circuit_tokens": [["cx", [1, 2], []], ["h", [1], []], ["h", [0], []], ["h", [0], []], ["cx", [1, 0], []], ["x", [2], []], ["x", [0], []], ["h", [1], []], ["cx", [0, 1], []], ["cx", [1, 0], []], ["cx", [1, 0], []], ["cx", [0, 1], []], ["h", [1], []], ["x", [0], []], ["x", [2], []], ["cx", [1, 0], []], ["h", [0], []], ["h", [0], []], ["h", [1], []], ["cx", [1, 2], []]], "pqc_circuit_tokens": [["cx", [1, 2], []], ["h", [1], []], ["h", [0], []], ["h", [0], []], ["cx", [1, 0], []], ["rz", [0], [-0.7106291055679321]], ["rx", [0], [0.904913604259491]], ["rz", [0], [-1.828682780265808]], ["rz", [1], [-0.42923465371131897]], ["rx", [1], [-1.5834378004074097]], ["rz", [1], [0.5138455629348755]], ["rz", [2], [0.99885094165802]], ["rx", [2], [-3.1698756217956543]], ["rz", [2], [2.1050727367401123]], ["x", [2], []], ["x", [0], []], ["h", [1], []], ["cx", [0, 1], []], ["cx", [1, 0], []], ["rz", [0], [1.303174614906311]], ["rx", [0], [-1.7665302753448486]], ["rz", [0], [3.0630030632019043]], ["rz", [1], [1.5704931020736694]], ["rx", [1], [-1.7281845808029175]], ["rz", [1], [-0.764655351638794]], ["rz", [2], [-0.5823557376861572]], ["rx", [2], [-0.7930625081062317]], ["rz", [2], [1.6518956422805786]], ["cx", [1, 0], []], ["cx", [0, 1], []], ["h", [1], []], ["x", [0], []], ["x", [2], []], ["rz", [0], [-0.7056986093521118]], ["rx", [0], [-1.5585201978683472]], ["rz", [0], [3.003194808959961]], ["rz", [1], [1.1674615144729614]], ["rx", [1], [0.7021860480308533]], ["rz", [1], [-1.657239556312561]], ["rz", [2], [-1.4145127534866333]], ["rx", [2], [2.446955680847168]], ["rz", [2], [1.679409146308899]], ["cx", [1, 0], []], ["h", [0], []], ["h", [0], []], ["h", [1], []], ["cx", [1, 2], []], ["rz", [0], [2.6941490173339844]], ["rx", [0], [0.0755840316414833]], ["rz", [0], [1.235660433769226]], ["rz", [1], [1.923352837562561]], ["rx", [1], [0.0064198910258710384]], ["rz", [1], [2.0119011402130127]], ["rz", [2], [1.1225438117980957]], ["rx", [2], [0.002956690965220332]], ["rz", [2], [1.9110736846923828]]], "base_circuit_qasm": "OPENQASM 2.0;\ninclude \"qelib1.inc\";\nqreg q[3];\ncx q[1],q[2];\nh q[1];\nh q[0];\nh q[0];\ncx q[1],q[0];\nx q[2];\nx q[0];\nh q[1];\ncx q[0],q[1];\ncx q[1],q[0];\ncx q[1],q[0];\ncx q[0],q[1];\nh q[1];\nx q[0];\nx q[2];\ncx q[1],q[0];\nh q[0];\nh q[0];\nh q[1];\ncx q[1],q[2];", "pqc_circuit_qasm": "OPENQASM 2.0;\ninclude \"qelib1.inc\";\nqreg q[3];\ncx q[1],q[2];\nh q[1];\nh q[0];\nh q[0];\ncx q[1],q[0];\nrz(-0.7106291055679321) q[0];\nrx(0.904913604259491) q[0];\nrz(-1.828682780265808) q[0];\nrz(-0.42923465371131897) q[1];\nrx(-1.5834378004074097) q[1];\nrz(0.5138455629348755) q[1];\nrz(0.99885094165802) q[2];\nrx(-3.1698756217956543) q[2];\nrz(2.1050727367401123) q[2];\nx q[2];\nx q[0];\nh q[1];\ncx q[0],q[1];\ncx q[1],q[0];\nrz(1.303174614906311) q[0];\nrx(-1.7665302753448486) q[0];\nrz(3.0630030632019043) q[0];\nrz(1.5704931020736694) q[1];\nrx(-1.7281845808029175) q[1];\nrz(-0.764655351638794) q[1];\nrz(-0.5823557376861572) q[2];\nrx(-0.7930625081062317) q[2];\nrz(1.6518956422805786) q[2];\ncx q[1],q[0];\ncx q[0],q[1];\nh q[1];\nx q[0];\nx q[2];\nrz(-0.7056986093521118) q[0];\nrx(-1.5585201978683472) q[0];\nrz(3.003194808959961) q[0];\nrz(1.1674615144729614) q[1];\nrx(0.7021860480308533) q[1];\nrz(-1.657239556312561) q[1];\nrz(-1.4145127534866333) q[2];\nrx(2.446955680847168) q[2];\nrz(1.679409146308899) q[2];\ncx q[1],q[0];\nh q[0];\nh q[0];\nh q[1];\ncx q[1],q[2];\nrz(2.6941490173339844) q[0];\nrx(0.0755840316414833) q[0];\nrz(1.235660433769226) q[0];\nrz(1.923352837562561) q[1];\nrx(0.0064198910258710384) q[1];\nrz(2.0119011402130127) q[1];\nrz(1.1225438117980957) q[2];\nrx(0.002956690965220332) q[2];\nrz(1.9110736846923828) q[2];"}