{"seed": 2337, "fidelity": 0.9681110382080078, "pqc_params": [[[2.200869083404541, 1.3182522058486938, -1.6078530550003052], [3.6972453594207764, 0.26728516817092896, 0.4259882867336273], [1.945805549621582, -3.8477394580841064, 0.3839026689529419]], [[-3.1928088665008545, 2.43247127532959, -3.059705972671509], [2.042112112045288, 3.201824426651001, -0.9805189967155457], [1.08685302734375, -0.0479605458676815, -0.7540234327316284]], [[-1.6811379194259644, 4.32462739944458, 3.4659230709075928], [1.4180456399917603, 2.0550918579101562, 0.07756279408931732], [-2.244342088699341, -1.9299135208129883, -1.518188714981079]], [[-2.577054738998413, -0.13985759019851685, 2.225393772125244], [0.7656378746032715, -2.0059053897857666, -2.5160088539123535], [-3.9818811416625977, 1.6149928569793701, 3.0901241302490234]]], "base_circuit_tokens": [["x", [2], []], ["x", [1], []], ["h", [0], []], ["x", [1], []], ["cx", [0, 1], []], ["h", [1], []], ["x", [1], []], ["cx", [2, 0], []], ["h", [1], []], ["cx", [0, 1], []], ["cx", [0, 1], []], ["h", [1], []], ["cx", [2, 0], []], ["x", [1], []], ["h", [1], []], ["cx", [0, 1], []], ["x", [1], []], ["h", [0], []], ["x", [1], []], ["x", [2], []]], "pqc_circuit_tokens": [["x", [2], []], ["x", [1], []], ["h", [0], []], ["x", [1], []], ["cx", [0, 1], []], ["rz", [0], [2.200869083404541]], ["rx", [0], [1.3182522058486938]], ["rz", [0], [-1.6078530550003052]], ["rz", [1], [3.6972453594207764]], ["rx", [1], [0.26728516817092896]], ["rz", [1], [0.4259882867336273]], ["rz", [2], [1.945805549621582]], ["rx", [2], [-3.8477394580841064]], ["rz", [2], [0.3839026689529419]], ["h", [1], []], ["x", [1], []], ["cx", [2, 0], []], ["h", [1], []], ["cx", [0, 1], []], ["rz", [0], [-3.1928088665008545]], ["rx", [0], [2.43247127532959]], ["rz", [0], [-3.059705972671509]], ["rz", [1], [2.042112112045288]], ["rx", [1], [3.201824426651001]], ["rz", [1], [-0.9805189967155457]], ["rz", [2], [1.08685302734375]], ["rx", [2], [-0.0479605458676815]], ["rz", [2], [-0.7540234327316284]], ["cx", [0, 1], []], ["h", [1], []], ["cx", [2, 0], []], ["x", [1], []], ["h", [1], []], ["rz", [0], [-1.6811379194259644]], ["rx", [0], [4.32462739944458]], ["rz", [0], [3.4659230709075928]], ["rz", [1], [1.4180456399917603]], ["rx", [1], [2.0550918579101562]], ["rz", [1], [0.07756279408931732]], ["rz", [2], [-2.244342088699341]], ["rx", [2], [-1.9299135208129883]], ["rz", [2], [-1.518188714981079]], ["cx", [0, 1], []], ["x", [1], []], ["h", [0], []], ["x", [1], []], ["x", [2], []], ["rz", [0], [-2.577054738998413]], ["rx", [0], [-0.13985759019851685]], ["rz", [0], [2.225393772125244]], ["rz", [1], [0.7656378746032715]], ["rx", [1], [-2.0059053897857666]], ["rz", [1], [-2.5160088539123535]], ["rz", [2], [-3.9818811416625977]], ["rx", [2], [1.6149928569793701]], ["rz", [2], [3.0901241302490234]]], "base_circuit_qasm": "OPENQASM 2.0;\ninclude \"qelib1.inc\";\nqreg q[3];\nx q[2];\nx q[1];\nh q[0];\nx q[1];\ncx q[0],q[1];\nh q[1];\nx q[1];\ncx q[2],q[0];\nh q[1];\ncx q[0],q[1];\ncx q[0],q[1];\nh q[1];\ncx q[2],q[0];\nx q[1];\nh q[1];\ncx q[0],q[1];\nx q[1];\nh q[0];\nx q[1];\nx q[2];", "pqc_circuit_qasm": "OPENQASM 2.0;\ninclude \"qelib1.inc\";\nqreg q[3];\nx q[2];\nx q[1];\nh q[0];\nx q[1];\ncx q[0],q[1];\nrz(2.200869083404541) q[0];\nrx(1.3182522058486938) q[0];\nrz(-1.6078530550003052) q[0];\nrz(3.6972453594207764) q[1];\nrx(0.26728516817092896) q[1];\nrz(0.4259882867336273) q[1];\nrz(1.945805549621582) q[2];\nrx(-3.8477394580841064) q[2];\nrz(0.3839026689529419) q[2];\nh q[1];\nx q[1];\ncx q[2],q[0];\nh q[1];\ncx q[0],q[1];\nrz(-3.1928088665008545) q[0];\nrx(2.43247127532959) q[0];\nrz(-3.059705972671509) q[0];\nrz(2.042112112045288) q[1];\nrx(3.201824426651001) q[1];\nrz(-0.9805189967155457) q[1];\nrz(1.08685302734375) q[2];\nrx(-0.0479605458676815) q[2];\nrz(-0.7540234327316284) q[2];\ncx q[0],q[1];\nh q[1];\ncx q[2],q[0];\nx q[1];\nh q[1];\nrz(-1.6811379194259644) q[0];\nrx(4.32462739944458) q[0];\nrz(3.4659230709075928) q[0];\nrz(1.4180456399917603) q[1];\nrx(2.0550918579101562) q[1];\nrz(0.07756279408931732) q[1];\nrz(-2.244342088699341) q[2];\nrx(-1.9299135208129883) q[2];\nrz(-1.518188714981079) q[2];\ncx q[0],q[1];\nx q[1];\nh q[0];\nx q[1];\nx q[2];\nrz(-2.577054738998413) q[0];\nrx(-0.13985759019851685) q[0];\nrz(2.225393772125244) q[0];\nrz(0.7656378746032715) q[1];\nrx(-2.0059053897857666) q[1];\nrz(-2.5160088539123535) q[1];\nrz(-3.9818811416625977) q[2];\nrx(1.6149928569793701) q[2];\nrz(3.0901241302490234) q[2];"}