{"seed": 2339, "fidelity": 0.9846097826957703, "pqc_params": [[[-3.851497173309326, 3.357354164123535, 2.4221487045288086], [1.3891754150390625, 0.2856946587562561, -1.5335649251937866], [2.7998883724212646, -1.570762276649475, 1.9353203773498535]], [[0.702949583530426, -0.4759213924407959, 0.039719048887491226], [-1.8427894115447998, 3.147569417953491, -1.7462753057479858], [0.044595830142498016, -0.0919739231467247, -0.5564649105072021]], [[0.8578436374664307, -1.820593237876892, 0.359886109828949], [-2.036200761795044, -0.9294178485870361, -1.3769750595092773], [-0.3847815692424774, 2.787632942199707, 1.894977331161499]], [[-1.5642263889312744, 0.6910925507545471, -0.47030261158943176], [0.7546215057373047, -2.2410531044006348, -2.1197361946105957], [1.2060328722000122, 3.045257091522217, -0.25086650252342224]]], "base_circuit_tokens": [["x", [0], []], ["x", [0], []], ["x", [2], []], ["h", [2], []], ["h", [0], []], ["x", [1], []], ["cx", [2, 0], []], ["h", [0], []], ["h", [2], []], ["cx", [2, 1], []], ["cx", [2, 1], []], ["h", [2], []], ["h", [0], []], ["cx", [2, 0], []], ["x", [1], []], ["h", [0], []], ["h", [2], []], ["x", [2], []], ["x", [0], []], ["x", [0], []]], "pqc_circuit_tokens": [["x", [0], []], ["x", [0], []], ["x", [2], []], ["h", [2], []], ["h", [0], []], ["rz", [0], [-3.851497173309326]], ["rx", [0], [3.357354164123535]], ["rz", [0], [2.4221487045288086]], ["rz", [1], [1.3891754150390625]], ["rx", [1], [0.2856946587562561]], ["rz", [1], [-1.5335649251937866]], ["rz", [2], [2.7998883724212646]], ["rx", [2], [-1.570762276649475]], ["rz", [2], [1.9353203773498535]], ["x", [1], []], ["cx", [2, 0], []], ["h", [0], []], ["h", [2], []], ["cx", [2, 1], []], ["rz", [0], [0.702949583530426]], ["rx", [0], [-0.4759213924407959]], ["rz", [0], [0.039719048887491226]], ["rz", [1], [-1.8427894115447998]], ["rx", [1], [3.147569417953491]], ["rz", [1], [-1.7462753057479858]], ["rz", [2], [0.044595830142498016]], ["rx", [2], [-0.0919739231467247]], ["rz", [2], [-0.5564649105072021]], ["cx", [2, 1], []], ["h", [2], []], ["h", [0], []], ["cx", [2, 0], []], ["x", [1], []], ["rz", [0], [0.8578436374664307]], ["rx", [0], [-1.820593237876892]], ["rz", [0], [0.359886109828949]], ["rz", [1], [-2.036200761795044]], ["rx", [1], [-0.9294178485870361]], ["rz", [1], [-1.3769750595092773]], ["rz", [2], [-0.3847815692424774]], ["rx", [2], [2.787632942199707]], ["rz", [2], [1.894977331161499]], ["h", [0], []], ["h", [2], []], ["x", [2], []], ["x", [0], []], ["x", [0], []], ["rz", [0], [-1.5642263889312744]], ["rx", [0], [0.6910925507545471]], ["rz", [0], [-0.47030261158943176]], ["rz", [1], [0.7546215057373047]], ["rx", [1], [-2.2410531044006348]], ["rz", [1], [-2.1197361946105957]], ["rz", [2], [1.2060328722000122]], ["rx", [2], [3.045257091522217]], ["rz", [2], [-0.25086650252342224]]], "base_circuit_qasm": "OPENQASM 2.0;\ninclude \"qelib1.inc\";\nqreg q[3];\nx q[0];\nx q[0];\nx q[2];\nh q[2];\nh q[0];\nx q[1];\ncx q[2],q[0];\nh q[0];\nh q[2];\ncx q[2],q[1];\ncx q[2],q[1];\nh q[2];\nh q[0];\ncx q[2],q[0];\nx q[1];\nh q[0];\nh q[2];\nx q[2];\nx q[0];\nx q[0];", "pqc_circuit_qasm": "OPENQASM 2.0;\ninclude \"qelib1.inc\";\nqreg q[3];\nx q[0];\nx q[0];\nx q[2];\nh q[2];\nh q[0];\nrz(-3.851497173309326) q[0];\nrx(3.357354164123535) q[0];\nrz(2.4221487045288086) q[0];\nrz(1.3891754150390625) q[1];\nrx(0.2856946587562561) q[1];\nrz(-1.5335649251937866) q[1];\nrz(2.7998883724212646) q[2];\nrx(-1.570762276649475) q[2];\nrz(1.9353203773498535) q[2];\nx q[1];\ncx q[2],q[0];\nh q[0];\nh q[2];\ncx q[2],q[1];\nrz(0.702949583530426) q[0];\nrx(-0.4759213924407959) q[0];\nrz(0.039719048887491226) q[0];\nrz(-1.8427894115447998) q[1];\nrx(3.147569417953491) q[1];\nrz(-1.7462753057479858) q[1];\nrz(0.044595830142498016) q[2];\nrx(-0.0919739231467247) q[2];\nrz(-0.5564649105072021) q[2];\ncx q[2],q[1];\nh q[2];\nh q[0];\ncx q[2],q[0];\nx q[1];\nrz(0.8578436374664307) q[0];\nrx(-1.820593237876892) q[0];\nrz(0.359886109828949) q[0];\nrz(-2.036200761795044) q[1];\nrx(-0.9294178485870361) q[1];\nrz(-1.3769750595092773) q[1];\nrz(-0.3847815692424774) q[2];\nrx(2.787632942199707) q[2];\nrz(1.894977331161499) q[2];\nh q[0];\nh q[2];\nx q[2];\nx q[0];\nx q[0];\nrz(-1.5642263889312744) q[0];\nrx(0.6910925507545471) q[0];\nrz(-0.47030261158943176) q[0];\nrz(0.7546215057373047) q[1];\nrx(-2.2410531044006348) q[1];\nrz(-2.1197361946105957) q[1];\nrz(1.2060328722000122) q[2];\nrx(3.045257091522217) q[2];\nrz(-0.25086650252342224) q[2];"}