{"seed": 2342, "fidelity": 0.9998883605003357, "pqc_params": [[[1.2127538919448853, 1.0940090417861938, -1.7417402267456055], [2.7561230659484863, 0.16448329389095306, 2.058500051498413], [2.2267212867736816, -0.5719364285469055, 3.1873703002929688]], [[2.021643877029419, 3.323709011077881, -0.9510806798934937], [-3.6674787998199463, -0.9181007146835327, 1.3754373788833618], [2.0563690662384033, 2.662834882736206, 2.869678497314453]], [[-0.3182438611984253, -2.675415277481079, 1.9520013332366943], [-1.707024097442627, 0.9487021565437317, -2.65948748588562], [-0.021105259656906128, -1.1240766048431396, -2.9423179626464844]], [[-0.02277625910937786, 1.0698444843292236, 1.1898988485336304], [-0.7119739055633545, 1.7696821689605713, -2.377998113632202], [0.44490548968315125, -3.6429476737976074, -2.7213528156280518]]], "base_circuit_tokens": [["x", [2], []], ["x", [2], []], ["h", [2], []], ["h", [1], []], ["h", [1], []], ["h", [0], []], ["x", [0], []], ["x", [2], []], ["x", [1], []], ["x", [0], []], ["x", [0], []], ["x", [1], []], ["x", [2], []], ["x", [0], []], ["h", [0], []], ["h", [1], []], ["h", [1], []], ["h", [2], []], ["x", [2], []], ["x", [2], []]], "pqc_circuit_tokens": [["x", [2], []], ["x", [2], []], ["h", [2], []], ["h", [1], []], ["h", [1], []], ["rz", [0], [1.2127538919448853]], ["rx", [0], [1.0940090417861938]], ["rz", [0], [-1.7417402267456055]], ["rz", [1], [2.7561230659484863]], ["rx", [1], [0.16448329389095306]], ["rz", [1], [2.058500051498413]], ["rz", [2], [2.2267212867736816]], ["rx", [2], [-0.5719364285469055]], ["rz", [2], [3.1873703002929688]], ["h", [0], []], ["x", [0], []], ["x", [2], []], ["x", [1], []], ["x", [0], []], ["rz", [0], [2.021643877029419]], ["rx", [0], [3.323709011077881]], ["rz", [0], [-0.9510806798934937]], ["rz", [1], [-3.6674787998199463]], ["rx", [1], [-0.9181007146835327]], ["rz", [1], [1.3754373788833618]], ["rz", [2], [2.0563690662384033]], ["rx", [2], [2.662834882736206]], ["rz", [2], [2.869678497314453]], ["x", [0], []], ["x", [1], []], ["x", [2], []], ["x", [0], []], ["h", [0], []], ["rz", [0], [-0.3182438611984253]], ["rx", [0], [-2.675415277481079]], ["rz", [0], [1.9520013332366943]], ["rz", [1], [-1.707024097442627]], ["rx", [1], [0.9487021565437317]], ["rz", [1], [-2.65948748588562]], ["rz", [2], [-0.021105259656906128]], ["rx", [2], [-1.1240766048431396]], ["rz", [2], [-2.9423179626464844]], ["h", [1], []], ["h", [1], []], ["h", [2], []], ["x", [2], []], ["x", [2], []], ["rz", [0], [-0.02277625910937786]], ["rx", [0], [1.0698444843292236]], ["rz", [0], [1.1898988485336304]], ["rz", [1], [-0.7119739055633545]], ["rx", [1], [1.7696821689605713]], ["rz", [1], [-2.377998113632202]], ["rz", [2], [0.44490548968315125]], ["rx", [2], [-3.6429476737976074]], ["rz", [2], [-2.7213528156280518]]], "base_circuit_qasm": "OPENQASM 2.0;\ninclude \"qelib1.inc\";\nqreg q[3];\nx q[2];\nx q[2];\nh q[2];\nh q[1];\nh q[1];\nh q[0];\nx q[0];\nx q[2];\nx q[1];\nx q[0];\nx q[0];\nx q[1];\nx q[2];\nx q[0];\nh q[0];\nh q[1];\nh q[1];\nh q[2];\nx q[2];\nx q[2];", "pqc_circuit_qasm": "OPENQASM 2.0;\ninclude \"qelib1.inc\";\nqreg q[3];\nx q[2];\nx q[2];\nh q[2];\nh q[1];\nh q[1];\nrz(1.2127538919448853) q[0];\nrx(1.0940090417861938) q[0];\nrz(-1.7417402267456055) q[0];\nrz(2.7561230659484863) q[1];\nrx(0.16448329389095306) q[1];\nrz(2.058500051498413) q[1];\nrz(2.2267212867736816) q[2];\nrx(-0.5719364285469055) q[2];\nrz(3.1873703002929688) q[2];\nh q[0];\nx q[0];\nx q[2];\nx q[1];\nx q[0];\nrz(2.021643877029419) q[0];\nrx(3.323709011077881) q[0];\nrz(-0.9510806798934937) q[0];\nrz(-3.6674787998199463) q[1];\nrx(-0.9181007146835327) q[1];\nrz(1.3754373788833618) q[1];\nrz(2.0563690662384033) q[2];\nrx(2.662834882736206) q[2];\nrz(2.869678497314453) q[2];\nx q[0];\nx q[1];\nx q[2];\nx q[0];\nh q[0];\nrz(-0.3182438611984253) q[0];\nrx(-2.675415277481079) q[0];\nrz(1.9520013332366943) q[0];\nrz(-1.707024097442627) q[1];\nrx(0.9487021565437317) q[1];\nrz(-2.65948748588562) q[1];\nrz(-0.021105259656906128) q[2];\nrx(-1.1240766048431396) q[2];\nrz(-2.9423179626464844) q[2];\nh q[1];\nh q[1];\nh q[2];\nx q[2];\nx q[2];\nrz(-0.02277625910937786) q[0];\nrx(1.0698444843292236) q[0];\nrz(1.1898988485336304) q[0];\nrz(-0.7119739055633545) q[1];\nrx(1.7696821689605713) q[1];\nrz(-2.377998113632202) q[1];\nrz(0.44490548968315125) q[2];\nrx(-3.6429476737976074) q[2];\nrz(-2.7213528156280518) q[2];"}