{"seed": 2350, "fidelity": 0.9998465776443481, "pqc_params": [[[-2.73101544380188, -3.068274974822998, -1.2158229351043701], [-0.2934209108352661, -3.2089834213256836, 1.7663437128067017], [-1.219617247581482, 2.2196576595306396, -2.070957899093628]], [[2.4542043209075928, 0.446820467710495, -0.5463564991950989], [-0.8850288391113281, 1.7847750186920166, -2.109916925430298], [-2.2878308296203613, -0.6654120087623596, 1.058948040008545]], [[-2.0139853954315186, 0.24771447479724884, 1.4409854412078857], [1.7707949876785278, -1.9302666187286377, 1.15462064743042], [-0.25047069787979126, 2.325162410736084, 2.833773136138916]], [[-2.941516637802124, -3.0278913974761963, 0.7311705946922302], [-0.21305792033672333, -2.3485453128814697, -2.74812650680542], [-0.6806790828704834, -1.2040884494781494, -1.6199301481246948]]], "base_circuit_tokens": [["x", [2], []], ["x", [2], []], ["h", [0], []], ["x", [2], []], ["h", [1], []], ["h", [1], []], ["h", [0], []], ["x", [2], []], ["h", [2], []], ["h", [0], []], ["h", [0], []], ["h", [2], []], ["x", [2], []], ["h", [0], []], ["h", [1], []], ["h", [1], []], ["x", [2], []], ["h", [0], []], ["x", [2], []], ["x", [2], []]], "pqc_circuit_tokens": [["x", [2], []], ["x", [2], []], ["h", [0], []], ["x", [2], []], ["h", [1], []], ["rz", [0], [-2.73101544380188]], ["rx", [0], [-3.068274974822998]], ["rz", [0], [-1.2158229351043701]], ["rz", [1], [-0.2934209108352661]], ["rx", [1], [-3.2089834213256836]], ["rz", [1], [1.7663437128067017]], ["rz", [2], [-1.219617247581482]], ["rx", [2], [2.2196576595306396]], ["rz", [2], [-2.070957899093628]], ["h", [1], []], ["h", [0], []], ["x", [2], []], ["h", [2], []], ["h", [0], []], ["rz", [0], [2.4542043209075928]], ["rx", [0], [0.446820467710495]], ["rz", [0], [-0.5463564991950989]], ["rz", [1], [-0.8850288391113281]], ["rx", [1], [1.7847750186920166]], ["rz", [1], [-2.109916925430298]], ["rz", [2], [-2.2878308296203613]], ["rx", [2], [-0.6654120087623596]], ["rz", [2], [1.058948040008545]], ["h", [0], []], ["h", [2], []], ["x", [2], []], ["h", [0], []], ["h", [1], []], ["rz", [0], [-2.0139853954315186]], ["rx", [0], [0.24771447479724884]], ["rz", [0], [1.4409854412078857]], ["rz", [1], [1.7707949876785278]], ["rx", [1], [-1.9302666187286377]], ["rz", [1], [1.15462064743042]], ["rz", [2], [-0.25047069787979126]], ["rx", [2], [2.325162410736084]], ["rz", [2], [2.833773136138916]], ["h", [1], []], ["x", [2], []], ["h", [0], []], ["x", [2], []], ["x", [2], []], ["rz", [0], [-2.941516637802124]], ["rx", [0], [-3.0278913974761963]], ["rz", [0], [0.7311705946922302]], ["rz", [1], [-0.21305792033672333]], ["rx", [1], [-2.3485453128814697]], ["rz", [1], [-2.74812650680542]], ["rz", [2], [-0.6806790828704834]], ["rx", [2], [-1.2040884494781494]], ["rz", [2], [-1.6199301481246948]]], "base_circuit_qasm": "OPENQASM 2.0;\ninclude \"qelib1.inc\";\nqreg q[3];\nx q[2];\nx q[2];\nh q[0];\nx q[2];\nh q[1];\nh q[1];\nh q[0];\nx q[2];\nh q[2];\nh q[0];\nh q[0];\nh q[2];\nx q[2];\nh q[0];\nh q[1];\nh q[1];\nx q[2];\nh q[0];\nx q[2];\nx q[2];", "pqc_circuit_qasm": "OPENQASM 2.0;\ninclude \"qelib1.inc\";\nqreg q[3];\nx q[2];\nx q[2];\nh q[0];\nx q[2];\nh q[1];\nrz(-2.73101544380188) q[0];\nrx(-3.068274974822998) q[0];\nrz(-1.2158229351043701) q[0];\nrz(-0.2934209108352661) q[1];\nrx(-3.2089834213256836) q[1];\nrz(1.7663437128067017) q[1];\nrz(-1.219617247581482) q[2];\nrx(2.2196576595306396) q[2];\nrz(-2.070957899093628) q[2];\nh q[1];\nh q[0];\nx q[2];\nh q[2];\nh q[0];\nrz(2.4542043209075928) q[0];\nrx(0.446820467710495) q[0];\nrz(-0.5463564991950989) q[0];\nrz(-0.8850288391113281) q[1];\nrx(1.7847750186920166) q[1];\nrz(-2.109916925430298) q[1];\nrz(-2.2878308296203613) q[2];\nrx(-0.6654120087623596) q[2];\nrz(1.058948040008545) q[2];\nh q[0];\nh q[2];\nx q[2];\nh q[0];\nh q[1];\nrz(-2.0139853954315186) q[0];\nrx(0.24771447479724884) q[0];\nrz(1.4409854412078857) q[0];\nrz(1.7707949876785278) q[1];\nrx(-1.9302666187286377) q[1];\nrz(1.15462064743042) q[1];\nrz(-0.25047069787979126) q[2];\nrx(2.325162410736084) q[2];\nrz(2.833773136138916) q[2];\nh q[1];\nx q[2];\nh q[0];\nx q[2];\nx q[2];\nrz(-2.941516637802124) q[0];\nrx(-3.0278913974761963) q[0];\nrz(0.7311705946922302) q[0];\nrz(-0.21305792033672333) q[1];\nrx(-2.3485453128814697) q[1];\nrz(-2.74812650680542) q[1];\nrz(-0.6806790828704834) q[2];\nrx(-1.2040884494781494) q[2];\nrz(-1.6199301481246948) q[2];"}