{"seed": 2359, "fidelity": 0.9980740547180176, "pqc_params": [[[0.42012327909469604, 0.7615423202514648, -2.033965587615967], [-0.3745253384113312, 2.9383888244628906, -0.2925776243209839], [3.276442766189575, -1.3792744874954224, -0.7247906923294067]], [[1.3877568244934082, -1.4415524005889893, 0.5228437185287476], [0.4490732252597809, -0.3549162745475769, 0.3915805518627167], [1.8963682651519775, -0.013776605948805809, -1.9990739822387695]], [[-1.2209923267364502, 2.0991334915161133, -2.51248836517334], [1.3224385976791382, 0.005803389009088278, 2.2300302982330322], [-1.6528676748275757, -0.31745627522468567, -2.8048737049102783]], [[-3.224364995956421, 1.6154289245605469, -0.7089663743972778], [2.1197597980499268, -2.9923412799835205, -0.698087215423584], [-2.9480395317077637, -1.4926902055740356, 2.3610074520111084]]], "base_circuit_tokens": [["x", [0], []], ["h", [0], []], ["h", [0], []], ["x", [1], []], ["h", [2], []], ["cx", [1, 2], []], ["x", [0], []], ["x", [2], []], ["x", [1], []], ["x", [2], []], ["x", [2], []], ["x", [1], []], ["x", [2], []], ["x", [0], []], ["cx", [1, 2], []], ["h", [2], []], ["x", [1], []], ["h", [0], []], ["h", [0], []], ["x", [0], []]], "pqc_circuit_tokens": [["x", [0], []], ["h", [0], []], ["h", [0], []], ["x", [1], []], ["h", [2], []], ["rz", [0], [0.42012327909469604]], ["rx", [0], [0.7615423202514648]], ["rz", [0], [-2.033965587615967]], ["rz", [1], [-0.3745253384113312]], ["rx", [1], [2.9383888244628906]], ["rz", [1], [-0.2925776243209839]], ["rz", [2], [3.276442766189575]], ["rx", [2], [-1.3792744874954224]], ["rz", [2], [-0.7247906923294067]], ["cx", [1, 2], []], ["x", [0], []], ["x", [2], []], ["x", [1], []], ["x", [2], []], ["rz", [0], [1.3877568244934082]], ["rx", [0], [-1.4415524005889893]], ["rz", [0], [0.5228437185287476]], ["rz", [1], [0.4490732252597809]], ["rx", [1], [-0.3549162745475769]], ["rz", [1], [0.3915805518627167]], ["rz", [2], [1.8963682651519775]], ["rx", [2], [-0.013776605948805809]], ["rz", [2], [-1.9990739822387695]], ["x", [2], []], ["x", [1], []], ["x", [2], []], ["x", [0], []], ["cx", [1, 2], []], ["rz", [0], [-1.2209923267364502]], ["rx", [0], [2.0991334915161133]], ["rz", [0], [-2.51248836517334]], ["rz", [1], [1.3224385976791382]], ["rx", [1], [0.005803389009088278]], ["rz", [1], [2.2300302982330322]], ["rz", [2], [-1.6528676748275757]], ["rx", [2], [-0.31745627522468567]], ["rz", [2], [-2.8048737049102783]], ["h", [2], []], ["x", [1], []], ["h", [0], []], ["h", [0], []], ["x", [0], []], ["rz", [0], [-3.224364995956421]], ["rx", [0], [1.6154289245605469]], ["rz", [0], [-0.7089663743972778]], ["rz", [1], [2.1197597980499268]], ["rx", [1], [-2.9923412799835205]], ["rz", [1], [-0.698087215423584]], ["rz", [2], [-2.9480395317077637]], ["rx", [2], [-1.4926902055740356]], ["rz", [2], [2.3610074520111084]]], "base_circuit_qasm": "OPENQASM 2.0;\ninclude \"qelib1.inc\";\nqreg q[3];\nx q[0];\nh q[0];\nh q[0];\nx q[1];\nh q[2];\ncx q[1],q[2];\nx q[0];\nx q[2];\nx q[1];\nx q[2];\nx q[2];\nx q[1];\nx q[2];\nx q[0];\ncx q[1],q[2];\nh q[2];\nx q[1];\nh q[0];\nh q[0];\nx q[0];", "pqc_circuit_qasm": "OPENQASM 2.0;\ninclude \"qelib1.inc\";\nqreg q[3];\nx q[0];\nh q[0];\nh q[0];\nx q[1];\nh q[2];\nrz(0.42012327909469604) q[0];\nrx(0.7615423202514648) q[0];\nrz(-2.033965587615967) q[0];\nrz(-0.3745253384113312) q[1];\nrx(2.9383888244628906) q[1];\nrz(-0.2925776243209839) q[1];\nrz(3.276442766189575) q[2];\nrx(-1.3792744874954224) q[2];\nrz(-0.7247906923294067) q[2];\ncx q[1],q[2];\nx q[0];\nx q[2];\nx q[1];\nx q[2];\nrz(1.3877568244934082) q[0];\nrx(-1.4415524005889893) q[0];\nrz(0.5228437185287476) q[0];\nrz(0.4490732252597809) q[1];\nrx(-0.3549162745475769) q[1];\nrz(0.3915805518627167) q[1];\nrz(1.8963682651519775) q[2];\nrx(-0.013776605948805809) q[2];\nrz(-1.9990739822387695) q[2];\nx q[2];\nx q[1];\nx q[2];\nx q[0];\ncx q[1],q[2];\nrz(-1.2209923267364502) q[0];\nrx(2.0991334915161133) q[0];\nrz(-2.51248836517334) q[0];\nrz(1.3224385976791382) q[1];\nrx(0.005803389009088278) q[1];\nrz(2.2300302982330322) q[1];\nrz(-1.6528676748275757) q[2];\nrx(-0.31745627522468567) q[2];\nrz(-2.8048737049102783) q[2];\nh q[2];\nx q[1];\nh q[0];\nh q[0];\nx q[0];\nrz(-3.224364995956421) q[0];\nrx(1.6154289245605469) q[0];\nrz(-0.7089663743972778) q[0];\nrz(2.1197597980499268) q[1];\nrx(-2.9923412799835205) q[1];\nrz(-0.698087215423584) q[1];\nrz(-2.9480395317077637) q[2];\nrx(-1.4926902055740356) q[2];\nrz(2.3610074520111084) q[2];"}