{"seed": 2363, "fidelity": 0.9985319375991821, "pqc_params": [[[-2.2978055477142334, -1.4585025310516357, 1.8548858165740967], [1.9111078977584839, -1.9871419668197632, -3.632006883621216], [-0.7411878705024719, 2.148346185684204, -0.20700399577617645]], [[0.15450823307037354, -2.9815731048583984, -2.88203501701355], [-2.2443220615386963, 3.141263961791992, 1.0024070739746094], [3.174713373184204, -2.948240041732788, 0.9813408851623535]], [[-0.8327999114990234, 0.04835137724876404, -2.3927435874938965], [1.5937329530715942, -0.7594309449195862, -0.42359793186187744], [1.9277100563049316, -1.5081088542938232, -0.4963688254356384]], [[-2.2824342250823975, 1.5687053203582764, 0.9314379692077637], [0.9871795177459717, 2.1644768714904785, 2.736118793487549], [1.8187214136123657, 1.708945393562317, 1.0708541870117188]]], "base_circuit_tokens": [["x", [1], []], ["h", [2], []], ["x", [0], []], ["h", [2], []], ["h", [2], []], ["cx", [0, 1], []], ["x", [2], []], ["h", [0], []], ["h", [2], []], ["h", [2], []], ["h", [2], []], ["h", [2], []], ["h", [0], []], ["x", [2], []], ["cx", [0, 1], []], ["h", [2], []], ["h", [2], []], ["x", [0], []], ["h", [2], []], ["x", [1], []]], "pqc_circuit_tokens": [["x", [1], []], ["h", [2], []], ["x", [0], []], ["h", [2], []], ["h", [2], []], ["rz", [0], [-2.2978055477142334]], ["rx", [0], [-1.4585025310516357]], ["rz", [0], [1.8548858165740967]], ["rz", [1], [1.9111078977584839]], ["rx", [1], [-1.9871419668197632]], ["rz", [1], [-3.632006883621216]], ["rz", [2], [-0.7411878705024719]], ["rx", [2], [2.148346185684204]], ["rz", [2], [-0.20700399577617645]], ["cx", [0, 1], []], ["x", [2], []], ["h", [0], []], ["h", [2], []], ["h", [2], []], ["rz", [0], [0.15450823307037354]], ["rx", [0], [-2.9815731048583984]], ["rz", [0], [-2.88203501701355]], ["rz", [1], [-2.2443220615386963]], ["rx", [1], [3.141263961791992]], ["rz", [1], [1.0024070739746094]], ["rz", [2], [3.174713373184204]], ["rx", [2], [-2.948240041732788]], ["rz", [2], [0.9813408851623535]], ["h", [2], []], ["h", [2], []], ["h", [0], []], ["x", [2], []], ["cx", [0, 1], []], ["rz", [0], [-0.8327999114990234]], ["rx", [0], [0.04835137724876404]], ["rz", [0], [-2.3927435874938965]], ["rz", [1], [1.5937329530715942]], ["rx", [1], [-0.7594309449195862]], ["rz", [1], [-0.42359793186187744]], ["rz", [2], [1.9277100563049316]], ["rx", [2], [-1.5081088542938232]], ["rz", [2], [-0.4963688254356384]], ["h", [2], []], ["h", [2], []], ["x", [0], []], ["h", [2], []], ["x", [1], []], ["rz", [0], [-2.2824342250823975]], ["rx", [0], [1.5687053203582764]], ["rz", [0], [0.9314379692077637]], ["rz", [1], [0.9871795177459717]], ["rx", [1], [2.1644768714904785]], ["rz", [1], [2.736118793487549]], ["rz", [2], [1.8187214136123657]], ["rx", [2], [1.708945393562317]], ["rz", [2], [1.0708541870117188]]], "base_circuit_qasm": "OPENQASM 2.0;\ninclude \"qelib1.inc\";\nqreg q[3];\nx q[1];\nh q[2];\nx q[0];\nh q[2];\nh q[2];\ncx q[0],q[1];\nx q[2];\nh q[0];\nh q[2];\nh q[2];\nh q[2];\nh q[2];\nh q[0];\nx q[2];\ncx q[0],q[1];\nh q[2];\nh q[2];\nx q[0];\nh q[2];\nx q[1];", "pqc_circuit_qasm": "OPENQASM 2.0;\ninclude \"qelib1.inc\";\nqreg q[3];\nx q[1];\nh q[2];\nx q[0];\nh q[2];\nh q[2];\nrz(-2.2978055477142334) q[0];\nrx(-1.4585025310516357) q[0];\nrz(1.8548858165740967) q[0];\nrz(1.9111078977584839) q[1];\nrx(-1.9871419668197632) q[1];\nrz(-3.632006883621216) q[1];\nrz(-0.7411878705024719) q[2];\nrx(2.148346185684204) q[2];\nrz(-0.20700399577617645) q[2];\ncx q[0],q[1];\nx q[2];\nh q[0];\nh q[2];\nh q[2];\nrz(0.15450823307037354) q[0];\nrx(-2.9815731048583984) q[0];\nrz(-2.88203501701355) q[0];\nrz(-2.2443220615386963) q[1];\nrx(3.141263961791992) q[1];\nrz(1.0024070739746094) q[1];\nrz(3.174713373184204) q[2];\nrx(-2.948240041732788) q[2];\nrz(0.9813408851623535) q[2];\nh q[2];\nh q[2];\nh q[0];\nx q[2];\ncx q[0],q[1];\nrz(-0.8327999114990234) q[0];\nrx(0.04835137724876404) q[0];\nrz(-2.3927435874938965) q[0];\nrz(1.5937329530715942) q[1];\nrx(-0.7594309449195862) q[1];\nrz(-0.42359793186187744) q[1];\nrz(1.9277100563049316) q[2];\nrx(-1.5081088542938232) q[2];\nrz(-0.4963688254356384) q[2];\nh q[2];\nh q[2];\nx q[0];\nh q[2];\nx q[1];\nrz(-2.2824342250823975) q[0];\nrx(1.5687053203582764) q[0];\nrz(0.9314379692077637) q[0];\nrz(0.9871795177459717) q[1];\nrx(2.1644768714904785) q[1];\nrz(2.736118793487549) q[1];\nrz(1.8187214136123657) q[2];\nrx(1.708945393562317) q[2];\nrz(1.0708541870117188) q[2];"}