{"seed": 2366, "fidelity": 0.9998888969421387, "pqc_params": [[[1.4134924411773682, -0.1563389152288437, -0.8895717263221741], [2.5589864253997803, -3.3209054470062256, -0.6754584312438965], [0.5305910706520081, -0.2779005169868469, 2.195101499557495]], [[-1.256657361984253, -3.37206768989563, 1.1300017833709717], [-1.5573298931121826, -0.36224883794784546, -1.548713207244873], [1.0755599737167358, 0.06526854634284973, 0.4707757830619812]], [[3.003936767578125, 1.8712471723556519, -0.17878250777721405], [-2.1821248531341553, 2.8813562393188477, 0.4894762337207794], [-3.385775566101074, -0.8559548854827881, -3.249368906021118]], [[1.1904988288879395, -1.4798040390014648, 0.02056283690035343], [-0.14801514148712158, 3.038229465484619, 2.374427556991577], [0.6242269277572632, -0.0006856205291114748, 2.4164209365844727]]], "base_circuit_tokens": [["cx", [1, 2], []], ["h", [2], []], ["h", [0], []], ["h", [2], []], ["h", [2], []], ["h", [2], []], ["h", [1], []], ["x", [1], []], ["h", [2], []], ["h", [2], []], ["h", [2], []], ["h", [2], []], ["x", [1], []], ["h", [1], []], ["h", [2], []], ["h", [2], []], ["h", [2], []], ["h", [0], []], ["h", [2], []], ["cx", [1, 2], []]], "pqc_circuit_tokens": [["cx", [1, 2], []], ["h", [2], []], ["h", [0], []], ["h", [2], []], ["h", [2], []], ["rz", [0], [1.4134924411773682]], ["rx", [0], [-0.1563389152288437]], ["rz", [0], [-0.8895717263221741]], ["rz", [1], [2.5589864253997803]], ["rx", [1], [-3.3209054470062256]], ["rz", [1], [-0.6754584312438965]], ["rz", [2], [0.5305910706520081]], ["rx", [2], [-0.2779005169868469]], ["rz", [2], [2.195101499557495]], ["h", [2], []], ["h", [1], []], ["x", [1], []], ["h", [2], []], ["h", [2], []], ["rz", [0], [-1.256657361984253]], ["rx", [0], [-3.37206768989563]], ["rz", [0], [1.1300017833709717]], ["rz", [1], [-1.5573298931121826]], ["rx", [1], [-0.36224883794784546]], ["rz", [1], [-1.548713207244873]], ["rz", [2], [1.0755599737167358]], ["rx", [2], [0.06526854634284973]], ["rz", [2], [0.4707757830619812]], ["h", [2], []], ["h", [2], []], ["x", [1], []], ["h", [1], []], ["h", [2], []], ["rz", [0], [3.003936767578125]], ["rx", [0], [1.8712471723556519]], ["rz", [0], [-0.17878250777721405]], ["rz", [1], [-2.1821248531341553]], ["rx", [1], [2.8813562393188477]], ["rz", [1], [0.4894762337207794]], ["rz", [2], [-3.385775566101074]], ["rx", [2], [-0.8559548854827881]], ["rz", [2], [-3.249368906021118]], ["h", [2], []], ["h", [2], []], ["h", [0], []], ["h", [2], []], ["cx", [1, 2], []], ["rz", [0], [1.1904988288879395]], ["rx", [0], [-1.4798040390014648]], ["rz", [0], [0.02056283690035343]], ["rz", [1], [-0.14801514148712158]], ["rx", [1], [3.038229465484619]], ["rz", [1], [2.374427556991577]], ["rz", [2], [0.6242269277572632]], ["rx", [2], [-0.0006856205291114748]], ["rz", [2], [2.4164209365844727]]], "base_circuit_qasm": "OPENQASM 2.0;\ninclude \"qelib1.inc\";\nqreg q[3];\ncx q[1],q[2];\nh q[2];\nh q[0];\nh q[2];\nh q[2];\nh q[2];\nh q[1];\nx q[1];\nh q[2];\nh q[2];\nh q[2];\nh q[2];\nx q[1];\nh q[1];\nh q[2];\nh q[2];\nh q[2];\nh q[0];\nh q[2];\ncx q[1],q[2];", "pqc_circuit_qasm": "OPENQASM 2.0;\ninclude \"qelib1.inc\";\nqreg q[3];\ncx q[1],q[2];\nh q[2];\nh q[0];\nh q[2];\nh q[2];\nrz(1.4134924411773682) q[0];\nrx(-0.1563389152288437) q[0];\nrz(-0.8895717263221741) q[0];\nrz(2.5589864253997803) q[1];\nrx(-3.3209054470062256) q[1];\nrz(-0.6754584312438965) q[1];\nrz(0.5305910706520081) q[2];\nrx(-0.2779005169868469) q[2];\nrz(2.195101499557495) q[2];\nh q[2];\nh q[1];\nx q[1];\nh q[2];\nh q[2];\nrz(-1.256657361984253) q[0];\nrx(-3.37206768989563) q[0];\nrz(1.1300017833709717) q[0];\nrz(-1.5573298931121826) q[1];\nrx(-0.36224883794784546) q[1];\nrz(-1.548713207244873) q[1];\nrz(1.0755599737167358) q[2];\nrx(0.06526854634284973) q[2];\nrz(0.4707757830619812) q[2];\nh q[2];\nh q[2];\nx q[1];\nh q[1];\nh q[2];\nrz(3.003936767578125) q[0];\nrx(1.8712471723556519) q[0];\nrz(-0.17878250777721405) q[0];\nrz(-2.1821248531341553) q[1];\nrx(2.8813562393188477) q[1];\nrz(0.4894762337207794) q[1];\nrz(-3.385775566101074) q[2];\nrx(-0.8559548854827881) q[2];\nrz(-3.249368906021118) q[2];\nh q[2];\nh q[2];\nh q[0];\nh q[2];\ncx q[1],q[2];\nrz(1.1904988288879395) q[0];\nrx(-1.4798040390014648) q[0];\nrz(0.02056283690035343) q[0];\nrz(-0.14801514148712158) q[1];\nrx(3.038229465484619) q[1];\nrz(2.374427556991577) q[1];\nrz(0.6242269277572632) q[2];\nrx(-0.0006856205291114748) q[2];\nrz(2.4164209365844727) q[2];"}