{"seed": 2372, "fidelity": 0.9986906051635742, "pqc_params": [[[-2.3563766479492188, 2.3409440517425537, -3.3278610706329346], [2.2541987895965576, 0.6948899030685425, -1.4539564847946167], [1.2820632457733154, -1.2782094478607178, 3.2521214485168457]], [[-2.675236225128174, 3.2129039764404297, 0.25960585474967957], [-0.07669083774089813, 3.0419042110443115, -3.109534978866577], [-2.6567821502685547, -3.2726593017578125, -1.2937936782836914]], [[-0.07987353950738907, 0.7308371663093567, -3.2592272758483887], [-0.9665480256080627, -0.5739985108375549, 1.7155314683914185], [1.2768044471740723, 2.9758505821228027, -1.2905645370483398]], [[-2.6126911640167236, -2.8549258708953857, 2.632401466369629], [-1.901320457458496, -3.1395983695983887, 1.3458976745605469], [2.95102858543396, 1.0426182746887207, -0.13160355389118195]]], "base_circuit_tokens": [["x", [1], []], ["h", [2], []], ["cx", [2, 1], []], ["h", [1], []], ["x", [2], []], ["cx", [1, 0], []], ["h", [2], []], ["h", [0], []], ["h", [1], []], ["h", [1], []], ["h", [1], []], ["h", [1], []], ["h", [0], []], ["h", [2], []], ["cx", [1, 0], []], ["x", [2], []], ["h", [1], []], ["cx", [2, 1], []], ["h", [2], []], ["x", [1], []]], "pqc_circuit_tokens": [["x", [1], []], ["h", [2], []], ["cx", [2, 1], []], ["h", [1], []], ["x", [2], []], ["rz", [0], [-2.3563766479492188]], ["rx", [0], [2.3409440517425537]], ["rz", [0], [-3.3278610706329346]], ["rz", [1], [2.2541987895965576]], ["rx", [1], [0.6948899030685425]], ["rz", [1], [-1.4539564847946167]], ["rz", [2], [1.2820632457733154]], ["rx", [2], [-1.2782094478607178]], ["rz", [2], [3.2521214485168457]], ["cx", [1, 0], []], ["h", [2], []], ["h", [0], []], ["h", [1], []], ["h", [1], []], ["rz", [0], [-2.675236225128174]], ["rx", [0], [3.2129039764404297]], ["rz", [0], [0.25960585474967957]], ["rz", [1], [-0.07669083774089813]], ["rx", [1], [3.0419042110443115]], ["rz", [1], [-3.109534978866577]], ["rz", [2], [-2.6567821502685547]], ["rx", [2], [-3.2726593017578125]], ["rz", [2], [-1.2937936782836914]], ["h", [1], []], ["h", [1], []], ["h", [0], []], ["h", [2], []], ["cx", [1, 0], []], ["rz", [0], [-0.07987353950738907]], ["rx", [0], [0.7308371663093567]], ["rz", [0], [-3.2592272758483887]], ["rz", [1], [-0.9665480256080627]], ["rx", [1], [-0.5739985108375549]], ["rz", [1], [1.7155314683914185]], ["rz", [2], [1.2768044471740723]], ["rx", [2], [2.9758505821228027]], ["rz", [2], [-1.2905645370483398]], ["x", [2], []], ["h", [1], []], ["cx", [2, 1], []], ["h", [2], []], ["x", [1], []], ["rz", [0], [-2.6126911640167236]], ["rx", [0], [-2.8549258708953857]], ["rz", [0], [2.632401466369629]], ["rz", [1], [-1.901320457458496]], ["rx", [1], [-3.1395983695983887]], ["rz", [1], [1.3458976745605469]], ["rz", [2], [2.95102858543396]], ["rx", [2], [1.0426182746887207]], ["rz", [2], [-0.13160355389118195]]], "base_circuit_qasm": "OPENQASM 2.0;\ninclude \"qelib1.inc\";\nqreg q[3];\nx q[1];\nh q[2];\ncx q[2],q[1];\nh q[1];\nx q[2];\ncx q[1],q[0];\nh q[2];\nh q[0];\nh q[1];\nh q[1];\nh q[1];\nh q[1];\nh q[0];\nh q[2];\ncx q[1],q[0];\nx q[2];\nh q[1];\ncx q[2],q[1];\nh q[2];\nx q[1];", "pqc_circuit_qasm": "OPENQASM 2.0;\ninclude \"qelib1.inc\";\nqreg q[3];\nx q[1];\nh q[2];\ncx q[2],q[1];\nh q[1];\nx q[2];\nrz(-2.3563766479492188) q[0];\nrx(2.3409440517425537) q[0];\nrz(-3.3278610706329346) q[0];\nrz(2.2541987895965576) q[1];\nrx(0.6948899030685425) q[1];\nrz(-1.4539564847946167) q[1];\nrz(1.2820632457733154) q[2];\nrx(-1.2782094478607178) q[2];\nrz(3.2521214485168457) q[2];\ncx q[1],q[0];\nh q[2];\nh q[0];\nh q[1];\nh q[1];\nrz(-2.675236225128174) q[0];\nrx(3.2129039764404297) q[0];\nrz(0.25960585474967957) q[0];\nrz(-0.07669083774089813) q[1];\nrx(3.0419042110443115) q[1];\nrz(-3.109534978866577) q[1];\nrz(-2.6567821502685547) q[2];\nrx(-3.2726593017578125) q[2];\nrz(-1.2937936782836914) q[2];\nh q[1];\nh q[1];\nh q[0];\nh q[2];\ncx q[1],q[0];\nrz(-0.07987353950738907) q[0];\nrx(0.7308371663093567) q[0];\nrz(-3.2592272758483887) q[0];\nrz(-0.9665480256080627) q[1];\nrx(-0.5739985108375549) q[1];\nrz(1.7155314683914185) q[1];\nrz(1.2768044471740723) q[2];\nrx(2.9758505821228027) q[2];\nrz(-1.2905645370483398) q[2];\nx q[2];\nh q[1];\ncx q[2],q[1];\nh q[2];\nx q[1];\nrz(-2.6126911640167236) q[0];\nrx(-2.8549258708953857) q[0];\nrz(2.632401466369629) q[0];\nrz(-1.901320457458496) q[1];\nrx(-3.1395983695983887) q[1];\nrz(1.3458976745605469) q[1];\nrz(2.95102858543396) q[2];\nrx(1.0426182746887207) q[2];\nrz(-0.13160355389118195) q[2];"}