{"seed": 2384, "fidelity": 0.9838413596153259, "pqc_params": [[[0.0010591540485620499, -1.0149728059768677, -1.617302417755127], [-1.478261947631836, -2.2775750160217285, 2.800168037414551], [-1.3729791641235352, 0.8791747093200684, -1.7111932039260864]], [[-0.09875986725091934, -1.9987245798110962, 3.1449830532073975], [2.55351185798645, -2.995147705078125, -1.3600077629089355], [1.0215685367584229, -3.271188974380493, 1.1281450986862183]], [[-0.959488034248352, 2.233781576156616, 0.3726631999015808], [0.9465871453285217, 2.947533369064331, -0.34781450033187866], [-1.9238618612289429, -1.5253666639328003, -3.1369383335113525]], [[-2.7380452156066895, 2.556427001953125, -2.4696648120880127], [-1.0983933210372925, -1.0010039806365967, -2.5532350540161133], [-3.7261338233947754, -2.1298155784606934, 1.4221287965774536]]], "base_circuit_tokens": [["h", [0], []], ["h", [2], []], ["h", [1], []], ["x", [0], []], ["h", [2], []], ["x", [2], []], ["h", [0], []], ["h", [2], []], ["cx", [2, 0], []], ["cx", [1, 2], []], ["cx", [1, 2], []], ["cx", [2, 0], []], ["h", [2], []], ["h", [0], []], ["x", [2], []], ["h", [2], []], ["x", [0], []], ["h", [1], []], ["h", [2], []], ["h", [0], []]], "pqc_circuit_tokens": [["h", [0], []], ["h", [2], []], ["h", [1], []], ["x", [0], []], ["h", [2], []], ["rz", [0], [0.0010591540485620499]], ["rx", [0], [-1.0149728059768677]], ["rz", [0], [-1.617302417755127]], ["rz", [1], [-1.478261947631836]], ["rx", [1], [-2.2775750160217285]], ["rz", [1], [2.800168037414551]], ["rz", [2], [-1.3729791641235352]], ["rx", [2], [0.8791747093200684]], ["rz", [2], [-1.7111932039260864]], ["x", [2], []], ["h", [0], []], ["h", [2], []], ["cx", [2, 0], []], ["cx", [1, 2], []], ["rz", [0], [-0.09875986725091934]], ["rx", [0], [-1.9987245798110962]], ["rz", [0], [3.1449830532073975]], ["rz", [1], [2.55351185798645]], ["rx", [1], [-2.995147705078125]], ["rz", [1], [-1.3600077629089355]], ["rz", [2], [1.0215685367584229]], ["rx", [2], [-3.271188974380493]], ["rz", [2], [1.1281450986862183]], ["cx", [1, 2], []], ["cx", [2, 0], []], ["h", [2], []], ["h", [0], []], ["x", [2], []], ["rz", [0], [-0.959488034248352]], ["rx", [0], [2.233781576156616]], ["rz", [0], [0.3726631999015808]], ["rz", [1], [0.9465871453285217]], ["rx", [1], [2.947533369064331]], ["rz", [1], [-0.34781450033187866]], ["rz", [2], [-1.9238618612289429]], ["rx", [2], [-1.5253666639328003]], ["rz", [2], [-3.1369383335113525]], ["h", [2], []], ["x", [0], []], ["h", [1], []], ["h", [2], []], ["h", [0], []], ["rz", [0], [-2.7380452156066895]], ["rx", [0], [2.556427001953125]], ["rz", [0], [-2.4696648120880127]], ["rz", [1], [-1.0983933210372925]], ["rx", [1], [-1.0010039806365967]], ["rz", [1], [-2.5532350540161133]], ["rz", [2], [-3.7261338233947754]], ["rx", [2], [-2.1298155784606934]], ["rz", [2], [1.4221287965774536]]], "base_circuit_qasm": "OPENQASM 2.0;\ninclude \"qelib1.inc\";\nqreg q[3];\nh q[0];\nh q[2];\nh q[1];\nx q[0];\nh q[2];\nx q[2];\nh q[0];\nh q[2];\ncx q[2],q[0];\ncx q[1],q[2];\ncx q[1],q[2];\ncx q[2],q[0];\nh q[2];\nh q[0];\nx q[2];\nh q[2];\nx q[0];\nh q[1];\nh q[2];\nh q[0];", "pqc_circuit_qasm": "OPENQASM 2.0;\ninclude \"qelib1.inc\";\nqreg q[3];\nh q[0];\nh q[2];\nh q[1];\nx q[0];\nh q[2];\nrz(0.0010591540485620499) q[0];\nrx(-1.0149728059768677) q[0];\nrz(-1.617302417755127) q[0];\nrz(-1.478261947631836) q[1];\nrx(-2.2775750160217285) q[1];\nrz(2.800168037414551) q[1];\nrz(-1.3729791641235352) q[2];\nrx(0.8791747093200684) q[2];\nrz(-1.7111932039260864) q[2];\nx q[2];\nh q[0];\nh q[2];\ncx q[2],q[0];\ncx q[1],q[2];\nrz(-0.09875986725091934) q[0];\nrx(-1.9987245798110962) q[0];\nrz(3.1449830532073975) q[0];\nrz(2.55351185798645) q[1];\nrx(-2.995147705078125) q[1];\nrz(-1.3600077629089355) q[1];\nrz(1.0215685367584229) q[2];\nrx(-3.271188974380493) q[2];\nrz(1.1281450986862183) q[2];\ncx q[1],q[2];\ncx q[2],q[0];\nh q[2];\nh q[0];\nx q[2];\nrz(-0.959488034248352) q[0];\nrx(2.233781576156616) q[0];\nrz(0.3726631999015808) q[0];\nrz(0.9465871453285217) q[1];\nrx(2.947533369064331) q[1];\nrz(-0.34781450033187866) q[1];\nrz(-1.9238618612289429) q[2];\nrx(-1.5253666639328003) q[2];\nrz(-3.1369383335113525) q[2];\nh q[2];\nx q[0];\nh q[1];\nh q[2];\nh q[0];\nrz(-2.7380452156066895) q[0];\nrx(2.556427001953125) q[0];\nrz(-2.4696648120880127) q[0];\nrz(-1.0983933210372925) q[1];\nrx(-1.0010039806365967) q[1];\nrz(-2.5532350540161133) q[1];\nrz(-3.7261338233947754) q[2];\nrx(-2.1298155784606934) q[2];\nrz(1.4221287965774536) q[2];"}