{"seed": 2415, "fidelity": 0.9993614554405212, "pqc_params": [[[2.1147964000701904, -1.2786375284194946, 2.4778518676757812], [-2.4008307456970215, -1.910240888595581, 3.2588212490081787], [0.42099466919898987, -1.3602633476257324, -0.21878081560134888]], [[-1.7152552604675293, -0.9162570238113403, 3.335465669631958], [1.7522259950637817, 1.0522511005401611, 0.6458703875541687], [0.8887518048286438, 1.381672978401184, -1.479668378829956]], [[-2.317971706390381, -2.694183588027954, 0.913935661315918], [-3.2816507816314697, -1.3048542737960815, -1.0537655353546143], [0.3732525408267975, -2.0107431411743164, -1.7991406917572021]], [[-0.4468975067138672, 0.03656730800867081, -2.7952709197998047], [0.957281231880188, 0.8892542123794556, 2.589035987854004], [-0.5814040899276733, -3.2323074340820312, -1.2680655717849731]]], "base_circuit_tokens": [["cx", [2, 0], []], ["h", [0], []], ["h", [0], []], ["x", [1], []], ["x", [0], []], ["x", [1], []], ["h", [0], []], ["h", [1], []], ["x", [0], []], ["x", [2], []], ["x", [2], []], ["x", [0], []], ["h", [1], []], ["h", [0], []], ["x", [1], []], ["x", [0], []], ["x", [1], []], ["h", [0], []], ["h", [0], []], ["cx", [2, 0], []]], "pqc_circuit_tokens": [["cx", [2, 0], []], ["h", [0], []], ["h", [0], []], ["x", [1], []], ["x", [0], []], ["rz", [0], [2.1147964000701904]], ["rx", [0], [-1.2786375284194946]], ["rz", [0], [2.4778518676757812]], ["rz", [1], [-2.4008307456970215]], ["rx", [1], [-1.910240888595581]], ["rz", [1], [3.2588212490081787]], ["rz", [2], [0.42099466919898987]], ["rx", [2], [-1.3602633476257324]], ["rz", [2], [-0.21878081560134888]], ["x", [1], []], ["h", [0], []], ["h", [1], []], ["x", [0], []], ["x", [2], []], ["rz", [0], [-1.7152552604675293]], ["rx", [0], [-0.9162570238113403]], ["rz", [0], [3.335465669631958]], ["rz", [1], [1.7522259950637817]], ["rx", [1], [1.0522511005401611]], ["rz", [1], [0.6458703875541687]], ["rz", [2], [0.8887518048286438]], ["rx", [2], [1.381672978401184]], ["rz", [2], [-1.479668378829956]], ["x", [2], []], ["x", [0], []], ["h", [1], []], ["h", [0], []], ["x", [1], []], ["rz", [0], [-2.317971706390381]], ["rx", [0], [-2.694183588027954]], ["rz", [0], [0.913935661315918]], ["rz", [1], [-3.2816507816314697]], ["rx", [1], [-1.3048542737960815]], ["rz", [1], [-1.0537655353546143]], ["rz", [2], [0.3732525408267975]], ["rx", [2], [-2.0107431411743164]], ["rz", [2], [-1.7991406917572021]], ["x", [0], []], ["x", [1], []], ["h", [0], []], ["h", [0], []], ["cx", [2, 0], []], ["rz", [0], [-0.4468975067138672]], ["rx", [0], [0.03656730800867081]], ["rz", [0], [-2.7952709197998047]], ["rz", [1], [0.957281231880188]], ["rx", [1], [0.8892542123794556]], ["rz", [1], [2.589035987854004]], ["rz", [2], [-0.5814040899276733]], ["rx", [2], [-3.2323074340820312]], ["rz", [2], [-1.2680655717849731]]], "base_circuit_qasm": "OPENQASM 2.0;\ninclude \"qelib1.inc\";\nqreg q[3];\ncx q[2],q[0];\nh q[0];\nh q[0];\nx q[1];\nx q[0];\nx q[1];\nh q[0];\nh q[1];\nx q[0];\nx q[2];\nx q[2];\nx q[0];\nh q[1];\nh q[0];\nx q[1];\nx q[0];\nx q[1];\nh q[0];\nh q[0];\ncx q[2],q[0];", "pqc_circuit_qasm": "OPENQASM 2.0;\ninclude \"qelib1.inc\";\nqreg q[3];\ncx q[2],q[0];\nh q[0];\nh q[0];\nx q[1];\nx q[0];\nrz(2.1147964000701904) q[0];\nrx(-1.2786375284194946) q[0];\nrz(2.4778518676757812) q[0];\nrz(-2.4008307456970215) q[1];\nrx(-1.910240888595581) q[1];\nrz(3.2588212490081787) q[1];\nrz(0.42099466919898987) q[2];\nrx(-1.3602633476257324) q[2];\nrz(-0.21878081560134888) q[2];\nx q[1];\nh q[0];\nh q[1];\nx q[0];\nx q[2];\nrz(-1.7152552604675293) q[0];\nrx(-0.9162570238113403) q[0];\nrz(3.335465669631958) q[0];\nrz(1.7522259950637817) q[1];\nrx(1.0522511005401611) q[1];\nrz(0.6458703875541687) q[1];\nrz(0.8887518048286438) q[2];\nrx(1.381672978401184) q[2];\nrz(-1.479668378829956) q[2];\nx q[2];\nx q[0];\nh q[1];\nh q[0];\nx q[1];\nrz(-2.317971706390381) q[0];\nrx(-2.694183588027954) q[0];\nrz(0.913935661315918) q[0];\nrz(-3.2816507816314697) q[1];\nrx(-1.3048542737960815) q[1];\nrz(-1.0537655353546143) q[1];\nrz(0.3732525408267975) q[2];\nrx(-2.0107431411743164) q[2];\nrz(-1.7991406917572021) q[2];\nx q[0];\nx q[1];\nh q[0];\nh q[0];\ncx q[2],q[0];\nrz(-0.4468975067138672) q[0];\nrx(0.03656730800867081) q[0];\nrz(-2.7952709197998047) q[0];\nrz(0.957281231880188) q[1];\nrx(0.8892542123794556) q[1];\nrz(2.589035987854004) q[1];\nrz(-0.5814040899276733) q[2];\nrx(-3.2323074340820312) q[2];\nrz(-1.2680655717849731) q[2];"}