{"seed": 2424, "fidelity": 0.9893302917480469, "pqc_params": [[[0.14396218955516815, -1.889638900756836, -0.8075072765350342], [0.5733166337013245, 1.5824198722839355, 2.217444658279419], [0.6945709586143494, -0.9833096861839294, -1.6892004013061523]], [[-1.6900043487548828, -1.2463607788085938, -2.3370001316070557], [-0.39682894945144653, -0.1023443266749382, -2.4907093048095703], [2.7767465114593506, 0.10291709005832672, 1.873705267906189]], [[-3.259187698364258, -2.9929959774017334, 1.503778338432312], [0.2003711462020874, -1.048086166381836, -1.2389341592788696], [0.10136185586452484, 2.2841336727142334, 2.6200032234191895]], [[0.027386890724301338, 3.0763776302337646, -3.0067667961120605], [0.3728432357311249, -3.366425037384033, -1.3533637523651123], [3.0364463329315186, 1.8704618215560913, -0.0022924214135855436]]], "base_circuit_tokens": [["h", [1], []], ["h", [0], []], ["cx", [0, 2], []], ["cx", [0, 1], []], ["h", [2], []], ["h", [0], []], ["x", [1], []], ["cx", [2, 1], []], ["h", [1], []], ["x", [1], []], ["x", [1], []], ["h", [1], []], ["cx", [2, 1], []], ["x", [1], []], ["h", [0], []], ["h", [2], []], ["cx", [0, 1], []], ["cx", [0, 2], []], ["h", [0], []], ["h", [1], []]], "pqc_circuit_tokens": [["h", [1], []], ["h", [0], []], ["cx", [0, 2], []], ["cx", [0, 1], []], ["h", [2], []], ["rz", [0], [0.14396218955516815]], ["rx", [0], [-1.889638900756836]], ["rz", [0], [-0.8075072765350342]], ["rz", [1], [0.5733166337013245]], ["rx", [1], [1.5824198722839355]], ["rz", [1], [2.217444658279419]], ["rz", [2], [0.6945709586143494]], ["rx", [2], [-0.9833096861839294]], ["rz", [2], [-1.6892004013061523]], ["h", [0], []], ["x", [1], []], ["cx", [2, 1], []], ["h", [1], []], ["x", [1], []], ["rz", [0], [-1.6900043487548828]], ["rx", [0], [-1.2463607788085938]], ["rz", [0], [-2.3370001316070557]], ["rz", [1], [-0.39682894945144653]], ["rx", [1], [-0.1023443266749382]], ["rz", [1], [-2.4907093048095703]], ["rz", [2], [2.7767465114593506]], ["rx", [2], [0.10291709005832672]], ["rz", [2], [1.873705267906189]], ["x", [1], []], ["h", [1], []], ["cx", [2, 1], []], ["x", [1], []], ["h", [0], []], ["rz", [0], [-3.259187698364258]], ["rx", [0], [-2.9929959774017334]], ["rz", [0], [1.503778338432312]], ["rz", [1], [0.2003711462020874]], ["rx", [1], [-1.048086166381836]], ["rz", [1], [-1.2389341592788696]], ["rz", [2], [0.10136185586452484]], ["rx", [2], [2.2841336727142334]], ["rz", [2], [2.6200032234191895]], ["h", [2], []], ["cx", [0, 1], []], ["cx", [0, 2], []], ["h", [0], []], ["h", [1], []], ["rz", [0], [0.027386890724301338]], ["rx", [0], [3.0763776302337646]], ["rz", [0], [-3.0067667961120605]], ["rz", [1], [0.3728432357311249]], ["rx", [1], [-3.366425037384033]], ["rz", [1], [-1.3533637523651123]], ["rz", [2], [3.0364463329315186]], ["rx", [2], [1.8704618215560913]], ["rz", [2], [-0.0022924214135855436]]], "base_circuit_qasm": "OPENQASM 2.0;\ninclude \"qelib1.inc\";\nqreg q[3];\nh q[1];\nh q[0];\ncx q[0],q[2];\ncx q[0],q[1];\nh q[2];\nh q[0];\nx q[1];\ncx q[2],q[1];\nh q[1];\nx q[1];\nx q[1];\nh q[1];\ncx q[2],q[1];\nx q[1];\nh q[0];\nh q[2];\ncx q[0],q[1];\ncx q[0],q[2];\nh q[0];\nh q[1];", "pqc_circuit_qasm": "OPENQASM 2.0;\ninclude \"qelib1.inc\";\nqreg q[3];\nh q[1];\nh q[0];\ncx q[0],q[2];\ncx q[0],q[1];\nh q[2];\nrz(0.14396218955516815) q[0];\nrx(-1.889638900756836) q[0];\nrz(-0.8075072765350342) q[0];\nrz(0.5733166337013245) q[1];\nrx(1.5824198722839355) q[1];\nrz(2.217444658279419) q[1];\nrz(0.6945709586143494) q[2];\nrx(-0.9833096861839294) q[2];\nrz(-1.6892004013061523) q[2];\nh q[0];\nx q[1];\ncx q[2],q[1];\nh q[1];\nx q[1];\nrz(-1.6900043487548828) q[0];\nrx(-1.2463607788085938) q[0];\nrz(-2.3370001316070557) q[0];\nrz(-0.39682894945144653) q[1];\nrx(-0.1023443266749382) q[1];\nrz(-2.4907093048095703) q[1];\nrz(2.7767465114593506) q[2];\nrx(0.10291709005832672) q[2];\nrz(1.873705267906189) q[2];\nx q[1];\nh q[1];\ncx q[2],q[1];\nx q[1];\nh q[0];\nrz(-3.259187698364258) q[0];\nrx(-2.9929959774017334) q[0];\nrz(1.503778338432312) q[0];\nrz(0.2003711462020874) q[1];\nrx(-1.048086166381836) q[1];\nrz(-1.2389341592788696) q[1];\nrz(0.10136185586452484) q[2];\nrx(2.2841336727142334) q[2];\nrz(2.6200032234191895) q[2];\nh q[2];\ncx q[0],q[1];\ncx q[0],q[2];\nh q[0];\nh q[1];\nrz(0.027386890724301338) q[0];\nrx(3.0763776302337646) q[0];\nrz(-3.0067667961120605) q[0];\nrz(0.3728432357311249) q[1];\nrx(-3.366425037384033) q[1];\nrz(-1.3533637523651123) q[1];\nrz(3.0364463329315186) q[2];\nrx(1.8704618215560913) q[2];\nrz(-0.0022924214135855436) q[2];"}