{"seed": 2432, "fidelity": 0.969569981098175, "pqc_params": [[[-0.8242526054382324, -2.362708568572998, 2.7778093814849854], [-2.393127202987671, -2.2613637447357178, 1.1287930011749268], [-1.3384188413619995, 2.4184765815734863, -2.119260787963867]], [[-0.6979410648345947, 2.3439793586730957, 0.518716037273407], [-1.7220945358276367, -0.5194882750511169, -0.5169777870178223], [2.3445522785186768, 0.8661039471626282, 2.763334274291992]], [[1.3319830894470215, -0.4948737323284149, 2.486968755722046], [-1.9042457342147827, -1.5038156509399414, 0.7905145883560181], [1.5188170671463013, -2.6094493865966797, 2.4171879291534424]], [[3.0412068367004395, 1.6991894245147705, -0.018345320597290993], [2.775972366333008, -2.8366963863372803, 2.8966004848480225], [-1.4306066036224365, 2.9871866703033447, -0.10480104386806488]]], "base_circuit_tokens": [["x", [1], []], ["cx", [1, 2], []], ["cx", [2, 0], []], ["x", [0], []], ["cx", [2, 1], []], ["h", [2], []], ["cx", [0, 1], []], ["h", [0], []], ["h", [1], []], ["cx", [1, 0], []], ["cx", [1, 0], []], ["h", [1], []], ["h", [0], []], ["cx", [0, 1], []], ["h", [2], []], ["cx", [2, 1], []], ["x", [0], []], ["cx", [2, 0], []], ["cx", [1, 2], []], ["x", [1], []]], "pqc_circuit_tokens": [["x", [1], []], ["cx", [1, 2], []], ["cx", [2, 0], []], ["x", [0], []], ["cx", [2, 1], []], ["rz", [0], [-0.8242526054382324]], ["rx", [0], [-2.362708568572998]], ["rz", [0], [2.7778093814849854]], ["rz", [1], [-2.393127202987671]], ["rx", [1], [-2.2613637447357178]], ["rz", [1], [1.1287930011749268]], ["rz", [2], [-1.3384188413619995]], ["rx", [2], [2.4184765815734863]], ["rz", [2], [-2.119260787963867]], ["h", [2], []], ["cx", [0, 1], []], ["h", [0], []], ["h", [1], []], ["cx", [1, 0], []], ["rz", [0], [-0.6979410648345947]], ["rx", [0], [2.3439793586730957]], ["rz", [0], [0.518716037273407]], ["rz", [1], [-1.7220945358276367]], ["rx", [1], [-0.5194882750511169]], ["rz", [1], [-0.5169777870178223]], ["rz", [2], [2.3445522785186768]], ["rx", [2], [0.8661039471626282]], ["rz", [2], [2.763334274291992]], ["cx", [1, 0], []], ["h", [1], []], ["h", [0], []], ["cx", [0, 1], []], ["h", [2], []], ["rz", [0], [1.3319830894470215]], ["rx", [0], [-0.4948737323284149]], ["rz", [0], [2.486968755722046]], ["rz", [1], [-1.9042457342147827]], ["rx", [1], [-1.5038156509399414]], ["rz", [1], [0.7905145883560181]], ["rz", [2], [1.5188170671463013]], ["rx", [2], [-2.6094493865966797]], ["rz", [2], [2.4171879291534424]], ["cx", [2, 1], []], ["x", [0], []], ["cx", [2, 0], []], ["cx", [1, 2], []], ["x", [1], []], ["rz", [0], [3.0412068367004395]], ["rx", [0], [1.6991894245147705]], ["rz", [0], [-0.018345320597290993]], ["rz", [1], [2.775972366333008]], ["rx", [1], [-2.8366963863372803]], ["rz", [1], [2.8966004848480225]], ["rz", [2], [-1.4306066036224365]], ["rx", [2], [2.9871866703033447]], ["rz", [2], [-0.10480104386806488]]], "base_circuit_qasm": "OPENQASM 2.0;\ninclude \"qelib1.inc\";\nqreg q[3];\nx q[1];\ncx q[1],q[2];\ncx q[2],q[0];\nx q[0];\ncx q[2],q[1];\nh q[2];\ncx q[0],q[1];\nh q[0];\nh q[1];\ncx q[1],q[0];\ncx q[1],q[0];\nh q[1];\nh q[0];\ncx q[0],q[1];\nh q[2];\ncx q[2],q[1];\nx q[0];\ncx q[2],q[0];\ncx q[1],q[2];\nx q[1];", "pqc_circuit_qasm": "OPENQASM 2.0;\ninclude \"qelib1.inc\";\nqreg q[3];\nx q[1];\ncx q[1],q[2];\ncx q[2],q[0];\nx q[0];\ncx q[2],q[1];\nrz(-0.8242526054382324) q[0];\nrx(-2.362708568572998) q[0];\nrz(2.7778093814849854) q[0];\nrz(-2.393127202987671) q[1];\nrx(-2.2613637447357178) q[1];\nrz(1.1287930011749268) q[1];\nrz(-1.3384188413619995) q[2];\nrx(2.4184765815734863) q[2];\nrz(-2.119260787963867) q[2];\nh q[2];\ncx q[0],q[1];\nh q[0];\nh q[1];\ncx q[1],q[0];\nrz(-0.6979410648345947) q[0];\nrx(2.3439793586730957) q[0];\nrz(0.518716037273407) q[0];\nrz(-1.7220945358276367) q[1];\nrx(-0.5194882750511169) q[1];\nrz(-0.5169777870178223) q[1];\nrz(2.3445522785186768) q[2];\nrx(0.8661039471626282) q[2];\nrz(2.763334274291992) q[2];\ncx q[1],q[0];\nh q[1];\nh q[0];\ncx q[0],q[1];\nh q[2];\nrz(1.3319830894470215) q[0];\nrx(-0.4948737323284149) q[0];\nrz(2.486968755722046) q[0];\nrz(-1.9042457342147827) q[1];\nrx(-1.5038156509399414) q[1];\nrz(0.7905145883560181) q[1];\nrz(1.5188170671463013) q[2];\nrx(-2.6094493865966797) q[2];\nrz(2.4171879291534424) q[2];\ncx q[2],q[1];\nx q[0];\ncx q[2],q[0];\ncx q[1],q[2];\nx q[1];\nrz(3.0412068367004395) q[0];\nrx(1.6991894245147705) q[0];\nrz(-0.018345320597290993) q[0];\nrz(2.775972366333008) q[1];\nrx(-2.8366963863372803) q[1];\nrz(2.8966004848480225) q[1];\nrz(-1.4306066036224365) q[2];\nrx(2.9871866703033447) q[2];\nrz(-0.10480104386806488) q[2];"}