{"seed": 2440, "fidelity": 0.9894426465034485, "pqc_params": [[[2.370074510574341, 0.2833814322948456, -2.9111101627349854], [0.14903095364570618, 1.4207738637924194, 3.214488983154297], [1.3859610557556152, -1.8190678358078003, -0.24588485062122345]], [[0.24132439494132996, 0.8617608547210693, -2.9513115882873535], [1.6306568384170532, -1.2157952785491943, -0.26023590564727783], [-2.014498472213745, -0.26578980684280396, -3.3309731483459473]], [[-0.3620392084121704, 0.6358138918876648, 0.7493617534637451], [2.529294967651367, 2.6673693656921387, 0.0731358602643013], [3.0242533683776855, 1.026146411895752, -1.6192296743392944]], [[2.9045236110687256, -0.04823610559105873, 0.8858048915863037], [-0.18176177144050598, -3.2416958808898926, 1.4987964630126953], [0.2617698609828949, 3.0134429931640625, -2.440579891204834]]], "base_circuit_tokens": [["h", [2], []], ["cx", [1, 2], []], ["x", [1], []], ["h", [2], []], ["x", [0], []], ["h", [1], []], ["cx", [0, 2], []], ["cx", [0, 2], []], ["h", [2], []], ["x", [2], []], ["x", [2], []], ["h", [2], []], ["cx", [0, 2], []], ["cx", [0, 2], []], ["h", [1], []], ["x", [0], []], ["h", [2], []], ["x", [1], []], ["cx", [1, 2], []], ["h", [2], []]], "pqc_circuit_tokens": [["h", [2], []], ["cx", [1, 2], []], ["x", [1], []], ["h", [2], []], ["x", [0], []], ["rz", [0], [2.370074510574341]], ["rx", [0], [0.2833814322948456]], ["rz", [0], [-2.9111101627349854]], ["rz", [1], [0.14903095364570618]], ["rx", [1], [1.4207738637924194]], ["rz", [1], [3.214488983154297]], ["rz", [2], [1.3859610557556152]], ["rx", [2], [-1.8190678358078003]], ["rz", [2], [-0.24588485062122345]], ["h", [1], []], ["cx", [0, 2], []], ["cx", [0, 2], []], ["h", [2], []], ["x", [2], []], ["rz", [0], [0.24132439494132996]], ["rx", [0], [0.8617608547210693]], ["rz", [0], [-2.9513115882873535]], ["rz", [1], [1.6306568384170532]], ["rx", [1], [-1.2157952785491943]], ["rz", [1], [-0.26023590564727783]], ["rz", [2], [-2.014498472213745]], ["rx", [2], [-0.26578980684280396]], ["rz", [2], [-3.3309731483459473]], ["x", [2], []], ["h", [2], []], ["cx", [0, 2], []], ["cx", [0, 2], []], ["h", [1], []], ["rz", [0], [-0.3620392084121704]], ["rx", [0], [0.6358138918876648]], ["rz", [0], [0.7493617534637451]], ["rz", [1], [2.529294967651367]], ["rx", [1], [2.6673693656921387]], ["rz", [1], [0.0731358602643013]], ["rz", [2], [3.0242533683776855]], ["rx", [2], [1.026146411895752]], ["rz", [2], [-1.6192296743392944]], ["x", [0], []], ["h", [2], []], ["x", [1], []], ["cx", [1, 2], []], ["h", [2], []], ["rz", [0], [2.9045236110687256]], ["rx", [0], [-0.04823610559105873]], ["rz", [0], [0.8858048915863037]], ["rz", [1], [-0.18176177144050598]], ["rx", [1], [-3.2416958808898926]], ["rz", [1], [1.4987964630126953]], ["rz", [2], [0.2617698609828949]], ["rx", [2], [3.0134429931640625]], ["rz", [2], [-2.440579891204834]]], "base_circuit_qasm": "OPENQASM 2.0;\ninclude \"qelib1.inc\";\nqreg q[3];\nh q[2];\ncx q[1],q[2];\nx q[1];\nh q[2];\nx q[0];\nh q[1];\ncx q[0],q[2];\ncx q[0],q[2];\nh q[2];\nx q[2];\nx q[2];\nh q[2];\ncx q[0],q[2];\ncx q[0],q[2];\nh q[1];\nx q[0];\nh q[2];\nx q[1];\ncx q[1],q[2];\nh q[2];", "pqc_circuit_qasm": "OPENQASM 2.0;\ninclude \"qelib1.inc\";\nqreg q[3];\nh q[2];\ncx q[1],q[2];\nx q[1];\nh q[2];\nx q[0];\nrz(2.370074510574341) q[0];\nrx(0.2833814322948456) q[0];\nrz(-2.9111101627349854) q[0];\nrz(0.14903095364570618) q[1];\nrx(1.4207738637924194) q[1];\nrz(3.214488983154297) q[1];\nrz(1.3859610557556152) q[2];\nrx(-1.8190678358078003) q[2];\nrz(-0.24588485062122345) q[2];\nh q[1];\ncx q[0],q[2];\ncx q[0],q[2];\nh q[2];\nx q[2];\nrz(0.24132439494132996) q[0];\nrx(0.8617608547210693) q[0];\nrz(-2.9513115882873535) q[0];\nrz(1.6306568384170532) q[1];\nrx(-1.2157952785491943) q[1];\nrz(-0.26023590564727783) q[1];\nrz(-2.014498472213745) q[2];\nrx(-0.26578980684280396) q[2];\nrz(-3.3309731483459473) q[2];\nx q[2];\nh q[2];\ncx q[0],q[2];\ncx q[0],q[2];\nh q[1];\nrz(-0.3620392084121704) q[0];\nrx(0.6358138918876648) q[0];\nrz(0.7493617534637451) q[0];\nrz(2.529294967651367) q[1];\nrx(2.6673693656921387) q[1];\nrz(0.0731358602643013) q[1];\nrz(3.0242533683776855) q[2];\nrx(1.026146411895752) q[2];\nrz(-1.6192296743392944) q[2];\nx q[0];\nh q[2];\nx q[1];\ncx q[1],q[2];\nh q[2];\nrz(2.9045236110687256) q[0];\nrx(-0.04823610559105873) q[0];\nrz(0.8858048915863037) q[0];\nrz(-0.18176177144050598) q[1];\nrx(-3.2416958808898926) q[1];\nrz(1.4987964630126953) q[1];\nrz(0.2617698609828949) q[2];\nrx(3.0134429931640625) q[2];\nrz(-2.440579891204834) q[2];"}