{"seed": 2445, "fidelity": 0.9957029223442078, "pqc_params": [[[-2.090280532836914, -0.17781421542167664, -2.682309627532959], [0.15926511585712433, -2.4231789112091064, 0.3462406396865845], [1.602721929550171, -0.38250815868377686, 0.09830231219530106]], [[-0.2894357442855835, 0.5577883720397949, -2.3551595211029053], [-0.7976958155632019, -0.15560953319072723, 0.543010950088501], [-1.1282507181167603, -3.146472692489624, -1.0221976041793823]], [[-2.667527675628662, -2.0116376876831055, -0.5201941728591919], [1.5402413606643677, -2.3379580974578857, 3.2185587882995605], [0.05602625384926796, 1.3596305847167969, 1.5267139673233032]], [[0.6269075870513916, 1.2966217994689941, -2.011627435684204], [0.5250644683837891, -1.6295496225357056, -0.7851343750953674], [-1.780771255493164, -2.0308094024658203, 0.13695074617862701]]], "base_circuit_tokens": [["h", [1], []], ["x", [2], []], ["x", [2], []], ["x", [2], []], ["x", [2], []], ["h", [2], []], ["cx", [0, 2], []], ["cx", [0, 2], []], ["x", [0], []], ["cx", [1, 2], []], ["cx", [1, 2], []], ["x", [0], []], ["cx", [0, 2], []], ["cx", [0, 2], []], ["h", [2], []], ["x", [2], []], ["x", [2], []], ["x", [2], []], ["x", [2], []], ["h", [1], []]], "pqc_circuit_tokens": [["h", [1], []], ["x", [2], []], ["x", [2], []], ["x", [2], []], ["x", [2], []], ["rz", [0], [-2.090280532836914]], ["rx", [0], [-0.17781421542167664]], ["rz", [0], [-2.682309627532959]], ["rz", [1], [0.15926511585712433]], ["rx", [1], [-2.4231789112091064]], ["rz", [1], [0.3462406396865845]], ["rz", [2], [1.602721929550171]], ["rx", [2], [-0.38250815868377686]], ["rz", [2], [0.09830231219530106]], ["h", [2], []], ["cx", [0, 2], []], ["cx", [0, 2], []], ["x", [0], []], ["cx", [1, 2], []], ["rz", [0], [-0.2894357442855835]], ["rx", [0], [0.5577883720397949]], ["rz", [0], [-2.3551595211029053]], ["rz", [1], [-0.7976958155632019]], ["rx", [1], [-0.15560953319072723]], ["rz", [1], [0.543010950088501]], ["rz", [2], [-1.1282507181167603]], ["rx", [2], [-3.146472692489624]], ["rz", [2], [-1.0221976041793823]], ["cx", [1, 2], []], ["x", [0], []], ["cx", [0, 2], []], ["cx", [0, 2], []], ["h", [2], []], ["rz", [0], [-2.667527675628662]], ["rx", [0], [-2.0116376876831055]], ["rz", [0], [-0.5201941728591919]], ["rz", [1], [1.5402413606643677]], ["rx", [1], [-2.3379580974578857]], ["rz", [1], [3.2185587882995605]], ["rz", [2], [0.05602625384926796]], ["rx", [2], [1.3596305847167969]], ["rz", [2], [1.5267139673233032]], ["x", [2], []], ["x", [2], []], ["x", [2], []], ["x", [2], []], ["h", [1], []], ["rz", [0], [0.6269075870513916]], ["rx", [0], [1.2966217994689941]], ["rz", [0], [-2.011627435684204]], ["rz", [1], [0.5250644683837891]], ["rx", [1], [-1.6295496225357056]], ["rz", [1], [-0.7851343750953674]], ["rz", [2], [-1.780771255493164]], ["rx", [2], [-2.0308094024658203]], ["rz", [2], [0.13695074617862701]]], "base_circuit_qasm": "OPENQASM 2.0;\ninclude \"qelib1.inc\";\nqreg q[3];\nh q[1];\nx q[2];\nx q[2];\nx q[2];\nx q[2];\nh q[2];\ncx q[0],q[2];\ncx q[0],q[2];\nx q[0];\ncx q[1],q[2];\ncx q[1],q[2];\nx q[0];\ncx q[0],q[2];\ncx q[0],q[2];\nh q[2];\nx q[2];\nx q[2];\nx q[2];\nx q[2];\nh q[1];", "pqc_circuit_qasm": "OPENQASM 2.0;\ninclude \"qelib1.inc\";\nqreg q[3];\nh q[1];\nx q[2];\nx q[2];\nx q[2];\nx q[2];\nrz(-2.090280532836914) q[0];\nrx(-0.17781421542167664) q[0];\nrz(-2.682309627532959) q[0];\nrz(0.15926511585712433) q[1];\nrx(-2.4231789112091064) q[1];\nrz(0.3462406396865845) q[1];\nrz(1.602721929550171) q[2];\nrx(-0.38250815868377686) q[2];\nrz(0.09830231219530106) q[2];\nh q[2];\ncx q[0],q[2];\ncx q[0],q[2];\nx q[0];\ncx q[1],q[2];\nrz(-0.2894357442855835) q[0];\nrx(0.5577883720397949) q[0];\nrz(-2.3551595211029053) q[0];\nrz(-0.7976958155632019) q[1];\nrx(-0.15560953319072723) q[1];\nrz(0.543010950088501) q[1];\nrz(-1.1282507181167603) q[2];\nrx(-3.146472692489624) q[2];\nrz(-1.0221976041793823) q[2];\ncx q[1],q[2];\nx q[0];\ncx q[0],q[2];\ncx q[0],q[2];\nh q[2];\nrz(-2.667527675628662) q[0];\nrx(-2.0116376876831055) q[0];\nrz(-0.5201941728591919) q[0];\nrz(1.5402413606643677) q[1];\nrx(-2.3379580974578857) q[1];\nrz(3.2185587882995605) q[1];\nrz(0.05602625384926796) q[2];\nrx(1.3596305847167969) q[2];\nrz(1.5267139673233032) q[2];\nx q[2];\nx q[2];\nx q[2];\nx q[2];\nh q[1];\nrz(0.6269075870513916) q[0];\nrx(1.2966217994689941) q[0];\nrz(-2.011627435684204) q[0];\nrz(0.5250644683837891) q[1];\nrx(-1.6295496225357056) q[1];\nrz(-0.7851343750953674) q[1];\nrz(-1.780771255493164) q[2];\nrx(-2.0308094024658203) q[2];\nrz(0.13695074617862701) q[2];"}