{"seed": 2454, "fidelity": 0.9707972407341003, "pqc_params": [[[-2.8307430744171143, -1.444037675857544, 1.053762674331665], [0.7414237260818481, 2.160382032394409, 1.7925019264221191], [-1.3416321277618408, 2.0069353580474854, 2.215970754623413]], [[-1.2456319332122803, 3.655348062515259, -0.39230877161026], [0.3621160387992859, -0.3817514181137085, -0.4456624686717987], [-2.4174184799194336, 3.20926570892334, -0.7935553193092346]], [[1.5619162321090698, -0.4646764397621155, 2.030851364135742], [2.0285041332244873, -1.964560627937317, -1.407143473625183], [-1.3936221599578857, 2.146237373352051, 0.25613871216773987]], [[-3.1993393898010254, 0.32338401675224304, 1.505261778831482], [2.515732526779175, -2.6542134284973145, -0.539334237575531], [-2.104043960571289, 0.18971379101276398, 2.2678656578063965]]], "base_circuit_tokens": [["h", [0], []], ["x", [0], []], ["h", [1], []], ["cx", [1, 0], []], ["x", [2], []], ["h", [1], []], ["h", [1], []], ["h", [2], []], ["x", [1], []], ["cx", [2, 1], []], ["cx", [2, 1], []], ["x", [1], []], ["h", [2], []], ["h", [1], []], ["h", [1], []], ["x", [2], []], ["cx", [1, 0], []], ["h", [1], []], ["x", [0], []], ["h", [0], []]], "pqc_circuit_tokens": [["h", [0], []], ["x", [0], []], ["h", [1], []], ["cx", [1, 0], []], ["x", [2], []], ["rz", [0], [-2.8307430744171143]], ["rx", [0], [-1.444037675857544]], ["rz", [0], [1.053762674331665]], ["rz", [1], [0.7414237260818481]], ["rx", [1], [2.160382032394409]], ["rz", [1], [1.7925019264221191]], ["rz", [2], [-1.3416321277618408]], ["rx", [2], [2.0069353580474854]], ["rz", [2], [2.215970754623413]], ["h", [1], []], ["h", [1], []], ["h", [2], []], ["x", [1], []], ["cx", [2, 1], []], ["rz", [0], [-1.2456319332122803]], ["rx", [0], [3.655348062515259]], ["rz", [0], [-0.39230877161026]], ["rz", [1], [0.3621160387992859]], ["rx", [1], [-0.3817514181137085]], ["rz", [1], [-0.4456624686717987]], ["rz", [2], [-2.4174184799194336]], ["rx", [2], [3.20926570892334]], ["rz", [2], [-0.7935553193092346]], ["cx", [2, 1], []], ["x", [1], []], ["h", [2], []], ["h", [1], []], ["h", [1], []], ["rz", [0], [1.5619162321090698]], ["rx", [0], [-0.4646764397621155]], ["rz", [0], [2.030851364135742]], ["rz", [1], [2.0285041332244873]], ["rx", [1], [-1.964560627937317]], ["rz", [1], [-1.407143473625183]], ["rz", [2], [-1.3936221599578857]], ["rx", [2], [2.146237373352051]], ["rz", [2], [0.25613871216773987]], ["x", [2], []], ["cx", [1, 0], []], ["h", [1], []], ["x", [0], []], ["h", [0], []], ["rz", [0], [-3.1993393898010254]], ["rx", [0], [0.32338401675224304]], ["rz", [0], [1.505261778831482]], ["rz", [1], [2.515732526779175]], ["rx", [1], [-2.6542134284973145]], ["rz", [1], [-0.539334237575531]], ["rz", [2], [-2.104043960571289]], ["rx", [2], [0.18971379101276398]], ["rz", [2], [2.2678656578063965]]], "base_circuit_qasm": "OPENQASM 2.0;\ninclude \"qelib1.inc\";\nqreg q[3];\nh q[0];\nx q[0];\nh q[1];\ncx q[1],q[0];\nx q[2];\nh q[1];\nh q[1];\nh q[2];\nx q[1];\ncx q[2],q[1];\ncx q[2],q[1];\nx q[1];\nh q[2];\nh q[1];\nh q[1];\nx q[2];\ncx q[1],q[0];\nh q[1];\nx q[0];\nh q[0];", "pqc_circuit_qasm": "OPENQASM 2.0;\ninclude \"qelib1.inc\";\nqreg q[3];\nh q[0];\nx q[0];\nh q[1];\ncx q[1],q[0];\nx q[2];\nrz(-2.8307430744171143) q[0];\nrx(-1.444037675857544) q[0];\nrz(1.053762674331665) q[0];\nrz(0.7414237260818481) q[1];\nrx(2.160382032394409) q[1];\nrz(1.7925019264221191) q[1];\nrz(-1.3416321277618408) q[2];\nrx(2.0069353580474854) q[2];\nrz(2.215970754623413) q[2];\nh q[1];\nh q[1];\nh q[2];\nx q[1];\ncx q[2],q[1];\nrz(-1.2456319332122803) q[0];\nrx(3.655348062515259) q[0];\nrz(-0.39230877161026) q[0];\nrz(0.3621160387992859) q[1];\nrx(-0.3817514181137085) q[1];\nrz(-0.4456624686717987) q[1];\nrz(-2.4174184799194336) q[2];\nrx(3.20926570892334) q[2];\nrz(-0.7935553193092346) q[2];\ncx q[2],q[1];\nx q[1];\nh q[2];\nh q[1];\nh q[1];\nrz(1.5619162321090698) q[0];\nrx(-0.4646764397621155) q[0];\nrz(2.030851364135742) q[0];\nrz(2.0285041332244873) q[1];\nrx(-1.964560627937317) q[1];\nrz(-1.407143473625183) q[1];\nrz(-1.3936221599578857) q[2];\nrx(2.146237373352051) q[2];\nrz(0.25613871216773987) q[2];\nx q[2];\ncx q[1],q[0];\nh q[1];\nx q[0];\nh q[0];\nrz(-3.1993393898010254) q[0];\nrx(0.32338401675224304) q[0];\nrz(1.505261778831482) q[0];\nrz(2.515732526779175) q[1];\nrx(-2.6542134284973145) q[1];\nrz(-0.539334237575531) q[1];\nrz(-2.104043960571289) q[2];\nrx(0.18971379101276398) q[2];\nrz(2.2678656578063965) q[2];"}