{"seed": 2485, "fidelity": 0.9941847920417786, "pqc_params": [[[-1.0512241125106812, 2.1805191040039062, 1.177076816558838], [0.4196481704711914, 1.3770849704742432, -0.9711938500404358], [1.7983858585357666, -1.0989378690719604, -0.5619968175888062]], [[-2.608257532119751, 0.07408920675516129, -3.096421003341675], [0.03995416685938835, -0.7185928821563721, 3.2064528465270996], [2.3573501110076904, -2.360973358154297, 0.2711019814014435]], [[1.3558402061462402, -2.3086979389190674, -1.3493839502334595], [1.857987880706787, -0.6397508978843689, 2.735475778579712], [1.7414476871490479, -1.7767590284347534, 1.8398386240005493]], [[-2.170910596847534, 0.05535513907670975, -0.6235008835792542], [-3.1204006671905518, 0.12284296751022339, 0.6456345319747925], [2.732271909713745, 3.448096990585327, 2.8339035511016846]]], "base_circuit_tokens": [["h", [1], []], ["cx", [0, 2], []], ["x", [0], []], ["cx", [2, 1], []], ["h", [2], []], ["h", [1], []], ["cx", [0, 1], []], ["h", [2], []], ["x", [1], []], ["h", [2], []], ["h", [2], []], ["x", [1], []], ["h", [2], []], ["cx", [0, 1], []], ["h", [1], []], ["h", [2], []], ["cx", [2, 1], []], ["x", [0], []], ["cx", [0, 2], []], ["h", [1], []]], "pqc_circuit_tokens": [["h", [1], []], ["cx", [0, 2], []], ["x", [0], []], ["cx", [2, 1], []], ["h", [2], []], ["rz", [0], [-1.0512241125106812]], ["rx", [0], [2.1805191040039062]], ["rz", [0], [1.177076816558838]], ["rz", [1], [0.4196481704711914]], ["rx", [1], [1.3770849704742432]], ["rz", [1], [-0.9711938500404358]], ["rz", [2], [1.7983858585357666]], ["rx", [2], [-1.0989378690719604]], ["rz", [2], [-0.5619968175888062]], ["h", [1], []], ["cx", [0, 1], []], ["h", [2], []], ["x", [1], []], ["h", [2], []], ["rz", [0], [-2.608257532119751]], ["rx", [0], [0.07408920675516129]], ["rz", [0], [-3.096421003341675]], ["rz", [1], [0.03995416685938835]], ["rx", [1], [-0.7185928821563721]], ["rz", [1], [3.2064528465270996]], ["rz", [2], [2.3573501110076904]], ["rx", [2], [-2.360973358154297]], ["rz", [2], [0.2711019814014435]], ["h", [2], []], ["x", [1], []], ["h", [2], []], ["cx", [0, 1], []], ["h", [1], []], ["rz", [0], [1.3558402061462402]], ["rx", [0], [-2.3086979389190674]], ["rz", [0], [-1.3493839502334595]], ["rz", [1], [1.857987880706787]], ["rx", [1], [-0.6397508978843689]], ["rz", [1], [2.735475778579712]], ["rz", [2], [1.7414476871490479]], ["rx", [2], [-1.7767590284347534]], ["rz", [2], [1.8398386240005493]], ["h", [2], []], ["cx", [2, 1], []], ["x", [0], []], ["cx", [0, 2], []], ["h", [1], []], ["rz", [0], [-2.170910596847534]], ["rx", [0], [0.05535513907670975]], ["rz", [0], [-0.6235008835792542]], ["rz", [1], [-3.1204006671905518]], ["rx", [1], [0.12284296751022339]], ["rz", [1], [0.6456345319747925]], ["rz", [2], [2.732271909713745]], ["rx", [2], [3.448096990585327]], ["rz", [2], [2.8339035511016846]]], "base_circuit_qasm": "OPENQASM 2.0;\ninclude \"qelib1.inc\";\nqreg q[3];\nh q[1];\ncx q[0],q[2];\nx q[0];\ncx q[2],q[1];\nh q[2];\nh q[1];\ncx q[0],q[1];\nh q[2];\nx q[1];\nh q[2];\nh q[2];\nx q[1];\nh q[2];\ncx q[0],q[1];\nh q[1];\nh q[2];\ncx q[2],q[1];\nx q[0];\ncx q[0],q[2];\nh q[1];", "pqc_circuit_qasm": "OPENQASM 2.0;\ninclude \"qelib1.inc\";\nqreg q[3];\nh q[1];\ncx q[0],q[2];\nx q[0];\ncx q[2],q[1];\nh q[2];\nrz(-1.0512241125106812) q[0];\nrx(2.1805191040039062) q[0];\nrz(1.177076816558838) q[0];\nrz(0.4196481704711914) q[1];\nrx(1.3770849704742432) q[1];\nrz(-0.9711938500404358) q[1];\nrz(1.7983858585357666) q[2];\nrx(-1.0989378690719604) q[2];\nrz(-0.5619968175888062) q[2];\nh q[1];\ncx q[0],q[1];\nh q[2];\nx q[1];\nh q[2];\nrz(-2.608257532119751) q[0];\nrx(0.07408920675516129) q[0];\nrz(-3.096421003341675) q[0];\nrz(0.03995416685938835) q[1];\nrx(-0.7185928821563721) q[1];\nrz(3.2064528465270996) q[1];\nrz(2.3573501110076904) q[2];\nrx(-2.360973358154297) q[2];\nrz(0.2711019814014435) q[2];\nh q[2];\nx q[1];\nh q[2];\ncx q[0],q[1];\nh q[1];\nrz(1.3558402061462402) q[0];\nrx(-2.3086979389190674) q[0];\nrz(-1.3493839502334595) q[0];\nrz(1.857987880706787) q[1];\nrx(-0.6397508978843689) q[1];\nrz(2.735475778579712) q[1];\nrz(1.7414476871490479) q[2];\nrx(-1.7767590284347534) q[2];\nrz(1.8398386240005493) q[2];\nh q[2];\ncx q[2],q[1];\nx q[0];\ncx q[0],q[2];\nh q[1];\nrz(-2.170910596847534) q[0];\nrx(0.05535513907670975) q[0];\nrz(-0.6235008835792542) q[0];\nrz(-3.1204006671905518) q[1];\nrx(0.12284296751022339) q[1];\nrz(0.6456345319747925) q[1];\nrz(2.732271909713745) q[2];\nrx(3.448096990585327) q[2];\nrz(2.8339035511016846) q[2];"}