{"seed": 2487, "fidelity": 0.995391845703125, "pqc_params": [[[-2.1976187229156494, 0.8478943705558777, 0.30811724066734314], [-0.6767286658287048, -4.147218227386475, 2.5590155124664307], [-0.35397765040397644, -0.6533616781234741, 3.0687344074249268]], [[1.1268069744110107, 2.7797441482543945, 1.186635136604309], [0.49294328689575195, 1.214869499206543, -0.8217870593070984], [3.090066909790039, 2.1000566482543945, 2.299229860305786]], [[-2.5716748237609863, -1.8035922050476074, -0.9289826154708862], [-2.315965414047241, -3.4498417377471924, -2.5592520236968994], [2.638658285140991, -0.2591690421104431, 1.220604658126831]], [[0.7934827208518982, -0.05970577523112297, -1.4248661994934082], [-2.9661645889282227, -3.1030874252319336, -2.865030288696289], [-1.8502191305160522, 0.0037996130995452404, 0.0621354766190052]]], "base_circuit_tokens": [["cx", [2, 1], []], ["cx", [0, 1], []], ["h", [0], []], ["h", [2], []], ["h", [1], []], ["x", [0], []], ["h", [1], []], ["x", [1], []], ["h", [1], []], ["x", [0], []], ["x", [0], []], ["h", [1], []], ["x", [1], []], ["h", [1], []], ["x", [0], []], ["h", [1], []], ["h", [2], []], ["h", [0], []], ["cx", [0, 1], []], ["cx", [2, 1], []]], "pqc_circuit_tokens": [["cx", [2, 1], []], ["cx", [0, 1], []], ["h", [0], []], ["h", [2], []], ["h", [1], []], ["rz", [0], [-2.1976187229156494]], ["rx", [0], [0.8478943705558777]], ["rz", [0], [0.30811724066734314]], ["rz", [1], [-0.6767286658287048]], ["rx", [1], [-4.147218227386475]], ["rz", [1], [2.5590155124664307]], ["rz", [2], [-0.35397765040397644]], ["rx", [2], [-0.6533616781234741]], ["rz", [2], [3.0687344074249268]], ["x", [0], []], ["h", [1], []], ["x", [1], []], ["h", [1], []], ["x", [0], []], ["rz", [0], [1.1268069744110107]], ["rx", [0], [2.7797441482543945]], ["rz", [0], [1.186635136604309]], ["rz", [1], [0.49294328689575195]], ["rx", [1], [1.214869499206543]], ["rz", [1], [-0.8217870593070984]], ["rz", [2], [3.090066909790039]], ["rx", [2], [2.1000566482543945]], ["rz", [2], [2.299229860305786]], ["x", [0], []], ["h", [1], []], ["x", [1], []], ["h", [1], []], ["x", [0], []], ["rz", [0], [-2.5716748237609863]], ["rx", [0], [-1.8035922050476074]], ["rz", [0], [-0.9289826154708862]], ["rz", [1], [-2.315965414047241]], ["rx", [1], [-3.4498417377471924]], ["rz", [1], [-2.5592520236968994]], ["rz", [2], [2.638658285140991]], ["rx", [2], [-0.2591690421104431]], ["rz", [2], [1.220604658126831]], ["h", [1], []], ["h", [2], []], ["h", [0], []], ["cx", [0, 1], []], ["cx", [2, 1], []], ["rz", [0], [0.7934827208518982]], ["rx", [0], [-0.05970577523112297]], ["rz", [0], [-1.4248661994934082]], ["rz", [1], [-2.9661645889282227]], ["rx", [1], [-3.1030874252319336]], ["rz", [1], [-2.865030288696289]], ["rz", [2], [-1.8502191305160522]], ["rx", [2], [0.0037996130995452404]], ["rz", [2], [0.0621354766190052]]], "base_circuit_qasm": "OPENQASM 2.0;\ninclude \"qelib1.inc\";\nqreg q[3];\ncx q[2],q[1];\ncx q[0],q[1];\nh q[0];\nh q[2];\nh q[1];\nx q[0];\nh q[1];\nx q[1];\nh q[1];\nx q[0];\nx q[0];\nh q[1];\nx q[1];\nh q[1];\nx q[0];\nh q[1];\nh q[2];\nh q[0];\ncx q[0],q[1];\ncx q[2],q[1];", "pqc_circuit_qasm": "OPENQASM 2.0;\ninclude \"qelib1.inc\";\nqreg q[3];\ncx q[2],q[1];\ncx q[0],q[1];\nh q[0];\nh q[2];\nh q[1];\nrz(-2.1976187229156494) q[0];\nrx(0.8478943705558777) q[0];\nrz(0.30811724066734314) q[0];\nrz(-0.6767286658287048) q[1];\nrx(-4.147218227386475) q[1];\nrz(2.5590155124664307) q[1];\nrz(-0.35397765040397644) q[2];\nrx(-0.6533616781234741) q[2];\nrz(3.0687344074249268) q[2];\nx q[0];\nh q[1];\nx q[1];\nh q[1];\nx q[0];\nrz(1.1268069744110107) q[0];\nrx(2.7797441482543945) q[0];\nrz(1.186635136604309) q[0];\nrz(0.49294328689575195) q[1];\nrx(1.214869499206543) q[1];\nrz(-0.8217870593070984) q[1];\nrz(3.090066909790039) q[2];\nrx(2.1000566482543945) q[2];\nrz(2.299229860305786) q[2];\nx q[0];\nh q[1];\nx q[1];\nh q[1];\nx q[0];\nrz(-2.5716748237609863) q[0];\nrx(-1.8035922050476074) q[0];\nrz(-0.9289826154708862) q[0];\nrz(-2.315965414047241) q[1];\nrx(-3.4498417377471924) q[1];\nrz(-2.5592520236968994) q[1];\nrz(2.638658285140991) q[2];\nrx(-0.2591690421104431) q[2];\nrz(1.220604658126831) q[2];\nh q[1];\nh q[2];\nh q[0];\ncx q[0],q[1];\ncx q[2],q[1];\nrz(0.7934827208518982) q[0];\nrx(-0.05970577523112297) q[0];\nrz(-1.4248661994934082) q[0];\nrz(-2.9661645889282227) q[1];\nrx(-3.1030874252319336) q[1];\nrz(-2.865030288696289) q[1];\nrz(-1.8502191305160522) q[2];\nrx(0.0037996130995452404) q[2];\nrz(0.0621354766190052) q[2];"}