{"seed": 2501, "fidelity": 0.9998011589050293, "pqc_params": [[[1.1376128196716309, 2.8759572505950928, 2.8543150424957275], [0.6381914615631104, 2.2514214515686035, -2.715787172317505], [-1.7762094736099243, -0.4021567404270172, 2.021162509918213]], [[2.865082025527954, 0.6223347783088684, -0.9053656458854675], [0.058386120945215225, -3.260998249053955, 0.17416751384735107], [0.31289154291152954, 0.00015682719822507352, -0.41866037249565125]], [[2.5803022384643555, 1.6129205226898193, 0.5079909563064575], [-1.579534888267517, 0.8004885315895081, -1.926269769668579], [0.7935823798179626, 1.3710086345672607, 2.8120789527893066]], [[2.7009565830230713, 0.9439375400543213, -1.1486070156097412], [0.09071437269449234, -2.832895040512085, -2.395411252975464], [1.836238145828247, 1.8758609294891357, 0.045065686106681824]]], "base_circuit_tokens": [["h", [1], []], ["h", [2], []], ["h", [1], []], ["h", [1], []], ["h", [0], []], ["h", [0], []], ["cx", [1, 2], []], ["x", [1], []], ["h", [0], []], ["h", [1], []], ["h", [1], []], ["h", [0], []], ["x", [1], []], ["cx", [1, 2], []], ["h", [0], []], ["h", [0], []], ["h", [1], []], ["h", [1], []], ["h", [2], []], ["h", [1], []]], "pqc_circuit_tokens": [["h", [1], []], ["h", [2], []], ["h", [1], []], ["h", [1], []], ["h", [0], []], ["rz", [0], [1.1376128196716309]], ["rx", [0], [2.8759572505950928]], ["rz", [0], [2.8543150424957275]], ["rz", [1], [0.6381914615631104]], ["rx", [1], [2.2514214515686035]], ["rz", [1], [-2.715787172317505]], ["rz", [2], [-1.7762094736099243]], ["rx", [2], [-0.4021567404270172]], ["rz", [2], [2.021162509918213]], ["h", [0], []], ["cx", [1, 2], []], ["x", [1], []], ["h", [0], []], ["h", [1], []], ["rz", [0], [2.865082025527954]], ["rx", [0], [0.6223347783088684]], ["rz", [0], [-0.9053656458854675]], ["rz", [1], [0.058386120945215225]], ["rx", [1], [-3.260998249053955]], ["rz", [1], [0.17416751384735107]], ["rz", [2], [0.31289154291152954]], ["rx", [2], [0.00015682719822507352]], ["rz", [2], [-0.41866037249565125]], ["h", [1], []], ["h", [0], []], ["x", [1], []], ["cx", [1, 2], []], ["h", [0], []], ["rz", [0], [2.5803022384643555]], ["rx", [0], [1.6129205226898193]], ["rz", [0], [0.5079909563064575]], ["rz", [1], [-1.579534888267517]], ["rx", [1], [0.8004885315895081]], ["rz", [1], [-1.926269769668579]], ["rz", [2], [0.7935823798179626]], ["rx", [2], [1.3710086345672607]], ["rz", [2], [2.8120789527893066]], ["h", [0], []], ["h", [1], []], ["h", [1], []], ["h", [2], []], ["h", [1], []], ["rz", [0], [2.7009565830230713]], ["rx", [0], [0.9439375400543213]], ["rz", [0], [-1.1486070156097412]], ["rz", [1], [0.09071437269449234]], ["rx", [1], [-2.832895040512085]], ["rz", [1], [-2.395411252975464]], ["rz", [2], [1.836238145828247]], ["rx", [2], [1.8758609294891357]], ["rz", [2], [0.045065686106681824]]], "base_circuit_qasm": "OPENQASM 2.0;\ninclude \"qelib1.inc\";\nqreg q[3];\nh q[1];\nh q[2];\nh q[1];\nh q[1];\nh q[0];\nh q[0];\ncx q[1],q[2];\nx q[1];\nh q[0];\nh q[1];\nh q[1];\nh q[0];\nx q[1];\ncx q[1],q[2];\nh q[0];\nh q[0];\nh q[1];\nh q[1];\nh q[2];\nh q[1];", "pqc_circuit_qasm": "OPENQASM 2.0;\ninclude \"qelib1.inc\";\nqreg q[3];\nh q[1];\nh q[2];\nh q[1];\nh q[1];\nh q[0];\nrz(1.1376128196716309) q[0];\nrx(2.8759572505950928) q[0];\nrz(2.8543150424957275) q[0];\nrz(0.6381914615631104) q[1];\nrx(2.2514214515686035) q[1];\nrz(-2.715787172317505) q[1];\nrz(-1.7762094736099243) q[2];\nrx(-0.4021567404270172) q[2];\nrz(2.021162509918213) q[2];\nh q[0];\ncx q[1],q[2];\nx q[1];\nh q[0];\nh q[1];\nrz(2.865082025527954) q[0];\nrx(0.6223347783088684) q[0];\nrz(-0.9053656458854675) q[0];\nrz(0.058386120945215225) q[1];\nrx(-3.260998249053955) q[1];\nrz(0.17416751384735107) q[1];\nrz(0.31289154291152954) q[2];\nrx(0.00015682719822507352) q[2];\nrz(-0.41866037249565125) q[2];\nh q[1];\nh q[0];\nx q[1];\ncx q[1],q[2];\nh q[0];\nrz(2.5803022384643555) q[0];\nrx(1.6129205226898193) q[0];\nrz(0.5079909563064575) q[0];\nrz(-1.579534888267517) q[1];\nrx(0.8004885315895081) q[1];\nrz(-1.926269769668579) q[1];\nrz(0.7935823798179626) q[2];\nrx(1.3710086345672607) q[2];\nrz(2.8120789527893066) q[2];\nh q[0];\nh q[1];\nh q[1];\nh q[2];\nh q[1];\nrz(2.7009565830230713) q[0];\nrx(0.9439375400543213) q[0];\nrz(-1.1486070156097412) q[0];\nrz(0.09071437269449234) q[1];\nrx(-2.832895040512085) q[1];\nrz(-2.395411252975464) q[1];\nrz(1.836238145828247) q[2];\nrx(1.8758609294891357) q[2];\nrz(0.045065686106681824) q[2];"}