{"seed": 2510, "fidelity": 0.9936099052429199, "pqc_params": [[[1.9539635181427002, -0.556747317314148, -0.3684979975223541], [1.6632376909255981, 1.383872628211975, 1.1299457550048828], [0.8677699565887451, 2.2399003505706787, 1.964104175567627]], [[-2.483191728591919, 3.007671356201172, 0.7514444589614868], [1.753890872001648, 3.1339313983917236, 1.8617839813232422], [1.4780640602111816, 3.1214144229888916, -1.5755923986434937]], [[-1.8404531478881836, 1.0883057117462158, 1.4656200408935547], [-0.42034947872161865, 1.8654924631118774, -1.433877944946289], [-1.8572596311569214, 1.3111779689788818, -2.0590057373046875]], [[-2.310755968093872, 0.7515284419059753, 0.14951634407043457], [-1.5645743608474731, -2.752357006072998, -2.8099803924560547], [2.2087604999542236, 0.5834135413169861, 2.0788490772247314]]], "base_circuit_tokens": [["x", [2], []], ["h", [1], []], ["x", [0], []], ["x", [1], []], ["h", [2], []], ["cx", [2, 1], []], ["cx", [1, 2], []], ["x", [0], []], ["h", [2], []], ["cx", [2, 0], []], ["cx", [2, 0], []], ["h", [2], []], ["x", [0], []], ["cx", [1, 2], []], ["cx", [2, 1], []], ["h", [2], []], ["x", [1], []], ["x", [0], []], ["h", [1], []], ["x", [2], []]], "pqc_circuit_tokens": [["x", [2], []], ["h", [1], []], ["x", [0], []], ["x", [1], []], ["h", [2], []], ["rz", [0], [1.9539635181427002]], ["rx", [0], [-0.556747317314148]], ["rz", [0], [-0.3684979975223541]], ["rz", [1], [1.6632376909255981]], ["rx", [1], [1.383872628211975]], ["rz", [1], [1.1299457550048828]], ["rz", [2], [0.8677699565887451]], ["rx", [2], [2.2399003505706787]], ["rz", [2], [1.964104175567627]], ["cx", [2, 1], []], ["cx", [1, 2], []], ["x", [0], []], ["h", [2], []], ["cx", [2, 0], []], ["rz", [0], [-2.483191728591919]], ["rx", [0], [3.007671356201172]], ["rz", [0], [0.7514444589614868]], ["rz", [1], [1.753890872001648]], ["rx", [1], [3.1339313983917236]], ["rz", [1], [1.8617839813232422]], ["rz", [2], [1.4780640602111816]], ["rx", [2], [3.1214144229888916]], ["rz", [2], [-1.5755923986434937]], ["cx", [2, 0], []], ["h", [2], []], ["x", [0], []], ["cx", [1, 2], []], ["cx", [2, 1], []], ["rz", [0], [-1.8404531478881836]], ["rx", [0], [1.0883057117462158]], ["rz", [0], [1.4656200408935547]], ["rz", [1], [-0.42034947872161865]], ["rx", [1], [1.8654924631118774]], ["rz", [1], [-1.433877944946289]], ["rz", [2], [-1.8572596311569214]], ["rx", [2], [1.3111779689788818]], ["rz", [2], [-2.0590057373046875]], ["h", [2], []], ["x", [1], []], ["x", [0], []], ["h", [1], []], ["x", [2], []], ["rz", [0], [-2.310755968093872]], ["rx", [0], [0.7515284419059753]], ["rz", [0], [0.14951634407043457]], ["rz", [1], [-1.5645743608474731]], ["rx", [1], [-2.752357006072998]], ["rz", [1], [-2.8099803924560547]], ["rz", [2], [2.2087604999542236]], ["rx", [2], [0.5834135413169861]], ["rz", [2], [2.0788490772247314]]], "base_circuit_qasm": "OPENQASM 2.0;\ninclude \"qelib1.inc\";\nqreg q[3];\nx q[2];\nh q[1];\nx q[0];\nx q[1];\nh q[2];\ncx q[2],q[1];\ncx q[1],q[2];\nx q[0];\nh q[2];\ncx q[2],q[0];\ncx q[2],q[0];\nh q[2];\nx q[0];\ncx q[1],q[2];\ncx q[2],q[1];\nh q[2];\nx q[1];\nx q[0];\nh q[1];\nx q[2];", "pqc_circuit_qasm": "OPENQASM 2.0;\ninclude \"qelib1.inc\";\nqreg q[3];\nx q[2];\nh q[1];\nx q[0];\nx q[1];\nh q[2];\nrz(1.9539635181427002) q[0];\nrx(-0.556747317314148) q[0];\nrz(-0.3684979975223541) q[0];\nrz(1.6632376909255981) q[1];\nrx(1.383872628211975) q[1];\nrz(1.1299457550048828) q[1];\nrz(0.8677699565887451) q[2];\nrx(2.2399003505706787) q[2];\nrz(1.964104175567627) q[2];\ncx q[2],q[1];\ncx q[1],q[2];\nx q[0];\nh q[2];\ncx q[2],q[0];\nrz(-2.483191728591919) q[0];\nrx(3.007671356201172) q[0];\nrz(0.7514444589614868) q[0];\nrz(1.753890872001648) q[1];\nrx(3.1339313983917236) q[1];\nrz(1.8617839813232422) q[1];\nrz(1.4780640602111816) q[2];\nrx(3.1214144229888916) q[2];\nrz(-1.5755923986434937) q[2];\ncx q[2],q[0];\nh q[2];\nx q[0];\ncx q[1],q[2];\ncx q[2],q[1];\nrz(-1.8404531478881836) q[0];\nrx(1.0883057117462158) q[0];\nrz(1.4656200408935547) q[0];\nrz(-0.42034947872161865) q[1];\nrx(1.8654924631118774) q[1];\nrz(-1.433877944946289) q[1];\nrz(-1.8572596311569214) q[2];\nrx(1.3111779689788818) q[2];\nrz(-2.0590057373046875) q[2];\nh q[2];\nx q[1];\nx q[0];\nh q[1];\nx q[2];\nrz(-2.310755968093872) q[0];\nrx(0.7515284419059753) q[0];\nrz(0.14951634407043457) q[0];\nrz(-1.5645743608474731) q[1];\nrx(-2.752357006072998) q[1];\nrz(-2.8099803924560547) q[1];\nrz(2.2087604999542236) q[2];\nrx(0.5834135413169861) q[2];\nrz(2.0788490772247314) q[2];"}