{"seed": 2516, "fidelity": 0.999787449836731, "pqc_params": [[[0.04828929156064987, 2.401153564453125, -1.391965389251709], [0.9596248865127563, -2.2327001094818115, -1.0345271825790405], [-0.23289024829864502, -2.2267329692840576, 0.29415613412857056]], [[0.6082313060760498, 1.091601848602295, 1.948119044303894], [0.28291043639183044, -0.3535902202129364, 0.3164689242839813], [2.1793410778045654, -0.2577052712440491, -2.474651575088501]], [[-2.3296666145324707, -0.3654334843158722, -0.48954761028289795], [0.6958629488945007, 1.401768445968628, -2.1497116088867188], [2.1780002117156982, 1.5785908699035645, 2.8435864448547363]], [[-1.3208651542663574, -1.5001707077026367, -3.008044481277466], [-3.493421792984009, 0.5480442643165588, -2.703524589538574], [0.7946828603744507, -0.3122505247592926, 2.165955066680908]]], "base_circuit_tokens": [["cx", [2, 1], []], ["h", [0], []], ["h", [2], []], ["h", [0], []], ["x", [2], []], ["h", [0], []], ["x", [1], []], ["h", [1], []], ["h", [2], []], ["cx", [1, 2], []], ["cx", [1, 2], []], ["h", [2], []], ["h", [1], []], ["x", [1], []], ["h", [0], []], ["x", [2], []], ["h", [0], []], ["h", [2], []], ["h", [0], []], ["cx", [2, 1], []]], "pqc_circuit_tokens": [["cx", [2, 1], []], ["h", [0], []], ["h", [2], []], ["h", [0], []], ["x", [2], []], ["rz", [0], [0.04828929156064987]], ["rx", [0], [2.401153564453125]], ["rz", [0], [-1.391965389251709]], ["rz", [1], [0.9596248865127563]], ["rx", [1], [-2.2327001094818115]], ["rz", [1], [-1.0345271825790405]], ["rz", [2], [-0.23289024829864502]], ["rx", [2], [-2.2267329692840576]], ["rz", [2], [0.29415613412857056]], ["h", [0], []], ["x", [1], []], ["h", [1], []], ["h", [2], []], ["cx", [1, 2], []], ["rz", [0], [0.6082313060760498]], ["rx", [0], [1.091601848602295]], ["rz", [0], [1.948119044303894]], ["rz", [1], [0.28291043639183044]], ["rx", [1], [-0.3535902202129364]], ["rz", [1], [0.3164689242839813]], ["rz", [2], [2.1793410778045654]], ["rx", [2], [-0.2577052712440491]], ["rz", [2], [-2.474651575088501]], ["cx", [1, 2], []], ["h", [2], []], ["h", [1], []], ["x", [1], []], ["h", [0], []], ["rz", [0], [-2.3296666145324707]], ["rx", [0], [-0.3654334843158722]], ["rz", [0], [-0.48954761028289795]], ["rz", [1], [0.6958629488945007]], ["rx", [1], [1.401768445968628]], ["rz", [1], [-2.1497116088867188]], ["rz", [2], [2.1780002117156982]], ["rx", [2], [1.5785908699035645]], ["rz", [2], [2.8435864448547363]], ["x", [2], []], ["h", [0], []], ["h", [2], []], ["h", [0], []], ["cx", [2, 1], []], ["rz", [0], [-1.3208651542663574]], ["rx", [0], [-1.5001707077026367]], ["rz", [0], [-3.008044481277466]], ["rz", [1], [-3.493421792984009]], ["rx", [1], [0.5480442643165588]], ["rz", [1], [-2.703524589538574]], ["rz", [2], [0.7946828603744507]], ["rx", [2], [-0.3122505247592926]], ["rz", [2], [2.165955066680908]]], "base_circuit_qasm": "OPENQASM 2.0;\ninclude \"qelib1.inc\";\nqreg q[3];\ncx q[2],q[1];\nh q[0];\nh q[2];\nh q[0];\nx q[2];\nh q[0];\nx q[1];\nh q[1];\nh q[2];\ncx q[1],q[2];\ncx q[1],q[2];\nh q[2];\nh q[1];\nx q[1];\nh q[0];\nx q[2];\nh q[0];\nh q[2];\nh q[0];\ncx q[2],q[1];", "pqc_circuit_qasm": "OPENQASM 2.0;\ninclude \"qelib1.inc\";\nqreg q[3];\ncx q[2],q[1];\nh q[0];\nh q[2];\nh q[0];\nx q[2];\nrz(0.04828929156064987) q[0];\nrx(2.401153564453125) q[0];\nrz(-1.391965389251709) q[0];\nrz(0.9596248865127563) q[1];\nrx(-2.2327001094818115) q[1];\nrz(-1.0345271825790405) q[1];\nrz(-0.23289024829864502) q[2];\nrx(-2.2267329692840576) q[2];\nrz(0.29415613412857056) q[2];\nh q[0];\nx q[1];\nh q[1];\nh q[2];\ncx q[1],q[2];\nrz(0.6082313060760498) q[0];\nrx(1.091601848602295) q[0];\nrz(1.948119044303894) q[0];\nrz(0.28291043639183044) q[1];\nrx(-0.3535902202129364) q[1];\nrz(0.3164689242839813) q[1];\nrz(2.1793410778045654) q[2];\nrx(-0.2577052712440491) q[2];\nrz(-2.474651575088501) q[2];\ncx q[1],q[2];\nh q[2];\nh q[1];\nx q[1];\nh q[0];\nrz(-2.3296666145324707) q[0];\nrx(-0.3654334843158722) q[0];\nrz(-0.48954761028289795) q[0];\nrz(0.6958629488945007) q[1];\nrx(1.401768445968628) q[1];\nrz(-2.1497116088867188) q[1];\nrz(2.1780002117156982) q[2];\nrx(1.5785908699035645) q[2];\nrz(2.8435864448547363) q[2];\nx q[2];\nh q[0];\nh q[2];\nh q[0];\ncx q[2],q[1];\nrz(-1.3208651542663574) q[0];\nrx(-1.5001707077026367) q[0];\nrz(-3.008044481277466) q[0];\nrz(-3.493421792984009) q[1];\nrx(0.5480442643165588) q[1];\nrz(-2.703524589538574) q[1];\nrz(0.7946828603744507) q[2];\nrx(-0.3122505247592926) q[2];\nrz(2.165955066680908) q[2];"}