{"seed": 2528, "fidelity": 0.9906862378120422, "pqc_params": [[[2.498873710632324, -2.5841102600097656, 2.6830151081085205], [-1.2669775485992432, -0.23569680750370026, -3.282045364379883], [2.145768165588379, 2.878690004348755, -1.713304877281189]], [[-2.763878345489502, 3.2327847480773926, 0.4824904203414917], [3.348860740661621, 0.31152665615081787, -2.522718906402588], [2.9896295070648193, 2.865764856338501, -3.1844804286956787]], [[-3.1372361183166504, 0.21201953291893005, -1.9109035730361938], [-0.8607255816459656, 2.3747329711914062, -0.26412340998649597], [1.5751659870147705, -1.795228123664856, 0.25287264585494995]], [[0.21074765920639038, 2.7568159103393555, -2.5357487201690674], [2.9010915756225586, -0.5007680654525757, -2.5014917850494385], [-1.057382583618164, -2.7068450450897217, 0.14632660150527954]]], "base_circuit_tokens": [["h", [2], []], ["h", [2], []], ["h", [1], []], ["h", [2], []], ["h", [1], []], ["x", [0], []], ["x", [2], []], ["cx", [1, 0], []], ["cx", [1, 2], []], ["cx", [0, 1], []], ["cx", [0, 1], []], ["cx", [1, 2], []], ["cx", [1, 0], []], ["x", [2], []], ["x", [0], []], ["h", [1], []], ["h", [2], []], ["h", [1], []], ["h", [2], []], ["h", [2], []]], "pqc_circuit_tokens": [["h", [2], []], ["h", [2], []], ["h", [1], []], ["h", [2], []], ["h", [1], []], ["rz", [0], [2.498873710632324]], ["rx", [0], [-2.5841102600097656]], ["rz", [0], [2.6830151081085205]], ["rz", [1], [-1.2669775485992432]], ["rx", [1], [-0.23569680750370026]], ["rz", [1], [-3.282045364379883]], ["rz", [2], [2.145768165588379]], ["rx", [2], [2.878690004348755]], ["rz", [2], [-1.713304877281189]], ["x", [0], []], ["x", [2], []], ["cx", [1, 0], []], ["cx", [1, 2], []], ["cx", [0, 1], []], ["rz", [0], [-2.763878345489502]], ["rx", [0], [3.2327847480773926]], ["rz", [0], [0.4824904203414917]], ["rz", [1], [3.348860740661621]], ["rx", [1], [0.31152665615081787]], ["rz", [1], [-2.522718906402588]], ["rz", [2], [2.9896295070648193]], ["rx", [2], [2.865764856338501]], ["rz", [2], [-3.1844804286956787]], ["cx", [0, 1], []], ["cx", [1, 2], []], ["cx", [1, 0], []], ["x", [2], []], ["x", [0], []], ["rz", [0], [-3.1372361183166504]], ["rx", [0], [0.21201953291893005]], ["rz", [0], [-1.9109035730361938]], ["rz", [1], [-0.8607255816459656]], ["rx", [1], [2.3747329711914062]], ["rz", [1], [-0.26412340998649597]], ["rz", [2], [1.5751659870147705]], ["rx", [2], [-1.795228123664856]], ["rz", [2], [0.25287264585494995]], ["h", [1], []], ["h", [2], []], ["h", [1], []], ["h", [2], []], ["h", [2], []], ["rz", [0], [0.21074765920639038]], ["rx", [0], [2.7568159103393555]], ["rz", [0], [-2.5357487201690674]], ["rz", [1], [2.9010915756225586]], ["rx", [1], [-0.5007680654525757]], ["rz", [1], [-2.5014917850494385]], ["rz", [2], [-1.057382583618164]], ["rx", [2], [-2.7068450450897217]], ["rz", [2], [0.14632660150527954]]], "base_circuit_qasm": "OPENQASM 2.0;\ninclude \"qelib1.inc\";\nqreg q[3];\nh q[2];\nh q[2];\nh q[1];\nh q[2];\nh q[1];\nx q[0];\nx q[2];\ncx q[1],q[0];\ncx q[1],q[2];\ncx q[0],q[1];\ncx q[0],q[1];\ncx q[1],q[2];\ncx q[1],q[0];\nx q[2];\nx q[0];\nh q[1];\nh q[2];\nh q[1];\nh q[2];\nh q[2];", "pqc_circuit_qasm": "OPENQASM 2.0;\ninclude \"qelib1.inc\";\nqreg q[3];\nh q[2];\nh q[2];\nh q[1];\nh q[2];\nh q[1];\nrz(2.498873710632324) q[0];\nrx(-2.5841102600097656) q[0];\nrz(2.6830151081085205) q[0];\nrz(-1.2669775485992432) q[1];\nrx(-0.23569680750370026) q[1];\nrz(-3.282045364379883) q[1];\nrz(2.145768165588379) q[2];\nrx(2.878690004348755) q[2];\nrz(-1.713304877281189) q[2];\nx q[0];\nx q[2];\ncx q[1],q[0];\ncx q[1],q[2];\ncx q[0],q[1];\nrz(-2.763878345489502) q[0];\nrx(3.2327847480773926) q[0];\nrz(0.4824904203414917) q[0];\nrz(3.348860740661621) q[1];\nrx(0.31152665615081787) q[1];\nrz(-2.522718906402588) q[1];\nrz(2.9896295070648193) q[2];\nrx(2.865764856338501) q[2];\nrz(-3.1844804286956787) q[2];\ncx q[0],q[1];\ncx q[1],q[2];\ncx q[1],q[0];\nx q[2];\nx q[0];\nrz(-3.1372361183166504) q[0];\nrx(0.21201953291893005) q[0];\nrz(-1.9109035730361938) q[0];\nrz(-0.8607255816459656) q[1];\nrx(2.3747329711914062) q[1];\nrz(-0.26412340998649597) q[1];\nrz(1.5751659870147705) q[2];\nrx(-1.795228123664856) q[2];\nrz(0.25287264585494995) q[2];\nh q[1];\nh q[2];\nh q[1];\nh q[2];\nh q[2];\nrz(0.21074765920639038) q[0];\nrx(2.7568159103393555) q[0];\nrz(-2.5357487201690674) q[0];\nrz(2.9010915756225586) q[1];\nrx(-0.5007680654525757) q[1];\nrz(-2.5014917850494385) q[1];\nrz(-1.057382583618164) q[2];\nrx(-2.7068450450897217) q[2];\nrz(0.14632660150527954) q[2];"}