{"seed": 2537, "fidelity": 0.9992594122886658, "pqc_params": [[[-0.04467141255736351, 3.599607467651367, 0.3424137234687805], [2.4408719539642334, 1.1355488300323486, 2.9212687015533447], [-0.2437025010585785, -2.4288127422332764, -0.002394618932157755]], [[-3.247154712677002, -1.751587986946106, -3.1391210556030273], [3.5136115550994873, 0.08989660441875458, -0.5838662981987], [2.9830710887908936, -0.5439270734786987, 1.458059310913086]], [[0.22633300721645355, -2.5456509590148926, 3.196918487548828], [0.5836156606674194, 0.3198844790458679, 1.9185248613357544], [1.9134002923965454, -2.9404616355895996, -2.263756036758423]], [[1.6704392433166504, 0.37009283900260925, -2.3548789024353027], [2.4673216342926025, 3.35701060295105, 0.10384438931941986], [-0.8762924075126648, -2.3355891704559326, 1.5319575071334839]]], "base_circuit_tokens": [["h", [0], []], ["h", [0], []], ["x", [2], []], ["x", [2], []], ["h", [1], []], ["h", [2], []], ["x", [2], []], ["h", [0], []], ["h", [1], []], ["cx", [1, 0], []], ["cx", [1, 0], []], ["h", [1], []], ["h", [0], []], ["x", [2], []], ["h", [2], []], ["h", [1], []], ["x", [2], []], ["x", [2], []], ["h", [0], []], ["h", [0], []]], "pqc_circuit_tokens": [["h", [0], []], ["h", [0], []], ["x", [2], []], ["x", [2], []], ["h", [1], []], ["rz", [0], [-0.04467141255736351]], ["rx", [0], [3.599607467651367]], ["rz", [0], [0.3424137234687805]], ["rz", [1], [2.4408719539642334]], ["rx", [1], [1.1355488300323486]], ["rz", [1], [2.9212687015533447]], ["rz", [2], [-0.2437025010585785]], ["rx", [2], [-2.4288127422332764]], ["rz", [2], [-0.002394618932157755]], ["h", [2], []], ["x", [2], []], ["h", [0], []], ["h", [1], []], ["cx", [1, 0], []], ["rz", [0], [-3.247154712677002]], ["rx", [0], [-1.751587986946106]], ["rz", [0], [-3.1391210556030273]], ["rz", [1], [3.5136115550994873]], ["rx", [1], [0.08989660441875458]], ["rz", [1], [-0.5838662981987]], ["rz", [2], [2.9830710887908936]], ["rx", [2], [-0.5439270734786987]], ["rz", [2], [1.458059310913086]], ["cx", [1, 0], []], ["h", [1], []], ["h", [0], []], ["x", [2], []], ["h", [2], []], ["rz", [0], [0.22633300721645355]], ["rx", [0], [-2.5456509590148926]], ["rz", [0], [3.196918487548828]], ["rz", [1], [0.5836156606674194]], ["rx", [1], [0.3198844790458679]], ["rz", [1], [1.9185248613357544]], ["rz", [2], [1.9134002923965454]], ["rx", [2], [-2.9404616355895996]], ["rz", [2], [-2.263756036758423]], ["h", [1], []], ["x", [2], []], ["x", [2], []], ["h", [0], []], ["h", [0], []], ["rz", [0], [1.6704392433166504]], ["rx", [0], [0.37009283900260925]], ["rz", [0], [-2.3548789024353027]], ["rz", [1], [2.4673216342926025]], ["rx", [1], [3.35701060295105]], ["rz", [1], [0.10384438931941986]], ["rz", [2], [-0.8762924075126648]], ["rx", [2], [-2.3355891704559326]], ["rz", [2], [1.5319575071334839]]], "base_circuit_qasm": "OPENQASM 2.0;\ninclude \"qelib1.inc\";\nqreg q[3];\nh q[0];\nh q[0];\nx q[2];\nx q[2];\nh q[1];\nh q[2];\nx q[2];\nh q[0];\nh q[1];\ncx q[1],q[0];\ncx q[1],q[0];\nh q[1];\nh q[0];\nx q[2];\nh q[2];\nh q[1];\nx q[2];\nx q[2];\nh q[0];\nh q[0];", "pqc_circuit_qasm": "OPENQASM 2.0;\ninclude \"qelib1.inc\";\nqreg q[3];\nh q[0];\nh q[0];\nx q[2];\nx q[2];\nh q[1];\nrz(-0.04467141255736351) q[0];\nrx(3.599607467651367) q[0];\nrz(0.3424137234687805) q[0];\nrz(2.4408719539642334) q[1];\nrx(1.1355488300323486) q[1];\nrz(2.9212687015533447) q[1];\nrz(-0.2437025010585785) q[2];\nrx(-2.4288127422332764) q[2];\nrz(-0.002394618932157755) q[2];\nh q[2];\nx q[2];\nh q[0];\nh q[1];\ncx q[1],q[0];\nrz(-3.247154712677002) q[0];\nrx(-1.751587986946106) q[0];\nrz(-3.1391210556030273) q[0];\nrz(3.5136115550994873) q[1];\nrx(0.08989660441875458) q[1];\nrz(-0.5838662981987) q[1];\nrz(2.9830710887908936) q[2];\nrx(-0.5439270734786987) q[2];\nrz(1.458059310913086) q[2];\ncx q[1],q[0];\nh q[1];\nh q[0];\nx q[2];\nh q[2];\nrz(0.22633300721645355) q[0];\nrx(-2.5456509590148926) q[0];\nrz(3.196918487548828) q[0];\nrz(0.5836156606674194) q[1];\nrx(0.3198844790458679) q[1];\nrz(1.9185248613357544) q[1];\nrz(1.9134002923965454) q[2];\nrx(-2.9404616355895996) q[2];\nrz(-2.263756036758423) q[2];\nh q[1];\nx q[2];\nx q[2];\nh q[0];\nh q[0];\nrz(1.6704392433166504) q[0];\nrx(0.37009283900260925) q[0];\nrz(-2.3548789024353027) q[0];\nrz(2.4673216342926025) q[1];\nrx(3.35701060295105) q[1];\nrz(0.10384438931941986) q[1];\nrz(-0.8762924075126648) q[2];\nrx(-2.3355891704559326) q[2];\nrz(1.5319575071334839) q[2];"}