{"seed": 2542, "fidelity": 0.9993484616279602, "pqc_params": [[[-0.7748593688011169, -2.155043125152588, -0.4918217360973358], [0.7795746922492981, 0.5463215112686157, -1.38201904296875], [-3.3428502082824707, -3.7057013511657715, 1.2434618473052979]], [[-1.5425294637680054, -3.28235125541687, 1.6329258680343628], [-0.26642802357673645, 1.1197940111160278, -2.345663070678711], [-0.08889282494783401, -2.6973624229431152, 3.052680015563965]], [[0.31197020411491394, -2.082181453704834, 2.7433981895446777], [-0.8683990836143494, -2.7243165969848633, -0.3984875977039337], [0.6489300727844238, 0.5496587157249451, 0.7399407029151917]], [[-1.2464334964752197, -0.06570487469434738, 2.167255401611328], [-0.13730263710021973, -2.2686045169830322, -2.7510669231414795], [-1.1361751556396484, 2.9481496810913086, -1.0608296394348145]]], "base_circuit_tokens": [["cx", [0, 2], []], ["h", [2], []], ["h", [2], []], ["h", [2], []], ["x", [2], []], ["h", [1], []], ["x", [2], []], ["h", [1], []], ["cx", [2, 0], []], ["h", [2], []], ["h", [2], []], ["cx", [2, 0], []], ["h", [1], []], ["x", [2], []], ["h", [1], []], ["x", [2], []], ["h", [2], []], ["h", [2], []], ["h", [2], []], ["cx", [0, 2], []]], "pqc_circuit_tokens": [["cx", [0, 2], []], ["h", [2], []], ["h", [2], []], ["h", [2], []], ["x", [2], []], ["rz", [0], [-0.7748593688011169]], ["rx", [0], [-2.155043125152588]], ["rz", [0], [-0.4918217360973358]], ["rz", [1], [0.7795746922492981]], ["rx", [1], [0.5463215112686157]], ["rz", [1], [-1.38201904296875]], ["rz", [2], [-3.3428502082824707]], ["rx", [2], [-3.7057013511657715]], ["rz", [2], [1.2434618473052979]], ["h", [1], []], ["x", [2], []], ["h", [1], []], ["cx", [2, 0], []], ["h", [2], []], ["rz", [0], [-1.5425294637680054]], ["rx", [0], [-3.28235125541687]], ["rz", [0], [1.6329258680343628]], ["rz", [1], [-0.26642802357673645]], ["rx", [1], [1.1197940111160278]], ["rz", [1], [-2.345663070678711]], ["rz", [2], [-0.08889282494783401]], ["rx", [2], [-2.6973624229431152]], ["rz", [2], [3.052680015563965]], ["h", [2], []], ["cx", [2, 0], []], ["h", [1], []], ["x", [2], []], ["h", [1], []], ["rz", [0], [0.31197020411491394]], ["rx", [0], [-2.082181453704834]], ["rz", [0], [2.7433981895446777]], ["rz", [1], [-0.8683990836143494]], ["rx", [1], [-2.7243165969848633]], ["rz", [1], [-0.3984875977039337]], ["rz", [2], [0.6489300727844238]], ["rx", [2], [0.5496587157249451]], ["rz", [2], [0.7399407029151917]], ["x", [2], []], ["h", [2], []], ["h", [2], []], ["h", [2], []], ["cx", [0, 2], []], ["rz", [0], [-1.2464334964752197]], ["rx", [0], [-0.06570487469434738]], ["rz", [0], [2.167255401611328]], ["rz", [1], [-0.13730263710021973]], ["rx", [1], [-2.2686045169830322]], ["rz", [1], [-2.7510669231414795]], ["rz", [2], [-1.1361751556396484]], ["rx", [2], [2.9481496810913086]], ["rz", [2], [-1.0608296394348145]]], "base_circuit_qasm": "OPENQASM 2.0;\ninclude \"qelib1.inc\";\nqreg q[3];\ncx q[0],q[2];\nh q[2];\nh q[2];\nh q[2];\nx q[2];\nh q[1];\nx q[2];\nh q[1];\ncx q[2],q[0];\nh q[2];\nh q[2];\ncx q[2],q[0];\nh q[1];\nx q[2];\nh q[1];\nx q[2];\nh q[2];\nh q[2];\nh q[2];\ncx q[0],q[2];", "pqc_circuit_qasm": "OPENQASM 2.0;\ninclude \"qelib1.inc\";\nqreg q[3];\ncx q[0],q[2];\nh q[2];\nh q[2];\nh q[2];\nx q[2];\nrz(-0.7748593688011169) q[0];\nrx(-2.155043125152588) q[0];\nrz(-0.4918217360973358) q[0];\nrz(0.7795746922492981) q[1];\nrx(0.5463215112686157) q[1];\nrz(-1.38201904296875) q[1];\nrz(-3.3428502082824707) q[2];\nrx(-3.7057013511657715) q[2];\nrz(1.2434618473052979) q[2];\nh q[1];\nx q[2];\nh q[1];\ncx q[2],q[0];\nh q[2];\nrz(-1.5425294637680054) q[0];\nrx(-3.28235125541687) q[0];\nrz(1.6329258680343628) q[0];\nrz(-0.26642802357673645) q[1];\nrx(1.1197940111160278) q[1];\nrz(-2.345663070678711) q[1];\nrz(-0.08889282494783401) q[2];\nrx(-2.6973624229431152) q[2];\nrz(3.052680015563965) q[2];\nh q[2];\ncx q[2],q[0];\nh q[1];\nx q[2];\nh q[1];\nrz(0.31197020411491394) q[0];\nrx(-2.082181453704834) q[0];\nrz(2.7433981895446777) q[0];\nrz(-0.8683990836143494) q[1];\nrx(-2.7243165969848633) q[1];\nrz(-0.3984875977039337) q[1];\nrz(0.6489300727844238) q[2];\nrx(0.5496587157249451) q[2];\nrz(0.7399407029151917) q[2];\nx q[2];\nh q[2];\nh q[2];\nh q[2];\ncx q[0],q[2];\nrz(-1.2464334964752197) q[0];\nrx(-0.06570487469434738) q[0];\nrz(2.167255401611328) q[0];\nrz(-0.13730263710021973) q[1];\nrx(-2.2686045169830322) q[1];\nrz(-2.7510669231414795) q[1];\nrz(-1.1361751556396484) q[2];\nrx(2.9481496810913086) q[2];\nrz(-1.0608296394348145) q[2];"}