{"seed": 2543, "fidelity": 0.999769389629364, "pqc_params": [[[-2.6975975036621094, -0.9992210865020752, -1.6453357934951782], [-2.148364305496216, 1.131458044052124, -2.650636911392212], [2.2269949913024902, -2.1873157024383545, 0.4836447834968567]], [[-2.174880266189575, 3.4559521675109863, 2.2846875190734863], [2.239130973815918, -1.8793526887893677, 1.6130574941635132], [1.50108003616333, 0.16987323760986328, 2.7921690940856934]], [[0.7896807193756104, -1.024484395980835, -1.2237731218338013], [-2.1707165241241455, 1.0859756469726562, -0.7999173402786255], [-2.961498975753784, 2.5038599967956543, 1.7723851203918457]], [[3.444959878921509, 0.9946104884147644, 0.22235530614852905], [0.3629744350910187, -3.182020902633667, 0.46557772159576416], [0.6051585078239441, 0.001369295991025865, -0.7123427391052246]]], "base_circuit_tokens": [["h", [0], []], ["h", [1], []], ["cx", [1, 2], []], ["h", [0], []], ["x", [2], []], ["h", [2], []], ["h", [2], []], ["h", [1], []], ["h", [2], []], ["h", [1], []], ["h", [1], []], ["h", [2], []], ["h", [1], []], ["h", [2], []], ["h", [2], []], ["x", [2], []], ["h", [0], []], ["cx", [1, 2], []], ["h", [1], []], ["h", [0], []]], "pqc_circuit_tokens": [["h", [0], []], ["h", [1], []], ["cx", [1, 2], []], ["h", [0], []], ["x", [2], []], ["rz", [0], [-2.6975975036621094]], ["rx", [0], [-0.9992210865020752]], ["rz", [0], [-1.6453357934951782]], ["rz", [1], [-2.148364305496216]], ["rx", [1], [1.131458044052124]], ["rz", [1], [-2.650636911392212]], ["rz", [2], [2.2269949913024902]], ["rx", [2], [-2.1873157024383545]], ["rz", [2], [0.4836447834968567]], ["h", [2], []], ["h", [2], []], ["h", [1], []], ["h", [2], []], ["h", [1], []], ["rz", [0], [-2.174880266189575]], ["rx", [0], [3.4559521675109863]], ["rz", [0], [2.2846875190734863]], ["rz", [1], [2.239130973815918]], ["rx", [1], [-1.8793526887893677]], ["rz", [1], [1.6130574941635132]], ["rz", [2], [1.50108003616333]], ["rx", [2], [0.16987323760986328]], ["rz", [2], [2.7921690940856934]], ["h", [1], []], ["h", [2], []], ["h", [1], []], ["h", [2], []], ["h", [2], []], ["rz", [0], [0.7896807193756104]], ["rx", [0], [-1.024484395980835]], ["rz", [0], [-1.2237731218338013]], ["rz", [1], [-2.1707165241241455]], ["rx", [1], [1.0859756469726562]], ["rz", [1], [-0.7999173402786255]], ["rz", [2], [-2.961498975753784]], ["rx", [2], [2.5038599967956543]], ["rz", [2], [1.7723851203918457]], ["x", [2], []], ["h", [0], []], ["cx", [1, 2], []], ["h", [1], []], ["h", [0], []], ["rz", [0], [3.444959878921509]], ["rx", [0], [0.9946104884147644]], ["rz", [0], [0.22235530614852905]], ["rz", [1], [0.3629744350910187]], ["rx", [1], [-3.182020902633667]], ["rz", [1], [0.46557772159576416]], ["rz", [2], [0.6051585078239441]], ["rx", [2], [0.001369295991025865]], ["rz", [2], [-0.7123427391052246]]], "base_circuit_qasm": "OPENQASM 2.0;\ninclude \"qelib1.inc\";\nqreg q[3];\nh q[0];\nh q[1];\ncx q[1],q[2];\nh q[0];\nx q[2];\nh q[2];\nh q[2];\nh q[1];\nh q[2];\nh q[1];\nh q[1];\nh q[2];\nh q[1];\nh q[2];\nh q[2];\nx q[2];\nh q[0];\ncx q[1],q[2];\nh q[1];\nh q[0];", "pqc_circuit_qasm": "OPENQASM 2.0;\ninclude \"qelib1.inc\";\nqreg q[3];\nh q[0];\nh q[1];\ncx q[1],q[2];\nh q[0];\nx q[2];\nrz(-2.6975975036621094) q[0];\nrx(-0.9992210865020752) q[0];\nrz(-1.6453357934951782) q[0];\nrz(-2.148364305496216) q[1];\nrx(1.131458044052124) q[1];\nrz(-2.650636911392212) q[1];\nrz(2.2269949913024902) q[2];\nrx(-2.1873157024383545) q[2];\nrz(0.4836447834968567) q[2];\nh q[2];\nh q[2];\nh q[1];\nh q[2];\nh q[1];\nrz(-2.174880266189575) q[0];\nrx(3.4559521675109863) q[0];\nrz(2.2846875190734863) q[0];\nrz(2.239130973815918) q[1];\nrx(-1.8793526887893677) q[1];\nrz(1.6130574941635132) q[1];\nrz(1.50108003616333) q[2];\nrx(0.16987323760986328) q[2];\nrz(2.7921690940856934) q[2];\nh q[1];\nh q[2];\nh q[1];\nh q[2];\nh q[2];\nrz(0.7896807193756104) q[0];\nrx(-1.024484395980835) q[0];\nrz(-1.2237731218338013) q[0];\nrz(-2.1707165241241455) q[1];\nrx(1.0859756469726562) q[1];\nrz(-0.7999173402786255) q[1];\nrz(-2.961498975753784) q[2];\nrx(2.5038599967956543) q[2];\nrz(1.7723851203918457) q[2];\nx q[2];\nh q[0];\ncx q[1],q[2];\nh q[1];\nh q[0];\nrz(3.444959878921509) q[0];\nrx(0.9946104884147644) q[0];\nrz(0.22235530614852905) q[0];\nrz(0.3629744350910187) q[1];\nrx(-3.182020902633667) q[1];\nrz(0.46557772159576416) q[1];\nrz(0.6051585078239441) q[2];\nrx(0.001369295991025865) q[2];\nrz(-0.7123427391052246) q[2];"}