{"seed": 2549, "fidelity": 0.9998337626457214, "pqc_params": [[[-0.47694364190101624, 1.4786070585250854, -1.0205013751983643], [-3.6890370845794678, -2.1397247314453125, 1.9982991218566895], [1.2449960708618164, -1.8017219305038452, 1.8753602504730225]], [[-1.9796134233474731, -3.144282102584839, -0.19646017253398895], [0.24701954424381256, -2.512265205383301, -1.7828933000564575], [0.10429016500711441, 2.242628574371338, 2.6740195751190186]], [[-0.3106449246406555, 0.34698501229286194, 1.417628526687622], [-0.14514492452144623, 3.1964664459228516, -3.2570762634277344], [-3.0961129665374756, 2.1928904056549072, 1.3622950315475464]], [[-2.1160383224487305, 1.8180832862854004, -0.07189687341451645], [1.7936800718307495, 0.3396832048892975, -3.602262258529663], [0.14510224759578705, 0.23046593368053436, -2.2791225910186768]]], "base_circuit_tokens": [["x", [0], []], ["h", [1], []], ["h", [0], []], ["h", [2], []], ["h", [0], []], ["h", [1], []], ["x", [1], []], ["h", [1], []], ["x", [1], []], ["x", [2], []], ["x", [2], []], ["x", [1], []], ["h", [1], []], ["x", [1], []], ["h", [1], []], ["h", [0], []], ["h", [2], []], ["h", [0], []], ["h", [1], []], ["x", [0], []]], "pqc_circuit_tokens": [["x", [0], []], ["h", [1], []], ["h", [0], []], ["h", [2], []], ["h", [0], []], ["rz", [0], [-0.47694364190101624]], ["rx", [0], [1.4786070585250854]], ["rz", [0], [-1.0205013751983643]], ["rz", [1], [-3.6890370845794678]], ["rx", [1], [-2.1397247314453125]], ["rz", [1], [1.9982991218566895]], ["rz", [2], [1.2449960708618164]], ["rx", [2], [-1.8017219305038452]], ["rz", [2], [1.8753602504730225]], ["h", [1], []], ["x", [1], []], ["h", [1], []], ["x", [1], []], ["x", [2], []], ["rz", [0], [-1.9796134233474731]], ["rx", [0], [-3.144282102584839]], ["rz", [0], [-0.19646017253398895]], ["rz", [1], [0.24701954424381256]], ["rx", [1], [-2.512265205383301]], ["rz", [1], [-1.7828933000564575]], ["rz", [2], [0.10429016500711441]], ["rx", [2], [2.242628574371338]], ["rz", [2], [2.6740195751190186]], ["x", [2], []], ["x", [1], []], ["h", [1], []], ["x", [1], []], ["h", [1], []], ["rz", [0], [-0.3106449246406555]], ["rx", [0], [0.34698501229286194]], ["rz", [0], [1.417628526687622]], ["rz", [1], [-0.14514492452144623]], ["rx", [1], [3.1964664459228516]], ["rz", [1], [-3.2570762634277344]], ["rz", [2], [-3.0961129665374756]], ["rx", [2], [2.1928904056549072]], ["rz", [2], [1.3622950315475464]], ["h", [0], []], ["h", [2], []], ["h", [0], []], ["h", [1], []], ["x", [0], []], ["rz", [0], [-2.1160383224487305]], ["rx", [0], [1.8180832862854004]], ["rz", [0], [-0.07189687341451645]], ["rz", [1], [1.7936800718307495]], ["rx", [1], [0.3396832048892975]], ["rz", [1], [-3.602262258529663]], ["rz", [2], [0.14510224759578705]], ["rx", [2], [0.23046593368053436]], ["rz", [2], [-2.2791225910186768]]], "base_circuit_qasm": "OPENQASM 2.0;\ninclude \"qelib1.inc\";\nqreg q[3];\nx q[0];\nh q[1];\nh q[0];\nh q[2];\nh q[0];\nh q[1];\nx q[1];\nh q[1];\nx q[1];\nx q[2];\nx q[2];\nx q[1];\nh q[1];\nx q[1];\nh q[1];\nh q[0];\nh q[2];\nh q[0];\nh q[1];\nx q[0];", "pqc_circuit_qasm": "OPENQASM 2.0;\ninclude \"qelib1.inc\";\nqreg q[3];\nx q[0];\nh q[1];\nh q[0];\nh q[2];\nh q[0];\nrz(-0.47694364190101624) q[0];\nrx(1.4786070585250854) q[0];\nrz(-1.0205013751983643) q[0];\nrz(-3.6890370845794678) q[1];\nrx(-2.1397247314453125) q[1];\nrz(1.9982991218566895) q[1];\nrz(1.2449960708618164) q[2];\nrx(-1.8017219305038452) q[2];\nrz(1.8753602504730225) q[2];\nh q[1];\nx q[1];\nh q[1];\nx q[1];\nx q[2];\nrz(-1.9796134233474731) q[0];\nrx(-3.144282102584839) q[0];\nrz(-0.19646017253398895) q[0];\nrz(0.24701954424381256) q[1];\nrx(-2.512265205383301) q[1];\nrz(-1.7828933000564575) q[1];\nrz(0.10429016500711441) q[2];\nrx(2.242628574371338) q[2];\nrz(2.6740195751190186) q[2];\nx q[2];\nx q[1];\nh q[1];\nx q[1];\nh q[1];\nrz(-0.3106449246406555) q[0];\nrx(0.34698501229286194) q[0];\nrz(1.417628526687622) q[0];\nrz(-0.14514492452144623) q[1];\nrx(3.1964664459228516) q[1];\nrz(-3.2570762634277344) q[1];\nrz(-3.0961129665374756) q[2];\nrx(2.1928904056549072) q[2];\nrz(1.3622950315475464) q[2];\nh q[0];\nh q[2];\nh q[0];\nh q[1];\nx q[0];\nrz(-2.1160383224487305) q[0];\nrx(1.8180832862854004) q[0];\nrz(-0.07189687341451645) q[0];\nrz(1.7936800718307495) q[1];\nrx(0.3396832048892975) q[1];\nrz(-3.602262258529663) q[1];\nrz(0.14510224759578705) q[2];\nrx(0.23046593368053436) q[2];\nrz(-2.2791225910186768) q[2];"}