{"seed": 2590, "fidelity": 0.9979988932609558, "pqc_params": [[[-1.1673989295959473, -1.2673121690750122, 1.437603235244751], [-2.8957653045654297, -1.2314050197601318, 0.6914430856704712], [-0.18789057433605194, 0.08908441662788391, 2.433028221130371]], [[-3.017522096633911, -3.041036605834961, -2.1361513137817383], [0.248752161860466, -0.17623984813690186, -0.14387962222099304], [-2.0478527545928955, -0.008759652264416218, -1.2020541429519653]], [[1.569303274154663, -1.994484543800354, 0.30227646231651306], [1.4600789546966553, 1.5388884544372559, 2.1841442584991455], [1.8758831024169922, 2.9242944717407227, 3.618103504180908]], [[-3.138472557067871, 0.5766482949256897, -0.01161113940179348], [-2.118027925491333, 3.4748847484588623, -0.07742489129304886], [-2.270458936691284, -2.8660888671875, 1.6608566045761108]]], "base_circuit_tokens": [["x", [2], []], ["x", [0], []], ["h", [1], []], ["h", [0], []], ["h", [1], []], ["cx", [1, 2], []], ["h", [0], []], ["h", [1], []], ["cx", [0, 1], []], ["x", [1], []], ["x", [1], []], ["cx", [0, 1], []], ["h", [1], []], ["h", [0], []], ["cx", [1, 2], []], ["h", [1], []], ["h", [0], []], ["h", [1], []], ["x", [0], []], ["x", [2], []]], "pqc_circuit_tokens": [["x", [2], []], ["x", [0], []], ["h", [1], []], ["h", [0], []], ["h", [1], []], ["rz", [0], [-1.1673989295959473]], ["rx", [0], [-1.2673121690750122]], ["rz", [0], [1.437603235244751]], ["rz", [1], [-2.8957653045654297]], ["rx", [1], [-1.2314050197601318]], ["rz", [1], [0.6914430856704712]], ["rz", [2], [-0.18789057433605194]], ["rx", [2], [0.08908441662788391]], ["rz", [2], [2.433028221130371]], ["cx", [1, 2], []], ["h", [0], []], ["h", [1], []], ["cx", [0, 1], []], ["x", [1], []], ["rz", [0], [-3.017522096633911]], ["rx", [0], [-3.041036605834961]], ["rz", [0], [-2.1361513137817383]], ["rz", [1], [0.248752161860466]], ["rx", [1], [-0.17623984813690186]], ["rz", [1], [-0.14387962222099304]], ["rz", [2], [-2.0478527545928955]], ["rx", [2], [-0.008759652264416218]], ["rz", [2], [-1.2020541429519653]], ["x", [1], []], ["cx", [0, 1], []], ["h", [1], []], ["h", [0], []], ["cx", [1, 2], []], ["rz", [0], [1.569303274154663]], ["rx", [0], [-1.994484543800354]], ["rz", [0], [0.30227646231651306]], ["rz", [1], [1.4600789546966553]], ["rx", [1], [1.5388884544372559]], ["rz", [1], [2.1841442584991455]], ["rz", [2], [1.8758831024169922]], ["rx", [2], [2.9242944717407227]], ["rz", [2], [3.618103504180908]], ["h", [1], []], ["h", [0], []], ["h", [1], []], ["x", [0], []], ["x", [2], []], ["rz", [0], [-3.138472557067871]], ["rx", [0], [0.5766482949256897]], ["rz", [0], [-0.01161113940179348]], ["rz", [1], [-2.118027925491333]], ["rx", [1], [3.4748847484588623]], ["rz", [1], [-0.07742489129304886]], ["rz", [2], [-2.270458936691284]], ["rx", [2], [-2.8660888671875]], ["rz", [2], [1.6608566045761108]]], "base_circuit_qasm": "OPENQASM 2.0;\ninclude \"qelib1.inc\";\nqreg q[3];\nx q[2];\nx q[0];\nh q[1];\nh q[0];\nh q[1];\ncx q[1],q[2];\nh q[0];\nh q[1];\ncx q[0],q[1];\nx q[1];\nx q[1];\ncx q[0],q[1];\nh q[1];\nh q[0];\ncx q[1],q[2];\nh q[1];\nh q[0];\nh q[1];\nx q[0];\nx q[2];", "pqc_circuit_qasm": "OPENQASM 2.0;\ninclude \"qelib1.inc\";\nqreg q[3];\nx q[2];\nx q[0];\nh q[1];\nh q[0];\nh q[1];\nrz(-1.1673989295959473) q[0];\nrx(-1.2673121690750122) q[0];\nrz(1.437603235244751) q[0];\nrz(-2.8957653045654297) q[1];\nrx(-1.2314050197601318) q[1];\nrz(0.6914430856704712) q[1];\nrz(-0.18789057433605194) q[2];\nrx(0.08908441662788391) q[2];\nrz(2.433028221130371) q[2];\ncx q[1],q[2];\nh q[0];\nh q[1];\ncx q[0],q[1];\nx q[1];\nrz(-3.017522096633911) q[0];\nrx(-3.041036605834961) q[0];\nrz(-2.1361513137817383) q[0];\nrz(0.248752161860466) q[1];\nrx(-0.17623984813690186) q[1];\nrz(-0.14387962222099304) q[1];\nrz(-2.0478527545928955) q[2];\nrx(-0.008759652264416218) q[2];\nrz(-1.2020541429519653) q[2];\nx q[1];\ncx q[0],q[1];\nh q[1];\nh q[0];\ncx q[1],q[2];\nrz(1.569303274154663) q[0];\nrx(-1.994484543800354) q[0];\nrz(0.30227646231651306) q[0];\nrz(1.4600789546966553) q[1];\nrx(1.5388884544372559) q[1];\nrz(2.1841442584991455) q[1];\nrz(1.8758831024169922) q[2];\nrx(2.9242944717407227) q[2];\nrz(3.618103504180908) q[2];\nh q[1];\nh q[0];\nh q[1];\nx q[0];\nx q[2];\nrz(-3.138472557067871) q[0];\nrx(0.5766482949256897) q[0];\nrz(-0.01161113940179348) q[0];\nrz(-2.118027925491333) q[1];\nrx(3.4748847484588623) q[1];\nrz(-0.07742489129304886) q[1];\nrz(-2.270458936691284) q[2];\nrx(-2.8660888671875) q[2];\nrz(1.6608566045761108) q[2];"}