{"seed": 2601, "fidelity": 0.9739108085632324, "pqc_params": [[[-1.8411297798156738, -1.8927370309829712, -0.5158621072769165], [1.7584259510040283, -0.6800420880317688, 2.7356159687042236], [-1.3256845474243164, 0.3198642134666443, -2.92692494392395]], [[-0.5607658624649048, 1.5813614130020142, -0.07046501338481903], [3.089036703109741, 1.9484106302261353, 0.5187510251998901], [-1.0540876388549805, 1.877501368522644, -0.7499957084655762]], [[-0.8142120838165283, -1.5175540447235107, -2.2530362606048584], [0.8541215658187866, -1.1986819505691528, 2.767301082611084], [0.4873496890068054, 1.1167528629302979, -2.049560546875]], [[-0.2806723415851593, -0.09520847350358963, 1.6675318479537964], [-0.616891086101532, -3.182326555252075, 2.779845714569092], [0.643508791923523, 2.8860461711883545, -2.314058303833008]]], "base_circuit_tokens": [["cx", [0, 2], []], ["h", [0], []], ["x", [2], []], ["cx", [1, 0], []], ["x", [0], []], ["x", [1], []], ["cx", [0, 2], []], ["h", [1], []], ["cx", [0, 2], []], ["h", [0], []], ["h", [0], []], ["cx", [0, 2], []], ["h", [1], []], ["cx", [0, 2], []], ["x", [1], []], ["x", [0], []], ["cx", [1, 0], []], ["x", [2], []], ["h", [0], []], ["cx", [0, 2], []]], "pqc_circuit_tokens": [["cx", [0, 2], []], ["h", [0], []], ["x", [2], []], ["cx", [1, 0], []], ["x", [0], []], ["rz", [0], [-1.8411297798156738]], ["rx", [0], [-1.8927370309829712]], ["rz", [0], [-0.5158621072769165]], ["rz", [1], [1.7584259510040283]], ["rx", [1], [-0.6800420880317688]], ["rz", [1], [2.7356159687042236]], ["rz", [2], [-1.3256845474243164]], ["rx", [2], [0.3198642134666443]], ["rz", [2], [-2.92692494392395]], ["x", [1], []], ["cx", [0, 2], []], ["h", [1], []], ["cx", [0, 2], []], ["h", [0], []], ["rz", [0], [-0.5607658624649048]], ["rx", [0], [1.5813614130020142]], ["rz", [0], [-0.07046501338481903]], ["rz", [1], [3.089036703109741]], ["rx", [1], [1.9484106302261353]], ["rz", [1], [0.5187510251998901]], ["rz", [2], [-1.0540876388549805]], ["rx", [2], [1.877501368522644]], ["rz", [2], [-0.7499957084655762]], ["h", [0], []], ["cx", [0, 2], []], ["h", [1], []], ["cx", [0, 2], []], ["x", [1], []], ["rz", [0], [-0.8142120838165283]], ["rx", [0], [-1.5175540447235107]], ["rz", [0], [-2.2530362606048584]], ["rz", [1], [0.8541215658187866]], ["rx", [1], [-1.1986819505691528]], ["rz", [1], [2.767301082611084]], ["rz", [2], [0.4873496890068054]], ["rx", [2], [1.1167528629302979]], ["rz", [2], [-2.049560546875]], ["x", [0], []], ["cx", [1, 0], []], ["x", [2], []], ["h", [0], []], ["cx", [0, 2], []], ["rz", [0], [-0.2806723415851593]], ["rx", [0], [-0.09520847350358963]], ["rz", [0], [1.6675318479537964]], ["rz", [1], [-0.616891086101532]], ["rx", [1], [-3.182326555252075]], ["rz", [1], [2.779845714569092]], ["rz", [2], [0.643508791923523]], ["rx", [2], [2.8860461711883545]], ["rz", [2], [-2.314058303833008]]], "base_circuit_qasm": "OPENQASM 2.0;\ninclude \"qelib1.inc\";\nqreg q[3];\ncx q[0],q[2];\nh q[0];\nx q[2];\ncx q[1],q[0];\nx q[0];\nx q[1];\ncx q[0],q[2];\nh q[1];\ncx q[0],q[2];\nh q[0];\nh q[0];\ncx q[0],q[2];\nh q[1];\ncx q[0],q[2];\nx q[1];\nx q[0];\ncx q[1],q[0];\nx q[2];\nh q[0];\ncx q[0],q[2];", "pqc_circuit_qasm": "OPENQASM 2.0;\ninclude \"qelib1.inc\";\nqreg q[3];\ncx q[0],q[2];\nh q[0];\nx q[2];\ncx q[1],q[0];\nx q[0];\nrz(-1.8411297798156738) q[0];\nrx(-1.8927370309829712) q[0];\nrz(-0.5158621072769165) q[0];\nrz(1.7584259510040283) q[1];\nrx(-0.6800420880317688) q[1];\nrz(2.7356159687042236) q[1];\nrz(-1.3256845474243164) q[2];\nrx(0.3198642134666443) q[2];\nrz(-2.92692494392395) q[2];\nx q[1];\ncx q[0],q[2];\nh q[1];\ncx q[0],q[2];\nh q[0];\nrz(-0.5607658624649048) q[0];\nrx(1.5813614130020142) q[0];\nrz(-0.07046501338481903) q[0];\nrz(3.089036703109741) q[1];\nrx(1.9484106302261353) q[1];\nrz(0.5187510251998901) q[1];\nrz(-1.0540876388549805) q[2];\nrx(1.877501368522644) q[2];\nrz(-0.7499957084655762) q[2];\nh q[0];\ncx q[0],q[2];\nh q[1];\ncx q[0],q[2];\nx q[1];\nrz(-0.8142120838165283) q[0];\nrx(-1.5175540447235107) q[0];\nrz(-2.2530362606048584) q[0];\nrz(0.8541215658187866) q[1];\nrx(-1.1986819505691528) q[1];\nrz(2.767301082611084) q[1];\nrz(0.4873496890068054) q[2];\nrx(1.1167528629302979) q[2];\nrz(-2.049560546875) q[2];\nx q[0];\ncx q[1],q[0];\nx q[2];\nh q[0];\ncx q[0],q[2];\nrz(-0.2806723415851593) q[0];\nrx(-0.09520847350358963) q[0];\nrz(1.6675318479537964) q[0];\nrz(-0.616891086101532) q[1];\nrx(-3.182326555252075) q[1];\nrz(2.779845714569092) q[1];\nrz(0.643508791923523) q[2];\nrx(2.8860461711883545) q[2];\nrz(-2.314058303833008) q[2];"}