{"seed": 261, "fidelity": 0.9748572707176208, "pqc_params": [[[3.090749979019165, -0.5522480607032776, 0.05098976194858551], [-0.5206589102745056, -3.109523296356201, -0.4585779309272766], [-1.045052170753479, 2.167067766189575, -1.2317945957183838]], [[-0.8188018798828125, -0.21392741799354553, 3.604111671447754], [1.4709466695785522, -2.152308940887451, -0.09070542454719543], [-3.346707582473755, -2.6205618381500244, 2.8021302223205566]], [[0.15756933391094208, 0.13915744423866272, -0.14919093251228333], [1.6268696784973145, -3.239802122116089, 2.4280624389648438], [1.6280248165130615, -0.7892136573791504, -2.1793410778045654]], [[-0.6472955346107483, 2.466449737548828, -0.17408457398414612], [-0.1340567171573639, 0.20268413424491882, 1.5009015798568726], [-1.227667212486267, -0.00130093761254102, 1.1196478605270386]]], "base_circuit_tokens": [["h", [0], []], ["cx", [0, 2], []], ["h", [2], []], ["h", [1], []], ["cx", [1, 0], []], ["x", [0], []], ["cx", [1, 0], []], ["cx", [2, 0], []], ["h", [1], []], ["h", [0], []], ["h", [0], []], ["h", [1], []], ["cx", [2, 0], []], ["cx", [1, 0], []], ["x", [0], []], ["cx", [1, 0], []], ["h", [1], []], ["h", [2], []], ["cx", [0, 2], []], ["h", [0], []]], "pqc_circuit_tokens": [["h", [0], []], ["cx", [0, 2], []], ["h", [2], []], ["h", [1], []], ["cx", [1, 0], []], ["rz", [0], [3.090749979019165]], ["rx", [0], [-0.5522480607032776]], ["rz", [0], [0.05098976194858551]], ["rz", [1], [-0.5206589102745056]], ["rx", [1], [-3.109523296356201]], ["rz", [1], [-0.4585779309272766]], ["rz", [2], [-1.045052170753479]], ["rx", [2], [2.167067766189575]], ["rz", [2], [-1.2317945957183838]], ["x", [0], []], ["cx", [1, 0], []], ["cx", [2, 0], []], ["h", [1], []], ["h", [0], []], ["rz", [0], [-0.8188018798828125]], ["rx", [0], [-0.21392741799354553]], ["rz", [0], [3.604111671447754]], ["rz", [1], [1.4709466695785522]], ["rx", [1], [-2.152308940887451]], ["rz", [1], [-0.09070542454719543]], ["rz", [2], [-3.346707582473755]], ["rx", [2], [-2.6205618381500244]], ["rz", [2], [2.8021302223205566]], ["h", [0], []], ["h", [1], []], ["cx", [2, 0], []], ["cx", [1, 0], []], ["x", [0], []], ["rz", [0], [0.15756933391094208]], ["rx", [0], [0.13915744423866272]], ["rz", [0], [-0.14919093251228333]], ["rz", [1], [1.6268696784973145]], ["rx", [1], [-3.239802122116089]], ["rz", [1], [2.4280624389648438]], ["rz", [2], [1.6280248165130615]], ["rx", [2], [-0.7892136573791504]], ["rz", [2], [-2.1793410778045654]], ["cx", [1, 0], []], ["h", [1], []], ["h", [2], []], ["cx", [0, 2], []], ["h", [0], []], ["rz", [0], [-0.6472955346107483]], ["rx", [0], [2.466449737548828]], ["rz", [0], [-0.17408457398414612]], ["rz", [1], [-0.1340567171573639]], ["rx", [1], [0.20268413424491882]], ["rz", [1], [1.5009015798568726]], ["rz", [2], [-1.227667212486267]], ["rx", [2], [-0.00130093761254102]], ["rz", [2], [1.1196478605270386]]], "base_circuit_qasm": "OPENQASM 2.0;\ninclude \"qelib1.inc\";\nqreg q[3];\nh q[0];\ncx q[0],q[2];\nh q[2];\nh q[1];\ncx q[1],q[0];\nx q[0];\ncx q[1],q[0];\ncx q[2],q[0];\nh q[1];\nh q[0];\nh q[0];\nh q[1];\ncx q[2],q[0];\ncx q[1],q[0];\nx q[0];\ncx q[1],q[0];\nh q[1];\nh q[2];\ncx q[0],q[2];\nh q[0];", "pqc_circuit_qasm": "OPENQASM 2.0;\ninclude \"qelib1.inc\";\nqreg q[3];\nh q[0];\ncx q[0],q[2];\nh q[2];\nh q[1];\ncx q[1],q[0];\nrz(3.090749979019165) q[0];\nrx(-0.5522480607032776) q[0];\nrz(0.05098976194858551) q[0];\nrz(-0.5206589102745056) q[1];\nrx(-3.109523296356201) q[1];\nrz(-0.4585779309272766) q[1];\nrz(-1.045052170753479) q[2];\nrx(2.167067766189575) q[2];\nrz(-1.2317945957183838) q[2];\nx q[0];\ncx q[1],q[0];\ncx q[2],q[0];\nh q[1];\nh q[0];\nrz(-0.8188018798828125) q[0];\nrx(-0.21392741799354553) q[0];\nrz(3.604111671447754) q[0];\nrz(1.4709466695785522) q[1];\nrx(-2.152308940887451) q[1];\nrz(-0.09070542454719543) q[1];\nrz(-3.346707582473755) q[2];\nrx(-2.6205618381500244) q[2];\nrz(2.8021302223205566) q[2];\nh q[0];\nh q[1];\ncx q[2],q[0];\ncx q[1],q[0];\nx q[0];\nrz(0.15756933391094208) q[0];\nrx(0.13915744423866272) q[0];\nrz(-0.14919093251228333) q[0];\nrz(1.6268696784973145) q[1];\nrx(-3.239802122116089) q[1];\nrz(2.4280624389648438) q[1];\nrz(1.6280248165130615) q[2];\nrx(-0.7892136573791504) q[2];\nrz(-2.1793410778045654) q[2];\ncx q[1],q[0];\nh q[1];\nh q[2];\ncx q[0],q[2];\nh q[0];\nrz(-0.6472955346107483) q[0];\nrx(2.466449737548828) q[0];\nrz(-0.17408457398414612) q[0];\nrz(-0.1340567171573639) q[1];\nrx(0.20268413424491882) q[1];\nrz(1.5009015798568726) q[1];\nrz(-1.227667212486267) q[2];\nrx(-0.00130093761254102) q[2];\nrz(1.1196478605270386) q[2];"}