{"seed": 2629, "fidelity": 0.9512048959732056, "pqc_params": [[[2.189513921737671, 1.1934758424758911, 2.5475587844848633], [-1.3453774452209473, -0.4721616506576538, -2.3580965995788574], [0.819661557674408, -0.03181353583931923, -0.029305627569556236]], [[1.4000109434127808, -0.005948405712842941, -1.2861512899398804], [3.001166582107544, 0.12400499731302261, -1.4877771139144897], [1.0476179122924805, -3.577597141265869, -0.8150758743286133]], [[0.03066226840019226, 0.8823681473731995, -2.190242290496826], [-2.4643261432647705, 0.7197612524032593, -0.8802184462547302], [0.6783458590507507, 0.4890385866165161, -1.4343880414962769]], [[-1.811249852180481, -3.130098819732666, 1.4400228261947632], [-0.10437832772731781, -2.483645439147949, 0.4382398724555969], [2.9510161876678467, -2.564248561859131, 2.721022367477417]]], "base_circuit_tokens": [["cx", [2, 0], []], ["x", [1], []], ["x", [0], []], ["h", [1], []], ["h", [1], []], ["h", [0], []], ["h", [1], []], ["x", [1], []], ["cx", [1, 0], []], ["x", [0], []], ["x", [0], []], ["cx", [1, 0], []], ["x", [1], []], ["h", [1], []], ["h", [0], []], ["h", [1], []], ["h", [1], []], ["x", [0], []], ["x", [1], []], ["cx", [2, 0], []]], "pqc_circuit_tokens": [["cx", [2, 0], []], ["x", [1], []], ["x", [0], []], ["h", [1], []], ["h", [1], []], ["rz", [0], [2.189513921737671]], ["rx", [0], [1.1934758424758911]], ["rz", [0], [2.5475587844848633]], ["rz", [1], [-1.3453774452209473]], ["rx", [1], [-0.4721616506576538]], ["rz", [1], [-2.3580965995788574]], ["rz", [2], [0.819661557674408]], ["rx", [2], [-0.03181353583931923]], ["rz", [2], [-0.029305627569556236]], ["h", [0], []], ["h", [1], []], ["x", [1], []], ["cx", [1, 0], []], ["x", [0], []], ["rz", [0], [1.4000109434127808]], ["rx", [0], [-0.005948405712842941]], ["rz", [0], [-1.2861512899398804]], ["rz", [1], [3.001166582107544]], ["rx", [1], [0.12400499731302261]], ["rz", [1], [-1.4877771139144897]], ["rz", [2], [1.0476179122924805]], ["rx", [2], [-3.577597141265869]], ["rz", [2], [-0.8150758743286133]], ["x", [0], []], ["cx", [1, 0], []], ["x", [1], []], ["h", [1], []], ["h", [0], []], ["rz", [0], [0.03066226840019226]], ["rx", [0], [0.8823681473731995]], ["rz", [0], [-2.190242290496826]], ["rz", [1], [-2.4643261432647705]], ["rx", [1], [0.7197612524032593]], ["rz", [1], [-0.8802184462547302]], ["rz", [2], [0.6783458590507507]], ["rx", [2], [0.4890385866165161]], ["rz", [2], [-1.4343880414962769]], ["h", [1], []], ["h", [1], []], ["x", [0], []], ["x", [1], []], ["cx", [2, 0], []], ["rz", [0], [-1.811249852180481]], ["rx", [0], [-3.130098819732666]], ["rz", [0], [1.4400228261947632]], ["rz", [1], [-0.10437832772731781]], ["rx", [1], [-2.483645439147949]], ["rz", [1], [0.4382398724555969]], ["rz", [2], [2.9510161876678467]], ["rx", [2], [-2.564248561859131]], ["rz", [2], [2.721022367477417]]], "base_circuit_qasm": "OPENQASM 2.0;\ninclude \"qelib1.inc\";\nqreg q[3];\ncx q[2],q[0];\nx q[1];\nx q[0];\nh q[1];\nh q[1];\nh q[0];\nh q[1];\nx q[1];\ncx q[1],q[0];\nx q[0];\nx q[0];\ncx q[1],q[0];\nx q[1];\nh q[1];\nh q[0];\nh q[1];\nh q[1];\nx q[0];\nx q[1];\ncx q[2],q[0];", "pqc_circuit_qasm": "OPENQASM 2.0;\ninclude \"qelib1.inc\";\nqreg q[3];\ncx q[2],q[0];\nx q[1];\nx q[0];\nh q[1];\nh q[1];\nrz(2.189513921737671) q[0];\nrx(1.1934758424758911) q[0];\nrz(2.5475587844848633) q[0];\nrz(-1.3453774452209473) q[1];\nrx(-0.4721616506576538) q[1];\nrz(-2.3580965995788574) q[1];\nrz(0.819661557674408) q[2];\nrx(-0.03181353583931923) q[2];\nrz(-0.029305627569556236) q[2];\nh q[0];\nh q[1];\nx q[1];\ncx q[1],q[0];\nx q[0];\nrz(1.4000109434127808) q[0];\nrx(-0.005948405712842941) q[0];\nrz(-1.2861512899398804) q[0];\nrz(3.001166582107544) q[1];\nrx(0.12400499731302261) q[1];\nrz(-1.4877771139144897) q[1];\nrz(1.0476179122924805) q[2];\nrx(-3.577597141265869) q[2];\nrz(-0.8150758743286133) q[2];\nx q[0];\ncx q[1],q[0];\nx q[1];\nh q[1];\nh q[0];\nrz(0.03066226840019226) q[0];\nrx(0.8823681473731995) q[0];\nrz(-2.190242290496826) q[0];\nrz(-2.4643261432647705) q[1];\nrx(0.7197612524032593) q[1];\nrz(-0.8802184462547302) q[1];\nrz(0.6783458590507507) q[2];\nrx(0.4890385866165161) q[2];\nrz(-1.4343880414962769) q[2];\nh q[1];\nh q[1];\nx q[0];\nx q[1];\ncx q[2],q[0];\nrz(-1.811249852180481) q[0];\nrx(-3.130098819732666) q[0];\nrz(1.4400228261947632) q[0];\nrz(-0.10437832772731781) q[1];\nrx(-2.483645439147949) q[1];\nrz(0.4382398724555969) q[1];\nrz(2.9510161876678467) q[2];\nrx(-2.564248561859131) q[2];\nrz(2.721022367477417) q[2];"}