{"seed": 2645, "fidelity": 0.9974867701530457, "pqc_params": [[[1.6509321928024292, 0.7109706997871399, -0.7602987289428711], [-2.7034146785736084, 1.2725616693496704, 2.6959445476531982], [-0.743971049785614, -1.0812346935272217, 1.0836137533187866]], [[-2.062272548675537, -2.7617805004119873, 0.7497541308403015], [-2.394141912460327, -2.8492374420166016, 2.3921308517456055], [-0.7327347993850708, -3.2786951065063477, 2.7193310260772705]], [[2.0220022201538086, 3.3871734142303467, -2.0035061836242676], [0.7579611539840698, 2.273787021636963, 3.336343765258789], [3.449249267578125, -1.678893804550171, 2.5347728729248047]], [[0.987738847732544, -0.3845616579055786, -1.1737898588180542], [0.31710079312324524, -0.019484415650367737, -1.8614991903305054], [-0.22399301826953888, 2.102600336074829, -0.09716054797172546]]], "base_circuit_tokens": [["cx", [1, 2], []], ["h", [0], []], ["h", [0], []], ["h", [1], []], ["h", [1], []], ["h", [0], []], ["h", [1], []], ["cx", [2, 1], []], ["h", [1], []], ["x", [0], []], ["x", [0], []], ["h", [1], []], ["cx", [2, 1], []], ["h", [1], []], ["h", [0], []], ["h", [1], []], ["h", [1], []], ["h", [0], []], ["h", [0], []], ["cx", [1, 2], []]], "pqc_circuit_tokens": [["cx", [1, 2], []], ["h", [0], []], ["h", [0], []], ["h", [1], []], ["h", [1], []], ["rz", [0], [1.6509321928024292]], ["rx", [0], [0.7109706997871399]], ["rz", [0], [-0.7602987289428711]], ["rz", [1], [-2.7034146785736084]], ["rx", [1], [1.2725616693496704]], ["rz", [1], [2.6959445476531982]], ["rz", [2], [-0.743971049785614]], ["rx", [2], [-1.0812346935272217]], ["rz", [2], [1.0836137533187866]], ["h", [0], []], ["h", [1], []], ["cx", [2, 1], []], ["h", [1], []], ["x", [0], []], ["rz", [0], [-2.062272548675537]], ["rx", [0], [-2.7617805004119873]], ["rz", [0], [0.7497541308403015]], ["rz", [1], [-2.394141912460327]], ["rx", [1], [-2.8492374420166016]], ["rz", [1], [2.3921308517456055]], ["rz", [2], [-0.7327347993850708]], ["rx", [2], [-3.2786951065063477]], ["rz", [2], [2.7193310260772705]], ["x", [0], []], ["h", [1], []], ["cx", [2, 1], []], ["h", [1], []], ["h", [0], []], ["rz", [0], [2.0220022201538086]], ["rx", [0], [3.3871734142303467]], ["rz", [0], [-2.0035061836242676]], ["rz", [1], [0.7579611539840698]], ["rx", [1], [2.273787021636963]], ["rz", [1], [3.336343765258789]], ["rz", [2], [3.449249267578125]], ["rx", [2], [-1.678893804550171]], ["rz", [2], [2.5347728729248047]], ["h", [1], []], ["h", [1], []], ["h", [0], []], ["h", [0], []], ["cx", [1, 2], []], ["rz", [0], [0.987738847732544]], ["rx", [0], [-0.3845616579055786]], ["rz", [0], [-1.1737898588180542]], ["rz", [1], [0.31710079312324524]], ["rx", [1], [-0.019484415650367737]], ["rz", [1], [-1.8614991903305054]], ["rz", [2], [-0.22399301826953888]], ["rx", [2], [2.102600336074829]], ["rz", [2], [-0.09716054797172546]]], "base_circuit_qasm": "OPENQASM 2.0;\ninclude \"qelib1.inc\";\nqreg q[3];\ncx q[1],q[2];\nh q[0];\nh q[0];\nh q[1];\nh q[1];\nh q[0];\nh q[1];\ncx q[2],q[1];\nh q[1];\nx q[0];\nx q[0];\nh q[1];\ncx q[2],q[1];\nh q[1];\nh q[0];\nh q[1];\nh q[1];\nh q[0];\nh q[0];\ncx q[1],q[2];", "pqc_circuit_qasm": "OPENQASM 2.0;\ninclude \"qelib1.inc\";\nqreg q[3];\ncx q[1],q[2];\nh q[0];\nh q[0];\nh q[1];\nh q[1];\nrz(1.6509321928024292) q[0];\nrx(0.7109706997871399) q[0];\nrz(-0.7602987289428711) q[0];\nrz(-2.7034146785736084) q[1];\nrx(1.2725616693496704) q[1];\nrz(2.6959445476531982) q[1];\nrz(-0.743971049785614) q[2];\nrx(-1.0812346935272217) q[2];\nrz(1.0836137533187866) q[2];\nh q[0];\nh q[1];\ncx q[2],q[1];\nh q[1];\nx q[0];\nrz(-2.062272548675537) q[0];\nrx(-2.7617805004119873) q[0];\nrz(0.7497541308403015) q[0];\nrz(-2.394141912460327) q[1];\nrx(-2.8492374420166016) q[1];\nrz(2.3921308517456055) q[1];\nrz(-0.7327347993850708) q[2];\nrx(-3.2786951065063477) q[2];\nrz(2.7193310260772705) q[2];\nx q[0];\nh q[1];\ncx q[2],q[1];\nh q[1];\nh q[0];\nrz(2.0220022201538086) q[0];\nrx(3.3871734142303467) q[0];\nrz(-2.0035061836242676) q[0];\nrz(0.7579611539840698) q[1];\nrx(2.273787021636963) q[1];\nrz(3.336343765258789) q[1];\nrz(3.449249267578125) q[2];\nrx(-1.678893804550171) q[2];\nrz(2.5347728729248047) q[2];\nh q[1];\nh q[1];\nh q[0];\nh q[0];\ncx q[1],q[2];\nrz(0.987738847732544) q[0];\nrx(-0.3845616579055786) q[0];\nrz(-1.1737898588180542) q[0];\nrz(0.31710079312324524) q[1];\nrx(-0.019484415650367737) q[1];\nrz(-1.8614991903305054) q[1];\nrz(-0.22399301826953888) q[2];\nrx(2.102600336074829) q[2];\nrz(-0.09716054797172546) q[2];"}