{"seed": 2657, "fidelity": 0.9922478795051575, "pqc_params": [[[2.903287410736084, 2.542874336242676, 2.8920936584472656], [3.144991159439087, 0.6830893158912659, 0.7197553515434265], [-2.31916880607605, 0.3103887140750885, -1.0651322603225708]], [[1.746303915977478, -2.9919753074645996, 3.287604570388794], [-1.8884375095367432, 2.9233763217926025, 0.4514564573764801], [-2.6236565113067627, 0.026320286095142365, -0.8428300619125366]], [[0.06501772254705429, 1.5438278913497925, -0.5861053466796875], [1.9206898212432861, -2.7077510356903076, -0.612040638923645], [0.51971036195755, -1.869954228401184, -1.3751437664031982]], [[-3.2551167011260986, 2.4329617023468018, -0.7542377710342407], [-1.154595971107483, -0.38378074765205383, 2.0151729583740234], [0.47567570209503174, 0.948842465877533, 0.9403437376022339]]], "base_circuit_tokens": [["h", [2], []], ["h", [0], []], ["h", [2], []], ["x", [2], []], ["h", [2], []], ["x", [0], []], ["x", [2], []], ["cx", [2, 0], []], ["h", [0], []], ["h", [2], []], ["h", [2], []], ["h", [0], []], ["cx", [2, 0], []], ["x", [2], []], ["x", [0], []], ["h", [2], []], ["x", [2], []], ["h", [2], []], ["h", [0], []], ["h", [2], []]], "pqc_circuit_tokens": [["h", [2], []], ["h", [0], []], ["h", [2], []], ["x", [2], []], ["h", [2], []], ["rz", [0], [2.903287410736084]], ["rx", [0], [2.542874336242676]], ["rz", [0], [2.8920936584472656]], ["rz", [1], [3.144991159439087]], ["rx", [1], [0.6830893158912659]], ["rz", [1], [0.7197553515434265]], ["rz", [2], [-2.31916880607605]], ["rx", [2], [0.3103887140750885]], ["rz", [2], [-1.0651322603225708]], ["x", [0], []], ["x", [2], []], ["cx", [2, 0], []], ["h", [0], []], ["h", [2], []], ["rz", [0], [1.746303915977478]], ["rx", [0], [-2.9919753074645996]], ["rz", [0], [3.287604570388794]], ["rz", [1], [-1.8884375095367432]], ["rx", [1], [2.9233763217926025]], ["rz", [1], [0.4514564573764801]], ["rz", [2], [-2.6236565113067627]], ["rx", [2], [0.026320286095142365]], ["rz", [2], [-0.8428300619125366]], ["h", [2], []], ["h", [0], []], ["cx", [2, 0], []], ["x", [2], []], ["x", [0], []], ["rz", [0], [0.06501772254705429]], ["rx", [0], [1.5438278913497925]], ["rz", [0], [-0.5861053466796875]], ["rz", [1], [1.9206898212432861]], ["rx", [1], [-2.7077510356903076]], ["rz", [1], [-0.612040638923645]], ["rz", [2], [0.51971036195755]], ["rx", [2], [-1.869954228401184]], ["rz", [2], [-1.3751437664031982]], ["h", [2], []], ["x", [2], []], ["h", [2], []], ["h", [0], []], ["h", [2], []], ["rz", [0], [-3.2551167011260986]], ["rx", [0], [2.4329617023468018]], ["rz", [0], [-0.7542377710342407]], ["rz", [1], [-1.154595971107483]], ["rx", [1], [-0.38378074765205383]], ["rz", [1], [2.0151729583740234]], ["rz", [2], [0.47567570209503174]], ["rx", [2], [0.948842465877533]], ["rz", [2], [0.9403437376022339]]], "base_circuit_qasm": "OPENQASM 2.0;\ninclude \"qelib1.inc\";\nqreg q[3];\nh q[2];\nh q[0];\nh q[2];\nx q[2];\nh q[2];\nx q[0];\nx q[2];\ncx q[2],q[0];\nh q[0];\nh q[2];\nh q[2];\nh q[0];\ncx q[2],q[0];\nx q[2];\nx q[0];\nh q[2];\nx q[2];\nh q[2];\nh q[0];\nh q[2];", "pqc_circuit_qasm": "OPENQASM 2.0;\ninclude \"qelib1.inc\";\nqreg q[3];\nh q[2];\nh q[0];\nh q[2];\nx q[2];\nh q[2];\nrz(2.903287410736084) q[0];\nrx(2.542874336242676) q[0];\nrz(2.8920936584472656) q[0];\nrz(3.144991159439087) q[1];\nrx(0.6830893158912659) q[1];\nrz(0.7197553515434265) q[1];\nrz(-2.31916880607605) q[2];\nrx(0.3103887140750885) q[2];\nrz(-1.0651322603225708) q[2];\nx q[0];\nx q[2];\ncx q[2],q[0];\nh q[0];\nh q[2];\nrz(1.746303915977478) q[0];\nrx(-2.9919753074645996) q[0];\nrz(3.287604570388794) q[0];\nrz(-1.8884375095367432) q[1];\nrx(2.9233763217926025) q[1];\nrz(0.4514564573764801) q[1];\nrz(-2.6236565113067627) q[2];\nrx(0.026320286095142365) q[2];\nrz(-0.8428300619125366) q[2];\nh q[2];\nh q[0];\ncx q[2],q[0];\nx q[2];\nx q[0];\nrz(0.06501772254705429) q[0];\nrx(1.5438278913497925) q[0];\nrz(-0.5861053466796875) q[0];\nrz(1.9206898212432861) q[1];\nrx(-2.7077510356903076) q[1];\nrz(-0.612040638923645) q[1];\nrz(0.51971036195755) q[2];\nrx(-1.869954228401184) q[2];\nrz(-1.3751437664031982) q[2];\nh q[2];\nx q[2];\nh q[2];\nh q[0];\nh q[2];\nrz(-3.2551167011260986) q[0];\nrx(2.4329617023468018) q[0];\nrz(-0.7542377710342407) q[0];\nrz(-1.154595971107483) q[1];\nrx(-0.38378074765205383) q[1];\nrz(2.0151729583740234) q[1];\nrz(0.47567570209503174) q[2];\nrx(0.948842465877533) q[2];\nrz(0.9403437376022339) q[2];"}