{"seed": 2660, "fidelity": 0.9861544966697693, "pqc_params": [[[-1.4293596744537354, -1.0707122087478638, -2.042942762374878], [-1.3926286697387695, -0.9330024719238281, 0.06617578864097595], [0.3574751913547516, -2.0646636486053467, 2.901125192642212]], [[-3.1991446018218994, -0.6168724894523621, 2.9095146656036377], [-0.441987544298172, -0.16353806853294373, 2.512728691101074], [0.13472968339920044, -0.6779958605766296, -0.29932042956352234]], [[2.3966875076293945, 1.8427486419677734, 0.7548846006393433], [1.4666815996170044, 2.1166322231292725, -0.9903345704078674], [0.026989968493580818, -3.994638681411743, -3.6408276557922363]], [[0.8359087109565735, 3.320235252380371, 1.7723830938339233], [-2.5481300354003906, -3.1284677982330322, 1.184883952140808], [-2.7448081970214844, 2.3591182231903076, 2.5995476245880127]]], "base_circuit_tokens": [["h", [0], []], ["h", [0], []], ["h", [1], []], ["h", [1], []], ["x", [0], []], ["cx", [1, 2], []], ["h", [1], []], ["x", [1], []], ["cx", [1, 0], []], ["cx", [0, 1], []], ["cx", [0, 1], []], ["cx", [1, 0], []], ["x", [1], []], ["h", [1], []], ["cx", [1, 2], []], ["x", [0], []], ["h", [1], []], ["h", [1], []], ["h", [0], []], ["h", [0], []]], "pqc_circuit_tokens": [["h", [0], []], ["h", [0], []], ["h", [1], []], ["h", [1], []], ["x", [0], []], ["rz", [0], [-1.4293596744537354]], ["rx", [0], [-1.0707122087478638]], ["rz", [0], [-2.042942762374878]], ["rz", [1], [-1.3926286697387695]], ["rx", [1], [-0.9330024719238281]], ["rz", [1], [0.06617578864097595]], ["rz", [2], [0.3574751913547516]], ["rx", [2], [-2.0646636486053467]], ["rz", [2], [2.901125192642212]], ["cx", [1, 2], []], ["h", [1], []], ["x", [1], []], ["cx", [1, 0], []], ["cx", [0, 1], []], ["rz", [0], [-3.1991446018218994]], ["rx", [0], [-0.6168724894523621]], ["rz", [0], [2.9095146656036377]], ["rz", [1], [-0.441987544298172]], ["rx", [1], [-0.16353806853294373]], ["rz", [1], [2.512728691101074]], ["rz", [2], [0.13472968339920044]], ["rx", [2], [-0.6779958605766296]], ["rz", [2], [-0.29932042956352234]], ["cx", [0, 1], []], ["cx", [1, 0], []], ["x", [1], []], ["h", [1], []], ["cx", [1, 2], []], ["rz", [0], [2.3966875076293945]], ["rx", [0], [1.8427486419677734]], ["rz", [0], [0.7548846006393433]], ["rz", [1], [1.4666815996170044]], ["rx", [1], [2.1166322231292725]], ["rz", [1], [-0.9903345704078674]], ["rz", [2], [0.026989968493580818]], ["rx", [2], [-3.994638681411743]], ["rz", [2], [-3.6408276557922363]], ["x", [0], []], ["h", [1], []], ["h", [1], []], ["h", [0], []], ["h", [0], []], ["rz", [0], [0.8359087109565735]], ["rx", [0], [3.320235252380371]], ["rz", [0], [1.7723830938339233]], ["rz", [1], [-2.5481300354003906]], ["rx", [1], [-3.1284677982330322]], ["rz", [1], [1.184883952140808]], ["rz", [2], [-2.7448081970214844]], ["rx", [2], [2.3591182231903076]], ["rz", [2], [2.5995476245880127]]], "base_circuit_qasm": "OPENQASM 2.0;\ninclude \"qelib1.inc\";\nqreg q[3];\nh q[0];\nh q[0];\nh q[1];\nh q[1];\nx q[0];\ncx q[1],q[2];\nh q[1];\nx q[1];\ncx q[1],q[0];\ncx q[0],q[1];\ncx q[0],q[1];\ncx q[1],q[0];\nx q[1];\nh q[1];\ncx q[1],q[2];\nx q[0];\nh q[1];\nh q[1];\nh q[0];\nh q[0];", "pqc_circuit_qasm": "OPENQASM 2.0;\ninclude \"qelib1.inc\";\nqreg q[3];\nh q[0];\nh q[0];\nh q[1];\nh q[1];\nx q[0];\nrz(-1.4293596744537354) q[0];\nrx(-1.0707122087478638) q[0];\nrz(-2.042942762374878) q[0];\nrz(-1.3926286697387695) q[1];\nrx(-0.9330024719238281) q[1];\nrz(0.06617578864097595) q[1];\nrz(0.3574751913547516) q[2];\nrx(-2.0646636486053467) q[2];\nrz(2.901125192642212) q[2];\ncx q[1],q[2];\nh q[1];\nx q[1];\ncx q[1],q[0];\ncx q[0],q[1];\nrz(-3.1991446018218994) q[0];\nrx(-0.6168724894523621) q[0];\nrz(2.9095146656036377) q[0];\nrz(-0.441987544298172) q[1];\nrx(-0.16353806853294373) q[1];\nrz(2.512728691101074) q[1];\nrz(0.13472968339920044) q[2];\nrx(-0.6779958605766296) q[2];\nrz(-0.29932042956352234) q[2];\ncx q[0],q[1];\ncx q[1],q[0];\nx q[1];\nh q[1];\ncx q[1],q[2];\nrz(2.3966875076293945) q[0];\nrx(1.8427486419677734) q[0];\nrz(0.7548846006393433) q[0];\nrz(1.4666815996170044) q[1];\nrx(2.1166322231292725) q[1];\nrz(-0.9903345704078674) q[1];\nrz(0.026989968493580818) q[2];\nrx(-3.994638681411743) q[2];\nrz(-3.6408276557922363) q[2];\nx q[0];\nh q[1];\nh q[1];\nh q[0];\nh q[0];\nrz(0.8359087109565735) q[0];\nrx(3.320235252380371) q[0];\nrz(1.7723830938339233) q[0];\nrz(-2.5481300354003906) q[1];\nrx(-3.1284677982330322) q[1];\nrz(1.184883952140808) q[1];\nrz(-2.7448081970214844) q[2];\nrx(2.3591182231903076) q[2];\nrz(2.5995476245880127) q[2];"}