{"seed": 2662, "fidelity": 0.9997386932373047, "pqc_params": [[[-2.6558635234832764, 2.7479050159454346, 0.8101595044136047], [-0.8872158527374268, 1.7371952533721924, -2.1848831176757812], [-3.1271870136260986, 1.2690132856369019, 0.8651508688926697]], [[1.4358376264572144, -1.05662202835083, 1.4850177764892578], [0.4223804175853729, -0.857060968875885, -0.6839203834533691], [1.118666410446167, 1.3830763101577759, 1.7893662452697754]], [[1.262917160987854, -0.5043527483940125, -2.8880553245544434], [2.0479965209960938, 1.1192240715026855, -1.8651540279388428], [-2.0926644802093506, -1.6214288473129272, -3.043609142303467]], [[3.3776626586914062, -1.374115228652954, -0.2359013557434082], [-0.650775671005249, 0.880621612071991, 2.7594616413116455], [2.3773136138916016, 1.4926137924194336, -0.07726553827524185]]], "base_circuit_tokens": [["x", [2], []], ["h", [0], []], ["h", [1], []], ["h", [1], []], ["h", [1], []], ["x", [1], []], ["h", [2], []], ["h", [1], []], ["h", [1], []], ["h", [2], []], ["h", [2], []], ["h", [1], []], ["h", [1], []], ["h", [2], []], ["x", [1], []], ["h", [1], []], ["h", [1], []], ["h", [1], []], ["h", [0], []], ["x", [2], []]], "pqc_circuit_tokens": [["x", [2], []], ["h", [0], []], ["h", [1], []], ["h", [1], []], ["h", [1], []], ["rz", [0], [-2.6558635234832764]], ["rx", [0], [2.7479050159454346]], ["rz", [0], [0.8101595044136047]], ["rz", [1], [-0.8872158527374268]], ["rx", [1], [1.7371952533721924]], ["rz", [1], [-2.1848831176757812]], ["rz", [2], [-3.1271870136260986]], ["rx", [2], [1.2690132856369019]], ["rz", [2], [0.8651508688926697]], ["x", [1], []], ["h", [2], []], ["h", [1], []], ["h", [1], []], ["h", [2], []], ["rz", [0], [1.4358376264572144]], ["rx", [0], [-1.05662202835083]], ["rz", [0], [1.4850177764892578]], ["rz", [1], [0.4223804175853729]], ["rx", [1], [-0.857060968875885]], ["rz", [1], [-0.6839203834533691]], ["rz", [2], [1.118666410446167]], ["rx", [2], [1.3830763101577759]], ["rz", [2], [1.7893662452697754]], ["h", [2], []], ["h", [1], []], ["h", [1], []], ["h", [2], []], ["x", [1], []], ["rz", [0], [1.262917160987854]], ["rx", [0], [-0.5043527483940125]], ["rz", [0], [-2.8880553245544434]], ["rz", [1], [2.0479965209960938]], ["rx", [1], [1.1192240715026855]], ["rz", [1], [-1.8651540279388428]], ["rz", [2], [-2.0926644802093506]], ["rx", [2], [-1.6214288473129272]], ["rz", [2], [-3.043609142303467]], ["h", [1], []], ["h", [1], []], ["h", [1], []], ["h", [0], []], ["x", [2], []], ["rz", [0], [3.3776626586914062]], ["rx", [0], [-1.374115228652954]], ["rz", [0], [-0.2359013557434082]], ["rz", [1], [-0.650775671005249]], ["rx", [1], [0.880621612071991]], ["rz", [1], [2.7594616413116455]], ["rz", [2], [2.3773136138916016]], ["rx", [2], [1.4926137924194336]], ["rz", [2], [-0.07726553827524185]]], "base_circuit_qasm": "OPENQASM 2.0;\ninclude \"qelib1.inc\";\nqreg q[3];\nx q[2];\nh q[0];\nh q[1];\nh q[1];\nh q[1];\nx q[1];\nh q[2];\nh q[1];\nh q[1];\nh q[2];\nh q[2];\nh q[1];\nh q[1];\nh q[2];\nx q[1];\nh q[1];\nh q[1];\nh q[1];\nh q[0];\nx q[2];", "pqc_circuit_qasm": "OPENQASM 2.0;\ninclude \"qelib1.inc\";\nqreg q[3];\nx q[2];\nh q[0];\nh q[1];\nh q[1];\nh q[1];\nrz(-2.6558635234832764) q[0];\nrx(2.7479050159454346) q[0];\nrz(0.8101595044136047) q[0];\nrz(-0.8872158527374268) q[1];\nrx(1.7371952533721924) q[1];\nrz(-2.1848831176757812) q[1];\nrz(-3.1271870136260986) q[2];\nrx(1.2690132856369019) q[2];\nrz(0.8651508688926697) q[2];\nx q[1];\nh q[2];\nh q[1];\nh q[1];\nh q[2];\nrz(1.4358376264572144) q[0];\nrx(-1.05662202835083) q[0];\nrz(1.4850177764892578) q[0];\nrz(0.4223804175853729) q[1];\nrx(-0.857060968875885) q[1];\nrz(-0.6839203834533691) q[1];\nrz(1.118666410446167) q[2];\nrx(1.3830763101577759) q[2];\nrz(1.7893662452697754) q[2];\nh q[2];\nh q[1];\nh q[1];\nh q[2];\nx q[1];\nrz(1.262917160987854) q[0];\nrx(-0.5043527483940125) q[0];\nrz(-2.8880553245544434) q[0];\nrz(2.0479965209960938) q[1];\nrx(1.1192240715026855) q[1];\nrz(-1.8651540279388428) q[1];\nrz(-2.0926644802093506) q[2];\nrx(-1.6214288473129272) q[2];\nrz(-3.043609142303467) q[2];\nh q[1];\nh q[1];\nh q[1];\nh q[0];\nx q[2];\nrz(3.3776626586914062) q[0];\nrx(-1.374115228652954) q[0];\nrz(-0.2359013557434082) q[0];\nrz(-0.650775671005249) q[1];\nrx(0.880621612071991) q[1];\nrz(2.7594616413116455) q[1];\nrz(2.3773136138916016) q[2];\nrx(1.4926137924194336) q[2];\nrz(-0.07726553827524185) q[2];"}