{"seed": 2665, "fidelity": 0.9888846278190613, "pqc_params": [[[0.4180169403553009, -0.08036093413829803, -1.271793246269226], [-1.5925655364990234, -2.2529995441436768, 0.8718875050544739], [1.7867733240127563, -0.07505398243665695, 1.2043627500534058]], [[-0.38614192605018616, 3.1675355434417725, -3.45698618888855], [1.6984012126922607, -0.45885565876960754, -2.5990757942199707], [2.4853625297546387, 0.1476820558309555, 0.22141782939434052]], [[-0.1116437315940857, 3.1925365924835205, -1.2182385921478271], [-1.0163357257843018, -2.3615939617156982, 4.381482124328613], [2.3177733421325684, -2.8975417613983154, -0.8674004077911377]], [[0.5007222294807434, 0.2605036199092865, 0.9668240547180176], [-0.10845939069986343, 2.4307103157043457, -0.0015798204112797976], [-1.8638008832931519, 3.1438117027282715, 1.376453161239624]]], "base_circuit_tokens": [["x", [0], []], ["cx", [0, 1], []], ["h", [1], []], ["cx", [1, 2], []], ["cx", [0, 1], []], ["h", [2], []], ["h", [2], []], ["h", [1], []], ["h", [1], []], ["cx", [1, 0], []], ["cx", [1, 0], []], ["h", [1], []], ["h", [1], []], ["h", [2], []], ["h", [2], []], ["cx", [0, 1], []], ["cx", [1, 2], []], ["h", [1], []], ["cx", [0, 1], []], ["x", [0], []]], "pqc_circuit_tokens": [["x", [0], []], ["cx", [0, 1], []], ["h", [1], []], ["cx", [1, 2], []], ["cx", [0, 1], []], ["rz", [0], [0.4180169403553009]], ["rx", [0], [-0.08036093413829803]], ["rz", [0], [-1.271793246269226]], ["rz", [1], [-1.5925655364990234]], ["rx", [1], [-2.2529995441436768]], ["rz", [1], [0.8718875050544739]], ["rz", [2], [1.7867733240127563]], ["rx", [2], [-0.07505398243665695]], ["rz", [2], [1.2043627500534058]], ["h", [2], []], ["h", [2], []], ["h", [1], []], ["h", [1], []], ["cx", [1, 0], []], ["rz", [0], [-0.38614192605018616]], ["rx", [0], [3.1675355434417725]], ["rz", [0], [-3.45698618888855]], ["rz", [1], [1.6984012126922607]], ["rx", [1], [-0.45885565876960754]], ["rz", [1], [-2.5990757942199707]], ["rz", [2], [2.4853625297546387]], ["rx", [2], [0.1476820558309555]], ["rz", [2], [0.22141782939434052]], ["cx", [1, 0], []], ["h", [1], []], ["h", [1], []], ["h", [2], []], ["h", [2], []], ["rz", [0], [-0.1116437315940857]], ["rx", [0], [3.1925365924835205]], ["rz", [0], [-1.2182385921478271]], ["rz", [1], [-1.0163357257843018]], ["rx", [1], [-2.3615939617156982]], ["rz", [1], [4.381482124328613]], ["rz", [2], [2.3177733421325684]], ["rx", [2], [-2.8975417613983154]], ["rz", [2], [-0.8674004077911377]], ["cx", [0, 1], []], ["cx", [1, 2], []], ["h", [1], []], ["cx", [0, 1], []], ["x", [0], []], ["rz", [0], [0.5007222294807434]], ["rx", [0], [0.2605036199092865]], ["rz", [0], [0.9668240547180176]], ["rz", [1], [-0.10845939069986343]], ["rx", [1], [2.4307103157043457]], ["rz", [1], [-0.0015798204112797976]], ["rz", [2], [-1.8638008832931519]], ["rx", [2], [3.1438117027282715]], ["rz", [2], [1.376453161239624]]], "base_circuit_qasm": "OPENQASM 2.0;\ninclude \"qelib1.inc\";\nqreg q[3];\nx q[0];\ncx q[0],q[1];\nh q[1];\ncx q[1],q[2];\ncx q[0],q[1];\nh q[2];\nh q[2];\nh q[1];\nh q[1];\ncx q[1],q[0];\ncx q[1],q[0];\nh q[1];\nh q[1];\nh q[2];\nh q[2];\ncx q[0],q[1];\ncx q[1],q[2];\nh q[1];\ncx q[0],q[1];\nx q[0];", "pqc_circuit_qasm": "OPENQASM 2.0;\ninclude \"qelib1.inc\";\nqreg q[3];\nx q[0];\ncx q[0],q[1];\nh q[1];\ncx q[1],q[2];\ncx q[0],q[1];\nrz(0.4180169403553009) q[0];\nrx(-0.08036093413829803) q[0];\nrz(-1.271793246269226) q[0];\nrz(-1.5925655364990234) q[1];\nrx(-2.2529995441436768) q[1];\nrz(0.8718875050544739) q[1];\nrz(1.7867733240127563) q[2];\nrx(-0.07505398243665695) q[2];\nrz(1.2043627500534058) q[2];\nh q[2];\nh q[2];\nh q[1];\nh q[1];\ncx q[1],q[0];\nrz(-0.38614192605018616) q[0];\nrx(3.1675355434417725) q[0];\nrz(-3.45698618888855) q[0];\nrz(1.6984012126922607) q[1];\nrx(-0.45885565876960754) q[1];\nrz(-2.5990757942199707) q[1];\nrz(2.4853625297546387) q[2];\nrx(0.1476820558309555) q[2];\nrz(0.22141782939434052) q[2];\ncx q[1],q[0];\nh q[1];\nh q[1];\nh q[2];\nh q[2];\nrz(-0.1116437315940857) q[0];\nrx(3.1925365924835205) q[0];\nrz(-1.2182385921478271) q[0];\nrz(-1.0163357257843018) q[1];\nrx(-2.3615939617156982) q[1];\nrz(4.381482124328613) q[1];\nrz(2.3177733421325684) q[2];\nrx(-2.8975417613983154) q[2];\nrz(-0.8674004077911377) q[2];\ncx q[0],q[1];\ncx q[1],q[2];\nh q[1];\ncx q[0],q[1];\nx q[0];\nrz(0.5007222294807434) q[0];\nrx(0.2605036199092865) q[0];\nrz(0.9668240547180176) q[0];\nrz(-0.10845939069986343) q[1];\nrx(2.4307103157043457) q[1];\nrz(-0.0015798204112797976) q[1];\nrz(-1.8638008832931519) q[2];\nrx(3.1438117027282715) q[2];\nrz(1.376453161239624) q[2];"}