{"seed": 2674, "fidelity": 0.966441810131073, "pqc_params": [[[-0.08192203938961029, 1.7561403512954712, 2.868137836456299], [-1.2881187200546265, -1.7273828983306885, 0.8485629558563232], [-0.3495563566684723, -0.08652237802743912, -1.0920788049697876]], [[1.5434134006500244, 0.0026427200064063072, 1.0381948947906494], [-0.4825729429721832, -0.6088916659355164, 2.3771286010742188], [3.045114517211914, 0.7445467114448547, -0.0015402266290038824]], [[-0.22642004489898682, -0.5652225613594055, 2.5771687030792236], [-0.47002559900283813, -2.2405385971069336, -1.3349275588989258], [-0.7727391719818115, -0.8182505965232849, 2.0189266204833984]], [[0.015554425306618214, 1.2292665243148804, 1.9170242547988892], [0.2771391272544861, 0.12222621589899063, -2.6869091987609863], [-2.6913809776306152, 0.6250782012939453, -0.5323664546012878]]], "base_circuit_tokens": [["cx", [1, 2], []], ["x", [0], []], ["x", [1], []], ["x", [2], []], ["h", [0], []], ["h", [1], []], ["h", [1], []], ["x", [0], []], ["x", [0], []], ["cx", [0, 2], []], ["cx", [0, 2], []], ["x", [0], []], ["x", [0], []], ["h", [1], []], ["h", [1], []], ["h", [0], []], ["x", [2], []], ["x", [1], []], ["x", [0], []], ["cx", [1, 2], []]], "pqc_circuit_tokens": [["cx", [1, 2], []], ["x", [0], []], ["x", [1], []], ["x", [2], []], ["h", [0], []], ["rz", [0], [-0.08192203938961029]], ["rx", [0], [1.7561403512954712]], ["rz", [0], [2.868137836456299]], ["rz", [1], [-1.2881187200546265]], ["rx", [1], [-1.7273828983306885]], ["rz", [1], [0.8485629558563232]], ["rz", [2], [-0.3495563566684723]], ["rx", [2], [-0.08652237802743912]], ["rz", [2], [-1.0920788049697876]], ["h", [1], []], ["h", [1], []], ["x", [0], []], ["x", [0], []], ["cx", [0, 2], []], ["rz", [0], [1.5434134006500244]], ["rx", [0], [0.0026427200064063072]], ["rz", [0], [1.0381948947906494]], ["rz", [1], [-0.4825729429721832]], ["rx", [1], [-0.6088916659355164]], ["rz", [1], [2.3771286010742188]], ["rz", [2], [3.045114517211914]], ["rx", [2], [0.7445467114448547]], ["rz", [2], [-0.0015402266290038824]], ["cx", [0, 2], []], ["x", [0], []], ["x", [0], []], ["h", [1], []], ["h", [1], []], ["rz", [0], [-0.22642004489898682]], ["rx", [0], [-0.5652225613594055]], ["rz", [0], [2.5771687030792236]], ["rz", [1], [-0.47002559900283813]], ["rx", [1], [-2.2405385971069336]], ["rz", [1], [-1.3349275588989258]], ["rz", [2], [-0.7727391719818115]], ["rx", [2], [-0.8182505965232849]], ["rz", [2], [2.0189266204833984]], ["h", [0], []], ["x", [2], []], ["x", [1], []], ["x", [0], []], ["cx", [1, 2], []], ["rz", [0], [0.015554425306618214]], ["rx", [0], [1.2292665243148804]], ["rz", [0], [1.9170242547988892]], ["rz", [1], [0.2771391272544861]], ["rx", [1], [0.12222621589899063]], ["rz", [1], [-2.6869091987609863]], ["rz", [2], [-2.6913809776306152]], ["rx", [2], [0.6250782012939453]], ["rz", [2], [-0.5323664546012878]]], "base_circuit_qasm": "OPENQASM 2.0;\ninclude \"qelib1.inc\";\nqreg q[3];\ncx q[1],q[2];\nx q[0];\nx q[1];\nx q[2];\nh q[0];\nh q[1];\nh q[1];\nx q[0];\nx q[0];\ncx q[0],q[2];\ncx q[0],q[2];\nx q[0];\nx q[0];\nh q[1];\nh q[1];\nh q[0];\nx q[2];\nx q[1];\nx q[0];\ncx q[1],q[2];", "pqc_circuit_qasm": "OPENQASM 2.0;\ninclude \"qelib1.inc\";\nqreg q[3];\ncx q[1],q[2];\nx q[0];\nx q[1];\nx q[2];\nh q[0];\nrz(-0.08192203938961029) q[0];\nrx(1.7561403512954712) q[0];\nrz(2.868137836456299) q[0];\nrz(-1.2881187200546265) q[1];\nrx(-1.7273828983306885) q[1];\nrz(0.8485629558563232) q[1];\nrz(-0.3495563566684723) q[2];\nrx(-0.08652237802743912) q[2];\nrz(-1.0920788049697876) q[2];\nh q[1];\nh q[1];\nx q[0];\nx q[0];\ncx q[0],q[2];\nrz(1.5434134006500244) q[0];\nrx(0.0026427200064063072) q[0];\nrz(1.0381948947906494) q[0];\nrz(-0.4825729429721832) q[1];\nrx(-0.6088916659355164) q[1];\nrz(2.3771286010742188) q[1];\nrz(3.045114517211914) q[2];\nrx(0.7445467114448547) q[2];\nrz(-0.0015402266290038824) q[2];\ncx q[0],q[2];\nx q[0];\nx q[0];\nh q[1];\nh q[1];\nrz(-0.22642004489898682) q[0];\nrx(-0.5652225613594055) q[0];\nrz(2.5771687030792236) q[0];\nrz(-0.47002559900283813) q[1];\nrx(-2.2405385971069336) q[1];\nrz(-1.3349275588989258) q[1];\nrz(-0.7727391719818115) q[2];\nrx(-0.8182505965232849) q[2];\nrz(2.0189266204833984) q[2];\nh q[0];\nx q[2];\nx q[1];\nx q[0];\ncx q[1],q[2];\nrz(0.015554425306618214) q[0];\nrx(1.2292665243148804) q[0];\nrz(1.9170242547988892) q[0];\nrz(0.2771391272544861) q[1];\nrx(0.12222621589899063) q[1];\nrz(-2.6869091987609863) q[1];\nrz(-2.6913809776306152) q[2];\nrx(0.6250782012939453) q[2];\nrz(-0.5323664546012878) q[2];"}