{"seed": 2680, "fidelity": 0.9841505885124207, "pqc_params": [[[-1.7650868892669678, -1.129683494567871, -2.392364740371704], [-2.208988666534424, 1.08670175075531, -0.12668411433696747], [3.772258758544922, 2.9004271030426025, -2.5663299560546875]], [[-2.790365219116211, 0.34553423523902893, -0.47033780813217163], [-0.2927374839782715, -0.6683452129364014, 2.893559694290161], [-1.9470324516296387, -0.00939127430319786, 1.546463131904602]], [[-1.093130111694336, 1.514411211013794, 2.1083719730377197], [-1.6635780334472656, -2.2142131328582764, 1.1167068481445312], [-1.307489037513733, 0.2584162652492523, 1.064698576927185]], [[0.003441442269831896, 1.7200068235397339, -3.302159309387207], [0.9623175263404846, 2.9266905784606934, -0.3701518177986145], [-1.8035414218902588, 0.001958005828782916, 1.7075581550598145]]], "base_circuit_tokens": [["x", [1], []], ["cx", [1, 2], []], ["h", [1], []], ["cx", [2, 0], []], ["x", [1], []], ["h", [2], []], ["cx", [0, 2], []], ["cx", [1, 0], []], ["x", [1], []], ["h", [1], []], ["h", [1], []], ["x", [1], []], ["cx", [1, 0], []], ["cx", [0, 2], []], ["h", [2], []], ["x", [1], []], ["cx", [2, 0], []], ["h", [1], []], ["cx", [1, 2], []], ["x", [1], []]], "pqc_circuit_tokens": [["x", [1], []], ["cx", [1, 2], []], ["h", [1], []], ["cx", [2, 0], []], ["x", [1], []], ["rz", [0], [-1.7650868892669678]], ["rx", [0], [-1.129683494567871]], ["rz", [0], [-2.392364740371704]], ["rz", [1], [-2.208988666534424]], ["rx", [1], [1.08670175075531]], ["rz", [1], [-0.12668411433696747]], ["rz", [2], [3.772258758544922]], ["rx", [2], [2.9004271030426025]], ["rz", [2], [-2.5663299560546875]], ["h", [2], []], ["cx", [0, 2], []], ["cx", [1, 0], []], ["x", [1], []], ["h", [1], []], ["rz", [0], [-2.790365219116211]], ["rx", [0], [0.34553423523902893]], ["rz", [0], [-0.47033780813217163]], ["rz", [1], [-0.2927374839782715]], ["rx", [1], [-0.6683452129364014]], ["rz", [1], [2.893559694290161]], ["rz", [2], [-1.9470324516296387]], ["rx", [2], [-0.00939127430319786]], ["rz", [2], [1.546463131904602]], ["h", [1], []], ["x", [1], []], ["cx", [1, 0], []], ["cx", [0, 2], []], ["h", [2], []], ["rz", [0], [-1.093130111694336]], ["rx", [0], [1.514411211013794]], ["rz", [0], [2.1083719730377197]], ["rz", [1], [-1.6635780334472656]], ["rx", [1], [-2.2142131328582764]], ["rz", [1], [1.1167068481445312]], ["rz", [2], [-1.307489037513733]], ["rx", [2], [0.2584162652492523]], ["rz", [2], [1.064698576927185]], ["x", [1], []], ["cx", [2, 0], []], ["h", [1], []], ["cx", [1, 2], []], ["x", [1], []], ["rz", [0], [0.003441442269831896]], ["rx", [0], [1.7200068235397339]], ["rz", [0], [-3.302159309387207]], ["rz", [1], [0.9623175263404846]], ["rx", [1], [2.9266905784606934]], ["rz", [1], [-0.3701518177986145]], ["rz", [2], [-1.8035414218902588]], ["rx", [2], [0.001958005828782916]], ["rz", [2], [1.7075581550598145]]], "base_circuit_qasm": "OPENQASM 2.0;\ninclude \"qelib1.inc\";\nqreg q[3];\nx q[1];\ncx q[1],q[2];\nh q[1];\ncx q[2],q[0];\nx q[1];\nh q[2];\ncx q[0],q[2];\ncx q[1],q[0];\nx q[1];\nh q[1];\nh q[1];\nx q[1];\ncx q[1],q[0];\ncx q[0],q[2];\nh q[2];\nx q[1];\ncx q[2],q[0];\nh q[1];\ncx q[1],q[2];\nx q[1];", "pqc_circuit_qasm": "OPENQASM 2.0;\ninclude \"qelib1.inc\";\nqreg q[3];\nx q[1];\ncx q[1],q[2];\nh q[1];\ncx q[2],q[0];\nx q[1];\nrz(-1.7650868892669678) q[0];\nrx(-1.129683494567871) q[0];\nrz(-2.392364740371704) q[0];\nrz(-2.208988666534424) q[1];\nrx(1.08670175075531) q[1];\nrz(-0.12668411433696747) q[1];\nrz(3.772258758544922) q[2];\nrx(2.9004271030426025) q[2];\nrz(-2.5663299560546875) q[2];\nh q[2];\ncx q[0],q[2];\ncx q[1],q[0];\nx q[1];\nh q[1];\nrz(-2.790365219116211) q[0];\nrx(0.34553423523902893) q[0];\nrz(-0.47033780813217163) q[0];\nrz(-0.2927374839782715) q[1];\nrx(-0.6683452129364014) q[1];\nrz(2.893559694290161) q[1];\nrz(-1.9470324516296387) q[2];\nrx(-0.00939127430319786) q[2];\nrz(1.546463131904602) q[2];\nh q[1];\nx q[1];\ncx q[1],q[0];\ncx q[0],q[2];\nh q[2];\nrz(-1.093130111694336) q[0];\nrx(1.514411211013794) q[0];\nrz(2.1083719730377197) q[0];\nrz(-1.6635780334472656) q[1];\nrx(-2.2142131328582764) q[1];\nrz(1.1167068481445312) q[1];\nrz(-1.307489037513733) q[2];\nrx(0.2584162652492523) q[2];\nrz(1.064698576927185) q[2];\nx q[1];\ncx q[2],q[0];\nh q[1];\ncx q[1],q[2];\nx q[1];\nrz(0.003441442269831896) q[0];\nrx(1.7200068235397339) q[0];\nrz(-3.302159309387207) q[0];\nrz(0.9623175263404846) q[1];\nrx(2.9266905784606934) q[1];\nrz(-0.3701518177986145) q[1];\nrz(-1.8035414218902588) q[2];\nrx(0.001958005828782916) q[2];\nrz(1.7075581550598145) q[2];"}