{"seed": 269, "fidelity": 0.9884161353111267, "pqc_params": [[[0.1296609491109848, -1.960709571838379, -1.832651972770691], [-3.475965976715088, -0.9789094924926758, -0.5845889449119568], [-1.2545509338378906, 0.4996677041053772, -2.3746955394744873]], [[-2.946993350982666, -2.453010320663452, 1.7039427757263184], [-2.1851859092712402, 1.6274731159210205, -0.24173001945018768], [0.8921773433685303, 1.7540125846862793, -0.556969404220581]], [[-1.9216560125350952, -0.7717723846435547, -1.0270211696624756], [-1.4821923971176147, 1.5304088592529297, -1.350275993347168], [1.2286924123764038, -2.5443735122680664, 2.3669047355651855]], [[-0.2084854394197464, 1.2958004474639893, -0.0870283916592598], [-2.7137534618377686, 0.3009573221206665, -0.5392453670501709], [-1.7693966627120972, 0.024133773520588875, -1.6806702613830566]]], "base_circuit_tokens": [["h", [2], []], ["cx", [0, 1], []], ["cx", [1, 0], []], ["x", [0], []], ["cx", [2, 0], []], ["h", [1], []], ["h", [1], []], ["x", [1], []], ["h", [2], []], ["h", [0], []], ["h", [0], []], ["h", [2], []], ["x", [1], []], ["h", [1], []], ["h", [1], []], ["cx", [2, 0], []], ["x", [0], []], ["cx", [1, 0], []], ["cx", [0, 1], []], ["h", [2], []]], "pqc_circuit_tokens": [["h", [2], []], ["cx", [0, 1], []], ["cx", [1, 0], []], ["x", [0], []], ["cx", [2, 0], []], ["rz", [0], [0.1296609491109848]], ["rx", [0], [-1.960709571838379]], ["rz", [0], [-1.832651972770691]], ["rz", [1], [-3.475965976715088]], ["rx", [1], [-0.9789094924926758]], ["rz", [1], [-0.5845889449119568]], ["rz", [2], [-1.2545509338378906]], ["rx", [2], [0.4996677041053772]], ["rz", [2], [-2.3746955394744873]], ["h", [1], []], ["h", [1], []], ["x", [1], []], ["h", [2], []], ["h", [0], []], ["rz", [0], [-2.946993350982666]], ["rx", [0], [-2.453010320663452]], ["rz", [0], [1.7039427757263184]], ["rz", [1], [-2.1851859092712402]], ["rx", [1], [1.6274731159210205]], ["rz", [1], [-0.24173001945018768]], ["rz", [2], [0.8921773433685303]], ["rx", [2], [1.7540125846862793]], ["rz", [2], [-0.556969404220581]], ["h", [0], []], ["h", [2], []], ["x", [1], []], ["h", [1], []], ["h", [1], []], ["rz", [0], [-1.9216560125350952]], ["rx", [0], [-0.7717723846435547]], ["rz", [0], [-1.0270211696624756]], ["rz", [1], [-1.4821923971176147]], ["rx", [1], [1.5304088592529297]], ["rz", [1], [-1.350275993347168]], ["rz", [2], [1.2286924123764038]], ["rx", [2], [-2.5443735122680664]], ["rz", [2], [2.3669047355651855]], ["cx", [2, 0], []], ["x", [0], []], ["cx", [1, 0], []], ["cx", [0, 1], []], ["h", [2], []], ["rz", [0], [-0.2084854394197464]], ["rx", [0], [1.2958004474639893]], ["rz", [0], [-0.0870283916592598]], ["rz", [1], [-2.7137534618377686]], ["rx", [1], [0.3009573221206665]], ["rz", [1], [-0.5392453670501709]], ["rz", [2], [-1.7693966627120972]], ["rx", [2], [0.024133773520588875]], ["rz", [2], [-1.6806702613830566]]], "base_circuit_qasm": "OPENQASM 2.0;\ninclude \"qelib1.inc\";\nqreg q[3];\nh q[2];\ncx q[0],q[1];\ncx q[1],q[0];\nx q[0];\ncx q[2],q[0];\nh q[1];\nh q[1];\nx q[1];\nh q[2];\nh q[0];\nh q[0];\nh q[2];\nx q[1];\nh q[1];\nh q[1];\ncx q[2],q[0];\nx q[0];\ncx q[1],q[0];\ncx q[0],q[1];\nh q[2];", "pqc_circuit_qasm": "OPENQASM 2.0;\ninclude \"qelib1.inc\";\nqreg q[3];\nh q[2];\ncx q[0],q[1];\ncx q[1],q[0];\nx q[0];\ncx q[2],q[0];\nrz(0.1296609491109848) q[0];\nrx(-1.960709571838379) q[0];\nrz(-1.832651972770691) q[0];\nrz(-3.475965976715088) q[1];\nrx(-0.9789094924926758) q[1];\nrz(-0.5845889449119568) q[1];\nrz(-1.2545509338378906) q[2];\nrx(0.4996677041053772) q[2];\nrz(-2.3746955394744873) q[2];\nh q[1];\nh q[1];\nx q[1];\nh q[2];\nh q[0];\nrz(-2.946993350982666) q[0];\nrx(-2.453010320663452) q[0];\nrz(1.7039427757263184) q[0];\nrz(-2.1851859092712402) q[1];\nrx(1.6274731159210205) q[1];\nrz(-0.24173001945018768) q[1];\nrz(0.8921773433685303) q[2];\nrx(1.7540125846862793) q[2];\nrz(-0.556969404220581) q[2];\nh q[0];\nh q[2];\nx q[1];\nh q[1];\nh q[1];\nrz(-1.9216560125350952) q[0];\nrx(-0.7717723846435547) q[0];\nrz(-1.0270211696624756) q[0];\nrz(-1.4821923971176147) q[1];\nrx(1.5304088592529297) q[1];\nrz(-1.350275993347168) q[1];\nrz(1.2286924123764038) q[2];\nrx(-2.5443735122680664) q[2];\nrz(2.3669047355651855) q[2];\ncx q[2],q[0];\nx q[0];\ncx q[1],q[0];\ncx q[0],q[1];\nh q[2];\nrz(-0.2084854394197464) q[0];\nrx(1.2958004474639893) q[0];\nrz(-0.0870283916592598) q[0];\nrz(-2.7137534618377686) q[1];\nrx(0.3009573221206665) q[1];\nrz(-0.5392453670501709) q[1];\nrz(-1.7693966627120972) q[2];\nrx(0.024133773520588875) q[2];\nrz(-1.6806702613830566) q[2];"}