{"seed": 2694, "fidelity": 0.9994539618492126, "pqc_params": [[[2.5155727863311768, -1.7527551651000977, 2.7205538749694824], [-2.905336618423462, -0.12290005385875702, 3.30987811088562], [0.2017749398946762, 0.5969680547714233, 1.3906371593475342]], [[0.404411643743515, 0.6150969862937927, 0.509070873260498], [0.05584319308400154, 3.0330538749694824, 3.3366124629974365], [-1.09626305103302, -0.003150817472487688, 0.9952192306518555]], [[1.0731256008148193, -3.0215904712677, -1.1007695198059082], [-2.755469799041748, 3.017958879470825, -0.4675268530845642], [0.8902566432952881, 1.468807578086853, 1.7662785053253174]], [[-3.28308367729187, 0.3776702284812927, 0.04184849560260773], [-0.328628271818161, -0.11780008673667908, -2.8481438159942627], [1.0993683338165283, -0.8045695424079895, 2.388378381729126]]], "base_circuit_tokens": [["h", [2], []], ["h", [1], []], ["h", [1], []], ["h", [2], []], ["cx", [1, 0], []], ["x", [2], []], ["cx", [1, 2], []], ["x", [1], []], ["x", [1], []], ["h", [0], []], ["h", [0], []], ["x", [1], []], ["x", [1], []], ["cx", [1, 2], []], ["x", [2], []], ["cx", [1, 0], []], ["h", [2], []], ["h", [1], []], ["h", [1], []], ["h", [2], []]], "pqc_circuit_tokens": [["h", [2], []], ["h", [1], []], ["h", [1], []], ["h", [2], []], ["cx", [1, 0], []], ["rz", [0], [2.5155727863311768]], ["rx", [0], [-1.7527551651000977]], ["rz", [0], [2.7205538749694824]], ["rz", [1], [-2.905336618423462]], ["rx", [1], [-0.12290005385875702]], ["rz", [1], [3.30987811088562]], ["rz", [2], [0.2017749398946762]], ["rx", [2], [0.5969680547714233]], ["rz", [2], [1.3906371593475342]], ["x", [2], []], ["cx", [1, 2], []], ["x", [1], []], ["x", [1], []], ["h", [0], []], ["rz", [0], [0.404411643743515]], ["rx", [0], [0.6150969862937927]], ["rz", [0], [0.509070873260498]], ["rz", [1], [0.05584319308400154]], ["rx", [1], [3.0330538749694824]], ["rz", [1], [3.3366124629974365]], ["rz", [2], [-1.09626305103302]], ["rx", [2], [-0.003150817472487688]], ["rz", [2], [0.9952192306518555]], ["h", [0], []], ["x", [1], []], ["x", [1], []], ["cx", [1, 2], []], ["x", [2], []], ["rz", [0], [1.0731256008148193]], ["rx", [0], [-3.0215904712677]], ["rz", [0], [-1.1007695198059082]], ["rz", [1], [-2.755469799041748]], ["rx", [1], [3.017958879470825]], ["rz", [1], [-0.4675268530845642]], ["rz", [2], [0.8902566432952881]], ["rx", [2], [1.468807578086853]], ["rz", [2], [1.7662785053253174]], ["cx", [1, 0], []], ["h", [2], []], ["h", [1], []], ["h", [1], []], ["h", [2], []], ["rz", [0], [-3.28308367729187]], ["rx", [0], [0.3776702284812927]], ["rz", [0], [0.04184849560260773]], ["rz", [1], [-0.328628271818161]], ["rx", [1], [-0.11780008673667908]], ["rz", [1], [-2.8481438159942627]], ["rz", [2], [1.0993683338165283]], ["rx", [2], [-0.8045695424079895]], ["rz", [2], [2.388378381729126]]], "base_circuit_qasm": "OPENQASM 2.0;\ninclude \"qelib1.inc\";\nqreg q[3];\nh q[2];\nh q[1];\nh q[1];\nh q[2];\ncx q[1],q[0];\nx q[2];\ncx q[1],q[2];\nx q[1];\nx q[1];\nh q[0];\nh q[0];\nx q[1];\nx q[1];\ncx q[1],q[2];\nx q[2];\ncx q[1],q[0];\nh q[2];\nh q[1];\nh q[1];\nh q[2];", "pqc_circuit_qasm": "OPENQASM 2.0;\ninclude \"qelib1.inc\";\nqreg q[3];\nh q[2];\nh q[1];\nh q[1];\nh q[2];\ncx q[1],q[0];\nrz(2.5155727863311768) q[0];\nrx(-1.7527551651000977) q[0];\nrz(2.7205538749694824) q[0];\nrz(-2.905336618423462) q[1];\nrx(-0.12290005385875702) q[1];\nrz(3.30987811088562) q[1];\nrz(0.2017749398946762) q[2];\nrx(0.5969680547714233) q[2];\nrz(1.3906371593475342) q[2];\nx q[2];\ncx q[1],q[2];\nx q[1];\nx q[1];\nh q[0];\nrz(0.404411643743515) q[0];\nrx(0.6150969862937927) q[0];\nrz(0.509070873260498) q[0];\nrz(0.05584319308400154) q[1];\nrx(3.0330538749694824) q[1];\nrz(3.3366124629974365) q[1];\nrz(-1.09626305103302) q[2];\nrx(-0.003150817472487688) q[2];\nrz(0.9952192306518555) q[2];\nh q[0];\nx q[1];\nx q[1];\ncx q[1],q[2];\nx q[2];\nrz(1.0731256008148193) q[0];\nrx(-3.0215904712677) q[0];\nrz(-1.1007695198059082) q[0];\nrz(-2.755469799041748) q[1];\nrx(3.017958879470825) q[1];\nrz(-0.4675268530845642) q[1];\nrz(0.8902566432952881) q[2];\nrx(1.468807578086853) q[2];\nrz(1.7662785053253174) q[2];\ncx q[1],q[0];\nh q[2];\nh q[1];\nh q[1];\nh q[2];\nrz(-3.28308367729187) q[0];\nrx(0.3776702284812927) q[0];\nrz(0.04184849560260773) q[0];\nrz(-0.328628271818161) q[1];\nrx(-0.11780008673667908) q[1];\nrz(-2.8481438159942627) q[1];\nrz(1.0993683338165283) q[2];\nrx(-0.8045695424079895) q[2];\nrz(2.388378381729126) q[2];"}