{"seed": 2699, "fidelity": 0.9998717308044434, "pqc_params": [[[-1.213513970375061, 1.2851262092590332, 2.8306312561035156], [-0.8958384394645691, -2.109205961227417, -1.966191053390503], [1.6293909549713135, 1.2894562482833862, -0.5476210117340088]], [[1.246717929840088, 0.06991997361183167, 3.631706714630127], [2.6951167583465576, 1.1067583560943604, 0.6785641312599182], [0.5163820385932922, -2.0895659923553467, 3.0489511489868164]], [[1.7466528415679932, -1.8413804769515991, -3.8897838592529297], [2.94218373298645, -1.8241904973983765, -2.0629749298095703], [3.4222958087921143, 0.8753744959831238, 1.43732488155365]], [[2.343451976776123, -3.141361951828003, 2.4503514766693115], [0.1744324117898941, -0.2772257328033447, 0.8023625612258911], [-0.7613094449043274, -3.273902177810669, -0.644962728023529]]], "base_circuit_tokens": [["x", [2], []], ["h", [2], []], ["x", [2], []], ["cx", [2, 0], []], ["x", [0], []], ["h", [2], []], ["h", [0], []], ["h", [0], []], ["h", [2], []], ["x", [1], []], ["x", [1], []], ["h", [2], []], ["h", [0], []], ["h", [0], []], ["h", [2], []], ["x", [0], []], ["cx", [2, 0], []], ["x", [2], []], ["h", [2], []], ["x", [2], []]], "pqc_circuit_tokens": [["x", [2], []], ["h", [2], []], ["x", [2], []], ["cx", [2, 0], []], ["x", [0], []], ["rz", [0], [-1.213513970375061]], ["rx", [0], [1.2851262092590332]], ["rz", [0], [2.8306312561035156]], ["rz", [1], [-0.8958384394645691]], ["rx", [1], [-2.109205961227417]], ["rz", [1], [-1.966191053390503]], ["rz", [2], [1.6293909549713135]], ["rx", [2], [1.2894562482833862]], ["rz", [2], [-0.5476210117340088]], ["h", [2], []], ["h", [0], []], ["h", [0], []], ["h", [2], []], ["x", [1], []], ["rz", [0], [1.246717929840088]], ["rx", [0], [0.06991997361183167]], ["rz", [0], [3.631706714630127]], ["rz", [1], [2.6951167583465576]], ["rx", [1], [1.1067583560943604]], ["rz", [1], [0.6785641312599182]], ["rz", [2], [0.5163820385932922]], ["rx", [2], [-2.0895659923553467]], ["rz", [2], [3.0489511489868164]], ["x", [1], []], ["h", [2], []], ["h", [0], []], ["h", [0], []], ["h", [2], []], ["rz", [0], [1.7466528415679932]], ["rx", [0], [-1.8413804769515991]], ["rz", [0], [-3.8897838592529297]], ["rz", [1], [2.94218373298645]], ["rx", [1], [-1.8241904973983765]], ["rz", [1], [-2.0629749298095703]], ["rz", [2], [3.4222958087921143]], ["rx", [2], [0.8753744959831238]], ["rz", [2], [1.43732488155365]], ["x", [0], []], ["cx", [2, 0], []], ["x", [2], []], ["h", [2], []], ["x", [2], []], ["rz", [0], [2.343451976776123]], ["rx", [0], [-3.141361951828003]], ["rz", [0], [2.4503514766693115]], ["rz", [1], [0.1744324117898941]], ["rx", [1], [-0.2772257328033447]], ["rz", [1], [0.8023625612258911]], ["rz", [2], [-0.7613094449043274]], ["rx", [2], [-3.273902177810669]], ["rz", [2], [-0.644962728023529]]], "base_circuit_qasm": "OPENQASM 2.0;\ninclude \"qelib1.inc\";\nqreg q[3];\nx q[2];\nh q[2];\nx q[2];\ncx q[2],q[0];\nx q[0];\nh q[2];\nh q[0];\nh q[0];\nh q[2];\nx q[1];\nx q[1];\nh q[2];\nh q[0];\nh q[0];\nh q[2];\nx q[0];\ncx q[2],q[0];\nx q[2];\nh q[2];\nx q[2];", "pqc_circuit_qasm": "OPENQASM 2.0;\ninclude \"qelib1.inc\";\nqreg q[3];\nx q[2];\nh q[2];\nx q[2];\ncx q[2],q[0];\nx q[0];\nrz(-1.213513970375061) q[0];\nrx(1.2851262092590332) q[0];\nrz(2.8306312561035156) q[0];\nrz(-0.8958384394645691) q[1];\nrx(-2.109205961227417) q[1];\nrz(-1.966191053390503) q[1];\nrz(1.6293909549713135) q[2];\nrx(1.2894562482833862) q[2];\nrz(-0.5476210117340088) q[2];\nh q[2];\nh q[0];\nh q[0];\nh q[2];\nx q[1];\nrz(1.246717929840088) q[0];\nrx(0.06991997361183167) q[0];\nrz(3.631706714630127) q[0];\nrz(2.6951167583465576) q[1];\nrx(1.1067583560943604) q[1];\nrz(0.6785641312599182) q[1];\nrz(0.5163820385932922) q[2];\nrx(-2.0895659923553467) q[2];\nrz(3.0489511489868164) q[2];\nx q[1];\nh q[2];\nh q[0];\nh q[0];\nh q[2];\nrz(1.7466528415679932) q[0];\nrx(-1.8413804769515991) q[0];\nrz(-3.8897838592529297) q[0];\nrz(2.94218373298645) q[1];\nrx(-1.8241904973983765) q[1];\nrz(-2.0629749298095703) q[1];\nrz(3.4222958087921143) q[2];\nrx(0.8753744959831238) q[2];\nrz(1.43732488155365) q[2];\nx q[0];\ncx q[2],q[0];\nx q[2];\nh q[2];\nx q[2];\nrz(2.343451976776123) q[0];\nrx(-3.141361951828003) q[0];\nrz(2.4503514766693115) q[0];\nrz(0.1744324117898941) q[1];\nrx(-0.2772257328033447) q[1];\nrz(0.8023625612258911) q[1];\nrz(-0.7613094449043274) q[2];\nrx(-3.273902177810669) q[2];\nrz(-0.644962728023529) q[2];"}