{"seed": 2730, "fidelity": 0.9994603395462036, "pqc_params": [[[-2.3673903942108154, -2.1034603118896484, 1.1306114196777344], [-0.5149006247520447, -0.9113451838493347, 3.233527421951294], [1.615363359451294, -2.681000232696533, 2.45245099067688]], [[-0.6980839371681213, -1.473026990890503, 1.581309199333191], [0.10537628829479218, -0.119045689702034, 0.3741498589515686], [2.771655321121216, 3.235593557357788, -2.131181240081787]], [[-0.8713874220848083, 0.6956687569618225, 1.3977733850479126], [-3.1025662422180176, -1.3235715627670288, 0.2977136969566345], [-0.33132660388946533, 2.1620070934295654, 2.5540459156036377]], [[2.5833895206451416, 3.3410897254943848, -1.8184514045715332], [-2.181389093399048, -3.1419758796691895, -2.0800728797912598], [-0.32588714361190796, -2.229771375656128, 3.3685452938079834]]], "base_circuit_tokens": [["h", [2], []], ["h", [2], []], ["h", [2], []], ["x", [0], []], ["cx", [0, 1], []], ["h", [2], []], ["h", [2], []], ["cx", [2, 1], []], ["x", [1], []], ["h", [1], []], ["h", [1], []], ["x", [1], []], ["cx", [2, 1], []], ["h", [2], []], ["h", [2], []], ["cx", [0, 1], []], ["x", [0], []], ["h", [2], []], ["h", [2], []], ["h", [2], []]], "pqc_circuit_tokens": [["h", [2], []], ["h", [2], []], ["h", [2], []], ["x", [0], []], ["cx", [0, 1], []], ["rz", [0], [-2.3673903942108154]], ["rx", [0], [-2.1034603118896484]], ["rz", [0], [1.1306114196777344]], ["rz", [1], [-0.5149006247520447]], ["rx", [1], [-0.9113451838493347]], ["rz", [1], [3.233527421951294]], ["rz", [2], [1.615363359451294]], ["rx", [2], [-2.681000232696533]], ["rz", [2], [2.45245099067688]], ["h", [2], []], ["h", [2], []], ["cx", [2, 1], []], ["x", [1], []], ["h", [1], []], ["rz", [0], [-0.6980839371681213]], ["rx", [0], [-1.473026990890503]], ["rz", [0], [1.581309199333191]], ["rz", [1], [0.10537628829479218]], ["rx", [1], [-0.119045689702034]], ["rz", [1], [0.3741498589515686]], ["rz", [2], [2.771655321121216]], ["rx", [2], [3.235593557357788]], ["rz", [2], [-2.131181240081787]], ["h", [1], []], ["x", [1], []], ["cx", [2, 1], []], ["h", [2], []], ["h", [2], []], ["rz", [0], [-0.8713874220848083]], ["rx", [0], [0.6956687569618225]], ["rz", [0], [1.3977733850479126]], ["rz", [1], [-3.1025662422180176]], ["rx", [1], [-1.3235715627670288]], ["rz", [1], [0.2977136969566345]], ["rz", [2], [-0.33132660388946533]], ["rx", [2], [2.1620070934295654]], ["rz", [2], [2.5540459156036377]], ["cx", [0, 1], []], ["x", [0], []], ["h", [2], []], ["h", [2], []], ["h", [2], []], ["rz", [0], [2.5833895206451416]], ["rx", [0], [3.3410897254943848]], ["rz", [0], [-1.8184514045715332]], ["rz", [1], [-2.181389093399048]], ["rx", [1], [-3.1419758796691895]], ["rz", [1], [-2.0800728797912598]], ["rz", [2], [-0.32588714361190796]], ["rx", [2], [-2.229771375656128]], ["rz", [2], [3.3685452938079834]]], "base_circuit_qasm": "OPENQASM 2.0;\ninclude \"qelib1.inc\";\nqreg q[3];\nh q[2];\nh q[2];\nh q[2];\nx q[0];\ncx q[0],q[1];\nh q[2];\nh q[2];\ncx q[2],q[1];\nx q[1];\nh q[1];\nh q[1];\nx q[1];\ncx q[2],q[1];\nh q[2];\nh q[2];\ncx q[0],q[1];\nx q[0];\nh q[2];\nh q[2];\nh q[2];", "pqc_circuit_qasm": "OPENQASM 2.0;\ninclude \"qelib1.inc\";\nqreg q[3];\nh q[2];\nh q[2];\nh q[2];\nx q[0];\ncx q[0],q[1];\nrz(-2.3673903942108154) q[0];\nrx(-2.1034603118896484) q[0];\nrz(1.1306114196777344) q[0];\nrz(-0.5149006247520447) q[1];\nrx(-0.9113451838493347) q[1];\nrz(3.233527421951294) q[1];\nrz(1.615363359451294) q[2];\nrx(-2.681000232696533) q[2];\nrz(2.45245099067688) q[2];\nh q[2];\nh q[2];\ncx q[2],q[1];\nx q[1];\nh q[1];\nrz(-0.6980839371681213) q[0];\nrx(-1.473026990890503) q[0];\nrz(1.581309199333191) q[0];\nrz(0.10537628829479218) q[1];\nrx(-0.119045689702034) q[1];\nrz(0.3741498589515686) q[1];\nrz(2.771655321121216) q[2];\nrx(3.235593557357788) q[2];\nrz(-2.131181240081787) q[2];\nh q[1];\nx q[1];\ncx q[2],q[1];\nh q[2];\nh q[2];\nrz(-0.8713874220848083) q[0];\nrx(0.6956687569618225) q[0];\nrz(1.3977733850479126) q[0];\nrz(-3.1025662422180176) q[1];\nrx(-1.3235715627670288) q[1];\nrz(0.2977136969566345) q[1];\nrz(-0.33132660388946533) q[2];\nrx(2.1620070934295654) q[2];\nrz(2.5540459156036377) q[2];\ncx q[0],q[1];\nx q[0];\nh q[2];\nh q[2];\nh q[2];\nrz(2.5833895206451416) q[0];\nrx(3.3410897254943848) q[0];\nrz(-1.8184514045715332) q[0];\nrz(-2.181389093399048) q[1];\nrx(-3.1419758796691895) q[1];\nrz(-2.0800728797912598) q[1];\nrz(-0.32588714361190796) q[2];\nrx(-2.229771375656128) q[2];\nrz(3.3685452938079834) q[2];"}