{"seed": 2769, "fidelity": 0.9997761845588684, "pqc_params": [[[0.4006727337837219, 2.492215156555176, 2.215501546859741], [-0.7215256690979004, 0.5308200120925903, -1.0479226112365723], [1.009832501411438, 0.4345979690551758, -1.2123451232910156]], [[-2.9230539798736572, 1.4915530681610107, 1.894641399383545], [-1.9361428022384644, 2.5226552486419678, 0.7197040319442749], [0.32503071427345276, 0.566582202911377, 0.6937182545661926]], [[-0.6440122723579407, 0.8733231425285339, 1.7954000234603882], [-2.508769989013672, 0.5183054208755493, -1.4143568277359009], [-2.6428511142730713, -0.7813625335693359, 2.347565174102783]], [[-1.0392714738845825, 2.3781590461730957, -2.886687994003296], [-2.1966891288757324, -2.5163676738739014, -1.7066015005111694], [-0.4210258722305298, -2.4627456665039062, -1.3079739809036255]]], "base_circuit_tokens": [["h", [1], []], ["h", [1], []], ["x", [0], []], ["h", [2], []], ["h", [2], []], ["h", [1], []], ["h", [0], []], ["x", [1], []], ["h", [1], []], ["h", [2], []], ["h", [2], []], ["h", [1], []], ["x", [1], []], ["h", [0], []], ["h", [1], []], ["h", [2], []], ["h", [2], []], ["x", [0], []], ["h", [1], []], ["h", [1], []]], "pqc_circuit_tokens": [["h", [1], []], ["h", [1], []], ["x", [0], []], ["h", [2], []], ["h", [2], []], ["rz", [0], [0.4006727337837219]], ["rx", [0], [2.492215156555176]], ["rz", [0], [2.215501546859741]], ["rz", [1], [-0.7215256690979004]], ["rx", [1], [0.5308200120925903]], ["rz", [1], [-1.0479226112365723]], ["rz", [2], [1.009832501411438]], ["rx", [2], [0.4345979690551758]], ["rz", [2], [-1.2123451232910156]], ["h", [1], []], ["h", [0], []], ["x", [1], []], ["h", [1], []], ["h", [2], []], ["rz", [0], [-2.9230539798736572]], ["rx", [0], [1.4915530681610107]], ["rz", [0], [1.894641399383545]], ["rz", [1], [-1.9361428022384644]], ["rx", [1], [2.5226552486419678]], ["rz", [1], [0.7197040319442749]], ["rz", [2], [0.32503071427345276]], ["rx", [2], [0.566582202911377]], ["rz", [2], [0.6937182545661926]], ["h", [2], []], ["h", [1], []], ["x", [1], []], ["h", [0], []], ["h", [1], []], ["rz", [0], [-0.6440122723579407]], ["rx", [0], [0.8733231425285339]], ["rz", [0], [1.7954000234603882]], ["rz", [1], [-2.508769989013672]], ["rx", [1], [0.5183054208755493]], ["rz", [1], [-1.4143568277359009]], ["rz", [2], [-2.6428511142730713]], ["rx", [2], [-0.7813625335693359]], ["rz", [2], [2.347565174102783]], ["h", [2], []], ["h", [2], []], ["x", [0], []], ["h", [1], []], ["h", [1], []], ["rz", [0], [-1.0392714738845825]], ["rx", [0], [2.3781590461730957]], ["rz", [0], [-2.886687994003296]], ["rz", [1], [-2.1966891288757324]], ["rx", [1], [-2.5163676738739014]], ["rz", [1], [-1.7066015005111694]], ["rz", [2], [-0.4210258722305298]], ["rx", [2], [-2.4627456665039062]], ["rz", [2], [-1.3079739809036255]]], "base_circuit_qasm": "OPENQASM 2.0;\ninclude \"qelib1.inc\";\nqreg q[3];\nh q[1];\nh q[1];\nx q[0];\nh q[2];\nh q[2];\nh q[1];\nh q[0];\nx q[1];\nh q[1];\nh q[2];\nh q[2];\nh q[1];\nx q[1];\nh q[0];\nh q[1];\nh q[2];\nh q[2];\nx q[0];\nh q[1];\nh q[1];", "pqc_circuit_qasm": "OPENQASM 2.0;\ninclude \"qelib1.inc\";\nqreg q[3];\nh q[1];\nh q[1];\nx q[0];\nh q[2];\nh q[2];\nrz(0.4006727337837219) q[0];\nrx(2.492215156555176) q[0];\nrz(2.215501546859741) q[0];\nrz(-0.7215256690979004) q[1];\nrx(0.5308200120925903) q[1];\nrz(-1.0479226112365723) q[1];\nrz(1.009832501411438) q[2];\nrx(0.4345979690551758) q[2];\nrz(-1.2123451232910156) q[2];\nh q[1];\nh q[0];\nx q[1];\nh q[1];\nh q[2];\nrz(-2.9230539798736572) q[0];\nrx(1.4915530681610107) q[0];\nrz(1.894641399383545) q[0];\nrz(-1.9361428022384644) q[1];\nrx(2.5226552486419678) q[1];\nrz(0.7197040319442749) q[1];\nrz(0.32503071427345276) q[2];\nrx(0.566582202911377) q[2];\nrz(0.6937182545661926) q[2];\nh q[2];\nh q[1];\nx q[1];\nh q[0];\nh q[1];\nrz(-0.6440122723579407) q[0];\nrx(0.8733231425285339) q[0];\nrz(1.7954000234603882) q[0];\nrz(-2.508769989013672) q[1];\nrx(0.5183054208755493) q[1];\nrz(-1.4143568277359009) q[1];\nrz(-2.6428511142730713) q[2];\nrx(-0.7813625335693359) q[2];\nrz(2.347565174102783) q[2];\nh q[2];\nh q[2];\nx q[0];\nh q[1];\nh q[1];\nrz(-1.0392714738845825) q[0];\nrx(2.3781590461730957) q[0];\nrz(-2.886687994003296) q[0];\nrz(-2.1966891288757324) q[1];\nrx(-2.5163676738739014) q[1];\nrz(-1.7066015005111694) q[1];\nrz(-0.4210258722305298) q[2];\nrx(-2.4627456665039062) q[2];\nrz(-1.3079739809036255) q[2];"}