{"seed": 2797, "fidelity": 0.9976088404655457, "pqc_params": [[[1.3816276788711548, -2.4659204483032227, 2.684448719024658], [-0.40998655557632446, 1.0496526956558228, 2.349210023880005], [2.283148765563965, -2.4127445220947266, 0.06646383553743362]], [[3.0743582248687744, -2.8258795738220215, -3.10134220123291], [-1.9231703281402588, 3.166351795196533, 2.537022113800049], [3.034367084503174, -1.6101707220077515, -0.009562640450894833]], [[-2.099548101425171, -1.737524390220642, 1.9673080444335938], [-0.8872067928314209, 0.09840662032365799, 2.4161159992218018], [0.9824889898300171, -2.7676143646240234, 1.1674202680587769]], [[-1.0984041690826416, 0.31077542901039124, 1.8573188781738281], [0.24118830263614655, -0.9553592801094055, -1.7497833967208862], [-2.7421655654907227, 0.7218647599220276, 0.889716386795044]]], "base_circuit_tokens": [["x", [1], []], ["x", [2], []], ["x", [1], []], ["h", [0], []], ["h", [2], []], ["h", [1], []], ["h", [1], []], ["h", [1], []], ["cx", [0, 2], []], ["cx", [1, 0], []], ["cx", [1, 0], []], ["cx", [0, 2], []], ["h", [1], []], ["h", [1], []], ["h", [1], []], ["h", [2], []], ["h", [0], []], ["x", [1], []], ["x", [2], []], ["x", [1], []]], "pqc_circuit_tokens": [["x", [1], []], ["x", [2], []], ["x", [1], []], ["h", [0], []], ["h", [2], []], ["rz", [0], [1.3816276788711548]], ["rx", [0], [-2.4659204483032227]], ["rz", [0], [2.684448719024658]], ["rz", [1], [-0.40998655557632446]], ["rx", [1], [1.0496526956558228]], ["rz", [1], [2.349210023880005]], ["rz", [2], [2.283148765563965]], ["rx", [2], [-2.4127445220947266]], ["rz", [2], [0.06646383553743362]], ["h", [1], []], ["h", [1], []], ["h", [1], []], ["cx", [0, 2], []], ["cx", [1, 0], []], ["rz", [0], [3.0743582248687744]], ["rx", [0], [-2.8258795738220215]], ["rz", [0], [-3.10134220123291]], ["rz", [1], [-1.9231703281402588]], ["rx", [1], [3.166351795196533]], ["rz", [1], [2.537022113800049]], ["rz", [2], [3.034367084503174]], ["rx", [2], [-1.6101707220077515]], ["rz", [2], [-0.009562640450894833]], ["cx", [1, 0], []], ["cx", [0, 2], []], ["h", [1], []], ["h", [1], []], ["h", [1], []], ["rz", [0], [-2.099548101425171]], ["rx", [0], [-1.737524390220642]], ["rz", [0], [1.9673080444335938]], ["rz", [1], [-0.8872067928314209]], ["rx", [1], [0.09840662032365799]], ["rz", [1], [2.4161159992218018]], ["rz", [2], [0.9824889898300171]], ["rx", [2], [-2.7676143646240234]], ["rz", [2], [1.1674202680587769]], ["h", [2], []], ["h", [0], []], ["x", [1], []], ["x", [2], []], ["x", [1], []], ["rz", [0], [-1.0984041690826416]], ["rx", [0], [0.31077542901039124]], ["rz", [0], [1.8573188781738281]], ["rz", [1], [0.24118830263614655]], ["rx", [1], [-0.9553592801094055]], ["rz", [1], [-1.7497833967208862]], ["rz", [2], [-2.7421655654907227]], ["rx", [2], [0.7218647599220276]], ["rz", [2], [0.889716386795044]]], "base_circuit_qasm": "OPENQASM 2.0;\ninclude \"qelib1.inc\";\nqreg q[3];\nx q[1];\nx q[2];\nx q[1];\nh q[0];\nh q[2];\nh q[1];\nh q[1];\nh q[1];\ncx q[0],q[2];\ncx q[1],q[0];\ncx q[1],q[0];\ncx q[0],q[2];\nh q[1];\nh q[1];\nh q[1];\nh q[2];\nh q[0];\nx q[1];\nx q[2];\nx q[1];", "pqc_circuit_qasm": "OPENQASM 2.0;\ninclude \"qelib1.inc\";\nqreg q[3];\nx q[1];\nx q[2];\nx q[1];\nh q[0];\nh q[2];\nrz(1.3816276788711548) q[0];\nrx(-2.4659204483032227) q[0];\nrz(2.684448719024658) q[0];\nrz(-0.40998655557632446) q[1];\nrx(1.0496526956558228) q[1];\nrz(2.349210023880005) q[1];\nrz(2.283148765563965) q[2];\nrx(-2.4127445220947266) q[2];\nrz(0.06646383553743362) q[2];\nh q[1];\nh q[1];\nh q[1];\ncx q[0],q[2];\ncx q[1],q[0];\nrz(3.0743582248687744) q[0];\nrx(-2.8258795738220215) q[0];\nrz(-3.10134220123291) q[0];\nrz(-1.9231703281402588) q[1];\nrx(3.166351795196533) q[1];\nrz(2.537022113800049) q[1];\nrz(3.034367084503174) q[2];\nrx(-1.6101707220077515) q[2];\nrz(-0.009562640450894833) q[2];\ncx q[1],q[0];\ncx q[0],q[2];\nh q[1];\nh q[1];\nh q[1];\nrz(-2.099548101425171) q[0];\nrx(-1.737524390220642) q[0];\nrz(1.9673080444335938) q[0];\nrz(-0.8872067928314209) q[1];\nrx(0.09840662032365799) q[1];\nrz(2.4161159992218018) q[1];\nrz(0.9824889898300171) q[2];\nrx(-2.7676143646240234) q[2];\nrz(1.1674202680587769) q[2];\nh q[2];\nh q[0];\nx q[1];\nx q[2];\nx q[1];\nrz(-1.0984041690826416) q[0];\nrx(0.31077542901039124) q[0];\nrz(1.8573188781738281) q[0];\nrz(0.24118830263614655) q[1];\nrx(-0.9553592801094055) q[1];\nrz(-1.7497833967208862) q[1];\nrz(-2.7421655654907227) q[2];\nrx(0.7218647599220276) q[2];\nrz(0.889716386795044) q[2];"}