{"seed": 28, "fidelity": 0.9982303977012634, "pqc_params": [[[-1.4343068599700928, -0.18814727663993835, -1.6031631231307983], [1.2692135572433472, -0.2782646417617798, 0.3059241473674774], [0.2641509175300598, -2.3065991401672363, 2.9820194244384766]], [[1.1829957962036133, 2.602806329727173, 0.9722552299499512], [1.9767409563064575, 3.1988279819488525, -2.2345118522644043], [-3.221179962158203, 2.8469078540802, 0.012997587211430073]], [[-1.1928863525390625, 1.5942373275756836, 0.7355882525444031], [-2.693098783493042, -2.7231502532958984, -0.16183771193027496], [0.06082351878285408, -1.7976551055908203, 2.268915891647339]], [[3.097705841064453, -1.0825392007827759, 0.8786211013793945], [-2.5779058933258057, -1.9434250593185425, 1.1908416748046875], [2.619499444961548, 2.245781660079956, 0.8699342012405396]]], "base_circuit_tokens": [["h", [0], []], ["h", [2], []], ["x", [0], []], ["h", [0], []], ["h", [0], []], ["h", [1], []], ["h", [0], []], ["h", [0], []], ["h", [0], []], ["cx", [1, 2], []], ["cx", [1, 2], []], ["h", [0], []], ["h", [0], []], ["h", [0], []], ["h", [1], []], ["h", [0], []], ["h", [0], []], ["x", [0], []], ["h", [2], []], ["h", [0], []]], "pqc_circuit_tokens": [["h", [0], []], ["h", [2], []], ["x", [0], []], ["h", [0], []], ["h", [0], []], ["rz", [0], [-1.4343068599700928]], ["rx", [0], [-0.18814727663993835]], ["rz", [0], [-1.6031631231307983]], ["rz", [1], [1.2692135572433472]], ["rx", [1], [-0.2782646417617798]], ["rz", [1], [0.3059241473674774]], ["rz", [2], [0.2641509175300598]], ["rx", [2], [-2.3065991401672363]], ["rz", [2], [2.9820194244384766]], ["h", [1], []], ["h", [0], []], ["h", [0], []], ["h", [0], []], ["cx", [1, 2], []], ["rz", [0], [1.1829957962036133]], ["rx", [0], [2.602806329727173]], ["rz", [0], [0.9722552299499512]], ["rz", [1], [1.9767409563064575]], ["rx", [1], [3.1988279819488525]], ["rz", [1], [-2.2345118522644043]], ["rz", [2], [-3.221179962158203]], ["rx", [2], [2.8469078540802]], ["rz", [2], [0.012997587211430073]], ["cx", [1, 2], []], ["h", [0], []], ["h", [0], []], ["h", [0], []], ["h", [1], []], ["rz", [0], [-1.1928863525390625]], ["rx", [0], [1.5942373275756836]], ["rz", [0], [0.7355882525444031]], ["rz", [1], [-2.693098783493042]], ["rx", [1], [-2.7231502532958984]], ["rz", [1], [-0.16183771193027496]], ["rz", [2], [0.06082351878285408]], ["rx", [2], [-1.7976551055908203]], ["rz", [2], [2.268915891647339]], ["h", [0], []], ["h", [0], []], ["x", [0], []], ["h", [2], []], ["h", [0], []], ["rz", [0], [3.097705841064453]], ["rx", [0], [-1.0825392007827759]], ["rz", [0], [0.8786211013793945]], ["rz", [1], [-2.5779058933258057]], ["rx", [1], [-1.9434250593185425]], ["rz", [1], [1.1908416748046875]], ["rz", [2], [2.619499444961548]], ["rx", [2], [2.245781660079956]], ["rz", [2], [0.8699342012405396]]], "base_circuit_qasm": "OPENQASM 2.0;\ninclude \"qelib1.inc\";\nqreg q[3];\nh q[0];\nh q[2];\nx q[0];\nh q[0];\nh q[0];\nh q[1];\nh q[0];\nh q[0];\nh q[0];\ncx q[1],q[2];\ncx q[1],q[2];\nh q[0];\nh q[0];\nh q[0];\nh q[1];\nh q[0];\nh q[0];\nx q[0];\nh q[2];\nh q[0];", "pqc_circuit_qasm": "OPENQASM 2.0;\ninclude \"qelib1.inc\";\nqreg q[3];\nh q[0];\nh q[2];\nx q[0];\nh q[0];\nh q[0];\nrz(-1.4343068599700928) q[0];\nrx(-0.18814727663993835) q[0];\nrz(-1.6031631231307983) q[0];\nrz(1.2692135572433472) q[1];\nrx(-0.2782646417617798) q[1];\nrz(0.3059241473674774) q[1];\nrz(0.2641509175300598) q[2];\nrx(-2.3065991401672363) q[2];\nrz(2.9820194244384766) q[2];\nh q[1];\nh q[0];\nh q[0];\nh q[0];\ncx q[1],q[2];\nrz(1.1829957962036133) q[0];\nrx(2.602806329727173) q[0];\nrz(0.9722552299499512) q[0];\nrz(1.9767409563064575) q[1];\nrx(3.1988279819488525) q[1];\nrz(-2.2345118522644043) q[1];\nrz(-3.221179962158203) q[2];\nrx(2.8469078540802) q[2];\nrz(0.012997587211430073) q[2];\ncx q[1],q[2];\nh q[0];\nh q[0];\nh q[0];\nh q[1];\nrz(-1.1928863525390625) q[0];\nrx(1.5942373275756836) q[0];\nrz(0.7355882525444031) q[0];\nrz(-2.693098783493042) q[1];\nrx(-2.7231502532958984) q[1];\nrz(-0.16183771193027496) q[1];\nrz(0.06082351878285408) q[2];\nrx(-1.7976551055908203) q[2];\nrz(2.268915891647339) q[2];\nh q[0];\nh q[0];\nx q[0];\nh q[2];\nh q[0];\nrz(3.097705841064453) q[0];\nrx(-1.0825392007827759) q[0];\nrz(0.8786211013793945) q[0];\nrz(-2.5779058933258057) q[1];\nrx(-1.9434250593185425) q[1];\nrz(1.1908416748046875) q[1];\nrz(2.619499444961548) q[2];\nrx(2.245781660079956) q[2];\nrz(0.8699342012405396) q[2];"}