{"seed": 2810, "fidelity": 0.9996383786201477, "pqc_params": [[[-3.5206117630004883, 2.6235485076904297, -0.12705834209918976], [0.20603805780410767, -3.2297048568725586, 1.0176728963851929], [0.5318319201469421, -2.23423171043396, 0.46568605303764343]], [[-1.8890793323516846, 1.5465848445892334, 3.10949444770813], [-0.04635672643780708, -2.216218948364258, 0.5161332488059998], [2.26359486579895, -2.5913102626800537, -2.539468765258789]], [[0.2358318418264389, -1.6494851112365723, -1.5495688915252686], [1.6513792276382446, -0.6470213532447815, -2.2621400356292725], [0.49685734510421753, -0.6060201525688171, 2.6781697273254395]], [[-0.4133467674255371, -0.7282154560089111, 0.32526472210884094], [2.8196921348571777, 0.028575409203767776, -3.1342899799346924], [2.4924299716949463, -3.0860321521759033, 2.5961058139801025]]], "base_circuit_tokens": [["h", [1], []], ["cx", [1, 2], []], ["x", [1], []], ["x", [1], []], ["h", [1], []], ["h", [1], []], ["x", [1], []], ["x", [2], []], ["h", [1], []], ["h", [2], []], ["h", [2], []], ["h", [1], []], ["x", [2], []], ["x", [1], []], ["h", [1], []], ["h", [1], []], ["x", [1], []], ["x", [1], []], ["cx", [1, 2], []], ["h", [1], []]], "pqc_circuit_tokens": [["h", [1], []], ["cx", [1, 2], []], ["x", [1], []], ["x", [1], []], ["h", [1], []], ["rz", [0], [-3.5206117630004883]], ["rx", [0], [2.6235485076904297]], ["rz", [0], [-0.12705834209918976]], ["rz", [1], [0.20603805780410767]], ["rx", [1], [-3.2297048568725586]], ["rz", [1], [1.0176728963851929]], ["rz", [2], [0.5318319201469421]], ["rx", [2], [-2.23423171043396]], ["rz", [2], [0.46568605303764343]], ["h", [1], []], ["x", [1], []], ["x", [2], []], ["h", [1], []], ["h", [2], []], ["rz", [0], [-1.8890793323516846]], ["rx", [0], [1.5465848445892334]], ["rz", [0], [3.10949444770813]], ["rz", [1], [-0.04635672643780708]], ["rx", [1], [-2.216218948364258]], ["rz", [1], [0.5161332488059998]], ["rz", [2], [2.26359486579895]], ["rx", [2], [-2.5913102626800537]], ["rz", [2], [-2.539468765258789]], ["h", [2], []], ["h", [1], []], ["x", [2], []], ["x", [1], []], ["h", [1], []], ["rz", [0], [0.2358318418264389]], ["rx", [0], [-1.6494851112365723]], ["rz", [0], [-1.5495688915252686]], ["rz", [1], [1.6513792276382446]], ["rx", [1], [-0.6470213532447815]], ["rz", [1], [-2.2621400356292725]], ["rz", [2], [0.49685734510421753]], ["rx", [2], [-0.6060201525688171]], ["rz", [2], [2.6781697273254395]], ["h", [1], []], ["x", [1], []], ["x", [1], []], ["cx", [1, 2], []], ["h", [1], []], ["rz", [0], [-0.4133467674255371]], ["rx", [0], [-0.7282154560089111]], ["rz", [0], [0.32526472210884094]], ["rz", [1], [2.8196921348571777]], ["rx", [1], [0.028575409203767776]], ["rz", [1], [-3.1342899799346924]], ["rz", [2], [2.4924299716949463]], ["rx", [2], [-3.0860321521759033]], ["rz", [2], [2.5961058139801025]]], "base_circuit_qasm": "OPENQASM 2.0;\ninclude \"qelib1.inc\";\nqreg q[3];\nh q[1];\ncx q[1],q[2];\nx q[1];\nx q[1];\nh q[1];\nh q[1];\nx q[1];\nx q[2];\nh q[1];\nh q[2];\nh q[2];\nh q[1];\nx q[2];\nx q[1];\nh q[1];\nh q[1];\nx q[1];\nx q[1];\ncx q[1],q[2];\nh q[1];", "pqc_circuit_qasm": "OPENQASM 2.0;\ninclude \"qelib1.inc\";\nqreg q[3];\nh q[1];\ncx q[1],q[2];\nx q[1];\nx q[1];\nh q[1];\nrz(-3.5206117630004883) q[0];\nrx(2.6235485076904297) q[0];\nrz(-0.12705834209918976) q[0];\nrz(0.20603805780410767) q[1];\nrx(-3.2297048568725586) q[1];\nrz(1.0176728963851929) q[1];\nrz(0.5318319201469421) q[2];\nrx(-2.23423171043396) q[2];\nrz(0.46568605303764343) q[2];\nh q[1];\nx q[1];\nx q[2];\nh q[1];\nh q[2];\nrz(-1.8890793323516846) q[0];\nrx(1.5465848445892334) q[0];\nrz(3.10949444770813) q[0];\nrz(-0.04635672643780708) q[1];\nrx(-2.216218948364258) q[1];\nrz(0.5161332488059998) q[1];\nrz(2.26359486579895) q[2];\nrx(-2.5913102626800537) q[2];\nrz(-2.539468765258789) q[2];\nh q[2];\nh q[1];\nx q[2];\nx q[1];\nh q[1];\nrz(0.2358318418264389) q[0];\nrx(-1.6494851112365723) q[0];\nrz(-1.5495688915252686) q[0];\nrz(1.6513792276382446) q[1];\nrx(-0.6470213532447815) q[1];\nrz(-2.2621400356292725) q[1];\nrz(0.49685734510421753) q[2];\nrx(-0.6060201525688171) q[2];\nrz(2.6781697273254395) q[2];\nh q[1];\nx q[1];\nx q[1];\ncx q[1],q[2];\nh q[1];\nrz(-0.4133467674255371) q[0];\nrx(-0.7282154560089111) q[0];\nrz(0.32526472210884094) q[0];\nrz(2.8196921348571777) q[1];\nrx(0.028575409203767776) q[1];\nrz(-3.1342899799346924) q[1];\nrz(2.4924299716949463) q[2];\nrx(-3.0860321521759033) q[2];\nrz(2.5961058139801025) q[2];"}