{"seed": 282, "fidelity": 0.9994718432426453, "pqc_params": [[[-1.9691336154937744, 1.1900070905685425, 3.1714675426483154], [-1.02364182472229, -0.6512241959571838, 1.9476029872894287], [-0.577514111995697, -3.7558090686798096, 4.1036248207092285]], [[2.6113531589508057, 0.5477898120880127, -2.4614808559417725], [0.5432014465332031, -0.8056623935699463, -1.8451379537582397], [-0.9197536110877991, -0.05193208158016205, 2.0938894748687744]], [[-1.838201880455017, 2.5035505294799805, -3.028646230697632], [-1.3894727230072021, -1.1191986799240112, 0.31504079699516296], [-2.5204341411590576, -0.49168917536735535, 0.3282259404659271]], [[-1.4836782217025757, 3.6928303241729736, 0.8033362030982971], [-2.8966517448425293, -1.1891640424728394, -2.330549716949463], [3.489006280899048, 2.3243067264556885, 0.531091034412384]]], "base_circuit_tokens": [["x", [1], []], ["cx", [2, 1], []], ["h", [2], []], ["cx", [2, 1], []], ["x", [0], []], ["cx", [2, 1], []], ["h", [0], []], ["h", [2], []], ["h", [1], []], ["x", [2], []], ["x", [2], []], ["h", [1], []], ["h", [2], []], ["h", [0], []], ["cx", [2, 1], []], ["x", [0], []], ["cx", [2, 1], []], ["h", [2], []], ["cx", [2, 1], []], ["x", [1], []]], "pqc_circuit_tokens": [["x", [1], []], ["cx", [2, 1], []], ["h", [2], []], ["cx", [2, 1], []], ["x", [0], []], ["rz", [0], [-1.9691336154937744]], ["rx", [0], [1.1900070905685425]], ["rz", [0], [3.1714675426483154]], ["rz", [1], [-1.02364182472229]], ["rx", [1], [-0.6512241959571838]], ["rz", [1], [1.9476029872894287]], ["rz", [2], [-0.577514111995697]], ["rx", [2], [-3.7558090686798096]], ["rz", [2], [4.1036248207092285]], ["cx", [2, 1], []], ["h", [0], []], ["h", [2], []], ["h", [1], []], ["x", [2], []], ["rz", [0], [2.6113531589508057]], ["rx", [0], [0.5477898120880127]], ["rz", [0], [-2.4614808559417725]], ["rz", [1], [0.5432014465332031]], ["rx", [1], [-0.8056623935699463]], ["rz", [1], [-1.8451379537582397]], ["rz", [2], [-0.9197536110877991]], ["rx", [2], [-0.05193208158016205]], ["rz", [2], [2.0938894748687744]], ["x", [2], []], ["h", [1], []], ["h", [2], []], ["h", [0], []], ["cx", [2, 1], []], ["rz", [0], [-1.838201880455017]], ["rx", [0], [2.5035505294799805]], ["rz", [0], [-3.028646230697632]], ["rz", [1], [-1.3894727230072021]], ["rx", [1], [-1.1191986799240112]], ["rz", [1], [0.31504079699516296]], ["rz", [2], [-2.5204341411590576]], ["rx", [2], [-0.49168917536735535]], ["rz", [2], [0.3282259404659271]], ["x", [0], []], ["cx", [2, 1], []], ["h", [2], []], ["cx", [2, 1], []], ["x", [1], []], ["rz", [0], [-1.4836782217025757]], ["rx", [0], [3.6928303241729736]], ["rz", [0], [0.8033362030982971]], ["rz", [1], [-2.8966517448425293]], ["rx", [1], [-1.1891640424728394]], ["rz", [1], [-2.330549716949463]], ["rz", [2], [3.489006280899048]], ["rx", [2], [2.3243067264556885]], ["rz", [2], [0.531091034412384]]], "base_circuit_qasm": "OPENQASM 2.0;\ninclude \"qelib1.inc\";\nqreg q[3];\nx q[1];\ncx q[2],q[1];\nh q[2];\ncx q[2],q[1];\nx q[0];\ncx q[2],q[1];\nh q[0];\nh q[2];\nh q[1];\nx q[2];\nx q[2];\nh q[1];\nh q[2];\nh q[0];\ncx q[2],q[1];\nx q[0];\ncx q[2],q[1];\nh q[2];\ncx q[2],q[1];\nx q[1];", "pqc_circuit_qasm": "OPENQASM 2.0;\ninclude \"qelib1.inc\";\nqreg q[3];\nx q[1];\ncx q[2],q[1];\nh q[2];\ncx q[2],q[1];\nx q[0];\nrz(-1.9691336154937744) q[0];\nrx(1.1900070905685425) q[0];\nrz(3.1714675426483154) q[0];\nrz(-1.02364182472229) q[1];\nrx(-0.6512241959571838) q[1];\nrz(1.9476029872894287) q[1];\nrz(-0.577514111995697) q[2];\nrx(-3.7558090686798096) q[2];\nrz(4.1036248207092285) q[2];\ncx q[2],q[1];\nh q[0];\nh q[2];\nh q[1];\nx q[2];\nrz(2.6113531589508057) q[0];\nrx(0.5477898120880127) q[0];\nrz(-2.4614808559417725) q[0];\nrz(0.5432014465332031) q[1];\nrx(-0.8056623935699463) q[1];\nrz(-1.8451379537582397) q[1];\nrz(-0.9197536110877991) q[2];\nrx(-0.05193208158016205) q[2];\nrz(2.0938894748687744) q[2];\nx q[2];\nh q[1];\nh q[2];\nh q[0];\ncx q[2],q[1];\nrz(-1.838201880455017) q[0];\nrx(2.5035505294799805) q[0];\nrz(-3.028646230697632) q[0];\nrz(-1.3894727230072021) q[1];\nrx(-1.1191986799240112) q[1];\nrz(0.31504079699516296) q[1];\nrz(-2.5204341411590576) q[2];\nrx(-0.49168917536735535) q[2];\nrz(0.3282259404659271) q[2];\nx q[0];\ncx q[2],q[1];\nh q[2];\ncx q[2],q[1];\nx q[1];\nrz(-1.4836782217025757) q[0];\nrx(3.6928303241729736) q[0];\nrz(0.8033362030982971) q[0];\nrz(-2.8966517448425293) q[1];\nrx(-1.1891640424728394) q[1];\nrz(-2.330549716949463) q[1];\nrz(3.489006280899048) q[2];\nrx(2.3243067264556885) q[2];\nrz(0.531091034412384) q[2];"}