{"seed": 2820, "fidelity": 0.9998220801353455, "pqc_params": [[[-2.3479275703430176, 2.046774387359619, 0.26820865273475647], [2.516493797302246, -3.0165252685546875, -2.4595203399658203], [1.9107013940811157, 0.6489327549934387, 3.559075355529785]], [[-3.244211196899414, -1.804033637046814, -0.0004521523369476199], [-2.9927995204925537, -3.0152158737182617, 0.42216020822525024], [-2.22452449798584, -2.955747604370117, 0.5837536454200745]], [[-0.60987389087677, -3.059695243835449, 3.682464122772217], [-1.61785089969635, 2.6183648109436035, -0.3821607232093811], [-0.9038841724395752, -0.16261518001556396, -0.9535274505615234]], [[0.626234769821167, 2.6491403579711914, -1.9707677364349365], [-0.010080183856189251, -2.779585838317871, -0.4768945276737213], [0.3995296359062195, 3.4403555393218994, -1.042341947555542]]], "base_circuit_tokens": [["x", [2], []], ["h", [1], []], ["h", [0], []], ["h", [2], []], ["h", [2], []], ["h", [1], []], ["x", [1], []], ["cx", [1, 0], []], ["h", [1], []], ["h", [1], []], ["h", [1], []], ["h", [1], []], ["cx", [1, 0], []], ["x", [1], []], ["h", [1], []], ["h", [2], []], ["h", [2], []], ["h", [0], []], ["h", [1], []], ["x", [2], []]], "pqc_circuit_tokens": [["x", [2], []], ["h", [1], []], ["h", [0], []], ["h", [2], []], ["h", [2], []], ["rz", [0], [-2.3479275703430176]], ["rx", [0], [2.046774387359619]], ["rz", [0], [0.26820865273475647]], ["rz", [1], [2.516493797302246]], ["rx", [1], [-3.0165252685546875]], ["rz", [1], [-2.4595203399658203]], ["rz", [2], [1.9107013940811157]], ["rx", [2], [0.6489327549934387]], ["rz", [2], [3.559075355529785]], ["h", [1], []], ["x", [1], []], ["cx", [1, 0], []], ["h", [1], []], ["h", [1], []], ["rz", [0], [-3.244211196899414]], ["rx", [0], [-1.804033637046814]], ["rz", [0], [-0.0004521523369476199]], ["rz", [1], [-2.9927995204925537]], ["rx", [1], [-3.0152158737182617]], ["rz", [1], [0.42216020822525024]], ["rz", [2], [-2.22452449798584]], ["rx", [2], [-2.955747604370117]], ["rz", [2], [0.5837536454200745]], ["h", [1], []], ["h", [1], []], ["cx", [1, 0], []], ["x", [1], []], ["h", [1], []], ["rz", [0], [-0.60987389087677]], ["rx", [0], [-3.059695243835449]], ["rz", [0], [3.682464122772217]], ["rz", [1], [-1.61785089969635]], ["rx", [1], [2.6183648109436035]], ["rz", [1], [-0.3821607232093811]], ["rz", [2], [-0.9038841724395752]], ["rx", [2], [-0.16261518001556396]], ["rz", [2], [-0.9535274505615234]], ["h", [2], []], ["h", [2], []], ["h", [0], []], ["h", [1], []], ["x", [2], []], ["rz", [0], [0.626234769821167]], ["rx", [0], [2.6491403579711914]], ["rz", [0], [-1.9707677364349365]], ["rz", [1], [-0.010080183856189251]], ["rx", [1], [-2.779585838317871]], ["rz", [1], [-0.4768945276737213]], ["rz", [2], [0.3995296359062195]], ["rx", [2], [3.4403555393218994]], ["rz", [2], [-1.042341947555542]]], "base_circuit_qasm": "OPENQASM 2.0;\ninclude \"qelib1.inc\";\nqreg q[3];\nx q[2];\nh q[1];\nh q[0];\nh q[2];\nh q[2];\nh q[1];\nx q[1];\ncx q[1],q[0];\nh q[1];\nh q[1];\nh q[1];\nh q[1];\ncx q[1],q[0];\nx q[1];\nh q[1];\nh q[2];\nh q[2];\nh q[0];\nh q[1];\nx q[2];", "pqc_circuit_qasm": "OPENQASM 2.0;\ninclude \"qelib1.inc\";\nqreg q[3];\nx q[2];\nh q[1];\nh q[0];\nh q[2];\nh q[2];\nrz(-2.3479275703430176) q[0];\nrx(2.046774387359619) q[0];\nrz(0.26820865273475647) q[0];\nrz(2.516493797302246) q[1];\nrx(-3.0165252685546875) q[1];\nrz(-2.4595203399658203) q[1];\nrz(1.9107013940811157) q[2];\nrx(0.6489327549934387) q[2];\nrz(3.559075355529785) q[2];\nh q[1];\nx q[1];\ncx q[1],q[0];\nh q[1];\nh q[1];\nrz(-3.244211196899414) q[0];\nrx(-1.804033637046814) q[0];\nrz(-0.0004521523369476199) q[0];\nrz(-2.9927995204925537) q[1];\nrx(-3.0152158737182617) q[1];\nrz(0.42216020822525024) q[1];\nrz(-2.22452449798584) q[2];\nrx(-2.955747604370117) q[2];\nrz(0.5837536454200745) q[2];\nh q[1];\nh q[1];\ncx q[1],q[0];\nx q[1];\nh q[1];\nrz(-0.60987389087677) q[0];\nrx(-3.059695243835449) q[0];\nrz(3.682464122772217) q[0];\nrz(-1.61785089969635) q[1];\nrx(2.6183648109436035) q[1];\nrz(-0.3821607232093811) q[1];\nrz(-0.9038841724395752) q[2];\nrx(-0.16261518001556396) q[2];\nrz(-0.9535274505615234) q[2];\nh q[2];\nh q[2];\nh q[0];\nh q[1];\nx q[2];\nrz(0.626234769821167) q[0];\nrx(2.6491403579711914) q[0];\nrz(-1.9707677364349365) q[0];\nrz(-0.010080183856189251) q[1];\nrx(-2.779585838317871) q[1];\nrz(-0.4768945276737213) q[1];\nrz(0.3995296359062195) q[2];\nrx(3.4403555393218994) q[2];\nrz(-1.042341947555542) q[2];"}