{"seed": 2824, "fidelity": 0.9970735907554626, "pqc_params": [[[2.8611655235290527, -2.9682772159576416, -1.1777480840682983], [-0.2940164804458618, 2.8355164527893066, -2.5687155723571777], [-1.0022097826004028, 1.1526620388031006, -1.8462281227111816]], [[2.5478124618530273, -1.832464337348938, -1.4306349754333496], [-2.9542558193206787, -2.355456590652466, 0.8675069808959961], [2.53265118598938, 1.588532567024231, -1.6429749727249146]], [[1.3197731971740723, -1.2498844861984253, -1.9319320917129517], [0.9137712121009827, -1.4414198398590088, 1.0062092542648315], [-1.8438489437103271, -3.476261615753174, -0.870453417301178]], [[-0.1219099909067154, 0.28698158264160156, -0.18852929770946503], [0.5262267589569092, 1.0856531858444214, 0.3117688000202179], [2.5055882930755615, 0.2833416759967804, 3.2515926361083984]]], "base_circuit_tokens": [["h", [1], []], ["x", [1], []], ["h", [2], []], ["h", [0], []], ["cx", [0, 2], []], ["cx", [0, 2], []], ["cx", [0, 2], []], ["x", [2], []], ["h", [2], []], ["h", [1], []], ["h", [1], []], ["h", [2], []], ["x", [2], []], ["cx", [0, 2], []], ["cx", [0, 2], []], ["cx", [0, 2], []], ["h", [0], []], ["h", [2], []], ["x", [1], []], ["h", [1], []]], "pqc_circuit_tokens": [["h", [1], []], ["x", [1], []], ["h", [2], []], ["h", [0], []], ["cx", [0, 2], []], ["rz", [0], [2.8611655235290527]], ["rx", [0], [-2.9682772159576416]], ["rz", [0], [-1.1777480840682983]], ["rz", [1], [-0.2940164804458618]], ["rx", [1], [2.8355164527893066]], ["rz", [1], [-2.5687155723571777]], ["rz", [2], [-1.0022097826004028]], ["rx", [2], [1.1526620388031006]], ["rz", [2], [-1.8462281227111816]], ["cx", [0, 2], []], ["cx", [0, 2], []], ["x", [2], []], ["h", [2], []], ["h", [1], []], ["rz", [0], [2.5478124618530273]], ["rx", [0], [-1.832464337348938]], ["rz", [0], [-1.4306349754333496]], ["rz", [1], [-2.9542558193206787]], ["rx", [1], [-2.355456590652466]], ["rz", [1], [0.8675069808959961]], ["rz", [2], [2.53265118598938]], ["rx", [2], [1.588532567024231]], ["rz", [2], [-1.6429749727249146]], ["h", [1], []], ["h", [2], []], ["x", [2], []], ["cx", [0, 2], []], ["cx", [0, 2], []], ["rz", [0], [1.3197731971740723]], ["rx", [0], [-1.2498844861984253]], ["rz", [0], [-1.9319320917129517]], ["rz", [1], [0.9137712121009827]], ["rx", [1], [-1.4414198398590088]], ["rz", [1], [1.0062092542648315]], ["rz", [2], [-1.8438489437103271]], ["rx", [2], [-3.476261615753174]], ["rz", [2], [-0.870453417301178]], ["cx", [0, 2], []], ["h", [0], []], ["h", [2], []], ["x", [1], []], ["h", [1], []], ["rz", [0], [-0.1219099909067154]], ["rx", [0], [0.28698158264160156]], ["rz", [0], [-0.18852929770946503]], ["rz", [1], [0.5262267589569092]], ["rx", [1], [1.0856531858444214]], ["rz", [1], [0.3117688000202179]], ["rz", [2], [2.5055882930755615]], ["rx", [2], [0.2833416759967804]], ["rz", [2], [3.2515926361083984]]], "base_circuit_qasm": "OPENQASM 2.0;\ninclude \"qelib1.inc\";\nqreg q[3];\nh q[1];\nx q[1];\nh q[2];\nh q[0];\ncx q[0],q[2];\ncx q[0],q[2];\ncx q[0],q[2];\nx q[2];\nh q[2];\nh q[1];\nh q[1];\nh q[2];\nx q[2];\ncx q[0],q[2];\ncx q[0],q[2];\ncx q[0],q[2];\nh q[0];\nh q[2];\nx q[1];\nh q[1];", "pqc_circuit_qasm": "OPENQASM 2.0;\ninclude \"qelib1.inc\";\nqreg q[3];\nh q[1];\nx q[1];\nh q[2];\nh q[0];\ncx q[0],q[2];\nrz(2.8611655235290527) q[0];\nrx(-2.9682772159576416) q[0];\nrz(-1.1777480840682983) q[0];\nrz(-0.2940164804458618) q[1];\nrx(2.8355164527893066) q[1];\nrz(-2.5687155723571777) q[1];\nrz(-1.0022097826004028) q[2];\nrx(1.1526620388031006) q[2];\nrz(-1.8462281227111816) q[2];\ncx q[0],q[2];\ncx q[0],q[2];\nx q[2];\nh q[2];\nh q[1];\nrz(2.5478124618530273) q[0];\nrx(-1.832464337348938) q[0];\nrz(-1.4306349754333496) q[0];\nrz(-2.9542558193206787) q[1];\nrx(-2.355456590652466) q[1];\nrz(0.8675069808959961) q[1];\nrz(2.53265118598938) q[2];\nrx(1.588532567024231) q[2];\nrz(-1.6429749727249146) q[2];\nh q[1];\nh q[2];\nx q[2];\ncx q[0],q[2];\ncx q[0],q[2];\nrz(1.3197731971740723) q[0];\nrx(-1.2498844861984253) q[0];\nrz(-1.9319320917129517) q[0];\nrz(0.9137712121009827) q[1];\nrx(-1.4414198398590088) q[1];\nrz(1.0062092542648315) q[1];\nrz(-1.8438489437103271) q[2];\nrx(-3.476261615753174) q[2];\nrz(-0.870453417301178) q[2];\ncx q[0],q[2];\nh q[0];\nh q[2];\nx q[1];\nh q[1];\nrz(-0.1219099909067154) q[0];\nrx(0.28698158264160156) q[0];\nrz(-0.18852929770946503) q[0];\nrz(0.5262267589569092) q[1];\nrx(1.0856531858444214) q[1];\nrz(0.3117688000202179) q[1];\nrz(2.5055882930755615) q[2];\nrx(0.2833416759967804) q[2];\nrz(3.2515926361083984) q[2];"}