{"seed": 2825, "fidelity": 0.9971519708633423, "pqc_params": [[[-1.333850383758545, 2.537306070327759, 3.5882821083068848], [1.1702646017074585, -1.4982469081878662, -0.44615769386291504], [-0.8189054727554321, 1.3958851099014282, 0.10854475945234299]], [[2.3153738975524902, -3.169032573699951, -0.7215352058410645], [-3.007507085800171, 0.11153362691402435, 0.3893260955810547], [-2.227505683898926, 3.6290619373321533, -3.1307590007781982]], [[-0.402278870344162, 0.5286718010902405, 2.3001019954681396], [0.16925589740276337, -1.141754388809204, -3.0519187450408936], [-2.0082080364227295, -1.9754326343536377, 1.1701511144638062]], [[-2.005361795425415, 3.163074254989624, -1.8973066806793213], [-2.5615744590759277, 2.71242356300354, -0.49147817492485046], [2.3813488483428955, -0.00012286106357350945, 0.6597842574119568]]], "base_circuit_tokens": [["h", [0], []], ["h", [1], []], ["h", [1], []], ["cx", [0, 2], []], ["x", [0], []], ["x", [0], []], ["cx", [0, 1], []], ["h", [1], []], ["x", [1], []], ["h", [0], []], ["h", [0], []], ["x", [1], []], ["h", [1], []], ["cx", [0, 1], []], ["x", [0], []], ["x", [0], []], ["cx", [0, 2], []], ["h", [1], []], ["h", [1], []], ["h", [0], []]], "pqc_circuit_tokens": [["h", [0], []], ["h", [1], []], ["h", [1], []], ["cx", [0, 2], []], ["x", [0], []], ["rz", [0], [-1.333850383758545]], ["rx", [0], [2.537306070327759]], ["rz", [0], [3.5882821083068848]], ["rz", [1], [1.1702646017074585]], ["rx", [1], [-1.4982469081878662]], ["rz", [1], [-0.44615769386291504]], ["rz", [2], [-0.8189054727554321]], ["rx", [2], [1.3958851099014282]], ["rz", [2], [0.10854475945234299]], ["x", [0], []], ["cx", [0, 1], []], ["h", [1], []], ["x", [1], []], ["h", [0], []], ["rz", [0], [2.3153738975524902]], ["rx", [0], [-3.169032573699951]], ["rz", [0], [-0.7215352058410645]], ["rz", [1], [-3.007507085800171]], ["rx", [1], [0.11153362691402435]], ["rz", [1], [0.3893260955810547]], ["rz", [2], [-2.227505683898926]], ["rx", [2], [3.6290619373321533]], ["rz", [2], [-3.1307590007781982]], ["h", [0], []], ["x", [1], []], ["h", [1], []], ["cx", [0, 1], []], ["x", [0], []], ["rz", [0], [-0.402278870344162]], ["rx", [0], [0.5286718010902405]], ["rz", [0], [2.3001019954681396]], ["rz", [1], [0.16925589740276337]], ["rx", [1], [-1.141754388809204]], ["rz", [1], [-3.0519187450408936]], ["rz", [2], [-2.0082080364227295]], ["rx", [2], [-1.9754326343536377]], ["rz", [2], [1.1701511144638062]], ["x", [0], []], ["cx", [0, 2], []], ["h", [1], []], ["h", [1], []], ["h", [0], []], ["rz", [0], [-2.005361795425415]], ["rx", [0], [3.163074254989624]], ["rz", [0], [-1.8973066806793213]], ["rz", [1], [-2.5615744590759277]], ["rx", [1], [2.71242356300354]], ["rz", [1], [-0.49147817492485046]], ["rz", [2], [2.3813488483428955]], ["rx", [2], [-0.00012286106357350945]], ["rz", [2], [0.6597842574119568]]], "base_circuit_qasm": "OPENQASM 2.0;\ninclude \"qelib1.inc\";\nqreg q[3];\nh q[0];\nh q[1];\nh q[1];\ncx q[0],q[2];\nx q[0];\nx q[0];\ncx q[0],q[1];\nh q[1];\nx q[1];\nh q[0];\nh q[0];\nx q[1];\nh q[1];\ncx q[0],q[1];\nx q[0];\nx q[0];\ncx q[0],q[2];\nh q[1];\nh q[1];\nh q[0];", "pqc_circuit_qasm": "OPENQASM 2.0;\ninclude \"qelib1.inc\";\nqreg q[3];\nh q[0];\nh q[1];\nh q[1];\ncx q[0],q[2];\nx q[0];\nrz(-1.333850383758545) q[0];\nrx(2.537306070327759) q[0];\nrz(3.5882821083068848) q[0];\nrz(1.1702646017074585) q[1];\nrx(-1.4982469081878662) q[1];\nrz(-0.44615769386291504) q[1];\nrz(-0.8189054727554321) q[2];\nrx(1.3958851099014282) q[2];\nrz(0.10854475945234299) q[2];\nx q[0];\ncx q[0],q[1];\nh q[1];\nx q[1];\nh q[0];\nrz(2.3153738975524902) q[0];\nrx(-3.169032573699951) q[0];\nrz(-0.7215352058410645) q[0];\nrz(-3.007507085800171) q[1];\nrx(0.11153362691402435) q[1];\nrz(0.3893260955810547) q[1];\nrz(-2.227505683898926) q[2];\nrx(3.6290619373321533) q[2];\nrz(-3.1307590007781982) q[2];\nh q[0];\nx q[1];\nh q[1];\ncx q[0],q[1];\nx q[0];\nrz(-0.402278870344162) q[0];\nrx(0.5286718010902405) q[0];\nrz(2.3001019954681396) q[0];\nrz(0.16925589740276337) q[1];\nrx(-1.141754388809204) q[1];\nrz(-3.0519187450408936) q[1];\nrz(-2.0082080364227295) q[2];\nrx(-1.9754326343536377) q[2];\nrz(1.1701511144638062) q[2];\nx q[0];\ncx q[0],q[2];\nh q[1];\nh q[1];\nh q[0];\nrz(-2.005361795425415) q[0];\nrx(3.163074254989624) q[0];\nrz(-1.8973066806793213) q[0];\nrz(-2.5615744590759277) q[1];\nrx(2.71242356300354) q[1];\nrz(-0.49147817492485046) q[1];\nrz(2.3813488483428955) q[2];\nrx(-0.00012286106357350945) q[2];\nrz(0.6597842574119568) q[2];"}