{"seed": 2844, "fidelity": 0.9984683990478516, "pqc_params": [[[2.0830516815185547, -1.2683579921722412, -1.5575138330459595], [0.19066222012043, -0.318629652261734, 0.9970261454582214], [0.4625038802623749, 0.6354268193244934, -0.23001889884471893]], [[-0.7832035422325134, -0.3438294231891632, 0.24409207701683044], [0.17465932667255402, -0.0998135358095169, -3.360260248184204], [-2.522810459136963, -2.0245373249053955, -3.3184092044830322]], [[-2.382936477661133, 2.1863763332366943, -1.3205851316452026], [2.7984514236450195, -0.39454132318496704, 1.6189879179000854], [-2.450768232345581, 2.008542537689209, 0.4331273138523102]], [[1.7069369554519653, -0.1499214470386505, 0.77392578125], [1.0994093418121338, -3.658220052719116, -2.265998601913452], [-1.0370985269546509, 0.8765673041343689, -3.0194084644317627]]], "base_circuit_tokens": [["h", [0], []], ["h", [1], []], ["h", [1], []], ["x", [1], []], ["h", [1], []], ["cx", [0, 1], []], ["h", [1], []], ["x", [1], []], ["cx", [1, 0], []], ["h", [0], []], ["h", [0], []], ["cx", [1, 0], []], ["x", [1], []], ["h", [1], []], ["cx", [0, 1], []], ["h", [1], []], ["x", [1], []], ["h", [1], []], ["h", [1], []], ["h", [0], []]], "pqc_circuit_tokens": [["h", [0], []], ["h", [1], []], ["h", [1], []], ["x", [1], []], ["h", [1], []], ["rz", [0], [2.0830516815185547]], ["rx", [0], [-1.2683579921722412]], ["rz", [0], [-1.5575138330459595]], ["rz", [1], [0.19066222012043]], ["rx", [1], [-0.318629652261734]], ["rz", [1], [0.9970261454582214]], ["rz", [2], [0.4625038802623749]], ["rx", [2], [0.6354268193244934]], ["rz", [2], [-0.23001889884471893]], ["cx", [0, 1], []], ["h", [1], []], ["x", [1], []], ["cx", [1, 0], []], ["h", [0], []], ["rz", [0], [-0.7832035422325134]], ["rx", [0], [-0.3438294231891632]], ["rz", [0], [0.24409207701683044]], ["rz", [1], [0.17465932667255402]], ["rx", [1], [-0.0998135358095169]], ["rz", [1], [-3.360260248184204]], ["rz", [2], [-2.522810459136963]], ["rx", [2], [-2.0245373249053955]], ["rz", [2], [-3.3184092044830322]], ["h", [0], []], ["cx", [1, 0], []], ["x", [1], []], ["h", [1], []], ["cx", [0, 1], []], ["rz", [0], [-2.382936477661133]], ["rx", [0], [2.1863763332366943]], ["rz", [0], [-1.3205851316452026]], ["rz", [1], [2.7984514236450195]], ["rx", [1], [-0.39454132318496704]], ["rz", [1], [1.6189879179000854]], ["rz", [2], [-2.450768232345581]], ["rx", [2], [2.008542537689209]], ["rz", [2], [0.4331273138523102]], ["h", [1], []], ["x", [1], []], ["h", [1], []], ["h", [1], []], ["h", [0], []], ["rz", [0], [1.7069369554519653]], ["rx", [0], [-0.1499214470386505]], ["rz", [0], [0.77392578125]], ["rz", [1], [1.0994093418121338]], ["rx", [1], [-3.658220052719116]], ["rz", [1], [-2.265998601913452]], ["rz", [2], [-1.0370985269546509]], ["rx", [2], [0.8765673041343689]], ["rz", [2], [-3.0194084644317627]]], "base_circuit_qasm": "OPENQASM 2.0;\ninclude \"qelib1.inc\";\nqreg q[3];\nh q[0];\nh q[1];\nh q[1];\nx q[1];\nh q[1];\ncx q[0],q[1];\nh q[1];\nx q[1];\ncx q[1],q[0];\nh q[0];\nh q[0];\ncx q[1],q[0];\nx q[1];\nh q[1];\ncx q[0],q[1];\nh q[1];\nx q[1];\nh q[1];\nh q[1];\nh q[0];", "pqc_circuit_qasm": "OPENQASM 2.0;\ninclude \"qelib1.inc\";\nqreg q[3];\nh q[0];\nh q[1];\nh q[1];\nx q[1];\nh q[1];\nrz(2.0830516815185547) q[0];\nrx(-1.2683579921722412) q[0];\nrz(-1.5575138330459595) q[0];\nrz(0.19066222012043) q[1];\nrx(-0.318629652261734) q[1];\nrz(0.9970261454582214) q[1];\nrz(0.4625038802623749) q[2];\nrx(0.6354268193244934) q[2];\nrz(-0.23001889884471893) q[2];\ncx q[0],q[1];\nh q[1];\nx q[1];\ncx q[1],q[0];\nh q[0];\nrz(-0.7832035422325134) q[0];\nrx(-0.3438294231891632) q[0];\nrz(0.24409207701683044) q[0];\nrz(0.17465932667255402) q[1];\nrx(-0.0998135358095169) q[1];\nrz(-3.360260248184204) q[1];\nrz(-2.522810459136963) q[2];\nrx(-2.0245373249053955) q[2];\nrz(-3.3184092044830322) q[2];\nh q[0];\ncx q[1],q[0];\nx q[1];\nh q[1];\ncx q[0],q[1];\nrz(-2.382936477661133) q[0];\nrx(2.1863763332366943) q[0];\nrz(-1.3205851316452026) q[0];\nrz(2.7984514236450195) q[1];\nrx(-0.39454132318496704) q[1];\nrz(1.6189879179000854) q[1];\nrz(-2.450768232345581) q[2];\nrx(2.008542537689209) q[2];\nrz(0.4331273138523102) q[2];\nh q[1];\nx q[1];\nh q[1];\nh q[1];\nh q[0];\nrz(1.7069369554519653) q[0];\nrx(-0.1499214470386505) q[0];\nrz(0.77392578125) q[0];\nrz(1.0994093418121338) q[1];\nrx(-3.658220052719116) q[1];\nrz(-2.265998601913452) q[1];\nrz(-1.0370985269546509) q[2];\nrx(0.8765673041343689) q[2];\nrz(-3.0194084644317627) q[2];"}