{"seed": 2846, "fidelity": 0.9990116357803345, "pqc_params": [[[-0.6461296677589417, -0.5797669887542725, 1.1850433349609375], [1.9065109491348267, -1.440802812576294, 3.127148151397705], [-2.772624969482422, -1.0229238271713257, -2.9475715160369873]], [[-1.2063472270965576, 3.3070290088653564, 0.9532318711280823], [0.1523011326789856, 0.1716872602701187, -0.25674861669540405], [-0.014625851064920425, -0.10795465111732483, 1.5147833824157715]], [[2.404346466064453, -0.307587206363678, -0.7110385298728943], [2.6887857913970947, -1.5012881755828857, 2.3137998580932617], [1.5942693948745728, -0.4527997076511383, -1.153760552406311]], [[-0.5123230218887329, -3.109205722808838, 2.5917999744415283], [-0.40493008494377136, 2.533954381942749, -0.048809271305799484], [0.22450582683086395, 1.3449279069900513, 1.8829374313354492]]], "base_circuit_tokens": [["h", [2], []], ["cx", [1, 0], []], ["x", [0], []], ["h", [2], []], ["cx", [1, 0], []], ["h", [2], []], ["h", [0], []], ["h", [0], []], ["h", [2], []], ["cx", [2, 1], []], ["cx", [2, 1], []], ["h", [2], []], ["h", [0], []], ["h", [0], []], ["h", [2], []], ["cx", [1, 0], []], ["h", [2], []], ["x", [0], []], ["cx", [1, 0], []], ["h", [2], []]], "pqc_circuit_tokens": [["h", [2], []], ["cx", [1, 0], []], ["x", [0], []], ["h", [2], []], ["cx", [1, 0], []], ["rz", [0], [-0.6461296677589417]], ["rx", [0], [-0.5797669887542725]], ["rz", [0], [1.1850433349609375]], ["rz", [1], [1.9065109491348267]], ["rx", [1], [-1.440802812576294]], ["rz", [1], [3.127148151397705]], ["rz", [2], [-2.772624969482422]], ["rx", [2], [-1.0229238271713257]], ["rz", [2], [-2.9475715160369873]], ["h", [2], []], ["h", [0], []], ["h", [0], []], ["h", [2], []], ["cx", [2, 1], []], ["rz", [0], [-1.2063472270965576]], ["rx", [0], [3.3070290088653564]], ["rz", [0], [0.9532318711280823]], ["rz", [1], [0.1523011326789856]], ["rx", [1], [0.1716872602701187]], ["rz", [1], [-0.25674861669540405]], ["rz", [2], [-0.014625851064920425]], ["rx", [2], [-0.10795465111732483]], ["rz", [2], [1.5147833824157715]], ["cx", [2, 1], []], ["h", [2], []], ["h", [0], []], ["h", [0], []], ["h", [2], []], ["rz", [0], [2.404346466064453]], ["rx", [0], [-0.307587206363678]], ["rz", [0], [-0.7110385298728943]], ["rz", [1], [2.6887857913970947]], ["rx", [1], [-1.5012881755828857]], ["rz", [1], [2.3137998580932617]], ["rz", [2], [1.5942693948745728]], ["rx", [2], [-0.4527997076511383]], ["rz", [2], [-1.153760552406311]], ["cx", [1, 0], []], ["h", [2], []], ["x", [0], []], ["cx", [1, 0], []], ["h", [2], []], ["rz", [0], [-0.5123230218887329]], ["rx", [0], [-3.109205722808838]], ["rz", [0], [2.5917999744415283]], ["rz", [1], [-0.40493008494377136]], ["rx", [1], [2.533954381942749]], ["rz", [1], [-0.048809271305799484]], ["rz", [2], [0.22450582683086395]], ["rx", [2], [1.3449279069900513]], ["rz", [2], [1.8829374313354492]]], "base_circuit_qasm": "OPENQASM 2.0;\ninclude \"qelib1.inc\";\nqreg q[3];\nh q[2];\ncx q[1],q[0];\nx q[0];\nh q[2];\ncx q[1],q[0];\nh q[2];\nh q[0];\nh q[0];\nh q[2];\ncx q[2],q[1];\ncx q[2],q[1];\nh q[2];\nh q[0];\nh q[0];\nh q[2];\ncx q[1],q[0];\nh q[2];\nx q[0];\ncx q[1],q[0];\nh q[2];", "pqc_circuit_qasm": "OPENQASM 2.0;\ninclude \"qelib1.inc\";\nqreg q[3];\nh q[2];\ncx q[1],q[0];\nx q[0];\nh q[2];\ncx q[1],q[0];\nrz(-0.6461296677589417) q[0];\nrx(-0.5797669887542725) q[0];\nrz(1.1850433349609375) q[0];\nrz(1.9065109491348267) q[1];\nrx(-1.440802812576294) q[1];\nrz(3.127148151397705) q[1];\nrz(-2.772624969482422) q[2];\nrx(-1.0229238271713257) q[2];\nrz(-2.9475715160369873) q[2];\nh q[2];\nh q[0];\nh q[0];\nh q[2];\ncx q[2],q[1];\nrz(-1.2063472270965576) q[0];\nrx(3.3070290088653564) q[0];\nrz(0.9532318711280823) q[0];\nrz(0.1523011326789856) q[1];\nrx(0.1716872602701187) q[1];\nrz(-0.25674861669540405) q[1];\nrz(-0.014625851064920425) q[2];\nrx(-0.10795465111732483) q[2];\nrz(1.5147833824157715) q[2];\ncx q[2],q[1];\nh q[2];\nh q[0];\nh q[0];\nh q[2];\nrz(2.404346466064453) q[0];\nrx(-0.307587206363678) q[0];\nrz(-0.7110385298728943) q[0];\nrz(2.6887857913970947) q[1];\nrx(-1.5012881755828857) q[1];\nrz(2.3137998580932617) q[1];\nrz(1.5942693948745728) q[2];\nrx(-0.4527997076511383) q[2];\nrz(-1.153760552406311) q[2];\ncx q[1],q[0];\nh q[2];\nx q[0];\ncx q[1],q[0];\nh q[2];\nrz(-0.5123230218887329) q[0];\nrx(-3.109205722808838) q[0];\nrz(2.5917999744415283) q[0];\nrz(-0.40493008494377136) q[1];\nrx(2.533954381942749) q[1];\nrz(-0.048809271305799484) q[1];\nrz(0.22450582683086395) q[2];\nrx(1.3449279069900513) q[2];\nrz(1.8829374313354492) q[2];"}