{"seed": 2851, "fidelity": 0.9914607405662537, "pqc_params": [[[2.5665581226348877, 0.3247807025909424, -1.5547062158584595], [2.458787202835083, -0.9750171899795532, 0.4997437000274658], [-1.7090617418289185, 0.6717752814292908, -1.9040164947509766]], [[-0.9284413456916809, 1.4069678783416748, -0.1018906831741333], [-1.6558663845062256, 1.5893588066101074, -0.17808668315410614], [-2.3670573234558105, 2.0016696453094482, -1.4763633012771606]], [[-1.5596762895584106, -2.958730936050415, -0.052881088107824326], [2.189507007598877, -0.8028333783149719, -0.274174302816391], [-0.675309956073761, -2.5323312282562256, -2.2970120906829834]], [[-3.2535061836242676, 2.787151575088501, -1.8959476947784424], [2.9637224674224854, -1.7480239868164062, -1.7550936937332153], [-2.422907590866089, -1.552706241607666, 3.444075345993042]]], "base_circuit_tokens": [["h", [1], []], ["x", [0], []], ["cx", [0, 1], []], ["cx", [0, 1], []], ["h", [1], []], ["h", [0], []], ["h", [2], []], ["h", [2], []], ["h", [1], []], ["h", [1], []], ["h", [1], []], ["h", [1], []], ["h", [2], []], ["h", [2], []], ["h", [0], []], ["h", [1], []], ["cx", [0, 1], []], ["cx", [0, 1], []], ["x", [0], []], ["h", [1], []]], "pqc_circuit_tokens": [["h", [1], []], ["x", [0], []], ["cx", [0, 1], []], ["cx", [0, 1], []], ["h", [1], []], ["rz", [0], [2.5665581226348877]], ["rx", [0], [0.3247807025909424]], ["rz", [0], [-1.5547062158584595]], ["rz", [1], [2.458787202835083]], ["rx", [1], [-0.9750171899795532]], ["rz", [1], [0.4997437000274658]], ["rz", [2], [-1.7090617418289185]], ["rx", [2], [0.6717752814292908]], ["rz", [2], [-1.9040164947509766]], ["h", [0], []], ["h", [2], []], ["h", [2], []], ["h", [1], []], ["h", [1], []], ["rz", [0], [-0.9284413456916809]], ["rx", [0], [1.4069678783416748]], ["rz", [0], [-0.1018906831741333]], ["rz", [1], [-1.6558663845062256]], ["rx", [1], [1.5893588066101074]], ["rz", [1], [-0.17808668315410614]], ["rz", [2], [-2.3670573234558105]], ["rx", [2], [2.0016696453094482]], ["rz", [2], [-1.4763633012771606]], ["h", [1], []], ["h", [1], []], ["h", [2], []], ["h", [2], []], ["h", [0], []], ["rz", [0], [-1.5596762895584106]], ["rx", [0], [-2.958730936050415]], ["rz", [0], [-0.052881088107824326]], ["rz", [1], [2.189507007598877]], ["rx", [1], [-0.8028333783149719]], ["rz", [1], [-0.274174302816391]], ["rz", [2], [-0.675309956073761]], ["rx", [2], [-2.5323312282562256]], ["rz", [2], [-2.2970120906829834]], ["h", [1], []], ["cx", [0, 1], []], ["cx", [0, 1], []], ["x", [0], []], ["h", [1], []], ["rz", [0], [-3.2535061836242676]], ["rx", [0], [2.787151575088501]], ["rz", [0], [-1.8959476947784424]], ["rz", [1], [2.9637224674224854]], ["rx", [1], [-1.7480239868164062]], ["rz", [1], [-1.7550936937332153]], ["rz", [2], [-2.422907590866089]], ["rx", [2], [-1.552706241607666]], ["rz", [2], [3.444075345993042]]], "base_circuit_qasm": "OPENQASM 2.0;\ninclude \"qelib1.inc\";\nqreg q[3];\nh q[1];\nx q[0];\ncx q[0],q[1];\ncx q[0],q[1];\nh q[1];\nh q[0];\nh q[2];\nh q[2];\nh q[1];\nh q[1];\nh q[1];\nh q[1];\nh q[2];\nh q[2];\nh q[0];\nh q[1];\ncx q[0],q[1];\ncx q[0],q[1];\nx q[0];\nh q[1];", "pqc_circuit_qasm": "OPENQASM 2.0;\ninclude \"qelib1.inc\";\nqreg q[3];\nh q[1];\nx q[0];\ncx q[0],q[1];\ncx q[0],q[1];\nh q[1];\nrz(2.5665581226348877) q[0];\nrx(0.3247807025909424) q[0];\nrz(-1.5547062158584595) q[0];\nrz(2.458787202835083) q[1];\nrx(-0.9750171899795532) q[1];\nrz(0.4997437000274658) q[1];\nrz(-1.7090617418289185) q[2];\nrx(0.6717752814292908) q[2];\nrz(-1.9040164947509766) q[2];\nh q[0];\nh q[2];\nh q[2];\nh q[1];\nh q[1];\nrz(-0.9284413456916809) q[0];\nrx(1.4069678783416748) q[0];\nrz(-0.1018906831741333) q[0];\nrz(-1.6558663845062256) q[1];\nrx(1.5893588066101074) q[1];\nrz(-0.17808668315410614) q[1];\nrz(-2.3670573234558105) q[2];\nrx(2.0016696453094482) q[2];\nrz(-1.4763633012771606) q[2];\nh q[1];\nh q[1];\nh q[2];\nh q[2];\nh q[0];\nrz(-1.5596762895584106) q[0];\nrx(-2.958730936050415) q[0];\nrz(-0.052881088107824326) q[0];\nrz(2.189507007598877) q[1];\nrx(-0.8028333783149719) q[1];\nrz(-0.274174302816391) q[1];\nrz(-0.675309956073761) q[2];\nrx(-2.5323312282562256) q[2];\nrz(-2.2970120906829834) q[2];\nh q[1];\ncx q[0],q[1];\ncx q[0],q[1];\nx q[0];\nh q[1];\nrz(-3.2535061836242676) q[0];\nrx(2.787151575088501) q[0];\nrz(-1.8959476947784424) q[0];\nrz(2.9637224674224854) q[1];\nrx(-1.7480239868164062) q[1];\nrz(-1.7550936937332153) q[1];\nrz(-2.422907590866089) q[2];\nrx(-1.552706241607666) q[2];\nrz(3.444075345993042) q[2];"}