{"seed": 2857, "fidelity": 0.9998224377632141, "pqc_params": [[[1.7031952142715454, 1.5184555053710938, -0.8858022093772888], [1.0039029121398926, -0.5664648413658142, 2.385448932647705], [2.0621488094329834, -1.9298722743988037, 2.369166135787964]], [[-0.6113700866699219, 1.4146358966827393, 1.7750108242034912], [-0.15682698786258698, -2.5907349586486816, -3.404456615447998], [2.3324310779571533, 1.649017572402954, -1.3616750240325928]], [[-0.7297558784484863, -1.1025534868240356, 2.3130505084991455], [2.5369937419891357, 1.7641451358795166, -0.8050733208656311], [-2.5015454292297363, 0.03402739390730858, -0.07147545367479324]], [[-1.04400634765625, -1.2749840021133423, -0.9723286032676697], [-2.327040672302246, -0.6215509176254272, -1.8006043434143066], [-2.2719900608062744, 2.390516519546509, -0.7461865544319153]]], "base_circuit_tokens": [["x", [0], []], ["h", [1], []], ["h", [2], []], ["cx", [2, 0], []], ["h", [1], []], ["h", [1], []], ["x", [0], []], ["h", [0], []], ["cx", [2, 0], []], ["h", [0], []], ["h", [0], []], ["cx", [2, 0], []], ["h", [0], []], ["x", [0], []], ["h", [1], []], ["h", [1], []], ["cx", [2, 0], []], ["h", [2], []], ["h", [1], []], ["x", [0], []]], "pqc_circuit_tokens": [["x", [0], []], ["h", [1], []], ["h", [2], []], ["cx", [2, 0], []], ["h", [1], []], ["rz", [0], [1.7031952142715454]], ["rx", [0], [1.5184555053710938]], ["rz", [0], [-0.8858022093772888]], ["rz", [1], [1.0039029121398926]], ["rx", [1], [-0.5664648413658142]], ["rz", [1], [2.385448932647705]], ["rz", [2], [2.0621488094329834]], ["rx", [2], [-1.9298722743988037]], ["rz", [2], [2.369166135787964]], ["h", [1], []], ["x", [0], []], ["h", [0], []], ["cx", [2, 0], []], ["h", [0], []], ["rz", [0], [-0.6113700866699219]], ["rx", [0], [1.4146358966827393]], ["rz", [0], [1.7750108242034912]], ["rz", [1], [-0.15682698786258698]], ["rx", [1], [-2.5907349586486816]], ["rz", [1], [-3.404456615447998]], ["rz", [2], [2.3324310779571533]], ["rx", [2], [1.649017572402954]], ["rz", [2], [-1.3616750240325928]], ["h", [0], []], ["cx", [2, 0], []], ["h", [0], []], ["x", [0], []], ["h", [1], []], ["rz", [0], [-0.7297558784484863]], ["rx", [0], [-1.1025534868240356]], ["rz", [0], [2.3130505084991455]], ["rz", [1], [2.5369937419891357]], ["rx", [1], [1.7641451358795166]], ["rz", [1], [-0.8050733208656311]], ["rz", [2], [-2.5015454292297363]], ["rx", [2], [0.03402739390730858]], ["rz", [2], [-0.07147545367479324]], ["h", [1], []], ["cx", [2, 0], []], ["h", [2], []], ["h", [1], []], ["x", [0], []], ["rz", [0], [-1.04400634765625]], ["rx", [0], [-1.2749840021133423]], ["rz", [0], [-0.9723286032676697]], ["rz", [1], [-2.327040672302246]], ["rx", [1], [-0.6215509176254272]], ["rz", [1], [-1.8006043434143066]], ["rz", [2], [-2.2719900608062744]], ["rx", [2], [2.390516519546509]], ["rz", [2], [-0.7461865544319153]]], "base_circuit_qasm": "OPENQASM 2.0;\ninclude \"qelib1.inc\";\nqreg q[3];\nx q[0];\nh q[1];\nh q[2];\ncx q[2],q[0];\nh q[1];\nh q[1];\nx q[0];\nh q[0];\ncx q[2],q[0];\nh q[0];\nh q[0];\ncx q[2],q[0];\nh q[0];\nx q[0];\nh q[1];\nh q[1];\ncx q[2],q[0];\nh q[2];\nh q[1];\nx q[0];", "pqc_circuit_qasm": "OPENQASM 2.0;\ninclude \"qelib1.inc\";\nqreg q[3];\nx q[0];\nh q[1];\nh q[2];\ncx q[2],q[0];\nh q[1];\nrz(1.7031952142715454) q[0];\nrx(1.5184555053710938) q[0];\nrz(-0.8858022093772888) q[0];\nrz(1.0039029121398926) q[1];\nrx(-0.5664648413658142) q[1];\nrz(2.385448932647705) q[1];\nrz(2.0621488094329834) q[2];\nrx(-1.9298722743988037) q[2];\nrz(2.369166135787964) q[2];\nh q[1];\nx q[0];\nh q[0];\ncx q[2],q[0];\nh q[0];\nrz(-0.6113700866699219) q[0];\nrx(1.4146358966827393) q[0];\nrz(1.7750108242034912) q[0];\nrz(-0.15682698786258698) q[1];\nrx(-2.5907349586486816) q[1];\nrz(-3.404456615447998) q[1];\nrz(2.3324310779571533) q[2];\nrx(1.649017572402954) q[2];\nrz(-1.3616750240325928) q[2];\nh q[0];\ncx q[2],q[0];\nh q[0];\nx q[0];\nh q[1];\nrz(-0.7297558784484863) q[0];\nrx(-1.1025534868240356) q[0];\nrz(2.3130505084991455) q[0];\nrz(2.5369937419891357) q[1];\nrx(1.7641451358795166) q[1];\nrz(-0.8050733208656311) q[1];\nrz(-2.5015454292297363) q[2];\nrx(0.03402739390730858) q[2];\nrz(-0.07147545367479324) q[2];\nh q[1];\ncx q[2],q[0];\nh q[2];\nh q[1];\nx q[0];\nrz(-1.04400634765625) q[0];\nrx(-1.2749840021133423) q[0];\nrz(-0.9723286032676697) q[0];\nrz(-2.327040672302246) q[1];\nrx(-0.6215509176254272) q[1];\nrz(-1.8006043434143066) q[1];\nrz(-2.2719900608062744) q[2];\nrx(2.390516519546509) q[2];\nrz(-0.7461865544319153) q[2];"}