{"seed": 2862, "fidelity": 0.9992353320121765, "pqc_params": [[[0.8487470746040344, 1.8144727945327759, 0.33895355463027954], [-1.0164706707000732, -1.1694152355194092, 1.7901413440704346], [1.967430830001831, -0.9733785390853882, 1.3090500831604004]], [[3.0427193641662598, 2.749202251434326, 3.0904085636138916], [2.300205945968628, -0.10246212035417557, -3.0256526470184326], [0.6542381644248962, 0.6431883573532104, -3.123950481414795]], [[-1.1089696884155273, 2.088164806365967, -1.1516822576522827], [0.6166293621063232, -1.7315388917922974, -2.500872850418091], [0.8979089260101318, 1.9031442403793335, -2.885390281677246]], [[0.2675851583480835, 0.9229042530059814, 0.032837677747011185], [-1.5934491157531738, 1.4318087100982666, 0.8915897011756897], [-0.2829151749610901, -2.7519421577453613, -0.06067880988121033]]], "base_circuit_tokens": [["x", [2], []], ["h", [0], []], ["x", [1], []], ["h", [0], []], ["cx", [2, 0], []], ["cx", [0, 2], []], ["x", [0], []], ["h", [2], []], ["h", [2], []], ["h", [2], []], ["h", [2], []], ["h", [2], []], ["h", [2], []], ["x", [0], []], ["cx", [0, 2], []], ["cx", [2, 0], []], ["h", [0], []], ["x", [1], []], ["h", [0], []], ["x", [2], []]], "pqc_circuit_tokens": [["x", [2], []], ["h", [0], []], ["x", [1], []], ["h", [0], []], ["cx", [2, 0], []], ["rz", [0], [0.8487470746040344]], ["rx", [0], [1.8144727945327759]], ["rz", [0], [0.33895355463027954]], ["rz", [1], [-1.0164706707000732]], ["rx", [1], [-1.1694152355194092]], ["rz", [1], [1.7901413440704346]], ["rz", [2], [1.967430830001831]], ["rx", [2], [-0.9733785390853882]], ["rz", [2], [1.3090500831604004]], ["cx", [0, 2], []], ["x", [0], []], ["h", [2], []], ["h", [2], []], ["h", [2], []], ["rz", [0], [3.0427193641662598]], ["rx", [0], [2.749202251434326]], ["rz", [0], [3.0904085636138916]], ["rz", [1], [2.300205945968628]], ["rx", [1], [-0.10246212035417557]], ["rz", [1], [-3.0256526470184326]], ["rz", [2], [0.6542381644248962]], ["rx", [2], [0.6431883573532104]], ["rz", [2], [-3.123950481414795]], ["h", [2], []], ["h", [2], []], ["h", [2], []], ["x", [0], []], ["cx", [0, 2], []], ["rz", [0], [-1.1089696884155273]], ["rx", [0], [2.088164806365967]], ["rz", [0], [-1.1516822576522827]], ["rz", [1], [0.6166293621063232]], ["rx", [1], [-1.7315388917922974]], ["rz", [1], [-2.500872850418091]], ["rz", [2], [0.8979089260101318]], ["rx", [2], [1.9031442403793335]], ["rz", [2], [-2.885390281677246]], ["cx", [2, 0], []], ["h", [0], []], ["x", [1], []], ["h", [0], []], ["x", [2], []], ["rz", [0], [0.2675851583480835]], ["rx", [0], [0.9229042530059814]], ["rz", [0], [0.032837677747011185]], ["rz", [1], [-1.5934491157531738]], ["rx", [1], [1.4318087100982666]], ["rz", [1], [0.8915897011756897]], ["rz", [2], [-0.2829151749610901]], ["rx", [2], [-2.7519421577453613]], ["rz", [2], [-0.06067880988121033]]], "base_circuit_qasm": "OPENQASM 2.0;\ninclude \"qelib1.inc\";\nqreg q[3];\nx q[2];\nh q[0];\nx q[1];\nh q[0];\ncx q[2],q[0];\ncx q[0],q[2];\nx q[0];\nh q[2];\nh q[2];\nh q[2];\nh q[2];\nh q[2];\nh q[2];\nx q[0];\ncx q[0],q[2];\ncx q[2],q[0];\nh q[0];\nx q[1];\nh q[0];\nx q[2];", "pqc_circuit_qasm": "OPENQASM 2.0;\ninclude \"qelib1.inc\";\nqreg q[3];\nx q[2];\nh q[0];\nx q[1];\nh q[0];\ncx q[2],q[0];\nrz(0.8487470746040344) q[0];\nrx(1.8144727945327759) q[0];\nrz(0.33895355463027954) q[0];\nrz(-1.0164706707000732) q[1];\nrx(-1.1694152355194092) q[1];\nrz(1.7901413440704346) q[1];\nrz(1.967430830001831) q[2];\nrx(-0.9733785390853882) q[2];\nrz(1.3090500831604004) q[2];\ncx q[0],q[2];\nx q[0];\nh q[2];\nh q[2];\nh q[2];\nrz(3.0427193641662598) q[0];\nrx(2.749202251434326) q[0];\nrz(3.0904085636138916) q[0];\nrz(2.300205945968628) q[1];\nrx(-0.10246212035417557) q[1];\nrz(-3.0256526470184326) q[1];\nrz(0.6542381644248962) q[2];\nrx(0.6431883573532104) q[2];\nrz(-3.123950481414795) q[2];\nh q[2];\nh q[2];\nh q[2];\nx q[0];\ncx q[0],q[2];\nrz(-1.1089696884155273) q[0];\nrx(2.088164806365967) q[0];\nrz(-1.1516822576522827) q[0];\nrz(0.6166293621063232) q[1];\nrx(-1.7315388917922974) q[1];\nrz(-2.500872850418091) q[1];\nrz(0.8979089260101318) q[2];\nrx(1.9031442403793335) q[2];\nrz(-2.885390281677246) q[2];\ncx q[2],q[0];\nh q[0];\nx q[1];\nh q[0];\nx q[2];\nrz(0.2675851583480835) q[0];\nrx(0.9229042530059814) q[0];\nrz(0.032837677747011185) q[0];\nrz(-1.5934491157531738) q[1];\nrx(1.4318087100982666) q[1];\nrz(0.8915897011756897) q[1];\nrz(-0.2829151749610901) q[2];\nrx(-2.7519421577453613) q[2];\nrz(-0.06067880988121033) q[2];"}