{"seed": 2880, "fidelity": 0.9997202754020691, "pqc_params": [[[0.4085516929626465, -1.7524394989013672, 2.93695068359375], [1.9314991235733032, 2.5812575817108154, 1.6864365339279175], [-2.6618192195892334, 0.35522300004959106, -2.70802903175354]], [[3.547745704650879, -2.0737078189849854, -1.4512842893600464], [-2.9685890674591064, -2.172830820083618, 1.9343527555465698], [-0.9985070824623108, 1.387351155281067, 0.42706298828125]], [[2.093684673309326, -2.969606637954712, -0.41132935881614685], [0.31954431533813477, 2.296595573425293, 2.1324663162231445], [0.9400008916854858, 3.0942394733428955, -2.383733034133911]], [[2.163642406463623, -0.7543494701385498, 1.5526939630508423], [0.9307527542114258, -0.8811888694763184, 1.060530424118042], [0.8514044880867004, -2.0525927543640137, -2.9244911670684814]]], "base_circuit_tokens": [["h", [1], []], ["h", [1], []], ["h", [1], []], ["x", [0], []], ["cx", [1, 0], []], ["x", [0], []], ["x", [1], []], ["cx", [1, 0], []], ["h", [0], []], ["x", [0], []], ["x", [0], []], ["h", [0], []], ["cx", [1, 0], []], ["x", [1], []], ["x", [0], []], ["cx", [1, 0], []], ["x", [0], []], ["h", [1], []], ["h", [1], []], ["h", [1], []]], "pqc_circuit_tokens": [["h", [1], []], ["h", [1], []], ["h", [1], []], ["x", [0], []], ["cx", [1, 0], []], ["rz", [0], [0.4085516929626465]], ["rx", [0], [-1.7524394989013672]], ["rz", [0], [2.93695068359375]], ["rz", [1], [1.9314991235733032]], ["rx", [1], [2.5812575817108154]], ["rz", [1], [1.6864365339279175]], ["rz", [2], [-2.6618192195892334]], ["rx", [2], [0.35522300004959106]], ["rz", [2], [-2.70802903175354]], ["x", [0], []], ["x", [1], []], ["cx", [1, 0], []], ["h", [0], []], ["x", [0], []], ["rz", [0], [3.547745704650879]], ["rx", [0], [-2.0737078189849854]], ["rz", [0], [-1.4512842893600464]], ["rz", [1], [-2.9685890674591064]], ["rx", [1], [-2.172830820083618]], ["rz", [1], [1.9343527555465698]], ["rz", [2], [-0.9985070824623108]], ["rx", [2], [1.387351155281067]], ["rz", [2], [0.42706298828125]], ["x", [0], []], ["h", [0], []], ["cx", [1, 0], []], ["x", [1], []], ["x", [0], []], ["rz", [0], [2.093684673309326]], ["rx", [0], [-2.969606637954712]], ["rz", [0], [-0.41132935881614685]], ["rz", [1], [0.31954431533813477]], ["rx", [1], [2.296595573425293]], ["rz", [1], [2.1324663162231445]], ["rz", [2], [0.9400008916854858]], ["rx", [2], [3.0942394733428955]], ["rz", [2], [-2.383733034133911]], ["cx", [1, 0], []], ["x", [0], []], ["h", [1], []], ["h", [1], []], ["h", [1], []], ["rz", [0], [2.163642406463623]], ["rx", [0], [-0.7543494701385498]], ["rz", [0], [1.5526939630508423]], ["rz", [1], [0.9307527542114258]], ["rx", [1], [-0.8811888694763184]], ["rz", [1], [1.060530424118042]], ["rz", [2], [0.8514044880867004]], ["rx", [2], [-2.0525927543640137]], ["rz", [2], [-2.9244911670684814]]], "base_circuit_qasm": "OPENQASM 2.0;\ninclude \"qelib1.inc\";\nqreg q[3];\nh q[1];\nh q[1];\nh q[1];\nx q[0];\ncx q[1],q[0];\nx q[0];\nx q[1];\ncx q[1],q[0];\nh q[0];\nx q[0];\nx q[0];\nh q[0];\ncx q[1],q[0];\nx q[1];\nx q[0];\ncx q[1],q[0];\nx q[0];\nh q[1];\nh q[1];\nh q[1];", "pqc_circuit_qasm": "OPENQASM 2.0;\ninclude \"qelib1.inc\";\nqreg q[3];\nh q[1];\nh q[1];\nh q[1];\nx q[0];\ncx q[1],q[0];\nrz(0.4085516929626465) q[0];\nrx(-1.7524394989013672) q[0];\nrz(2.93695068359375) q[0];\nrz(1.9314991235733032) q[1];\nrx(2.5812575817108154) q[1];\nrz(1.6864365339279175) q[1];\nrz(-2.6618192195892334) q[2];\nrx(0.35522300004959106) q[2];\nrz(-2.70802903175354) q[2];\nx q[0];\nx q[1];\ncx q[1],q[0];\nh q[0];\nx q[0];\nrz(3.547745704650879) q[0];\nrx(-2.0737078189849854) q[0];\nrz(-1.4512842893600464) q[0];\nrz(-2.9685890674591064) q[1];\nrx(-2.172830820083618) q[1];\nrz(1.9343527555465698) q[1];\nrz(-0.9985070824623108) q[2];\nrx(1.387351155281067) q[2];\nrz(0.42706298828125) q[2];\nx q[0];\nh q[0];\ncx q[1],q[0];\nx q[1];\nx q[0];\nrz(2.093684673309326) q[0];\nrx(-2.969606637954712) q[0];\nrz(-0.41132935881614685) q[0];\nrz(0.31954431533813477) q[1];\nrx(2.296595573425293) q[1];\nrz(2.1324663162231445) q[1];\nrz(0.9400008916854858) q[2];\nrx(3.0942394733428955) q[2];\nrz(-2.383733034133911) q[2];\ncx q[1],q[0];\nx q[0];\nh q[1];\nh q[1];\nh q[1];\nrz(2.163642406463623) q[0];\nrx(-0.7543494701385498) q[0];\nrz(1.5526939630508423) q[0];\nrz(0.9307527542114258) q[1];\nrx(-0.8811888694763184) q[1];\nrz(1.060530424118042) q[1];\nrz(0.8514044880867004) q[2];\nrx(-2.0525927543640137) q[2];\nrz(-2.9244911670684814) q[2];"}