{"seed": 2895, "fidelity": 0.9996282458305359, "pqc_params": [[[0.9286160469055176, -1.330767035484314, 0.9840347766876221], [0.12774527072906494, -2.4610302448272705, -0.19260655343532562], [0.47850725054740906, 2.304055690765381, 3.62483286857605]], [[-0.29529547691345215, 2.226351022720337, 2.9676527976989746], [2.93003249168396, 3.2498650550842285, -1.041357398033142], [2.346134901046753, -2.498194456100464, -1.4338804483413696]], [[0.04288047179579735, 1.0034407377243042, -2.1065235137939453], [-1.3180358409881592, 2.454392194747925, 1.1052887439727783], [0.4192558825016022, -2.9582083225250244, 1.346057653427124]], [[0.3846600353717804, 0.0014369223499670625, 2.6511735916137695], [1.2478853464126587, -3.4735710620880127, 0.562371551990509], [2.601485252380371, -2.9150607585906982, -1.9820517301559448]]], "base_circuit_tokens": [["x", [2], []], ["cx", [2, 0], []], ["x", [1], []], ["h", [0], []], ["x", [0], []], ["h", [0], []], ["x", [1], []], ["cx", [1, 0], []], ["h", [0], []], ["h", [0], []], ["h", [0], []], ["h", [0], []], ["cx", [1, 0], []], ["x", [1], []], ["h", [0], []], ["x", [0], []], ["h", [0], []], ["x", [1], []], ["cx", [2, 0], []], ["x", [2], []]], "pqc_circuit_tokens": [["x", [2], []], ["cx", [2, 0], []], ["x", [1], []], ["h", [0], []], ["x", [0], []], ["rz", [0], [0.9286160469055176]], ["rx", [0], [-1.330767035484314]], ["rz", [0], [0.9840347766876221]], ["rz", [1], [0.12774527072906494]], ["rx", [1], [-2.4610302448272705]], ["rz", [1], [-0.19260655343532562]], ["rz", [2], [0.47850725054740906]], ["rx", [2], [2.304055690765381]], ["rz", [2], [3.62483286857605]], ["h", [0], []], ["x", [1], []], ["cx", [1, 0], []], ["h", [0], []], ["h", [0], []], ["rz", [0], [-0.29529547691345215]], ["rx", [0], [2.226351022720337]], ["rz", [0], [2.9676527976989746]], ["rz", [1], [2.93003249168396]], ["rx", [1], [3.2498650550842285]], ["rz", [1], [-1.041357398033142]], ["rz", [2], [2.346134901046753]], ["rx", [2], [-2.498194456100464]], ["rz", [2], [-1.4338804483413696]], ["h", [0], []], ["h", [0], []], ["cx", [1, 0], []], ["x", [1], []], ["h", [0], []], ["rz", [0], [0.04288047179579735]], ["rx", [0], [1.0034407377243042]], ["rz", [0], [-2.1065235137939453]], ["rz", [1], [-1.3180358409881592]], ["rx", [1], [2.454392194747925]], ["rz", [1], [1.1052887439727783]], ["rz", [2], [0.4192558825016022]], ["rx", [2], [-2.9582083225250244]], ["rz", [2], [1.346057653427124]], ["x", [0], []], ["h", [0], []], ["x", [1], []], ["cx", [2, 0], []], ["x", [2], []], ["rz", [0], [0.3846600353717804]], ["rx", [0], [0.0014369223499670625]], ["rz", [0], [2.6511735916137695]], ["rz", [1], [1.2478853464126587]], ["rx", [1], [-3.4735710620880127]], ["rz", [1], [0.562371551990509]], ["rz", [2], [2.601485252380371]], ["rx", [2], [-2.9150607585906982]], ["rz", [2], [-1.9820517301559448]]], "base_circuit_qasm": "OPENQASM 2.0;\ninclude \"qelib1.inc\";\nqreg q[3];\nx q[2];\ncx q[2],q[0];\nx q[1];\nh q[0];\nx q[0];\nh q[0];\nx q[1];\ncx q[1],q[0];\nh q[0];\nh q[0];\nh q[0];\nh q[0];\ncx q[1],q[0];\nx q[1];\nh q[0];\nx q[0];\nh q[0];\nx q[1];\ncx q[2],q[0];\nx q[2];", "pqc_circuit_qasm": "OPENQASM 2.0;\ninclude \"qelib1.inc\";\nqreg q[3];\nx q[2];\ncx q[2],q[0];\nx q[1];\nh q[0];\nx q[0];\nrz(0.9286160469055176) q[0];\nrx(-1.330767035484314) q[0];\nrz(0.9840347766876221) q[0];\nrz(0.12774527072906494) q[1];\nrx(-2.4610302448272705) q[1];\nrz(-0.19260655343532562) q[1];\nrz(0.47850725054740906) q[2];\nrx(2.304055690765381) q[2];\nrz(3.62483286857605) q[2];\nh q[0];\nx q[1];\ncx q[1],q[0];\nh q[0];\nh q[0];\nrz(-0.29529547691345215) q[0];\nrx(2.226351022720337) q[0];\nrz(2.9676527976989746) q[0];\nrz(2.93003249168396) q[1];\nrx(3.2498650550842285) q[1];\nrz(-1.041357398033142) q[1];\nrz(2.346134901046753) q[2];\nrx(-2.498194456100464) q[2];\nrz(-1.4338804483413696) q[2];\nh q[0];\nh q[0];\ncx q[1],q[0];\nx q[1];\nh q[0];\nrz(0.04288047179579735) q[0];\nrx(1.0034407377243042) q[0];\nrz(-2.1065235137939453) q[0];\nrz(-1.3180358409881592) q[1];\nrx(2.454392194747925) q[1];\nrz(1.1052887439727783) q[1];\nrz(0.4192558825016022) q[2];\nrx(-2.9582083225250244) q[2];\nrz(1.346057653427124) q[2];\nx q[0];\nh q[0];\nx q[1];\ncx q[2],q[0];\nx q[2];\nrz(0.3846600353717804) q[0];\nrx(0.0014369223499670625) q[0];\nrz(2.6511735916137695) q[0];\nrz(1.2478853464126587) q[1];\nrx(-3.4735710620880127) q[1];\nrz(0.562371551990509) q[1];\nrz(2.601485252380371) q[2];\nrx(-2.9150607585906982) q[2];\nrz(-1.9820517301559448) q[2];"}