{"seed": 2917, "fidelity": 0.999135434627533, "pqc_params": [[[2.6217198371887207, 0.14170125126838684, -0.1574496626853943], [1.3577531576156616, -1.6847153902053833, -0.6152271032333374], [-2.0023252964019775, -1.6158841848373413, 3.3319242000579834]], [[3.4631612300872803, 0.5161215662956238, -0.5125014185905457], [-0.5749444365501404, 2.646829128265381, -0.8801842331886292], [1.056289792060852, -1.1047486066818237, 1.0628223419189453]], [[2.859837532043457, -3.081468343734741, -0.9521000981330872], [0.701964795589447, -1.752500295639038, -1.3664582967758179], [-1.075535535812378, -1.9803097248077393, -2.283153772354126]], [[-1.0687335729599, -0.0034438720904290676, -2.184863328933716], [3.1220669746398926, 3.2576518058776855, -2.5519824028015137], [-0.25885945558547974, 3.0417518615722656, 1.885798692703247]]], "base_circuit_tokens": [["cx", [1, 0], []], ["cx", [2, 0], []], ["h", [0], []], ["x", [1], []], ["cx", [0, 1], []], ["h", [1], []], ["x", [2], []], ["h", [2], []], ["h", [2], []], ["cx", [0, 1], []], ["cx", [0, 1], []], ["h", [2], []], ["h", [2], []], ["x", [2], []], ["h", [1], []], ["cx", [0, 1], []], ["x", [1], []], ["h", [0], []], ["cx", [2, 0], []], ["cx", [1, 0], []]], "pqc_circuit_tokens": [["cx", [1, 0], []], ["cx", [2, 0], []], ["h", [0], []], ["x", [1], []], ["cx", [0, 1], []], ["rz", [0], [2.6217198371887207]], ["rx", [0], [0.14170125126838684]], ["rz", [0], [-0.1574496626853943]], ["rz", [1], [1.3577531576156616]], ["rx", [1], [-1.6847153902053833]], ["rz", [1], [-0.6152271032333374]], ["rz", [2], [-2.0023252964019775]], ["rx", [2], [-1.6158841848373413]], ["rz", [2], [3.3319242000579834]], ["h", [1], []], ["x", [2], []], ["h", [2], []], ["h", [2], []], ["cx", [0, 1], []], ["rz", [0], [3.4631612300872803]], ["rx", [0], [0.5161215662956238]], ["rz", [0], [-0.5125014185905457]], ["rz", [1], [-0.5749444365501404]], ["rx", [1], [2.646829128265381]], ["rz", [1], [-0.8801842331886292]], ["rz", [2], [1.056289792060852]], ["rx", [2], [-1.1047486066818237]], ["rz", [2], [1.0628223419189453]], ["cx", [0, 1], []], ["h", [2], []], ["h", [2], []], ["x", [2], []], ["h", [1], []], ["rz", [0], [2.859837532043457]], ["rx", [0], [-3.081468343734741]], ["rz", [0], [-0.9521000981330872]], ["rz", [1], [0.701964795589447]], ["rx", [1], [-1.752500295639038]], ["rz", [1], [-1.3664582967758179]], ["rz", [2], [-1.075535535812378]], ["rx", [2], [-1.9803097248077393]], ["rz", [2], [-2.283153772354126]], ["cx", [0, 1], []], ["x", [1], []], ["h", [0], []], ["cx", [2, 0], []], ["cx", [1, 0], []], ["rz", [0], [-1.0687335729599]], ["rx", [0], [-0.0034438720904290676]], ["rz", [0], [-2.184863328933716]], ["rz", [1], [3.1220669746398926]], ["rx", [1], [3.2576518058776855]], ["rz", [1], [-2.5519824028015137]], ["rz", [2], [-0.25885945558547974]], ["rx", [2], [3.0417518615722656]], ["rz", [2], [1.885798692703247]]], "base_circuit_qasm": "OPENQASM 2.0;\ninclude \"qelib1.inc\";\nqreg q[3];\ncx q[1],q[0];\ncx q[2],q[0];\nh q[0];\nx q[1];\ncx q[0],q[1];\nh q[1];\nx q[2];\nh q[2];\nh q[2];\ncx q[0],q[1];\ncx q[0],q[1];\nh q[2];\nh q[2];\nx q[2];\nh q[1];\ncx q[0],q[1];\nx q[1];\nh q[0];\ncx q[2],q[0];\ncx q[1],q[0];", "pqc_circuit_qasm": "OPENQASM 2.0;\ninclude \"qelib1.inc\";\nqreg q[3];\ncx q[1],q[0];\ncx q[2],q[0];\nh q[0];\nx q[1];\ncx q[0],q[1];\nrz(2.6217198371887207) q[0];\nrx(0.14170125126838684) q[0];\nrz(-0.1574496626853943) q[0];\nrz(1.3577531576156616) q[1];\nrx(-1.6847153902053833) q[1];\nrz(-0.6152271032333374) q[1];\nrz(-2.0023252964019775) q[2];\nrx(-1.6158841848373413) q[2];\nrz(3.3319242000579834) q[2];\nh q[1];\nx q[2];\nh q[2];\nh q[2];\ncx q[0],q[1];\nrz(3.4631612300872803) q[0];\nrx(0.5161215662956238) q[0];\nrz(-0.5125014185905457) q[0];\nrz(-0.5749444365501404) q[1];\nrx(2.646829128265381) q[1];\nrz(-0.8801842331886292) q[1];\nrz(1.056289792060852) q[2];\nrx(-1.1047486066818237) q[2];\nrz(1.0628223419189453) q[2];\ncx q[0],q[1];\nh q[2];\nh q[2];\nx q[2];\nh q[1];\nrz(2.859837532043457) q[0];\nrx(-3.081468343734741) q[0];\nrz(-0.9521000981330872) q[0];\nrz(0.701964795589447) q[1];\nrx(-1.752500295639038) q[1];\nrz(-1.3664582967758179) q[1];\nrz(-1.075535535812378) q[2];\nrx(-1.9803097248077393) q[2];\nrz(-2.283153772354126) q[2];\ncx q[0],q[1];\nx q[1];\nh q[0];\ncx q[2],q[0];\ncx q[1],q[0];\nrz(-1.0687335729599) q[0];\nrx(-0.0034438720904290676) q[0];\nrz(-2.184863328933716) q[0];\nrz(3.1220669746398926) q[1];\nrx(3.2576518058776855) q[1];\nrz(-2.5519824028015137) q[1];\nrz(-0.25885945558547974) q[2];\nrx(3.0417518615722656) q[2];\nrz(1.885798692703247) q[2];"}