{"seed": 2948, "fidelity": 0.9999011158943176, "pqc_params": [[[-1.328843593597412, 0.721389889717102, -2.2612457275390625], [-0.9405519366264343, 1.3857355117797852, -1.0722845792770386], [-3.37962007522583, 2.381685733795166, -3.2856812477111816]], [[1.5416109561920166, 3.351985216140747, -0.537239670753479], [-0.27099668979644775, 1.4795204401016235, 0.09602335095405579], [-1.5796507596969604, 3.683576822280884, -0.6320392489433289]], [[2.1178290843963623, -2.21553897857666, -2.572421073913574], [2.393455982208252, 1.8188929557800293, 2.276740789413452], [-2.1750400066375732, 1.8206331729888916, 0.0704846903681755]], [[-1.0565969944000244, 0.3552652597427368, 1.5260549783706665], [2.4119112491607666, -1.6261837482452393, -2.319821357727051], [-1.479303240776062, -0.1519898623228073, 1.0884134769439697]]], "base_circuit_tokens": [["h", [2], []], ["cx", [2, 1], []], ["h", [2], []], ["h", [0], []], ["h", [1], []], ["x", [2], []], ["h", [1], []], ["cx", [2, 1], []], ["h", [2], []], ["x", [2], []], ["x", [2], []], ["h", [2], []], ["cx", [2, 1], []], ["h", [1], []], ["x", [2], []], ["h", [1], []], ["h", [0], []], ["h", [2], []], ["cx", [2, 1], []], ["h", [2], []]], "pqc_circuit_tokens": [["h", [2], []], ["cx", [2, 1], []], ["h", [2], []], ["h", [0], []], ["h", [1], []], ["rz", [0], [-1.328843593597412]], ["rx", [0], [0.721389889717102]], ["rz", [0], [-2.2612457275390625]], ["rz", [1], [-0.9405519366264343]], ["rx", [1], [1.3857355117797852]], ["rz", [1], [-1.0722845792770386]], ["rz", [2], [-3.37962007522583]], ["rx", [2], [2.381685733795166]], ["rz", [2], [-3.2856812477111816]], ["x", [2], []], ["h", [1], []], ["cx", [2, 1], []], ["h", [2], []], ["x", [2], []], ["rz", [0], [1.5416109561920166]], ["rx", [0], [3.351985216140747]], ["rz", [0], [-0.537239670753479]], ["rz", [1], [-0.27099668979644775]], ["rx", [1], [1.4795204401016235]], ["rz", [1], [0.09602335095405579]], ["rz", [2], [-1.5796507596969604]], ["rx", [2], [3.683576822280884]], ["rz", [2], [-0.6320392489433289]], ["x", [2], []], ["h", [2], []], ["cx", [2, 1], []], ["h", [1], []], ["x", [2], []], ["rz", [0], [2.1178290843963623]], ["rx", [0], [-2.21553897857666]], ["rz", [0], [-2.572421073913574]], ["rz", [1], [2.393455982208252]], ["rx", [1], [1.8188929557800293]], ["rz", [1], [2.276740789413452]], ["rz", [2], [-2.1750400066375732]], ["rx", [2], [1.8206331729888916]], ["rz", [2], [0.0704846903681755]], ["h", [1], []], ["h", [0], []], ["h", [2], []], ["cx", [2, 1], []], ["h", [2], []], ["rz", [0], [-1.0565969944000244]], ["rx", [0], [0.3552652597427368]], ["rz", [0], [1.5260549783706665]], ["rz", [1], [2.4119112491607666]], ["rx", [1], [-1.6261837482452393]], ["rz", [1], [-2.319821357727051]], ["rz", [2], [-1.479303240776062]], ["rx", [2], [-0.1519898623228073]], ["rz", [2], [1.0884134769439697]]], "base_circuit_qasm": "OPENQASM 2.0;\ninclude \"qelib1.inc\";\nqreg q[3];\nh q[2];\ncx q[2],q[1];\nh q[2];\nh q[0];\nh q[1];\nx q[2];\nh q[1];\ncx q[2],q[1];\nh q[2];\nx q[2];\nx q[2];\nh q[2];\ncx q[2],q[1];\nh q[1];\nx q[2];\nh q[1];\nh q[0];\nh q[2];\ncx q[2],q[1];\nh q[2];", "pqc_circuit_qasm": "OPENQASM 2.0;\ninclude \"qelib1.inc\";\nqreg q[3];\nh q[2];\ncx q[2],q[1];\nh q[2];\nh q[0];\nh q[1];\nrz(-1.328843593597412) q[0];\nrx(0.721389889717102) q[0];\nrz(-2.2612457275390625) q[0];\nrz(-0.9405519366264343) q[1];\nrx(1.3857355117797852) q[1];\nrz(-1.0722845792770386) q[1];\nrz(-3.37962007522583) q[2];\nrx(2.381685733795166) q[2];\nrz(-3.2856812477111816) q[2];\nx q[2];\nh q[1];\ncx q[2],q[1];\nh q[2];\nx q[2];\nrz(1.5416109561920166) q[0];\nrx(3.351985216140747) q[0];\nrz(-0.537239670753479) q[0];\nrz(-0.27099668979644775) q[1];\nrx(1.4795204401016235) q[1];\nrz(0.09602335095405579) q[1];\nrz(-1.5796507596969604) q[2];\nrx(3.683576822280884) q[2];\nrz(-0.6320392489433289) q[2];\nx q[2];\nh q[2];\ncx q[2],q[1];\nh q[1];\nx q[2];\nrz(2.1178290843963623) q[0];\nrx(-2.21553897857666) q[0];\nrz(-2.572421073913574) q[0];\nrz(2.393455982208252) q[1];\nrx(1.8188929557800293) q[1];\nrz(2.276740789413452) q[1];\nrz(-2.1750400066375732) q[2];\nrx(1.8206331729888916) q[2];\nrz(0.0704846903681755) q[2];\nh q[1];\nh q[0];\nh q[2];\ncx q[2],q[1];\nh q[2];\nrz(-1.0565969944000244) q[0];\nrx(0.3552652597427368) q[0];\nrz(1.5260549783706665) q[0];\nrz(2.4119112491607666) q[1];\nrx(-1.6261837482452393) q[1];\nrz(-2.319821357727051) q[1];\nrz(-1.479303240776062) q[2];\nrx(-0.1519898623228073) q[2];\nrz(1.0884134769439697) q[2];"}