{"seed": 295, "fidelity": 0.9508858919143677, "pqc_params": [[[-0.6813005208969116, 0.3056008815765381, -1.6125041246414185], [2.845568895339966, -1.2695976495742798, 1.6998597383499146], [-1.2766304016113281, -2.4687392711639404, 0.47612786293029785]], [[0.4115316569805145, -0.3448098599910736, 1.9681063890457153], [-1.4702353477478027, -1.6028001308441162, 1.5311936140060425], [0.48640528321266174, -1.8184839487075806, -0.05415197089314461]], [[0.9907644987106323, -1.890980839729309, -0.11762574315071106], [2.6292076110839844, -2.660071611404419, 2.5846571922302246], [-2.6733992099761963, -0.7700022459030151, 1.6084887981414795]], [[1.798392653465271, -2.912822961807251, 2.715542793273926], [-0.2024773806333542, -1.9036825895309448, 3.0247724056243896], [-1.9651647806167603, 3.128715753555298, -1.8798272609710693]]], "base_circuit_tokens": [["cx", [0, 2], []], ["h", [0], []], ["x", [2], []], ["h", [1], []], ["cx", [1, 2], []], ["x", [2], []], ["h", [0], []], ["cx", [0, 1], []], ["h", [1], []], ["cx", [0, 1], []], ["cx", [0, 1], []], ["h", [1], []], ["cx", [0, 1], []], ["h", [0], []], ["x", [2], []], ["cx", [1, 2], []], ["h", [1], []], ["x", [2], []], ["h", [0], []], ["cx", [0, 2], []]], "pqc_circuit_tokens": [["cx", [0, 2], []], ["h", [0], []], ["x", [2], []], ["h", [1], []], ["cx", [1, 2], []], ["rz", [0], [-0.6813005208969116]], ["rx", [0], [0.3056008815765381]], ["rz", [0], [-1.6125041246414185]], ["rz", [1], [2.845568895339966]], ["rx", [1], [-1.2695976495742798]], ["rz", [1], [1.6998597383499146]], ["rz", [2], [-1.2766304016113281]], ["rx", [2], [-2.4687392711639404]], ["rz", [2], [0.47612786293029785]], ["x", [2], []], ["h", [0], []], ["cx", [0, 1], []], ["h", [1], []], ["cx", [0, 1], []], ["rz", [0], [0.4115316569805145]], ["rx", [0], [-0.3448098599910736]], ["rz", [0], [1.9681063890457153]], ["rz", [1], [-1.4702353477478027]], ["rx", [1], [-1.6028001308441162]], ["rz", [1], [1.5311936140060425]], ["rz", [2], [0.48640528321266174]], ["rx", [2], [-1.8184839487075806]], ["rz", [2], [-0.05415197089314461]], ["cx", [0, 1], []], ["h", [1], []], ["cx", [0, 1], []], ["h", [0], []], ["x", [2], []], ["rz", [0], [0.9907644987106323]], ["rx", [0], [-1.890980839729309]], ["rz", [0], [-0.11762574315071106]], ["rz", [1], [2.6292076110839844]], ["rx", [1], [-2.660071611404419]], ["rz", [1], [2.5846571922302246]], ["rz", [2], [-2.6733992099761963]], ["rx", [2], [-0.7700022459030151]], ["rz", [2], [1.6084887981414795]], ["cx", [1, 2], []], ["h", [1], []], ["x", [2], []], ["h", [0], []], ["cx", [0, 2], []], ["rz", [0], [1.798392653465271]], ["rx", [0], [-2.912822961807251]], ["rz", [0], [2.715542793273926]], ["rz", [1], [-0.2024773806333542]], ["rx", [1], [-1.9036825895309448]], ["rz", [1], [3.0247724056243896]], ["rz", [2], [-1.9651647806167603]], ["rx", [2], [3.128715753555298]], ["rz", [2], [-1.8798272609710693]]], "base_circuit_qasm": "OPENQASM 2.0;\ninclude \"qelib1.inc\";\nqreg q[3];\ncx q[0],q[2];\nh q[0];\nx q[2];\nh q[1];\ncx q[1],q[2];\nx q[2];\nh q[0];\ncx q[0],q[1];\nh q[1];\ncx q[0],q[1];\ncx q[0],q[1];\nh q[1];\ncx q[0],q[1];\nh q[0];\nx q[2];\ncx q[1],q[2];\nh q[1];\nx q[2];\nh q[0];\ncx q[0],q[2];", "pqc_circuit_qasm": "OPENQASM 2.0;\ninclude \"qelib1.inc\";\nqreg q[3];\ncx q[0],q[2];\nh q[0];\nx q[2];\nh q[1];\ncx q[1],q[2];\nrz(-0.6813005208969116) q[0];\nrx(0.3056008815765381) q[0];\nrz(-1.6125041246414185) q[0];\nrz(2.845568895339966) q[1];\nrx(-1.2695976495742798) q[1];\nrz(1.6998597383499146) q[1];\nrz(-1.2766304016113281) q[2];\nrx(-2.4687392711639404) q[2];\nrz(0.47612786293029785) q[2];\nx q[2];\nh q[0];\ncx q[0],q[1];\nh q[1];\ncx q[0],q[1];\nrz(0.4115316569805145) q[0];\nrx(-0.3448098599910736) q[0];\nrz(1.9681063890457153) q[0];\nrz(-1.4702353477478027) q[1];\nrx(-1.6028001308441162) q[1];\nrz(1.5311936140060425) q[1];\nrz(0.48640528321266174) q[2];\nrx(-1.8184839487075806) q[2];\nrz(-0.05415197089314461) q[2];\ncx q[0],q[1];\nh q[1];\ncx q[0],q[1];\nh q[0];\nx q[2];\nrz(0.9907644987106323) q[0];\nrx(-1.890980839729309) q[0];\nrz(-0.11762574315071106) q[0];\nrz(2.6292076110839844) q[1];\nrx(-2.660071611404419) q[1];\nrz(2.5846571922302246) q[1];\nrz(-2.6733992099761963) q[2];\nrx(-0.7700022459030151) q[2];\nrz(1.6084887981414795) q[2];\ncx q[1],q[2];\nh q[1];\nx q[2];\nh q[0];\ncx q[0],q[2];\nrz(1.798392653465271) q[0];\nrx(-2.912822961807251) q[0];\nrz(2.715542793273926) q[0];\nrz(-0.2024773806333542) q[1];\nrx(-1.9036825895309448) q[1];\nrz(3.0247724056243896) q[1];\nrz(-1.9651647806167603) q[2];\nrx(3.128715753555298) q[2];\nrz(-1.8798272609710693) q[2];"}