{"seed": 2959, "fidelity": 0.9947616457939148, "pqc_params": [[[2.679931640625, -0.0266893170773983, -1.1626249551773071], [-1.3730435371398926, -1.594555139541626, -2.922579288482666], [0.8545371890068054, -1.6873447895050049, -1.1020357608795166]], [[3.224998712539673, 0.1303389072418213, -0.2945549786090851], [-2.614701271057129, -3.0574848651885986, -0.7383736968040466], [-0.10523799061775208, -1.9361240863800049, -3.1406657695770264]], [[-2.712174654006958, -2.935059070587158, -1.3693008422851562], [-1.2824547290802002, -3.8496460914611816, -1.6452577114105225], [-3.8871545791625977, 1.14625084400177, -1.0647143125534058]], [[1.151549220085144, -3.1609413623809814, 1.2516818046569824], [-0.13452719151973724, -0.19843891263008118, -1.5956369638442993], [-3.24820613861084, 1.9268171787261963, -3.141589879989624]]], "base_circuit_tokens": [["x", [1], []], ["h", [1], []], ["h", [0], []], ["h", [1], []], ["cx", [0, 2], []], ["cx", [0, 1], []], ["cx", [0, 1], []], ["h", [0], []], ["h", [1], []], ["cx", [1, 2], []], ["cx", [1, 2], []], ["h", [1], []], ["h", [0], []], ["cx", [0, 1], []], ["cx", [0, 1], []], ["cx", [0, 2], []], ["h", [1], []], ["h", [0], []], ["h", [1], []], ["x", [1], []]], "pqc_circuit_tokens": [["x", [1], []], ["h", [1], []], ["h", [0], []], ["h", [1], []], ["cx", [0, 2], []], ["rz", [0], [2.679931640625]], ["rx", [0], [-0.0266893170773983]], ["rz", [0], [-1.1626249551773071]], ["rz", [1], [-1.3730435371398926]], ["rx", [1], [-1.594555139541626]], ["rz", [1], [-2.922579288482666]], ["rz", [2], [0.8545371890068054]], ["rx", [2], [-1.6873447895050049]], ["rz", [2], [-1.1020357608795166]], ["cx", [0, 1], []], ["cx", [0, 1], []], ["h", [0], []], ["h", [1], []], ["cx", [1, 2], []], ["rz", [0], [3.224998712539673]], ["rx", [0], [0.1303389072418213]], ["rz", [0], [-0.2945549786090851]], ["rz", [1], [-2.614701271057129]], ["rx", [1], [-3.0574848651885986]], ["rz", [1], [-0.7383736968040466]], ["rz", [2], [-0.10523799061775208]], ["rx", [2], [-1.9361240863800049]], ["rz", [2], [-3.1406657695770264]], ["cx", [1, 2], []], ["h", [1], []], ["h", [0], []], ["cx", [0, 1], []], ["cx", [0, 1], []], ["rz", [0], [-2.712174654006958]], ["rx", [0], [-2.935059070587158]], ["rz", [0], [-1.3693008422851562]], ["rz", [1], [-1.2824547290802002]], ["rx", [1], [-3.8496460914611816]], ["rz", [1], [-1.6452577114105225]], ["rz", [2], [-3.8871545791625977]], ["rx", [2], [1.14625084400177]], ["rz", [2], [-1.0647143125534058]], ["cx", [0, 2], []], ["h", [1], []], ["h", [0], []], ["h", [1], []], ["x", [1], []], ["rz", [0], [1.151549220085144]], ["rx", [0], [-3.1609413623809814]], ["rz", [0], [1.2516818046569824]], ["rz", [1], [-0.13452719151973724]], ["rx", [1], [-0.19843891263008118]], ["rz", [1], [-1.5956369638442993]], ["rz", [2], [-3.24820613861084]], ["rx", [2], [1.9268171787261963]], ["rz", [2], [-3.141589879989624]]], "base_circuit_qasm": "OPENQASM 2.0;\ninclude \"qelib1.inc\";\nqreg q[3];\nx q[1];\nh q[1];\nh q[0];\nh q[1];\ncx q[0],q[2];\ncx q[0],q[1];\ncx q[0],q[1];\nh q[0];\nh q[1];\ncx q[1],q[2];\ncx q[1],q[2];\nh q[1];\nh q[0];\ncx q[0],q[1];\ncx q[0],q[1];\ncx q[0],q[2];\nh q[1];\nh q[0];\nh q[1];\nx q[1];", "pqc_circuit_qasm": "OPENQASM 2.0;\ninclude \"qelib1.inc\";\nqreg q[3];\nx q[1];\nh q[1];\nh q[0];\nh q[1];\ncx q[0],q[2];\nrz(2.679931640625) q[0];\nrx(-0.0266893170773983) q[0];\nrz(-1.1626249551773071) q[0];\nrz(-1.3730435371398926) q[1];\nrx(-1.594555139541626) q[1];\nrz(-2.922579288482666) q[1];\nrz(0.8545371890068054) q[2];\nrx(-1.6873447895050049) q[2];\nrz(-1.1020357608795166) q[2];\ncx q[0],q[1];\ncx q[0],q[1];\nh q[0];\nh q[1];\ncx q[1],q[2];\nrz(3.224998712539673) q[0];\nrx(0.1303389072418213) q[0];\nrz(-0.2945549786090851) q[0];\nrz(-2.614701271057129) q[1];\nrx(-3.0574848651885986) q[1];\nrz(-0.7383736968040466) q[1];\nrz(-0.10523799061775208) q[2];\nrx(-1.9361240863800049) q[2];\nrz(-3.1406657695770264) q[2];\ncx q[1],q[2];\nh q[1];\nh q[0];\ncx q[0],q[1];\ncx q[0],q[1];\nrz(-2.712174654006958) q[0];\nrx(-2.935059070587158) q[0];\nrz(-1.3693008422851562) q[0];\nrz(-1.2824547290802002) q[1];\nrx(-3.8496460914611816) q[1];\nrz(-1.6452577114105225) q[1];\nrz(-3.8871545791625977) q[2];\nrx(1.14625084400177) q[2];\nrz(-1.0647143125534058) q[2];\ncx q[0],q[2];\nh q[1];\nh q[0];\nh q[1];\nx q[1];\nrz(1.151549220085144) q[0];\nrx(-3.1609413623809814) q[0];\nrz(1.2516818046569824) q[0];\nrz(-0.13452719151973724) q[1];\nrx(-0.19843891263008118) q[1];\nrz(-1.5956369638442993) q[1];\nrz(-3.24820613861084) q[2];\nrx(1.9268171787261963) q[2];\nrz(-3.141589879989624) q[2];"}