{"seed": 2973, "fidelity": 0.9568082690238953, "pqc_params": [[[2.196665048599243, 1.8056303262710571, 3.231745958328247], [2.694634199142456, -1.1965320110321045, 3.124173402786255], [-0.43168166279792786, -2.190471649169922, -3.747549295425415]], [[0.8017396330833435, -0.23143957555294037, 0.20293039083480835], [-1.5613731145858765, 0.16008669137954712, 3.211407423019409], [-3.216477632522583, -2.3738629817962646, -0.9021863341331482]], [[1.2662502527236938, 2.5290589332580566, -2.4718360900878906], [-1.113813877105713, -1.0904886722564697, 0.4959701597690582], [-2.802736282348633, -1.4474924802780151, -0.9165071845054626]], [[0.16446034610271454, -0.7169582843780518, 3.0598950386047363], [2.783818006515503, -2.2021539211273193, 0.7071731090545654], [-0.43264085054397583, 2.265890121459961, 0.8280154466629028]]], "base_circuit_tokens": [["cx", [1, 2], []], ["x", [2], []], ["cx", [1, 2], []], ["x", [0], []], ["cx", [2, 0], []], ["x", [1], []], ["cx", [1, 0], []], ["h", [0], []], ["h", [1], []], ["h", [1], []], ["h", [1], []], ["h", [1], []], ["h", [0], []], ["cx", [1, 0], []], ["x", [1], []], ["cx", [2, 0], []], ["x", [0], []], ["cx", [1, 2], []], ["x", [2], []], ["cx", [1, 2], []]], "pqc_circuit_tokens": [["cx", [1, 2], []], ["x", [2], []], ["cx", [1, 2], []], ["x", [0], []], ["cx", [2, 0], []], ["rz", [0], [2.196665048599243]], ["rx", [0], [1.8056303262710571]], ["rz", [0], [3.231745958328247]], ["rz", [1], [2.694634199142456]], ["rx", [1], [-1.1965320110321045]], ["rz", [1], [3.124173402786255]], ["rz", [2], [-0.43168166279792786]], ["rx", [2], [-2.190471649169922]], ["rz", [2], [-3.747549295425415]], ["x", [1], []], ["cx", [1, 0], []], ["h", [0], []], ["h", [1], []], ["h", [1], []], ["rz", [0], [0.8017396330833435]], ["rx", [0], [-0.23143957555294037]], ["rz", [0], [0.20293039083480835]], ["rz", [1], [-1.5613731145858765]], ["rx", [1], [0.16008669137954712]], ["rz", [1], [3.211407423019409]], ["rz", [2], [-3.216477632522583]], ["rx", [2], [-2.3738629817962646]], ["rz", [2], [-0.9021863341331482]], ["h", [1], []], ["h", [1], []], ["h", [0], []], ["cx", [1, 0], []], ["x", [1], []], ["rz", [0], [1.2662502527236938]], ["rx", [0], [2.5290589332580566]], ["rz", [0], [-2.4718360900878906]], ["rz", [1], [-1.113813877105713]], ["rx", [1], [-1.0904886722564697]], ["rz", [1], [0.4959701597690582]], ["rz", [2], [-2.802736282348633]], ["rx", [2], [-1.4474924802780151]], ["rz", [2], [-0.9165071845054626]], ["cx", [2, 0], []], ["x", [0], []], ["cx", [1, 2], []], ["x", [2], []], ["cx", [1, 2], []], ["rz", [0], [0.16446034610271454]], ["rx", [0], [-0.7169582843780518]], ["rz", [0], [3.0598950386047363]], ["rz", [1], [2.783818006515503]], ["rx", [1], [-2.2021539211273193]], ["rz", [1], [0.7071731090545654]], ["rz", [2], [-0.43264085054397583]], ["rx", [2], [2.265890121459961]], ["rz", [2], [0.8280154466629028]]], "base_circuit_qasm": "OPENQASM 2.0;\ninclude \"qelib1.inc\";\nqreg q[3];\ncx q[1],q[2];\nx q[2];\ncx q[1],q[2];\nx q[0];\ncx q[2],q[0];\nx q[1];\ncx q[1],q[0];\nh q[0];\nh q[1];\nh q[1];\nh q[1];\nh q[1];\nh q[0];\ncx q[1],q[0];\nx q[1];\ncx q[2],q[0];\nx q[0];\ncx q[1],q[2];\nx q[2];\ncx q[1],q[2];", "pqc_circuit_qasm": "OPENQASM 2.0;\ninclude \"qelib1.inc\";\nqreg q[3];\ncx q[1],q[2];\nx q[2];\ncx q[1],q[2];\nx q[0];\ncx q[2],q[0];\nrz(2.196665048599243) q[0];\nrx(1.8056303262710571) q[0];\nrz(3.231745958328247) q[0];\nrz(2.694634199142456) q[1];\nrx(-1.1965320110321045) q[1];\nrz(3.124173402786255) q[1];\nrz(-0.43168166279792786) q[2];\nrx(-2.190471649169922) q[2];\nrz(-3.747549295425415) q[2];\nx q[1];\ncx q[1],q[0];\nh q[0];\nh q[1];\nh q[1];\nrz(0.8017396330833435) q[0];\nrx(-0.23143957555294037) q[0];\nrz(0.20293039083480835) q[0];\nrz(-1.5613731145858765) q[1];\nrx(0.16008669137954712) q[1];\nrz(3.211407423019409) q[1];\nrz(-3.216477632522583) q[2];\nrx(-2.3738629817962646) q[2];\nrz(-0.9021863341331482) q[2];\nh q[1];\nh q[1];\nh q[0];\ncx q[1],q[0];\nx q[1];\nrz(1.2662502527236938) q[0];\nrx(2.5290589332580566) q[0];\nrz(-2.4718360900878906) q[0];\nrz(-1.113813877105713) q[1];\nrx(-1.0904886722564697) q[1];\nrz(0.4959701597690582) q[1];\nrz(-2.802736282348633) q[2];\nrx(-1.4474924802780151) q[2];\nrz(-0.9165071845054626) q[2];\ncx q[2],q[0];\nx q[0];\ncx q[1],q[2];\nx q[2];\ncx q[1],q[2];\nrz(0.16446034610271454) q[0];\nrx(-0.7169582843780518) q[0];\nrz(3.0598950386047363) q[0];\nrz(2.783818006515503) q[1];\nrx(-2.2021539211273193) q[1];\nrz(0.7071731090545654) q[1];\nrz(-0.43264085054397583) q[2];\nrx(2.265890121459961) q[2];\nrz(0.8280154466629028) q[2];"}