{"seed": 2974, "fidelity": 0.9844111800193787, "pqc_params": [[[-1.2112562656402588, -0.6010109186172485, -0.4388784170150757], [-1.0660344362258911, -0.7093076705932617, -2.609149694442749], [3.514522075653076, -0.34858235716819763, -2.0549259185791016]], [[0.5398522615432739, -0.1975250244140625, -0.21687746047973633], [-3.262216329574585, -0.7732583284378052, 3.177910327911377], [0.34336385130882263, 0.3402267098426819, -1.9077661037445068]], [[2.014512300491333, -0.346769243478775, -0.30086588859558105], [1.4920110702514648, 0.9595833420753479, 0.6330324411392212], [1.6060446500778198, -1.1702286005020142, -1.4811055660247803]], [[-0.5144715309143066, 0.29035162925720215, 0.4329659938812256], [0.3408588469028473, 1.099772334098816, -0.7907931208610535], [-1.4025272130966187, -2.9730567932128906, -3.220665693283081]]], "base_circuit_tokens": [["h", [2], []], ["cx", [1, 2], []], ["cx", [1, 0], []], ["cx", [1, 0], []], ["cx", [1, 2], []], ["x", [0], []], ["h", [0], []], ["h", [2], []], ["cx", [0, 1], []], ["x", [0], []], ["x", [0], []], ["cx", [0, 1], []], ["h", [2], []], ["h", [0], []], ["x", [0], []], ["cx", [1, 2], []], ["cx", [1, 0], []], ["cx", [1, 0], []], ["cx", [1, 2], []], ["h", [2], []]], "pqc_circuit_tokens": [["h", [2], []], ["cx", [1, 2], []], ["cx", [1, 0], []], ["cx", [1, 0], []], ["cx", [1, 2], []], ["rz", [0], [-1.2112562656402588]], ["rx", [0], [-0.6010109186172485]], ["rz", [0], [-0.4388784170150757]], ["rz", [1], [-1.0660344362258911]], ["rx", [1], [-0.7093076705932617]], ["rz", [1], [-2.609149694442749]], ["rz", [2], [3.514522075653076]], ["rx", [2], [-0.34858235716819763]], ["rz", [2], [-2.0549259185791016]], ["x", [0], []], ["h", [0], []], ["h", [2], []], ["cx", [0, 1], []], ["x", [0], []], ["rz", [0], [0.5398522615432739]], ["rx", [0], [-0.1975250244140625]], ["rz", [0], [-0.21687746047973633]], ["rz", [1], [-3.262216329574585]], ["rx", [1], [-0.7732583284378052]], ["rz", [1], [3.177910327911377]], ["rz", [2], [0.34336385130882263]], ["rx", [2], [0.3402267098426819]], ["rz", [2], [-1.9077661037445068]], ["x", [0], []], ["cx", [0, 1], []], ["h", [2], []], ["h", [0], []], ["x", [0], []], ["rz", [0], [2.014512300491333]], ["rx", [0], [-0.346769243478775]], ["rz", [0], [-0.30086588859558105]], ["rz", [1], [1.4920110702514648]], ["rx", [1], [0.9595833420753479]], ["rz", [1], [0.6330324411392212]], ["rz", [2], [1.6060446500778198]], ["rx", [2], [-1.1702286005020142]], ["rz", [2], [-1.4811055660247803]], ["cx", [1, 2], []], ["cx", [1, 0], []], ["cx", [1, 0], []], ["cx", [1, 2], []], ["h", [2], []], ["rz", [0], [-0.5144715309143066]], ["rx", [0], [0.29035162925720215]], ["rz", [0], [0.4329659938812256]], ["rz", [1], [0.3408588469028473]], ["rx", [1], [1.099772334098816]], ["rz", [1], [-0.7907931208610535]], ["rz", [2], [-1.4025272130966187]], ["rx", [2], [-2.9730567932128906]], ["rz", [2], [-3.220665693283081]]], "base_circuit_qasm": "OPENQASM 2.0;\ninclude \"qelib1.inc\";\nqreg q[3];\nh q[2];\ncx q[1],q[2];\ncx q[1],q[0];\ncx q[1],q[0];\ncx q[1],q[2];\nx q[0];\nh q[0];\nh q[2];\ncx q[0],q[1];\nx q[0];\nx q[0];\ncx q[0],q[1];\nh q[2];\nh q[0];\nx q[0];\ncx q[1],q[2];\ncx q[1],q[0];\ncx q[1],q[0];\ncx q[1],q[2];\nh q[2];", "pqc_circuit_qasm": "OPENQASM 2.0;\ninclude \"qelib1.inc\";\nqreg q[3];\nh q[2];\ncx q[1],q[2];\ncx q[1],q[0];\ncx q[1],q[0];\ncx q[1],q[2];\nrz(-1.2112562656402588) q[0];\nrx(-0.6010109186172485) q[0];\nrz(-0.4388784170150757) q[0];\nrz(-1.0660344362258911) q[1];\nrx(-0.7093076705932617) q[1];\nrz(-2.609149694442749) q[1];\nrz(3.514522075653076) q[2];\nrx(-0.34858235716819763) q[2];\nrz(-2.0549259185791016) q[2];\nx q[0];\nh q[0];\nh q[2];\ncx q[0],q[1];\nx q[0];\nrz(0.5398522615432739) q[0];\nrx(-0.1975250244140625) q[0];\nrz(-0.21687746047973633) q[0];\nrz(-3.262216329574585) q[1];\nrx(-0.7732583284378052) q[1];\nrz(3.177910327911377) q[1];\nrz(0.34336385130882263) q[2];\nrx(0.3402267098426819) q[2];\nrz(-1.9077661037445068) q[2];\nx q[0];\ncx q[0],q[1];\nh q[2];\nh q[0];\nx q[0];\nrz(2.014512300491333) q[0];\nrx(-0.346769243478775) q[0];\nrz(-0.30086588859558105) q[0];\nrz(1.4920110702514648) q[1];\nrx(0.9595833420753479) q[1];\nrz(0.6330324411392212) q[1];\nrz(1.6060446500778198) q[2];\nrx(-1.1702286005020142) q[2];\nrz(-1.4811055660247803) q[2];\ncx q[1],q[2];\ncx q[1],q[0];\ncx q[1],q[0];\ncx q[1],q[2];\nh q[2];\nrz(-0.5144715309143066) q[0];\nrx(0.29035162925720215) q[0];\nrz(0.4329659938812256) q[0];\nrz(0.3408588469028473) q[1];\nrx(1.099772334098816) q[1];\nrz(-0.7907931208610535) q[1];\nrz(-1.4025272130966187) q[2];\nrx(-2.9730567932128906) q[2];\nrz(-3.220665693283081) q[2];"}