{"seed": 2977, "fidelity": 0.9996952414512634, "pqc_params": [[[0.3397688567638397, 0.5561116337776184, 0.308688759803772], [-2.8778889179229736, -1.1700812578201294, -0.1358281522989273], [1.3549166917800903, 2.4571497440338135, 2.400214195251465]], [[-0.3544587790966034, -0.10640124976634979, 1.2305666208267212], [-0.07280056923627853, -0.5233588814735413, 0.04275008291006088], [-1.7018191814422607, 0.7768879532814026, -2.4653382301330566]], [[-0.12932129204273224, 2.5991599559783936, -1.9161007404327393], [-0.804104745388031, 1.974839687347412, -2.022235155105591], [1.7777457237243652, 0.7940537929534912, 1.5142902135849]], [[2.2219297885894775, 1.8459831476211548, -0.6115387678146362], [-2.8823304176330566, 1.8495252132415771, 1.9580007791519165], [0.7520501017570496, 0.06068272143602371, -2.886577844619751]]], "base_circuit_tokens": [["h", [2], []], ["x", [2], []], ["h", [2], []], ["x", [1], []], ["h", [1], []], ["h", [2], []], ["h", [0], []], ["cx", [0, 1], []], ["h", [1], []], ["x", [1], []], ["x", [1], []], ["h", [1], []], ["cx", [0, 1], []], ["h", [0], []], ["h", [2], []], ["h", [1], []], ["x", [1], []], ["h", [2], []], ["x", [2], []], ["h", [2], []]], "pqc_circuit_tokens": [["h", [2], []], ["x", [2], []], ["h", [2], []], ["x", [1], []], ["h", [1], []], ["rz", [0], [0.3397688567638397]], ["rx", [0], [0.5561116337776184]], ["rz", [0], [0.308688759803772]], ["rz", [1], [-2.8778889179229736]], ["rx", [1], [-1.1700812578201294]], ["rz", [1], [-0.1358281522989273]], ["rz", [2], [1.3549166917800903]], ["rx", [2], [2.4571497440338135]], ["rz", [2], [2.400214195251465]], ["h", [2], []], ["h", [0], []], ["cx", [0, 1], []], ["h", [1], []], ["x", [1], []], ["rz", [0], [-0.3544587790966034]], ["rx", [0], [-0.10640124976634979]], ["rz", [0], [1.2305666208267212]], ["rz", [1], [-0.07280056923627853]], ["rx", [1], [-0.5233588814735413]], ["rz", [1], [0.04275008291006088]], ["rz", [2], [-1.7018191814422607]], ["rx", [2], [0.7768879532814026]], ["rz", [2], [-2.4653382301330566]], ["x", [1], []], ["h", [1], []], ["cx", [0, 1], []], ["h", [0], []], ["h", [2], []], ["rz", [0], [-0.12932129204273224]], ["rx", [0], [2.5991599559783936]], ["rz", [0], [-1.9161007404327393]], ["rz", [1], [-0.804104745388031]], ["rx", [1], [1.974839687347412]], ["rz", [1], [-2.022235155105591]], ["rz", [2], [1.7777457237243652]], ["rx", [2], [0.7940537929534912]], ["rz", [2], [1.5142902135849]], ["h", [1], []], ["x", [1], []], ["h", [2], []], ["x", [2], []], ["h", [2], []], ["rz", [0], [2.2219297885894775]], ["rx", [0], [1.8459831476211548]], ["rz", [0], [-0.6115387678146362]], ["rz", [1], [-2.8823304176330566]], ["rx", [1], [1.8495252132415771]], ["rz", [1], [1.9580007791519165]], ["rz", [2], [0.7520501017570496]], ["rx", [2], [0.06068272143602371]], ["rz", [2], [-2.886577844619751]]], "base_circuit_qasm": "OPENQASM 2.0;\ninclude \"qelib1.inc\";\nqreg q[3];\nh q[2];\nx q[2];\nh q[2];\nx q[1];\nh q[1];\nh q[2];\nh q[0];\ncx q[0],q[1];\nh q[1];\nx q[1];\nx q[1];\nh q[1];\ncx q[0],q[1];\nh q[0];\nh q[2];\nh q[1];\nx q[1];\nh q[2];\nx q[2];\nh q[2];", "pqc_circuit_qasm": "OPENQASM 2.0;\ninclude \"qelib1.inc\";\nqreg q[3];\nh q[2];\nx q[2];\nh q[2];\nx q[1];\nh q[1];\nrz(0.3397688567638397) q[0];\nrx(0.5561116337776184) q[0];\nrz(0.308688759803772) q[0];\nrz(-2.8778889179229736) q[1];\nrx(-1.1700812578201294) q[1];\nrz(-0.1358281522989273) q[1];\nrz(1.3549166917800903) q[2];\nrx(2.4571497440338135) q[2];\nrz(2.400214195251465) q[2];\nh q[2];\nh q[0];\ncx q[0],q[1];\nh q[1];\nx q[1];\nrz(-0.3544587790966034) q[0];\nrx(-0.10640124976634979) q[0];\nrz(1.2305666208267212) q[0];\nrz(-0.07280056923627853) q[1];\nrx(-0.5233588814735413) q[1];\nrz(0.04275008291006088) q[1];\nrz(-1.7018191814422607) q[2];\nrx(0.7768879532814026) q[2];\nrz(-2.4653382301330566) q[2];\nx q[1];\nh q[1];\ncx q[0],q[1];\nh q[0];\nh q[2];\nrz(-0.12932129204273224) q[0];\nrx(2.5991599559783936) q[0];\nrz(-1.9161007404327393) q[0];\nrz(-0.804104745388031) q[1];\nrx(1.974839687347412) q[1];\nrz(-2.022235155105591) q[1];\nrz(1.7777457237243652) q[2];\nrx(0.7940537929534912) q[2];\nrz(1.5142902135849) q[2];\nh q[1];\nx q[1];\nh q[2];\nx q[2];\nh q[2];\nrz(2.2219297885894775) q[0];\nrx(1.8459831476211548) q[0];\nrz(-0.6115387678146362) q[0];\nrz(-2.8823304176330566) q[1];\nrx(1.8495252132415771) q[1];\nrz(1.9580007791519165) q[1];\nrz(0.7520501017570496) q[2];\nrx(0.06068272143602371) q[2];\nrz(-2.886577844619751) q[2];"}