{"seed": 3003, "fidelity": 0.9987038969993591, "pqc_params": [[[-1.103540301322937, -0.20182138681411743, 0.47785013914108276], [1.7547911405563354, 1.838219165802002, -1.5727671384811401], [0.6512554883956909, 2.7555181980133057, -0.29283344745635986]], [[0.998378336429596, 0.05381140485405922, 1.5798927545547485], [-0.6487915515899658, -0.09011077880859375, -1.908199667930603], [-1.5110286474227905, 3.165451765060425, 1.7285773754119873]], [[-0.7905572056770325, -2.522634744644165, 2.778111457824707], [3.083179235458374, -2.0232138633728027, 2.172273635864258], [3.106509208679199, 0.32688459753990173, -1.6645323038101196]], [[2.3438055515289307, -3.075470447540283, 2.454070568084717], [0.05969378352165222, 1.9932397603988647, -2.5217432975769043], [-2.061415433883667, -2.9175806045532227, 0.6397386789321899]]], "base_circuit_tokens": [["x", [2], []], ["x", [0], []], ["x", [0], []], ["x", [0], []], ["cx", [2, 0], []], ["cx", [0, 2], []], ["h", [0], []], ["cx", [1, 2], []], ["h", [2], []], ["h", [2], []], ["h", [2], []], ["h", [2], []], ["cx", [1, 2], []], ["h", [0], []], ["cx", [0, 2], []], ["cx", [2, 0], []], ["x", [0], []], ["x", [0], []], ["x", [0], []], ["x", [2], []]], "pqc_circuit_tokens": [["x", [2], []], ["x", [0], []], ["x", [0], []], ["x", [0], []], ["cx", [2, 0], []], ["rz", [0], [-1.103540301322937]], ["rx", [0], [-0.20182138681411743]], ["rz", [0], [0.47785013914108276]], ["rz", [1], [1.7547911405563354]], ["rx", [1], [1.838219165802002]], ["rz", [1], [-1.5727671384811401]], ["rz", [2], [0.6512554883956909]], ["rx", [2], [2.7555181980133057]], ["rz", [2], [-0.29283344745635986]], ["cx", [0, 2], []], ["h", [0], []], ["cx", [1, 2], []], ["h", [2], []], ["h", [2], []], ["rz", [0], [0.998378336429596]], ["rx", [0], [0.05381140485405922]], ["rz", [0], [1.5798927545547485]], ["rz", [1], [-0.6487915515899658]], ["rx", [1], [-0.09011077880859375]], ["rz", [1], [-1.908199667930603]], ["rz", [2], [-1.5110286474227905]], ["rx", [2], [3.165451765060425]], ["rz", [2], [1.7285773754119873]], ["h", [2], []], ["h", [2], []], ["cx", [1, 2], []], ["h", [0], []], ["cx", [0, 2], []], ["rz", [0], [-0.7905572056770325]], ["rx", [0], [-2.522634744644165]], ["rz", [0], [2.778111457824707]], ["rz", [1], [3.083179235458374]], ["rx", [1], [-2.0232138633728027]], ["rz", [1], [2.172273635864258]], ["rz", [2], [3.106509208679199]], ["rx", [2], [0.32688459753990173]], ["rz", [2], [-1.6645323038101196]], ["cx", [2, 0], []], ["x", [0], []], ["x", [0], []], ["x", [0], []], ["x", [2], []], ["rz", [0], [2.3438055515289307]], ["rx", [0], [-3.075470447540283]], ["rz", [0], [2.454070568084717]], ["rz", [1], [0.05969378352165222]], ["rx", [1], [1.9932397603988647]], ["rz", [1], [-2.5217432975769043]], ["rz", [2], [-2.061415433883667]], ["rx", [2], [-2.9175806045532227]], ["rz", [2], [0.6397386789321899]]], "base_circuit_qasm": "OPENQASM 2.0;\ninclude \"qelib1.inc\";\nqreg q[3];\nx q[2];\nx q[0];\nx q[0];\nx q[0];\ncx q[2],q[0];\ncx q[0],q[2];\nh q[0];\ncx q[1],q[2];\nh q[2];\nh q[2];\nh q[2];\nh q[2];\ncx q[1],q[2];\nh q[0];\ncx q[0],q[2];\ncx q[2],q[0];\nx q[0];\nx q[0];\nx q[0];\nx q[2];", "pqc_circuit_qasm": "OPENQASM 2.0;\ninclude \"qelib1.inc\";\nqreg q[3];\nx q[2];\nx q[0];\nx q[0];\nx q[0];\ncx q[2],q[0];\nrz(-1.103540301322937) q[0];\nrx(-0.20182138681411743) q[0];\nrz(0.47785013914108276) q[0];\nrz(1.7547911405563354) q[1];\nrx(1.838219165802002) q[1];\nrz(-1.5727671384811401) q[1];\nrz(0.6512554883956909) q[2];\nrx(2.7555181980133057) q[2];\nrz(-0.29283344745635986) q[2];\ncx q[0],q[2];\nh q[0];\ncx q[1],q[2];\nh q[2];\nh q[2];\nrz(0.998378336429596) q[0];\nrx(0.05381140485405922) q[0];\nrz(1.5798927545547485) q[0];\nrz(-0.6487915515899658) q[1];\nrx(-0.09011077880859375) q[1];\nrz(-1.908199667930603) q[1];\nrz(-1.5110286474227905) q[2];\nrx(3.165451765060425) q[2];\nrz(1.7285773754119873) q[2];\nh q[2];\nh q[2];\ncx q[1],q[2];\nh q[0];\ncx q[0],q[2];\nrz(-0.7905572056770325) q[0];\nrx(-2.522634744644165) q[0];\nrz(2.778111457824707) q[0];\nrz(3.083179235458374) q[1];\nrx(-2.0232138633728027) q[1];\nrz(2.172273635864258) q[1];\nrz(3.106509208679199) q[2];\nrx(0.32688459753990173) q[2];\nrz(-1.6645323038101196) q[2];\ncx q[2],q[0];\nx q[0];\nx q[0];\nx q[0];\nx q[2];\nrz(2.3438055515289307) q[0];\nrx(-3.075470447540283) q[0];\nrz(2.454070568084717) q[0];\nrz(0.05969378352165222) q[1];\nrx(1.9932397603988647) q[1];\nrz(-2.5217432975769043) q[1];\nrz(-2.061415433883667) q[2];\nrx(-2.9175806045532227) q[2];\nrz(0.6397386789321899) q[2];"}