{"seed": 3009, "fidelity": 0.9702659845352173, "pqc_params": [[[-2.1659021377563477, -2.586273431777954, 2.6893932819366455], [-0.07626670598983765, 0.3510258197784424, -3.1699697971343994], [3.381098985671997, 0.2975281774997711, 3.28106689453125]], [[-1.8264330625534058, -0.034737929701805115, -2.7665398120880127], [-0.07594136148691177, -0.4994581341743469, 0.0062529295682907104], [0.8693106770515442, 3.053685188293457, 0.48925259709358215]], [[0.038170184940099716, -1.8231265544891357, -1.6407976150512695], [-0.4885602593421936, -3.099837303161621, -0.3838002383708954], [-2.7902233600616455, -3.261909246444702, 1.4662023782730103]], [[2.414612293243408, -2.7719764709472656, 2.540675163269043], [-0.8512133955955505, -0.03303396701812744, -2.214463949203491], [2.9114990234375, 2.299001932144165, -3.286181926727295]]], "base_circuit_tokens": [["h", [2], []], ["h", [0], []], ["x", [1], []], ["cx", [2, 0], []], ["cx", [0, 1], []], ["cx", [2, 0], []], ["x", [0], []], ["cx", [2, 1], []], ["h", [0], []], ["h", [1], []], ["h", [1], []], ["h", [0], []], ["cx", [2, 1], []], ["x", [0], []], ["cx", [2, 0], []], ["cx", [0, 1], []], ["cx", [2, 0], []], ["x", [1], []], ["h", [0], []], ["h", [2], []]], "pqc_circuit_tokens": [["h", [2], []], ["h", [0], []], ["x", [1], []], ["cx", [2, 0], []], ["cx", [0, 1], []], ["rz", [0], [-2.1659021377563477]], ["rx", [0], [-2.586273431777954]], ["rz", [0], [2.6893932819366455]], ["rz", [1], [-0.07626670598983765]], ["rx", [1], [0.3510258197784424]], ["rz", [1], [-3.1699697971343994]], ["rz", [2], [3.381098985671997]], ["rx", [2], [0.2975281774997711]], ["rz", [2], [3.28106689453125]], ["cx", [2, 0], []], ["x", [0], []], ["cx", [2, 1], []], ["h", [0], []], ["h", [1], []], ["rz", [0], [-1.8264330625534058]], ["rx", [0], [-0.034737929701805115]], ["rz", [0], [-2.7665398120880127]], ["rz", [1], [-0.07594136148691177]], ["rx", [1], [-0.4994581341743469]], ["rz", [1], [0.0062529295682907104]], ["rz", [2], [0.8693106770515442]], ["rx", [2], [3.053685188293457]], ["rz", [2], [0.48925259709358215]], ["h", [1], []], ["h", [0], []], ["cx", [2, 1], []], ["x", [0], []], ["cx", [2, 0], []], ["rz", [0], [0.038170184940099716]], ["rx", [0], [-1.8231265544891357]], ["rz", [0], [-1.6407976150512695]], ["rz", [1], [-0.4885602593421936]], ["rx", [1], [-3.099837303161621]], ["rz", [1], [-0.3838002383708954]], ["rz", [2], [-2.7902233600616455]], ["rx", [2], [-3.261909246444702]], ["rz", [2], [1.4662023782730103]], ["cx", [0, 1], []], ["cx", [2, 0], []], ["x", [1], []], ["h", [0], []], ["h", [2], []], ["rz", [0], [2.414612293243408]], ["rx", [0], [-2.7719764709472656]], ["rz", [0], [2.540675163269043]], ["rz", [1], [-0.8512133955955505]], ["rx", [1], [-0.03303396701812744]], ["rz", [1], [-2.214463949203491]], ["rz", [2], [2.9114990234375]], ["rx", [2], [2.299001932144165]], ["rz", [2], [-3.286181926727295]]], "base_circuit_qasm": "OPENQASM 2.0;\ninclude \"qelib1.inc\";\nqreg q[3];\nh q[2];\nh q[0];\nx q[1];\ncx q[2],q[0];\ncx q[0],q[1];\ncx q[2],q[0];\nx q[0];\ncx q[2],q[1];\nh q[0];\nh q[1];\nh q[1];\nh q[0];\ncx q[2],q[1];\nx q[0];\ncx q[2],q[0];\ncx q[0],q[1];\ncx q[2],q[0];\nx q[1];\nh q[0];\nh q[2];", "pqc_circuit_qasm": "OPENQASM 2.0;\ninclude \"qelib1.inc\";\nqreg q[3];\nh q[2];\nh q[0];\nx q[1];\ncx q[2],q[0];\ncx q[0],q[1];\nrz(-2.1659021377563477) q[0];\nrx(-2.586273431777954) q[0];\nrz(2.6893932819366455) q[0];\nrz(-0.07626670598983765) q[1];\nrx(0.3510258197784424) q[1];\nrz(-3.1699697971343994) q[1];\nrz(3.381098985671997) q[2];\nrx(0.2975281774997711) q[2];\nrz(3.28106689453125) q[2];\ncx q[2],q[0];\nx q[0];\ncx q[2],q[1];\nh q[0];\nh q[1];\nrz(-1.8264330625534058) q[0];\nrx(-0.034737929701805115) q[0];\nrz(-2.7665398120880127) q[0];\nrz(-0.07594136148691177) q[1];\nrx(-0.4994581341743469) q[1];\nrz(0.0062529295682907104) q[1];\nrz(0.8693106770515442) q[2];\nrx(3.053685188293457) q[2];\nrz(0.48925259709358215) q[2];\nh q[1];\nh q[0];\ncx q[2],q[1];\nx q[0];\ncx q[2],q[0];\nrz(0.038170184940099716) q[0];\nrx(-1.8231265544891357) q[0];\nrz(-1.6407976150512695) q[0];\nrz(-0.4885602593421936) q[1];\nrx(-3.099837303161621) q[1];\nrz(-0.3838002383708954) q[1];\nrz(-2.7902233600616455) q[2];\nrx(-3.261909246444702) q[2];\nrz(1.4662023782730103) q[2];\ncx q[0],q[1];\ncx q[2],q[0];\nx q[1];\nh q[0];\nh q[2];\nrz(2.414612293243408) q[0];\nrx(-2.7719764709472656) q[0];\nrz(2.540675163269043) q[0];\nrz(-0.8512133955955505) q[1];\nrx(-0.03303396701812744) q[1];\nrz(-2.214463949203491) q[1];\nrz(2.9114990234375) q[2];\nrx(2.299001932144165) q[2];\nrz(-3.286181926727295) q[2];"}