{"seed": 302, "fidelity": 0.9995433688163757, "pqc_params": [[[0.6625711917877197, -1.7322769165039062, 0.1472017765045166], [0.06034853309392929, -0.9276564121246338, 1.3071539402008057], [-2.0696778297424316, 3.0810964107513428, 0.22438539564609528]], [[1.2660760879516602, 2.3473563194274902, -0.9641950130462646], [0.6249659061431885, 1.2424204349517822, 1.9827970266342163], [-1.682823896408081, -3.621572732925415, -0.9784420132637024]], [[-0.2992556393146515, -2.5980846881866455, 0.6965242028236389], [3.217458486557007, -0.650021493434906, -1.0137865543365479], [0.7044388651847839, -0.4045308828353882, 3.3533172607421875]], [[0.2800697982311249, 1.367134928703308, -0.42876991629600525], [-0.3143148124217987, 1.8469314575195312, 0.4046817421913147], [-0.48664188385009766, -0.8737366199493408, -0.2652122974395752]]], "base_circuit_tokens": [["cx", [2, 0], []], ["x", [2], []], ["x", [2], []], ["h", [2], []], ["h", [0], []], ["h", [2], []], ["h", [0], []], ["x", [2], []], ["cx", [0, 2], []], ["h", [2], []], ["h", [2], []], ["cx", [0, 2], []], ["x", [2], []], ["h", [0], []], ["h", [2], []], ["h", [0], []], ["h", [2], []], ["x", [2], []], ["x", [2], []], ["cx", [2, 0], []]], "pqc_circuit_tokens": [["cx", [2, 0], []], ["x", [2], []], ["x", [2], []], ["h", [2], []], ["h", [0], []], ["rz", [0], [0.6625711917877197]], ["rx", [0], [-1.7322769165039062]], ["rz", [0], [0.1472017765045166]], ["rz", [1], [0.06034853309392929]], ["rx", [1], [-0.9276564121246338]], ["rz", [1], [1.3071539402008057]], ["rz", [2], [-2.0696778297424316]], ["rx", [2], [3.0810964107513428]], ["rz", [2], [0.22438539564609528]], ["h", [2], []], ["h", [0], []], ["x", [2], []], ["cx", [0, 2], []], ["h", [2], []], ["rz", [0], [1.2660760879516602]], ["rx", [0], [2.3473563194274902]], ["rz", [0], [-0.9641950130462646]], ["rz", [1], [0.6249659061431885]], ["rx", [1], [1.2424204349517822]], ["rz", [1], [1.9827970266342163]], ["rz", [2], [-1.682823896408081]], ["rx", [2], [-3.621572732925415]], ["rz", [2], [-0.9784420132637024]], ["h", [2], []], ["cx", [0, 2], []], ["x", [2], []], ["h", [0], []], ["h", [2], []], ["rz", [0], [-0.2992556393146515]], ["rx", [0], [-2.5980846881866455]], ["rz", [0], [0.6965242028236389]], ["rz", [1], [3.217458486557007]], ["rx", [1], [-0.650021493434906]], ["rz", [1], [-1.0137865543365479]], ["rz", [2], [0.7044388651847839]], ["rx", [2], [-0.4045308828353882]], ["rz", [2], [3.3533172607421875]], ["h", [0], []], ["h", [2], []], ["x", [2], []], ["x", [2], []], ["cx", [2, 0], []], ["rz", [0], [0.2800697982311249]], ["rx", [0], [1.367134928703308]], ["rz", [0], [-0.42876991629600525]], ["rz", [1], [-0.3143148124217987]], ["rx", [1], [1.8469314575195312]], ["rz", [1], [0.4046817421913147]], ["rz", [2], [-0.48664188385009766]], ["rx", [2], [-0.8737366199493408]], ["rz", [2], [-0.2652122974395752]]], "base_circuit_qasm": "OPENQASM 2.0;\ninclude \"qelib1.inc\";\nqreg q[3];\ncx q[2],q[0];\nx q[2];\nx q[2];\nh q[2];\nh q[0];\nh q[2];\nh q[0];\nx q[2];\ncx q[0],q[2];\nh q[2];\nh q[2];\ncx q[0],q[2];\nx q[2];\nh q[0];\nh q[2];\nh q[0];\nh q[2];\nx q[2];\nx q[2];\ncx q[2],q[0];", "pqc_circuit_qasm": "OPENQASM 2.0;\ninclude \"qelib1.inc\";\nqreg q[3];\ncx q[2],q[0];\nx q[2];\nx q[2];\nh q[2];\nh q[0];\nrz(0.6625711917877197) q[0];\nrx(-1.7322769165039062) q[0];\nrz(0.1472017765045166) q[0];\nrz(0.06034853309392929) q[1];\nrx(-0.9276564121246338) q[1];\nrz(1.3071539402008057) q[1];\nrz(-2.0696778297424316) q[2];\nrx(3.0810964107513428) q[2];\nrz(0.22438539564609528) q[2];\nh q[2];\nh q[0];\nx q[2];\ncx q[0],q[2];\nh q[2];\nrz(1.2660760879516602) q[0];\nrx(2.3473563194274902) q[0];\nrz(-0.9641950130462646) q[0];\nrz(0.6249659061431885) q[1];\nrx(1.2424204349517822) q[1];\nrz(1.9827970266342163) q[1];\nrz(-1.682823896408081) q[2];\nrx(-3.621572732925415) q[2];\nrz(-0.9784420132637024) q[2];\nh q[2];\ncx q[0],q[2];\nx q[2];\nh q[0];\nh q[2];\nrz(-0.2992556393146515) q[0];\nrx(-2.5980846881866455) q[0];\nrz(0.6965242028236389) q[0];\nrz(3.217458486557007) q[1];\nrx(-0.650021493434906) q[1];\nrz(-1.0137865543365479) q[1];\nrz(0.7044388651847839) q[2];\nrx(-0.4045308828353882) q[2];\nrz(3.3533172607421875) q[2];\nh q[0];\nh q[2];\nx q[2];\nx q[2];\ncx q[2],q[0];\nrz(0.2800697982311249) q[0];\nrx(1.367134928703308) q[0];\nrz(-0.42876991629600525) q[0];\nrz(-0.3143148124217987) q[1];\nrx(1.8469314575195312) q[1];\nrz(0.4046817421913147) q[1];\nrz(-0.48664188385009766) q[2];\nrx(-0.8737366199493408) q[2];\nrz(-0.2652122974395752) q[2];"}