{"seed": 3024, "fidelity": 0.9998518824577332, "pqc_params": [[[-2.679703712463379, 2.2077953815460205, -2.474653482437134], [1.9997732639312744, 1.582779049873352, -2.7692553997039795], [2.886920213699341, 2.9581351280212402, -1.713232159614563]], [[-0.29465141892433167, -0.1513151079416275, 2.233208179473877], [-1.1775767803192139, 2.5280730724334717, 1.4642695188522339], [2.0555331707000732, 0.17607365548610687, 1.4895497560501099]], [[0.3535632789134979, -2.781038761138916, 0.5606002807617188], [-1.3377676010131836, 2.0247395038604736, -1.664127230644226], [-0.06701526790857315, -0.24604153633117676, 1.7720904350280762]], [[1.7482538223266602, 1.7679966688156128, 1.9402300119400024], [1.7188612222671509, 1.7494169473648071, 2.9491217136383057], [-2.4807732105255127, -2.7189369201660156, -2.6210403442382812]]], "base_circuit_tokens": [["h", [0], []], ["h", [1], []], ["h", [1], []], ["h", [0], []], ["h", [1], []], ["h", [0], []], ["h", [0], []], ["x", [0], []], ["x", [1], []], ["x", [2], []], ["x", [2], []], ["x", [1], []], ["x", [0], []], ["h", [0], []], ["h", [0], []], ["h", [1], []], ["h", [0], []], ["h", [1], []], ["h", [1], []], ["h", [0], []]], "pqc_circuit_tokens": [["h", [0], []], ["h", [1], []], ["h", [1], []], ["h", [0], []], ["h", [1], []], ["rz", [0], [-2.679703712463379]], ["rx", [0], [2.2077953815460205]], ["rz", [0], [-2.474653482437134]], ["rz", [1], [1.9997732639312744]], ["rx", [1], [1.582779049873352]], ["rz", [1], [-2.7692553997039795]], ["rz", [2], [2.886920213699341]], ["rx", [2], [2.9581351280212402]], ["rz", [2], [-1.713232159614563]], ["h", [0], []], ["h", [0], []], ["x", [0], []], ["x", [1], []], ["x", [2], []], ["rz", [0], [-0.29465141892433167]], ["rx", [0], [-0.1513151079416275]], ["rz", [0], [2.233208179473877]], ["rz", [1], [-1.1775767803192139]], ["rx", [1], [2.5280730724334717]], ["rz", [1], [1.4642695188522339]], ["rz", [2], [2.0555331707000732]], ["rx", [2], [0.17607365548610687]], ["rz", [2], [1.4895497560501099]], ["x", [2], []], ["x", [1], []], ["x", [0], []], ["h", [0], []], ["h", [0], []], ["rz", [0], [0.3535632789134979]], ["rx", [0], [-2.781038761138916]], ["rz", [0], [0.5606002807617188]], ["rz", [1], [-1.3377676010131836]], ["rx", [1], [2.0247395038604736]], ["rz", [1], [-1.664127230644226]], ["rz", [2], [-0.06701526790857315]], ["rx", [2], [-0.24604153633117676]], ["rz", [2], [1.7720904350280762]], ["h", [1], []], ["h", [0], []], ["h", [1], []], ["h", [1], []], ["h", [0], []], ["rz", [0], [1.7482538223266602]], ["rx", [0], [1.7679966688156128]], ["rz", [0], [1.9402300119400024]], ["rz", [1], [1.7188612222671509]], ["rx", [1], [1.7494169473648071]], ["rz", [1], [2.9491217136383057]], ["rz", [2], [-2.4807732105255127]], ["rx", [2], [-2.7189369201660156]], ["rz", [2], [-2.6210403442382812]]], "base_circuit_qasm": "OPENQASM 2.0;\ninclude \"qelib1.inc\";\nqreg q[3];\nh q[0];\nh q[1];\nh q[1];\nh q[0];\nh q[1];\nh q[0];\nh q[0];\nx q[0];\nx q[1];\nx q[2];\nx q[2];\nx q[1];\nx q[0];\nh q[0];\nh q[0];\nh q[1];\nh q[0];\nh q[1];\nh q[1];\nh q[0];", "pqc_circuit_qasm": "OPENQASM 2.0;\ninclude \"qelib1.inc\";\nqreg q[3];\nh q[0];\nh q[1];\nh q[1];\nh q[0];\nh q[1];\nrz(-2.679703712463379) q[0];\nrx(2.2077953815460205) q[0];\nrz(-2.474653482437134) q[0];\nrz(1.9997732639312744) q[1];\nrx(1.582779049873352) q[1];\nrz(-2.7692553997039795) q[1];\nrz(2.886920213699341) q[2];\nrx(2.9581351280212402) q[2];\nrz(-1.713232159614563) q[2];\nh q[0];\nh q[0];\nx q[0];\nx q[1];\nx q[2];\nrz(-0.29465141892433167) q[0];\nrx(-0.1513151079416275) q[0];\nrz(2.233208179473877) q[0];\nrz(-1.1775767803192139) q[1];\nrx(2.5280730724334717) q[1];\nrz(1.4642695188522339) q[1];\nrz(2.0555331707000732) q[2];\nrx(0.17607365548610687) q[2];\nrz(1.4895497560501099) q[2];\nx q[2];\nx q[1];\nx q[0];\nh q[0];\nh q[0];\nrz(0.3535632789134979) q[0];\nrx(-2.781038761138916) q[0];\nrz(0.5606002807617188) q[0];\nrz(-1.3377676010131836) q[1];\nrx(2.0247395038604736) q[1];\nrz(-1.664127230644226) q[1];\nrz(-0.06701526790857315) q[2];\nrx(-0.24604153633117676) q[2];\nrz(1.7720904350280762) q[2];\nh q[1];\nh q[0];\nh q[1];\nh q[1];\nh q[0];\nrz(1.7482538223266602) q[0];\nrx(1.7679966688156128) q[0];\nrz(1.9402300119400024) q[0];\nrz(1.7188612222671509) q[1];\nrx(1.7494169473648071) q[1];\nrz(2.9491217136383057) q[1];\nrz(-2.4807732105255127) q[2];\nrx(-2.7189369201660156) q[2];\nrz(-2.6210403442382812) q[2];"}