{"seed": 3034, "fidelity": 0.955902099609375, "pqc_params": [[[0.5278940200805664, 1.4312816858291626, 0.23851872980594635], [-1.0540871620178223, -1.8457111120224, -0.9620847105979919], [1.0232170820236206, 2.3665547370910645, -0.967867910861969]], [[-0.6901474595069885, -0.9716470241546631, 0.21628667414188385], [-1.7646830081939697, -3.0419626235961914, 2.6860458850860596], [1.7091364860534668, -0.027411609888076782, 0.10782991349697113]], [[-2.3372325897216797, 1.0480207204818726, -0.9798038005828857], [0.8871368169784546, 1.920841932296753, 2.2267024517059326], [0.23587553203105927, -2.3193953037261963, -0.9093456864356995]], [[-1.165459394454956, 3.085325241088867, 1.2844712734222412], [-1.5222713947296143, -0.0067932032980024815, -1.7238048315048218], [1.0543442964553833, 2.5116100311279297, -1.461654543876648]]], "base_circuit_tokens": [["x", [2], []], ["cx", [0, 1], []], ["x", [2], []], ["h", [2], []], ["h", [0], []], ["cx", [0, 2], []], ["h", [0], []], ["x", [2], []], ["x", [2], []], ["h", [2], []], ["h", [2], []], ["x", [2], []], ["x", [2], []], ["h", [0], []], ["cx", [0, 2], []], ["h", [0], []], ["h", [2], []], ["x", [2], []], ["cx", [0, 1], []], ["x", [2], []]], "pqc_circuit_tokens": [["x", [2], []], ["cx", [0, 1], []], ["x", [2], []], ["h", [2], []], ["h", [0], []], ["rz", [0], [0.5278940200805664]], ["rx", [0], [1.4312816858291626]], ["rz", [0], [0.23851872980594635]], ["rz", [1], [-1.0540871620178223]], ["rx", [1], [-1.8457111120224]], ["rz", [1], [-0.9620847105979919]], ["rz", [2], [1.0232170820236206]], ["rx", [2], [2.3665547370910645]], ["rz", [2], [-0.967867910861969]], ["cx", [0, 2], []], ["h", [0], []], ["x", [2], []], ["x", [2], []], ["h", [2], []], ["rz", [0], [-0.6901474595069885]], ["rx", [0], [-0.9716470241546631]], ["rz", [0], [0.21628667414188385]], ["rz", [1], [-1.7646830081939697]], ["rx", [1], [-3.0419626235961914]], ["rz", [1], [2.6860458850860596]], ["rz", [2], [1.7091364860534668]], ["rx", [2], [-0.027411609888076782]], ["rz", [2], [0.10782991349697113]], ["h", [2], []], ["x", [2], []], ["x", [2], []], ["h", [0], []], ["cx", [0, 2], []], ["rz", [0], [-2.3372325897216797]], ["rx", [0], [1.0480207204818726]], ["rz", [0], [-0.9798038005828857]], ["rz", [1], [0.8871368169784546]], ["rx", [1], [1.920841932296753]], ["rz", [1], [2.2267024517059326]], ["rz", [2], [0.23587553203105927]], ["rx", [2], [-2.3193953037261963]], ["rz", [2], [-0.9093456864356995]], ["h", [0], []], ["h", [2], []], ["x", [2], []], ["cx", [0, 1], []], ["x", [2], []], ["rz", [0], [-1.165459394454956]], ["rx", [0], [3.085325241088867]], ["rz", [0], [1.2844712734222412]], ["rz", [1], [-1.5222713947296143]], ["rx", [1], [-0.0067932032980024815]], ["rz", [1], [-1.7238048315048218]], ["rz", [2], [1.0543442964553833]], ["rx", [2], [2.5116100311279297]], ["rz", [2], [-1.461654543876648]]], "base_circuit_qasm": "OPENQASM 2.0;\ninclude \"qelib1.inc\";\nqreg q[3];\nx q[2];\ncx q[0],q[1];\nx q[2];\nh q[2];\nh q[0];\ncx q[0],q[2];\nh q[0];\nx q[2];\nx q[2];\nh q[2];\nh q[2];\nx q[2];\nx q[2];\nh q[0];\ncx q[0],q[2];\nh q[0];\nh q[2];\nx q[2];\ncx q[0],q[1];\nx q[2];", "pqc_circuit_qasm": "OPENQASM 2.0;\ninclude \"qelib1.inc\";\nqreg q[3];\nx q[2];\ncx q[0],q[1];\nx q[2];\nh q[2];\nh q[0];\nrz(0.5278940200805664) q[0];\nrx(1.4312816858291626) q[0];\nrz(0.23851872980594635) q[0];\nrz(-1.0540871620178223) q[1];\nrx(-1.8457111120224) q[1];\nrz(-0.9620847105979919) q[1];\nrz(1.0232170820236206) q[2];\nrx(2.3665547370910645) q[2];\nrz(-0.967867910861969) q[2];\ncx q[0],q[2];\nh q[0];\nx q[2];\nx q[2];\nh q[2];\nrz(-0.6901474595069885) q[0];\nrx(-0.9716470241546631) q[0];\nrz(0.21628667414188385) q[0];\nrz(-1.7646830081939697) q[1];\nrx(-3.0419626235961914) q[1];\nrz(2.6860458850860596) q[1];\nrz(1.7091364860534668) q[2];\nrx(-0.027411609888076782) q[2];\nrz(0.10782991349697113) q[2];\nh q[2];\nx q[2];\nx q[2];\nh q[0];\ncx q[0],q[2];\nrz(-2.3372325897216797) q[0];\nrx(1.0480207204818726) q[0];\nrz(-0.9798038005828857) q[0];\nrz(0.8871368169784546) q[1];\nrx(1.920841932296753) q[1];\nrz(2.2267024517059326) q[1];\nrz(0.23587553203105927) q[2];\nrx(-2.3193953037261963) q[2];\nrz(-0.9093456864356995) q[2];\nh q[0];\nh q[2];\nx q[2];\ncx q[0],q[1];\nx q[2];\nrz(-1.165459394454956) q[0];\nrx(3.085325241088867) q[0];\nrz(1.2844712734222412) q[0];\nrz(-1.5222713947296143) q[1];\nrx(-0.0067932032980024815) q[1];\nrz(-1.7238048315048218) q[1];\nrz(1.0543442964553833) q[2];\nrx(2.5116100311279297) q[2];\nrz(-1.461654543876648) q[2];"}