{"seed": 3055, "fidelity": 0.9887086749076843, "pqc_params": [[[-0.2047124058008194, -1.9273300170898438, -0.13246271014213562], [1.9917587041854858, 2.9260470867156982, -2.7364251613616943], [-3.2435529232025146, 1.1366041898727417, -0.9480956792831421]], [[-2.613621473312378, 0.3342980146408081, -2.3654258251190186], [1.4440585374832153, 3.0299980640411377, -0.18426436185836792], [2.2718052864074707, 0.07574743777513504, 2.5507190227508545]], [[-3.321902275085449, 0.7289053797721863, -3.2800774574279785], [-0.4451965391635895, 0.4789191782474518, -2.0117948055267334], [1.1188738346099854, 3.0492703914642334, -1.095357060432434]], [[-3.0705721378326416, 0.10871328413486481, -1.504591941833496], [1.9102466106414795, -0.18628832697868347, -2.8480193614959717], [-1.3169070482254028, 2.181943416595459, -2.8935744762420654]]], "base_circuit_tokens": [["x", [2], []], ["cx", [0, 2], []], ["h", [0], []], ["h", [1], []], ["h", [1], []], ["h", [0], []], ["h", [1], []], ["cx", [0, 1], []], ["cx", [2, 0], []], ["h", [1], []], ["h", [1], []], ["cx", [2, 0], []], ["cx", [0, 1], []], ["h", [1], []], ["h", [0], []], ["h", [1], []], ["h", [1], []], ["h", [0], []], ["cx", [0, 2], []], ["x", [2], []]], "pqc_circuit_tokens": [["x", [2], []], ["cx", [0, 2], []], ["h", [0], []], ["h", [1], []], ["h", [1], []], ["rz", [0], [-0.2047124058008194]], ["rx", [0], [-1.9273300170898438]], ["rz", [0], [-0.13246271014213562]], ["rz", [1], [1.9917587041854858]], ["rx", [1], [2.9260470867156982]], ["rz", [1], [-2.7364251613616943]], ["rz", [2], [-3.2435529232025146]], ["rx", [2], [1.1366041898727417]], ["rz", [2], [-0.9480956792831421]], ["h", [0], []], ["h", [1], []], ["cx", [0, 1], []], ["cx", [2, 0], []], ["h", [1], []], ["rz", [0], [-2.613621473312378]], ["rx", [0], [0.3342980146408081]], ["rz", [0], [-2.3654258251190186]], ["rz", [1], [1.4440585374832153]], ["rx", [1], [3.0299980640411377]], ["rz", [1], [-0.18426436185836792]], ["rz", [2], [2.2718052864074707]], ["rx", [2], [0.07574743777513504]], ["rz", [2], [2.5507190227508545]], ["h", [1], []], ["cx", [2, 0], []], ["cx", [0, 1], []], ["h", [1], []], ["h", [0], []], ["rz", [0], [-3.321902275085449]], ["rx", [0], [0.7289053797721863]], ["rz", [0], [-3.2800774574279785]], ["rz", [1], [-0.4451965391635895]], ["rx", [1], [0.4789191782474518]], ["rz", [1], [-2.0117948055267334]], ["rz", [2], [1.1188738346099854]], ["rx", [2], [3.0492703914642334]], ["rz", [2], [-1.095357060432434]], ["h", [1], []], ["h", [1], []], ["h", [0], []], ["cx", [0, 2], []], ["x", [2], []], ["rz", [0], [-3.0705721378326416]], ["rx", [0], [0.10871328413486481]], ["rz", [0], [-1.504591941833496]], ["rz", [1], [1.9102466106414795]], ["rx", [1], [-0.18628832697868347]], ["rz", [1], [-2.8480193614959717]], ["rz", [2], [-1.3169070482254028]], ["rx", [2], [2.181943416595459]], ["rz", [2], [-2.8935744762420654]]], "base_circuit_qasm": "OPENQASM 2.0;\ninclude \"qelib1.inc\";\nqreg q[3];\nx q[2];\ncx q[0],q[2];\nh q[0];\nh q[1];\nh q[1];\nh q[0];\nh q[1];\ncx q[0],q[1];\ncx q[2],q[0];\nh q[1];\nh q[1];\ncx q[2],q[0];\ncx q[0],q[1];\nh q[1];\nh q[0];\nh q[1];\nh q[1];\nh q[0];\ncx q[0],q[2];\nx q[2];", "pqc_circuit_qasm": "OPENQASM 2.0;\ninclude \"qelib1.inc\";\nqreg q[3];\nx q[2];\ncx q[0],q[2];\nh q[0];\nh q[1];\nh q[1];\nrz(-0.2047124058008194) q[0];\nrx(-1.9273300170898438) q[0];\nrz(-0.13246271014213562) q[0];\nrz(1.9917587041854858) q[1];\nrx(2.9260470867156982) q[1];\nrz(-2.7364251613616943) q[1];\nrz(-3.2435529232025146) q[2];\nrx(1.1366041898727417) q[2];\nrz(-0.9480956792831421) q[2];\nh q[0];\nh q[1];\ncx q[0],q[1];\ncx q[2],q[0];\nh q[1];\nrz(-2.613621473312378) q[0];\nrx(0.3342980146408081) q[0];\nrz(-2.3654258251190186) q[0];\nrz(1.4440585374832153) q[1];\nrx(3.0299980640411377) q[1];\nrz(-0.18426436185836792) q[1];\nrz(2.2718052864074707) q[2];\nrx(0.07574743777513504) q[2];\nrz(2.5507190227508545) q[2];\nh q[1];\ncx q[2],q[0];\ncx q[0],q[1];\nh q[1];\nh q[0];\nrz(-3.321902275085449) q[0];\nrx(0.7289053797721863) q[0];\nrz(-3.2800774574279785) q[0];\nrz(-0.4451965391635895) q[1];\nrx(0.4789191782474518) q[1];\nrz(-2.0117948055267334) q[1];\nrz(1.1188738346099854) q[2];\nrx(3.0492703914642334) q[2];\nrz(-1.095357060432434) q[2];\nh q[1];\nh q[1];\nh q[0];\ncx q[0],q[2];\nx q[2];\nrz(-3.0705721378326416) q[0];\nrx(0.10871328413486481) q[0];\nrz(-1.504591941833496) q[0];\nrz(1.9102466106414795) q[1];\nrx(-0.18628832697868347) q[1];\nrz(-2.8480193614959717) q[1];\nrz(-1.3169070482254028) q[2];\nrx(2.181943416595459) q[2];\nrz(-2.8935744762420654) q[2];"}