{"seed": 3065, "fidelity": 0.9714031219482422, "pqc_params": [[[-2.887896776199341, -3.465977668762207, 3.6443300247192383], [-1.349036693572998, -0.9034720063209534, -0.6472582817077637], [0.4354633688926697, 0.727816641330719, 2.84743070602417]], [[0.10554651916027069, 2.4918832778930664, 0.21601776778697968], [-1.7264628410339355, 3.152137279510498, -1.6309282779693604], [-0.49862152338027954, -0.08840163797140121, 0.1143345758318901]], [[-0.9526343941688538, -2.77687931060791, -0.5822865962982178], [3.072506904602051, -1.1845515966415405, 0.6318418979644775], [-0.037095002830028534, -2.2367141246795654, 1.734473705291748]], [[0.7480956315994263, -0.07914159446954727, -1.1290637254714966], [-0.8968961834907532, -2.017420768737793, -0.9960820078849792], [-0.09614711254835129, 1.8160585165023804, -3.1351521015167236]]], "base_circuit_tokens": [["x", [1], []], ["cx", [0, 2], []], ["h", [1], []], ["x", [0], []], ["h", [2], []], ["x", [1], []], ["h", [0], []], ["cx", [0, 1], []], ["h", [2], []], ["cx", [2, 0], []], ["cx", [2, 0], []], ["h", [2], []], ["cx", [0, 1], []], ["h", [0], []], ["x", [1], []], ["h", [2], []], ["x", [0], []], ["h", [1], []], ["cx", [0, 2], []], ["x", [1], []]], "pqc_circuit_tokens": [["x", [1], []], ["cx", [0, 2], []], ["h", [1], []], ["x", [0], []], ["h", [2], []], ["rz", [0], [-2.887896776199341]], ["rx", [0], [-3.465977668762207]], ["rz", [0], [3.6443300247192383]], ["rz", [1], [-1.349036693572998]], ["rx", [1], [-0.9034720063209534]], ["rz", [1], [-0.6472582817077637]], ["rz", [2], [0.4354633688926697]], ["rx", [2], [0.727816641330719]], ["rz", [2], [2.84743070602417]], ["x", [1], []], ["h", [0], []], ["cx", [0, 1], []], ["h", [2], []], ["cx", [2, 0], []], ["rz", [0], [0.10554651916027069]], ["rx", [0], [2.4918832778930664]], ["rz", [0], [0.21601776778697968]], ["rz", [1], [-1.7264628410339355]], ["rx", [1], [3.152137279510498]], ["rz", [1], [-1.6309282779693604]], ["rz", [2], [-0.49862152338027954]], ["rx", [2], [-0.08840163797140121]], ["rz", [2], [0.1143345758318901]], ["cx", [2, 0], []], ["h", [2], []], ["cx", [0, 1], []], ["h", [0], []], ["x", [1], []], ["rz", [0], [-0.9526343941688538]], ["rx", [0], [-2.77687931060791]], ["rz", [0], [-0.5822865962982178]], ["rz", [1], [3.072506904602051]], ["rx", [1], [-1.1845515966415405]], ["rz", [1], [0.6318418979644775]], ["rz", [2], [-0.037095002830028534]], ["rx", [2], [-2.2367141246795654]], ["rz", [2], [1.734473705291748]], ["h", [2], []], ["x", [0], []], ["h", [1], []], ["cx", [0, 2], []], ["x", [1], []], ["rz", [0], [0.7480956315994263]], ["rx", [0], [-0.07914159446954727]], ["rz", [0], [-1.1290637254714966]], ["rz", [1], [-0.8968961834907532]], ["rx", [1], [-2.017420768737793]], ["rz", [1], [-0.9960820078849792]], ["rz", [2], [-0.09614711254835129]], ["rx", [2], [1.8160585165023804]], ["rz", [2], [-3.1351521015167236]]], "base_circuit_qasm": "OPENQASM 2.0;\ninclude \"qelib1.inc\";\nqreg q[3];\nx q[1];\ncx q[0],q[2];\nh q[1];\nx q[0];\nh q[2];\nx q[1];\nh q[0];\ncx q[0],q[1];\nh q[2];\ncx q[2],q[0];\ncx q[2],q[0];\nh q[2];\ncx q[0],q[1];\nh q[0];\nx q[1];\nh q[2];\nx q[0];\nh q[1];\ncx q[0],q[2];\nx q[1];", "pqc_circuit_qasm": "OPENQASM 2.0;\ninclude \"qelib1.inc\";\nqreg q[3];\nx q[1];\ncx q[0],q[2];\nh q[1];\nx q[0];\nh q[2];\nrz(-2.887896776199341) q[0];\nrx(-3.465977668762207) q[0];\nrz(3.6443300247192383) q[0];\nrz(-1.349036693572998) q[1];\nrx(-0.9034720063209534) q[1];\nrz(-0.6472582817077637) q[1];\nrz(0.4354633688926697) q[2];\nrx(0.727816641330719) q[2];\nrz(2.84743070602417) q[2];\nx q[1];\nh q[0];\ncx q[0],q[1];\nh q[2];\ncx q[2],q[0];\nrz(0.10554651916027069) q[0];\nrx(2.4918832778930664) q[0];\nrz(0.21601776778697968) q[0];\nrz(-1.7264628410339355) q[1];\nrx(3.152137279510498) q[1];\nrz(-1.6309282779693604) q[1];\nrz(-0.49862152338027954) q[2];\nrx(-0.08840163797140121) q[2];\nrz(0.1143345758318901) q[2];\ncx q[2],q[0];\nh q[2];\ncx q[0],q[1];\nh q[0];\nx q[1];\nrz(-0.9526343941688538) q[0];\nrx(-2.77687931060791) q[0];\nrz(-0.5822865962982178) q[0];\nrz(3.072506904602051) q[1];\nrx(-1.1845515966415405) q[1];\nrz(0.6318418979644775) q[1];\nrz(-0.037095002830028534) q[2];\nrx(-2.2367141246795654) q[2];\nrz(1.734473705291748) q[2];\nh q[2];\nx q[0];\nh q[1];\ncx q[0],q[2];\nx q[1];\nrz(0.7480956315994263) q[0];\nrx(-0.07914159446954727) q[0];\nrz(-1.1290637254714966) q[0];\nrz(-0.8968961834907532) q[1];\nrx(-2.017420768737793) q[1];\nrz(-0.9960820078849792) q[1];\nrz(-0.09614711254835129) q[2];\nrx(1.8160585165023804) q[2];\nrz(-3.1351521015167236) q[2];"}