{"seed": 3079, "fidelity": 0.9997820854187012, "pqc_params": [[[1.041122555732727, 3.4057929515838623, -1.7453293800354004], [4.066680431365967, 2.4138195514678955, 1.4385358095169067], [1.1074023246765137, -2.468540668487549, 1.996394157409668]], [[2.0166916847229004, -2.4586291313171387, 1.633326768875122], [2.5613322257995605, 2.647893190383911, -0.49176111817359924], [-1.7242562770843506, -0.04490767791867256, 2.2052011489868164]], [[1.3965322971343994, -0.010471055284142494, -3.135251760482788], [-3.0966269969940186, -0.9260269403457642, -2.441357135772705], [1.2317205667495728, 2.4124817848205566, -1.6361738443374634]], [[-2.554974317550659, -0.3179474472999573, 0.5395888686180115], [2.1534900665283203, 0.588263213634491, -0.8072684407234192], [-2.964054584503174, -2.4407851696014404, -0.8061431646347046]]], "base_circuit_tokens": [["x", [2], []], ["h", [0], []], ["h", [1], []], ["h", [0], []], ["cx", [2, 1], []], ["x", [0], []], ["x", [2], []], ["x", [1], []], ["x", [1], []], ["cx", [1, 2], []], ["cx", [1, 2], []], ["x", [1], []], ["x", [1], []], ["x", [2], []], ["x", [0], []], ["cx", [2, 1], []], ["h", [0], []], ["h", [1], []], ["h", [0], []], ["x", [2], []]], "pqc_circuit_tokens": [["x", [2], []], ["h", [0], []], ["h", [1], []], ["h", [0], []], ["cx", [2, 1], []], ["rz", [0], [1.041122555732727]], ["rx", [0], [3.4057929515838623]], ["rz", [0], [-1.7453293800354004]], ["rz", [1], [4.066680431365967]], ["rx", [1], [2.4138195514678955]], ["rz", [1], [1.4385358095169067]], ["rz", [2], [1.1074023246765137]], ["rx", [2], [-2.468540668487549]], ["rz", [2], [1.996394157409668]], ["x", [0], []], ["x", [2], []], ["x", [1], []], ["x", [1], []], ["cx", [1, 2], []], ["rz", [0], [2.0166916847229004]], ["rx", [0], [-2.4586291313171387]], ["rz", [0], [1.633326768875122]], ["rz", [1], [2.5613322257995605]], ["rx", [1], [2.647893190383911]], ["rz", [1], [-0.49176111817359924]], ["rz", [2], [-1.7242562770843506]], ["rx", [2], [-0.04490767791867256]], ["rz", [2], [2.2052011489868164]], ["cx", [1, 2], []], ["x", [1], []], ["x", [1], []], ["x", [2], []], ["x", [0], []], ["rz", [0], [1.3965322971343994]], ["rx", [0], [-0.010471055284142494]], ["rz", [0], [-3.135251760482788]], ["rz", [1], [-3.0966269969940186]], ["rx", [1], [-0.9260269403457642]], ["rz", [1], [-2.441357135772705]], ["rz", [2], [1.2317205667495728]], ["rx", [2], [2.4124817848205566]], ["rz", [2], [-1.6361738443374634]], ["cx", [2, 1], []], ["h", [0], []], ["h", [1], []], ["h", [0], []], ["x", [2], []], ["rz", [0], [-2.554974317550659]], ["rx", [0], [-0.3179474472999573]], ["rz", [0], [0.5395888686180115]], ["rz", [1], [2.1534900665283203]], ["rx", [1], [0.588263213634491]], ["rz", [1], [-0.8072684407234192]], ["rz", [2], [-2.964054584503174]], ["rx", [2], [-2.4407851696014404]], ["rz", [2], [-0.8061431646347046]]], "base_circuit_qasm": "OPENQASM 2.0;\ninclude \"qelib1.inc\";\nqreg q[3];\nx q[2];\nh q[0];\nh q[1];\nh q[0];\ncx q[2],q[1];\nx q[0];\nx q[2];\nx q[1];\nx q[1];\ncx q[1],q[2];\ncx q[1],q[2];\nx q[1];\nx q[1];\nx q[2];\nx q[0];\ncx q[2],q[1];\nh q[0];\nh q[1];\nh q[0];\nx q[2];", "pqc_circuit_qasm": "OPENQASM 2.0;\ninclude \"qelib1.inc\";\nqreg q[3];\nx q[2];\nh q[0];\nh q[1];\nh q[0];\ncx q[2],q[1];\nrz(1.041122555732727) q[0];\nrx(3.4057929515838623) q[0];\nrz(-1.7453293800354004) q[0];\nrz(4.066680431365967) q[1];\nrx(2.4138195514678955) q[1];\nrz(1.4385358095169067) q[1];\nrz(1.1074023246765137) q[2];\nrx(-2.468540668487549) q[2];\nrz(1.996394157409668) q[2];\nx q[0];\nx q[2];\nx q[1];\nx q[1];\ncx q[1],q[2];\nrz(2.0166916847229004) q[0];\nrx(-2.4586291313171387) q[0];\nrz(1.633326768875122) q[0];\nrz(2.5613322257995605) q[1];\nrx(2.647893190383911) q[1];\nrz(-0.49176111817359924) q[1];\nrz(-1.7242562770843506) q[2];\nrx(-0.04490767791867256) q[2];\nrz(2.2052011489868164) q[2];\ncx q[1],q[2];\nx q[1];\nx q[1];\nx q[2];\nx q[0];\nrz(1.3965322971343994) q[0];\nrx(-0.010471055284142494) q[0];\nrz(-3.135251760482788) q[0];\nrz(-3.0966269969940186) q[1];\nrx(-0.9260269403457642) q[1];\nrz(-2.441357135772705) q[1];\nrz(1.2317205667495728) q[2];\nrx(2.4124817848205566) q[2];\nrz(-1.6361738443374634) q[2];\ncx q[2],q[1];\nh q[0];\nh q[1];\nh q[0];\nx q[2];\nrz(-2.554974317550659) q[0];\nrx(-0.3179474472999573) q[0];\nrz(0.5395888686180115) q[0];\nrz(2.1534900665283203) q[1];\nrx(0.588263213634491) q[1];\nrz(-0.8072684407234192) q[1];\nrz(-2.964054584503174) q[2];\nrx(-2.4407851696014404) q[2];\nrz(-0.8061431646347046) q[2];"}