{"seed": 3083, "fidelity": 0.996710479259491, "pqc_params": [[[2.619314193725586, -0.7803236246109009, 1.350253701210022], [1.9493488073349, 1.3461936712265015, 3.4684722423553467], [-2.184988021850586, -2.402724027633667, -0.8754062652587891]], [[0.2338297814130783, -1.0397188663482666, 0.9550076723098755], [0.5839142799377441, 3.117947816848755, -2.454355239868164], [3.175560235977173, -3.0116019248962402, 0.676531970500946]], [[-2.517213821411133, -1.326991319656372, 1.4238955974578857], [-2.5192651748657227, -1.1958287954330444, 1.3584116697311401], [-2.0233428478240967, 2.608893394470215, -0.23011267185211182]], [[4.233456134796143, -3.1437699794769287, 1.190673828125], [1.7675331830978394, -3.1052441596984863, -0.7308756709098816], [2.6194093227386475, -2.5247280597686768, 2.7876598834991455]]], "base_circuit_tokens": [["cx", [1, 0], []], ["x", [2], []], ["h", [2], []], ["x", [1], []], ["h", [0], []], ["x", [0], []], ["cx", [1, 2], []], ["h", [0], []], ["h", [1], []], ["h", [2], []], ["h", [2], []], ["h", [1], []], ["h", [0], []], ["cx", [1, 2], []], ["x", [0], []], ["h", [0], []], ["x", [1], []], ["h", [2], []], ["x", [2], []], ["cx", [1, 0], []]], "pqc_circuit_tokens": [["cx", [1, 0], []], ["x", [2], []], ["h", [2], []], ["x", [1], []], ["h", [0], []], ["rz", [0], [2.619314193725586]], ["rx", [0], [-0.7803236246109009]], ["rz", [0], [1.350253701210022]], ["rz", [1], [1.9493488073349]], ["rx", [1], [1.3461936712265015]], ["rz", [1], [3.4684722423553467]], ["rz", [2], [-2.184988021850586]], ["rx", [2], [-2.402724027633667]], ["rz", [2], [-0.8754062652587891]], ["x", [0], []], ["cx", [1, 2], []], ["h", [0], []], ["h", [1], []], ["h", [2], []], ["rz", [0], [0.2338297814130783]], ["rx", [0], [-1.0397188663482666]], ["rz", [0], [0.9550076723098755]], ["rz", [1], [0.5839142799377441]], ["rx", [1], [3.117947816848755]], ["rz", [1], [-2.454355239868164]], ["rz", [2], [3.175560235977173]], ["rx", [2], [-3.0116019248962402]], ["rz", [2], [0.676531970500946]], ["h", [2], []], ["h", [1], []], ["h", [0], []], ["cx", [1, 2], []], ["x", [0], []], ["rz", [0], [-2.517213821411133]], ["rx", [0], [-1.326991319656372]], ["rz", [0], [1.4238955974578857]], ["rz", [1], [-2.5192651748657227]], ["rx", [1], [-1.1958287954330444]], ["rz", [1], [1.3584116697311401]], ["rz", [2], [-2.0233428478240967]], ["rx", [2], [2.608893394470215]], ["rz", [2], [-0.23011267185211182]], ["h", [0], []], ["x", [1], []], ["h", [2], []], ["x", [2], []], ["cx", [1, 0], []], ["rz", [0], [4.233456134796143]], ["rx", [0], [-3.1437699794769287]], ["rz", [0], [1.190673828125]], ["rz", [1], [1.7675331830978394]], ["rx", [1], [-3.1052441596984863]], ["rz", [1], [-0.7308756709098816]], ["rz", [2], [2.6194093227386475]], ["rx", [2], [-2.5247280597686768]], ["rz", [2], [2.7876598834991455]]], "base_circuit_qasm": "OPENQASM 2.0;\ninclude \"qelib1.inc\";\nqreg q[3];\ncx q[1],q[0];\nx q[2];\nh q[2];\nx q[1];\nh q[0];\nx q[0];\ncx q[1],q[2];\nh q[0];\nh q[1];\nh q[2];\nh q[2];\nh q[1];\nh q[0];\ncx q[1],q[2];\nx q[0];\nh q[0];\nx q[1];\nh q[2];\nx q[2];\ncx q[1],q[0];", "pqc_circuit_qasm": "OPENQASM 2.0;\ninclude \"qelib1.inc\";\nqreg q[3];\ncx q[1],q[0];\nx q[2];\nh q[2];\nx q[1];\nh q[0];\nrz(2.619314193725586) q[0];\nrx(-0.7803236246109009) q[0];\nrz(1.350253701210022) q[0];\nrz(1.9493488073349) q[1];\nrx(1.3461936712265015) q[1];\nrz(3.4684722423553467) q[1];\nrz(-2.184988021850586) q[2];\nrx(-2.402724027633667) q[2];\nrz(-0.8754062652587891) q[2];\nx q[0];\ncx q[1],q[2];\nh q[0];\nh q[1];\nh q[2];\nrz(0.2338297814130783) q[0];\nrx(-1.0397188663482666) q[0];\nrz(0.9550076723098755) q[0];\nrz(0.5839142799377441) q[1];\nrx(3.117947816848755) q[1];\nrz(-2.454355239868164) q[1];\nrz(3.175560235977173) q[2];\nrx(-3.0116019248962402) q[2];\nrz(0.676531970500946) q[2];\nh q[2];\nh q[1];\nh q[0];\ncx q[1],q[2];\nx q[0];\nrz(-2.517213821411133) q[0];\nrx(-1.326991319656372) q[0];\nrz(1.4238955974578857) q[0];\nrz(-2.5192651748657227) q[1];\nrx(-1.1958287954330444) q[1];\nrz(1.3584116697311401) q[1];\nrz(-2.0233428478240967) q[2];\nrx(2.608893394470215) q[2];\nrz(-0.23011267185211182) q[2];\nh q[0];\nx q[1];\nh q[2];\nx q[2];\ncx q[1],q[0];\nrz(4.233456134796143) q[0];\nrx(-3.1437699794769287) q[0];\nrz(1.190673828125) q[0];\nrz(1.7675331830978394) q[1];\nrx(-3.1052441596984863) q[1];\nrz(-0.7308756709098816) q[1];\nrz(2.6194093227386475) q[2];\nrx(-2.5247280597686768) q[2];\nrz(2.7876598834991455) q[2];"}