{"seed": 3110, "fidelity": 0.9972513318061829, "pqc_params": [[[0.6379910707473755, -2.6494803428649902, -2.1914427280426025], [-0.8354343175888062, -2.564554214477539, -1.9720250368118286], [0.45762115716934204, -1.0116448402404785, 3.094743251800537]], [[-0.4751393795013428, -3.190220355987549, 2.7657620906829834], [0.6736219525337219, -0.04716024547815323, -3.1145565509796143], [3.120065689086914, -2.568946599960327, -3.048311233520508]], [[-2.585451602935791, 0.8088127374649048, -0.8318320512771606], [-2.5571720600128174, 2.3488097190856934, 1.2967453002929688], [0.13677212595939636, 0.9503034353256226, -0.1569252461194992]], [[2.9040184020996094, 0.28157180547714233, 0.13301651179790497], [-3.0070760250091553, 0.10180798918008804, -1.5282564163208008], [-0.043018363416194916, -2.020995616912842, 2.4972622394561768]]], "base_circuit_tokens": [["cx", [1, 0], []], ["h", [1], []], ["h", [0], []], ["h", [1], []], ["h", [0], []], ["cx", [0, 2], []], ["x", [2], []], ["h", [0], []], ["cx", [1, 2], []], ["x", [0], []], ["x", [0], []], ["cx", [1, 2], []], ["h", [0], []], ["x", [2], []], ["cx", [0, 2], []], ["h", [0], []], ["h", [1], []], ["h", [0], []], ["h", [1], []], ["cx", [1, 0], []]], "pqc_circuit_tokens": [["cx", [1, 0], []], ["h", [1], []], ["h", [0], []], ["h", [1], []], ["h", [0], []], ["rz", [0], [0.6379910707473755]], ["rx", [0], [-2.6494803428649902]], ["rz", [0], [-2.1914427280426025]], ["rz", [1], [-0.8354343175888062]], ["rx", [1], [-2.564554214477539]], ["rz", [1], [-1.9720250368118286]], ["rz", [2], [0.45762115716934204]], ["rx", [2], [-1.0116448402404785]], ["rz", [2], [3.094743251800537]], ["cx", [0, 2], []], ["x", [2], []], ["h", [0], []], ["cx", [1, 2], []], ["x", [0], []], ["rz", [0], [-0.4751393795013428]], ["rx", [0], [-3.190220355987549]], ["rz", [0], [2.7657620906829834]], ["rz", [1], [0.6736219525337219]], ["rx", [1], [-0.04716024547815323]], ["rz", [1], [-3.1145565509796143]], ["rz", [2], [3.120065689086914]], ["rx", [2], [-2.568946599960327]], ["rz", [2], [-3.048311233520508]], ["x", [0], []], ["cx", [1, 2], []], ["h", [0], []], ["x", [2], []], ["cx", [0, 2], []], ["rz", [0], [-2.585451602935791]], ["rx", [0], [0.8088127374649048]], ["rz", [0], [-0.8318320512771606]], ["rz", [1], [-2.5571720600128174]], ["rx", [1], [2.3488097190856934]], ["rz", [1], [1.2967453002929688]], ["rz", [2], [0.13677212595939636]], ["rx", [2], [0.9503034353256226]], ["rz", [2], [-0.1569252461194992]], ["h", [0], []], ["h", [1], []], ["h", [0], []], ["h", [1], []], ["cx", [1, 0], []], ["rz", [0], [2.9040184020996094]], ["rx", [0], [0.28157180547714233]], ["rz", [0], [0.13301651179790497]], ["rz", [1], [-3.0070760250091553]], ["rx", [1], [0.10180798918008804]], ["rz", [1], [-1.5282564163208008]], ["rz", [2], [-0.043018363416194916]], ["rx", [2], [-2.020995616912842]], ["rz", [2], [2.4972622394561768]]], "base_circuit_qasm": "OPENQASM 2.0;\ninclude \"qelib1.inc\";\nqreg q[3];\ncx q[1],q[0];\nh q[1];\nh q[0];\nh q[1];\nh q[0];\ncx q[0],q[2];\nx q[2];\nh q[0];\ncx q[1],q[2];\nx q[0];\nx q[0];\ncx q[1],q[2];\nh q[0];\nx q[2];\ncx q[0],q[2];\nh q[0];\nh q[1];\nh q[0];\nh q[1];\ncx q[1],q[0];", "pqc_circuit_qasm": "OPENQASM 2.0;\ninclude \"qelib1.inc\";\nqreg q[3];\ncx q[1],q[0];\nh q[1];\nh q[0];\nh q[1];\nh q[0];\nrz(0.6379910707473755) q[0];\nrx(-2.6494803428649902) q[0];\nrz(-2.1914427280426025) q[0];\nrz(-0.8354343175888062) q[1];\nrx(-2.564554214477539) q[1];\nrz(-1.9720250368118286) q[1];\nrz(0.45762115716934204) q[2];\nrx(-1.0116448402404785) q[2];\nrz(3.094743251800537) q[2];\ncx q[0],q[2];\nx q[2];\nh q[0];\ncx q[1],q[2];\nx q[0];\nrz(-0.4751393795013428) q[0];\nrx(-3.190220355987549) q[0];\nrz(2.7657620906829834) q[0];\nrz(0.6736219525337219) q[1];\nrx(-0.04716024547815323) q[1];\nrz(-3.1145565509796143) q[1];\nrz(3.120065689086914) q[2];\nrx(-2.568946599960327) q[2];\nrz(-3.048311233520508) q[2];\nx q[0];\ncx q[1],q[2];\nh q[0];\nx q[2];\ncx q[0],q[2];\nrz(-2.585451602935791) q[0];\nrx(0.8088127374649048) q[0];\nrz(-0.8318320512771606) q[0];\nrz(-2.5571720600128174) q[1];\nrx(2.3488097190856934) q[1];\nrz(1.2967453002929688) q[1];\nrz(0.13677212595939636) q[2];\nrx(0.9503034353256226) q[2];\nrz(-0.1569252461194992) q[2];\nh q[0];\nh q[1];\nh q[0];\nh q[1];\ncx q[1],q[0];\nrz(2.9040184020996094) q[0];\nrx(0.28157180547714233) q[0];\nrz(0.13301651179790497) q[0];\nrz(-3.0070760250091553) q[1];\nrx(0.10180798918008804) q[1];\nrz(-1.5282564163208008) q[1];\nrz(-0.043018363416194916) q[2];\nrx(-2.020995616912842) q[2];\nrz(2.4972622394561768) q[2];"}