{"seed": 3114, "fidelity": 0.988256573677063, "pqc_params": [[[1.2749520540237427, 1.2853323221206665, 3.244453191757202], [3.1880898475646973, -0.16199257969856262, 1.2909164428710938], [-0.9847103357315063, -1.6469873189926147, 2.574260711669922]], [[0.027558689936995506, -3.1078765392303467, 0.14206622540950775], [-1.3815152645111084, -0.13669230043888092, 1.224739909172058], [2.1058459281921387, 0.5961934924125671, 0.3975510597229004]], [[2.867807149887085, -1.795993447303772, -1.6490557193756104], [-2.2403006553649902, -1.908465027809143, 2.3900229930877686], [0.9151480793952942, 1.528270959854126, -2.9460015296936035]], [[3.1675477027893066, -2.426362991333008, -3.0009922981262207], [-2.349184274673462, 2.477499485015869, -2.55936861038208], [2.0046300888061523, 2.9846179485321045, 2.0207481384277344]]], "base_circuit_tokens": [["h", [2], []], ["x", [0], []], ["cx", [2, 1], []], ["x", [1], []], ["cx", [2, 0], []], ["h", [1], []], ["h", [1], []], ["cx", [0, 1], []], ["h", [0], []], ["cx", [2, 1], []], ["cx", [2, 1], []], ["h", [0], []], ["cx", [0, 1], []], ["h", [1], []], ["h", [1], []], ["cx", [2, 0], []], ["x", [1], []], ["cx", [2, 1], []], ["x", [0], []], ["h", [2], []]], "pqc_circuit_tokens": [["h", [2], []], ["x", [0], []], ["cx", [2, 1], []], ["x", [1], []], ["cx", [2, 0], []], ["rz", [0], [1.2749520540237427]], ["rx", [0], [1.2853323221206665]], ["rz", [0], [3.244453191757202]], ["rz", [1], [3.1880898475646973]], ["rx", [1], [-0.16199257969856262]], ["rz", [1], [1.2909164428710938]], ["rz", [2], [-0.9847103357315063]], ["rx", [2], [-1.6469873189926147]], ["rz", [2], [2.574260711669922]], ["h", [1], []], ["h", [1], []], ["cx", [0, 1], []], ["h", [0], []], ["cx", [2, 1], []], ["rz", [0], [0.027558689936995506]], ["rx", [0], [-3.1078765392303467]], ["rz", [0], [0.14206622540950775]], ["rz", [1], [-1.3815152645111084]], ["rx", [1], [-0.13669230043888092]], ["rz", [1], [1.224739909172058]], ["rz", [2], [2.1058459281921387]], ["rx", [2], [0.5961934924125671]], ["rz", [2], [0.3975510597229004]], ["cx", [2, 1], []], ["h", [0], []], ["cx", [0, 1], []], ["h", [1], []], ["h", [1], []], ["rz", [0], [2.867807149887085]], ["rx", [0], [-1.795993447303772]], ["rz", [0], [-1.6490557193756104]], ["rz", [1], [-2.2403006553649902]], ["rx", [1], [-1.908465027809143]], ["rz", [1], [2.3900229930877686]], ["rz", [2], [0.9151480793952942]], ["rx", [2], [1.528270959854126]], ["rz", [2], [-2.9460015296936035]], ["cx", [2, 0], []], ["x", [1], []], ["cx", [2, 1], []], ["x", [0], []], ["h", [2], []], ["rz", [0], [3.1675477027893066]], ["rx", [0], [-2.426362991333008]], ["rz", [0], [-3.0009922981262207]], ["rz", [1], [-2.349184274673462]], ["rx", [1], [2.477499485015869]], ["rz", [1], [-2.55936861038208]], ["rz", [2], [2.0046300888061523]], ["rx", [2], [2.9846179485321045]], ["rz", [2], [2.0207481384277344]]], "base_circuit_qasm": "OPENQASM 2.0;\ninclude \"qelib1.inc\";\nqreg q[3];\nh q[2];\nx q[0];\ncx q[2],q[1];\nx q[1];\ncx q[2],q[0];\nh q[1];\nh q[1];\ncx q[0],q[1];\nh q[0];\ncx q[2],q[1];\ncx q[2],q[1];\nh q[0];\ncx q[0],q[1];\nh q[1];\nh q[1];\ncx q[2],q[0];\nx q[1];\ncx q[2],q[1];\nx q[0];\nh q[2];", "pqc_circuit_qasm": "OPENQASM 2.0;\ninclude \"qelib1.inc\";\nqreg q[3];\nh q[2];\nx q[0];\ncx q[2],q[1];\nx q[1];\ncx q[2],q[0];\nrz(1.2749520540237427) q[0];\nrx(1.2853323221206665) q[0];\nrz(3.244453191757202) q[0];\nrz(3.1880898475646973) q[1];\nrx(-0.16199257969856262) q[1];\nrz(1.2909164428710938) q[1];\nrz(-0.9847103357315063) q[2];\nrx(-1.6469873189926147) q[2];\nrz(2.574260711669922) q[2];\nh q[1];\nh q[1];\ncx q[0],q[1];\nh q[0];\ncx q[2],q[1];\nrz(0.027558689936995506) q[0];\nrx(-3.1078765392303467) q[0];\nrz(0.14206622540950775) q[0];\nrz(-1.3815152645111084) q[1];\nrx(-0.13669230043888092) q[1];\nrz(1.224739909172058) q[1];\nrz(2.1058459281921387) q[2];\nrx(0.5961934924125671) q[2];\nrz(0.3975510597229004) q[2];\ncx q[2],q[1];\nh q[0];\ncx q[0],q[1];\nh q[1];\nh q[1];\nrz(2.867807149887085) q[0];\nrx(-1.795993447303772) q[0];\nrz(-1.6490557193756104) q[0];\nrz(-2.2403006553649902) q[1];\nrx(-1.908465027809143) q[1];\nrz(2.3900229930877686) q[1];\nrz(0.9151480793952942) q[2];\nrx(1.528270959854126) q[2];\nrz(-2.9460015296936035) q[2];\ncx q[2],q[0];\nx q[1];\ncx q[2],q[1];\nx q[0];\nh q[2];\nrz(3.1675477027893066) q[0];\nrx(-2.426362991333008) q[0];\nrz(-3.0009922981262207) q[0];\nrz(-2.349184274673462) q[1];\nrx(2.477499485015869) q[1];\nrz(-2.55936861038208) q[1];\nrz(2.0046300888061523) q[2];\nrx(2.9846179485321045) q[2];\nrz(2.0207481384277344) q[2];"}