{"seed": 313, "fidelity": 0.9671669006347656, "pqc_params": [[[2.0384464263916016, 1.895358681678772, -2.2043700218200684], [-0.9536846876144409, 0.9940812587738037, -1.9147498607635498], [1.2647805213928223, 1.1864678859710693, 1.4950976371765137]], [[-3.16920804977417, 1.1359868049621582, -2.3656206130981445], [2.1925113201141357, -0.1576773226261139, -2.6973257064819336], [-2.0151331424713135, 2.9888792037963867, -2.1463043689727783]], [[0.6815523505210876, 0.9735730886459351, 2.9903788566589355], [-1.963869333267212, -2.5791404247283936, -1.89359450340271], [-2.201491355895996, -1.7984189987182617, 1.0457206964492798]], [[-2.5723118782043457, 0.4514029920101166, -0.6793897151947021], [0.41908639669418335, -3.2344422340393066, -0.3692750036716461], [-0.09700199961662292, 0.3888428807258606, -2.951748847961426]]], "base_circuit_tokens": [["x", [2], []], ["cx", [1, 0], []], ["h", [1], []], ["cx", [0, 2], []], ["h", [2], []], ["h", [0], []], ["h", [2], []], ["h", [2], []], ["h", [0], []], ["h", [2], []], ["h", [2], []], ["h", [0], []], ["h", [2], []], ["h", [2], []], ["h", [0], []], ["h", [2], []], ["cx", [0, 2], []], ["h", [1], []], ["cx", [1, 0], []], ["x", [2], []]], "pqc_circuit_tokens": [["x", [2], []], ["cx", [1, 0], []], ["h", [1], []], ["cx", [0, 2], []], ["h", [2], []], ["rz", [0], [2.0384464263916016]], ["rx", [0], [1.895358681678772]], ["rz", [0], [-2.2043700218200684]], ["rz", [1], [-0.9536846876144409]], ["rx", [1], [0.9940812587738037]], ["rz", [1], [-1.9147498607635498]], ["rz", [2], [1.2647805213928223]], ["rx", [2], [1.1864678859710693]], ["rz", [2], [1.4950976371765137]], ["h", [0], []], ["h", [2], []], ["h", [2], []], ["h", [0], []], ["h", [2], []], ["rz", [0], [-3.16920804977417]], ["rx", [0], [1.1359868049621582]], ["rz", [0], [-2.3656206130981445]], ["rz", [1], [2.1925113201141357]], ["rx", [1], [-0.1576773226261139]], ["rz", [1], [-2.6973257064819336]], ["rz", [2], [-2.0151331424713135]], ["rx", [2], [2.9888792037963867]], ["rz", [2], [-2.1463043689727783]], ["h", [2], []], ["h", [0], []], ["h", [2], []], ["h", [2], []], ["h", [0], []], ["rz", [0], [0.6815523505210876]], ["rx", [0], [0.9735730886459351]], ["rz", [0], [2.9903788566589355]], ["rz", [1], [-1.963869333267212]], ["rx", [1], [-2.5791404247283936]], ["rz", [1], [-1.89359450340271]], ["rz", [2], [-2.201491355895996]], ["rx", [2], [-1.7984189987182617]], ["rz", [2], [1.0457206964492798]], ["h", [2], []], ["cx", [0, 2], []], ["h", [1], []], ["cx", [1, 0], []], ["x", [2], []], ["rz", [0], [-2.5723118782043457]], ["rx", [0], [0.4514029920101166]], ["rz", [0], [-0.6793897151947021]], ["rz", [1], [0.41908639669418335]], ["rx", [1], [-3.2344422340393066]], ["rz", [1], [-0.3692750036716461]], ["rz", [2], [-0.09700199961662292]], ["rx", [2], [0.3888428807258606]], ["rz", [2], [-2.951748847961426]]], "base_circuit_qasm": "OPENQASM 2.0;\ninclude \"qelib1.inc\";\nqreg q[3];\nx q[2];\ncx q[1],q[0];\nh q[1];\ncx q[0],q[2];\nh q[2];\nh q[0];\nh q[2];\nh q[2];\nh q[0];\nh q[2];\nh q[2];\nh q[0];\nh q[2];\nh q[2];\nh q[0];\nh q[2];\ncx q[0],q[2];\nh q[1];\ncx q[1],q[0];\nx q[2];", "pqc_circuit_qasm": "OPENQASM 2.0;\ninclude \"qelib1.inc\";\nqreg q[3];\nx q[2];\ncx q[1],q[0];\nh q[1];\ncx q[0],q[2];\nh q[2];\nrz(2.0384464263916016) q[0];\nrx(1.895358681678772) q[0];\nrz(-2.2043700218200684) q[0];\nrz(-0.9536846876144409) q[1];\nrx(0.9940812587738037) q[1];\nrz(-1.9147498607635498) q[1];\nrz(1.2647805213928223) q[2];\nrx(1.1864678859710693) q[2];\nrz(1.4950976371765137) q[2];\nh q[0];\nh q[2];\nh q[2];\nh q[0];\nh q[2];\nrz(-3.16920804977417) q[0];\nrx(1.1359868049621582) q[0];\nrz(-2.3656206130981445) q[0];\nrz(2.1925113201141357) q[1];\nrx(-0.1576773226261139) q[1];\nrz(-2.6973257064819336) q[1];\nrz(-2.0151331424713135) q[2];\nrx(2.9888792037963867) q[2];\nrz(-2.1463043689727783) q[2];\nh q[2];\nh q[0];\nh q[2];\nh q[2];\nh q[0];\nrz(0.6815523505210876) q[0];\nrx(0.9735730886459351) q[0];\nrz(2.9903788566589355) q[0];\nrz(-1.963869333267212) q[1];\nrx(-2.5791404247283936) q[1];\nrz(-1.89359450340271) q[1];\nrz(-2.201491355895996) q[2];\nrx(-1.7984189987182617) q[2];\nrz(1.0457206964492798) q[2];\nh q[2];\ncx q[0],q[2];\nh q[1];\ncx q[1],q[0];\nx q[2];\nrz(-2.5723118782043457) q[0];\nrx(0.4514029920101166) q[0];\nrz(-0.6793897151947021) q[0];\nrz(0.41908639669418335) q[1];\nrx(-3.2344422340393066) q[1];\nrz(-0.3692750036716461) q[1];\nrz(-0.09700199961662292) q[2];\nrx(0.3888428807258606) q[2];\nrz(-2.951748847961426) q[2];"}