{"seed": 3154, "fidelity": 0.9892145991325378, "pqc_params": [[[-2.3031673431396484, -1.9847021102905273, 2.1145641803741455], [-1.8688327074050903, -0.6776816248893738, 1.4737430810928345], [-0.5040033459663391, 2.8118269443511963, -2.444016695022583]], [[0.859827995300293, -2.0249037742614746, 0.024693381041288376], [-0.9003164172172546, -2.7636654376983643, -2.7412214279174805], [3.0302176475524902, 0.02828044816851616, 3.241154432296753]], [[2.2970778942108154, -0.9943088889122009, 1.1137475967407227], [-2.3640294075012207, -2.6323909759521484, -1.0409908294677734], [2.0441336631774902, -2.9396843910217285, -2.242530107498169]], [[-1.1783822774887085, 1.3177708387374878, -3.318530559539795], [4.213964939117432, -3.1493113040924072, -1.9778393507003784], [0.31722062826156616, -0.30744442343711853, 2.8116118907928467]]], "base_circuit_tokens": [["cx", [2, 1], []], ["h", [1], []], ["h", [0], []], ["x", [2], []], ["h", [0], []], ["h", [2], []], ["h", [0], []], ["x", [2], []], ["h", [0], []], ["h", [2], []], ["h", [2], []], ["h", [0], []], ["x", [2], []], ["h", [0], []], ["h", [2], []], ["h", [0], []], ["x", [2], []], ["h", [0], []], ["h", [1], []], ["cx", [2, 1], []]], "pqc_circuit_tokens": [["cx", [2, 1], []], ["h", [1], []], ["h", [0], []], ["x", [2], []], ["h", [0], []], ["rz", [0], [-2.3031673431396484]], ["rx", [0], [-1.9847021102905273]], ["rz", [0], [2.1145641803741455]], ["rz", [1], [-1.8688327074050903]], ["rx", [1], [-0.6776816248893738]], ["rz", [1], [1.4737430810928345]], ["rz", [2], [-0.5040033459663391]], ["rx", [2], [2.8118269443511963]], ["rz", [2], [-2.444016695022583]], ["h", [2], []], ["h", [0], []], ["x", [2], []], ["h", [0], []], ["h", [2], []], ["rz", [0], [0.859827995300293]], ["rx", [0], [-2.0249037742614746]], ["rz", [0], [0.024693381041288376]], ["rz", [1], [-0.9003164172172546]], ["rx", [1], [-2.7636654376983643]], ["rz", [1], [-2.7412214279174805]], ["rz", [2], [3.0302176475524902]], ["rx", [2], [0.02828044816851616]], ["rz", [2], [3.241154432296753]], ["h", [2], []], ["h", [0], []], ["x", [2], []], ["h", [0], []], ["h", [2], []], ["rz", [0], [2.2970778942108154]], ["rx", [0], [-0.9943088889122009]], ["rz", [0], [1.1137475967407227]], ["rz", [1], [-2.3640294075012207]], ["rx", [1], [-2.6323909759521484]], ["rz", [1], [-1.0409908294677734]], ["rz", [2], [2.0441336631774902]], ["rx", [2], [-2.9396843910217285]], ["rz", [2], [-2.242530107498169]], ["h", [0], []], ["x", [2], []], ["h", [0], []], ["h", [1], []], ["cx", [2, 1], []], ["rz", [0], [-1.1783822774887085]], ["rx", [0], [1.3177708387374878]], ["rz", [0], [-3.318530559539795]], ["rz", [1], [4.213964939117432]], ["rx", [1], [-3.1493113040924072]], ["rz", [1], [-1.9778393507003784]], ["rz", [2], [0.31722062826156616]], ["rx", [2], [-0.30744442343711853]], ["rz", [2], [2.8116118907928467]]], "base_circuit_qasm": "OPENQASM 2.0;\ninclude \"qelib1.inc\";\nqreg q[3];\ncx q[2],q[1];\nh q[1];\nh q[0];\nx q[2];\nh q[0];\nh q[2];\nh q[0];\nx q[2];\nh q[0];\nh q[2];\nh q[2];\nh q[0];\nx q[2];\nh q[0];\nh q[2];\nh q[0];\nx q[2];\nh q[0];\nh q[1];\ncx q[2],q[1];", "pqc_circuit_qasm": "OPENQASM 2.0;\ninclude \"qelib1.inc\";\nqreg q[3];\ncx q[2],q[1];\nh q[1];\nh q[0];\nx q[2];\nh q[0];\nrz(-2.3031673431396484) q[0];\nrx(-1.9847021102905273) q[0];\nrz(2.1145641803741455) q[0];\nrz(-1.8688327074050903) q[1];\nrx(-0.6776816248893738) q[1];\nrz(1.4737430810928345) q[1];\nrz(-0.5040033459663391) q[2];\nrx(2.8118269443511963) q[2];\nrz(-2.444016695022583) q[2];\nh q[2];\nh q[0];\nx q[2];\nh q[0];\nh q[2];\nrz(0.859827995300293) q[0];\nrx(-2.0249037742614746) q[0];\nrz(0.024693381041288376) q[0];\nrz(-0.9003164172172546) q[1];\nrx(-2.7636654376983643) q[1];\nrz(-2.7412214279174805) q[1];\nrz(3.0302176475524902) q[2];\nrx(0.02828044816851616) q[2];\nrz(3.241154432296753) q[2];\nh q[2];\nh q[0];\nx q[2];\nh q[0];\nh q[2];\nrz(2.2970778942108154) q[0];\nrx(-0.9943088889122009) q[0];\nrz(1.1137475967407227) q[0];\nrz(-2.3640294075012207) q[1];\nrx(-2.6323909759521484) q[1];\nrz(-1.0409908294677734) q[1];\nrz(2.0441336631774902) q[2];\nrx(-2.9396843910217285) q[2];\nrz(-2.242530107498169) q[2];\nh q[0];\nx q[2];\nh q[0];\nh q[1];\ncx q[2],q[1];\nrz(-1.1783822774887085) q[0];\nrx(1.3177708387374878) q[0];\nrz(-3.318530559539795) q[0];\nrz(4.213964939117432) q[1];\nrx(-3.1493113040924072) q[1];\nrz(-1.9778393507003784) q[1];\nrz(0.31722062826156616) q[2];\nrx(-0.30744442343711853) q[2];\nrz(2.8116118907928467) q[2];"}