{"seed": 3159, "fidelity": 0.9913845062255859, "pqc_params": [[[-0.21724574267864227, -2.518040895462036, 0.0908537283539772], [-1.2241417169570923, -1.508588194847107, -0.6991418600082397], [1.6732978820800781, -1.2848502397537231, -0.4493527412414551]], [[-0.1269557625055313, -3.1805291175842285, -1.7131919860839844], [1.5321450233459473, -2.0981547832489014, 0.5789605379104614], [-0.7908565402030945, 0.11244790256023407, -0.7878525257110596]], [[-1.3693861961364746, -1.7219287157058716, -3.325878858566284], [1.3876675367355347, 1.262833833694458, -3.2563490867614746], [2.593667984008789, 3.29244065284729, -0.5382862091064453]], [[-1.1142807006835938, 3.3629393577575684, -0.7275892496109009], [0.5825377106666565, -0.47968319058418274, -0.36354494094848633], [-1.1157305240631104, -2.0389244556427, 1.7742706537246704]]], "base_circuit_tokens": [["x", [1], []], ["cx", [1, 0], []], ["x", [0], []], ["x", [0], []], ["x", [2], []], ["cx", [0, 1], []], ["h", [0], []], ["h", [0], []], ["cx", [0, 1], []], ["x", [1], []], ["x", [1], []], ["cx", [0, 1], []], ["h", [0], []], ["h", [0], []], ["cx", [0, 1], []], ["x", [2], []], ["x", [0], []], ["x", [0], []], ["cx", [1, 0], []], ["x", [1], []]], "pqc_circuit_tokens": [["x", [1], []], ["cx", [1, 0], []], ["x", [0], []], ["x", [0], []], ["x", [2], []], ["rz", [0], [-0.21724574267864227]], ["rx", [0], [-2.518040895462036]], ["rz", [0], [0.0908537283539772]], ["rz", [1], [-1.2241417169570923]], ["rx", [1], [-1.508588194847107]], ["rz", [1], [-0.6991418600082397]], ["rz", [2], [1.6732978820800781]], ["rx", [2], [-1.2848502397537231]], ["rz", [2], [-0.4493527412414551]], ["cx", [0, 1], []], ["h", [0], []], ["h", [0], []], ["cx", [0, 1], []], ["x", [1], []], ["rz", [0], [-0.1269557625055313]], ["rx", [0], [-3.1805291175842285]], ["rz", [0], [-1.7131919860839844]], ["rz", [1], [1.5321450233459473]], ["rx", [1], [-2.0981547832489014]], ["rz", [1], [0.5789605379104614]], ["rz", [2], [-0.7908565402030945]], ["rx", [2], [0.11244790256023407]], ["rz", [2], [-0.7878525257110596]], ["x", [1], []], ["cx", [0, 1], []], ["h", [0], []], ["h", [0], []], ["cx", [0, 1], []], ["rz", [0], [-1.3693861961364746]], ["rx", [0], [-1.7219287157058716]], ["rz", [0], [-3.325878858566284]], ["rz", [1], [1.3876675367355347]], ["rx", [1], [1.262833833694458]], ["rz", [1], [-3.2563490867614746]], ["rz", [2], [2.593667984008789]], ["rx", [2], [3.29244065284729]], ["rz", [2], [-0.5382862091064453]], ["x", [2], []], ["x", [0], []], ["x", [0], []], ["cx", [1, 0], []], ["x", [1], []], ["rz", [0], [-1.1142807006835938]], ["rx", [0], [3.3629393577575684]], ["rz", [0], [-0.7275892496109009]], ["rz", [1], [0.5825377106666565]], ["rx", [1], [-0.47968319058418274]], ["rz", [1], [-0.36354494094848633]], ["rz", [2], [-1.1157305240631104]], ["rx", [2], [-2.0389244556427]], ["rz", [2], [1.7742706537246704]]], "base_circuit_qasm": "OPENQASM 2.0;\ninclude \"qelib1.inc\";\nqreg q[3];\nx q[1];\ncx q[1],q[0];\nx q[0];\nx q[0];\nx q[2];\ncx q[0],q[1];\nh q[0];\nh q[0];\ncx q[0],q[1];\nx q[1];\nx q[1];\ncx q[0],q[1];\nh q[0];\nh q[0];\ncx q[0],q[1];\nx q[2];\nx q[0];\nx q[0];\ncx q[1],q[0];\nx q[1];", "pqc_circuit_qasm": "OPENQASM 2.0;\ninclude \"qelib1.inc\";\nqreg q[3];\nx q[1];\ncx q[1],q[0];\nx q[0];\nx q[0];\nx q[2];\nrz(-0.21724574267864227) q[0];\nrx(-2.518040895462036) q[0];\nrz(0.0908537283539772) q[0];\nrz(-1.2241417169570923) q[1];\nrx(-1.508588194847107) q[1];\nrz(-0.6991418600082397) q[1];\nrz(1.6732978820800781) q[2];\nrx(-1.2848502397537231) q[2];\nrz(-0.4493527412414551) q[2];\ncx q[0],q[1];\nh q[0];\nh q[0];\ncx q[0],q[1];\nx q[1];\nrz(-0.1269557625055313) q[0];\nrx(-3.1805291175842285) q[0];\nrz(-1.7131919860839844) q[0];\nrz(1.5321450233459473) q[1];\nrx(-2.0981547832489014) q[1];\nrz(0.5789605379104614) q[1];\nrz(-0.7908565402030945) q[2];\nrx(0.11244790256023407) q[2];\nrz(-0.7878525257110596) q[2];\nx q[1];\ncx q[0],q[1];\nh q[0];\nh q[0];\ncx q[0],q[1];\nrz(-1.3693861961364746) q[0];\nrx(-1.7219287157058716) q[0];\nrz(-3.325878858566284) q[0];\nrz(1.3876675367355347) q[1];\nrx(1.262833833694458) q[1];\nrz(-3.2563490867614746) q[1];\nrz(2.593667984008789) q[2];\nrx(3.29244065284729) q[2];\nrz(-0.5382862091064453) q[2];\nx q[2];\nx q[0];\nx q[0];\ncx q[1],q[0];\nx q[1];\nrz(-1.1142807006835938) q[0];\nrx(3.3629393577575684) q[0];\nrz(-0.7275892496109009) q[0];\nrz(0.5825377106666565) q[1];\nrx(-0.47968319058418274) q[1];\nrz(-0.36354494094848633) q[1];\nrz(-1.1157305240631104) q[2];\nrx(-2.0389244556427) q[2];\nrz(1.7742706537246704) q[2];"}