{"seed": 3170, "fidelity": 0.9678553938865662, "pqc_params": [[[-0.34712040424346924, 0.03162192180752754, -2.429887294769287], [0.6024491786956787, -1.4614888429641724, 2.1823465824127197], [-2.4878787994384766, -0.3096790611743927, 1.932021141052246]], [[2.529294013977051, -2.7299089431762695, 2.639655828475952], [-3.21885347366333, -0.2743816673755646, 2.9134669303894043], [0.8301026821136475, -4.049991607666016, -3.1757261753082275]], [[-3.430081367492676, 0.9731603264808655, -2.0867393016815186], [-2.548704147338867, 3.0804622173309326, 2.9258692264556885], [-1.348077654838562, 0.39993050694465637, 0.8358444571495056]], [[0.18963882327079773, -0.13050176203250885, -2.085319757461548], [2.7523751258850098, -1.0341548919677734, 0.018868403509259224], [2.4180185794830322, 2.2281556129455566, -0.670143723487854]]], "base_circuit_tokens": [["h", [2], []], ["h", [1], []], ["h", [1], []], ["cx", [0, 1], []], ["cx", [0, 2], []], ["h", [1], []], ["cx", [0, 2], []], ["cx", [1, 0], []], ["h", [1], []], ["cx", [2, 0], []], ["cx", [2, 0], []], ["h", [1], []], ["cx", [1, 0], []], ["cx", [0, 2], []], ["h", [1], []], ["cx", [0, 2], []], ["cx", [0, 1], []], ["h", [1], []], ["h", [1], []], ["h", [2], []]], "pqc_circuit_tokens": [["h", [2], []], ["h", [1], []], ["h", [1], []], ["cx", [0, 1], []], ["cx", [0, 2], []], ["rz", [0], [-0.34712040424346924]], ["rx", [0], [0.03162192180752754]], ["rz", [0], [-2.429887294769287]], ["rz", [1], [0.6024491786956787]], ["rx", [1], [-1.4614888429641724]], ["rz", [1], [2.1823465824127197]], ["rz", [2], [-2.4878787994384766]], ["rx", [2], [-0.3096790611743927]], ["rz", [2], [1.932021141052246]], ["h", [1], []], ["cx", [0, 2], []], ["cx", [1, 0], []], ["h", [1], []], ["cx", [2, 0], []], ["rz", [0], [2.529294013977051]], ["rx", [0], [-2.7299089431762695]], ["rz", [0], [2.639655828475952]], ["rz", [1], [-3.21885347366333]], ["rx", [1], [-0.2743816673755646]], ["rz", [1], [2.9134669303894043]], ["rz", [2], [0.8301026821136475]], ["rx", [2], [-4.049991607666016]], ["rz", [2], [-3.1757261753082275]], ["cx", [2, 0], []], ["h", [1], []], ["cx", [1, 0], []], ["cx", [0, 2], []], ["h", [1], []], ["rz", [0], [-3.430081367492676]], ["rx", [0], [0.9731603264808655]], ["rz", [0], [-2.0867393016815186]], ["rz", [1], [-2.548704147338867]], ["rx", [1], [3.0804622173309326]], ["rz", [1], [2.9258692264556885]], ["rz", [2], [-1.348077654838562]], ["rx", [2], [0.39993050694465637]], ["rz", [2], [0.8358444571495056]], ["cx", [0, 2], []], ["cx", [0, 1], []], ["h", [1], []], ["h", [1], []], ["h", [2], []], ["rz", [0], [0.18963882327079773]], ["rx", [0], [-0.13050176203250885]], ["rz", [0], [-2.085319757461548]], ["rz", [1], [2.7523751258850098]], ["rx", [1], [-1.0341548919677734]], ["rz", [1], [0.018868403509259224]], ["rz", [2], [2.4180185794830322]], ["rx", [2], [2.2281556129455566]], ["rz", [2], [-0.670143723487854]]], "base_circuit_qasm": "OPENQASM 2.0;\ninclude \"qelib1.inc\";\nqreg q[3];\nh q[2];\nh q[1];\nh q[1];\ncx q[0],q[1];\ncx q[0],q[2];\nh q[1];\ncx q[0],q[2];\ncx q[1],q[0];\nh q[1];\ncx q[2],q[0];\ncx q[2],q[0];\nh q[1];\ncx q[1],q[0];\ncx q[0],q[2];\nh q[1];\ncx q[0],q[2];\ncx q[0],q[1];\nh q[1];\nh q[1];\nh q[2];", "pqc_circuit_qasm": "OPENQASM 2.0;\ninclude \"qelib1.inc\";\nqreg q[3];\nh q[2];\nh q[1];\nh q[1];\ncx q[0],q[1];\ncx q[0],q[2];\nrz(-0.34712040424346924) q[0];\nrx(0.03162192180752754) q[0];\nrz(-2.429887294769287) q[0];\nrz(0.6024491786956787) q[1];\nrx(-1.4614888429641724) q[1];\nrz(2.1823465824127197) q[1];\nrz(-2.4878787994384766) q[2];\nrx(-0.3096790611743927) q[2];\nrz(1.932021141052246) q[2];\nh q[1];\ncx q[0],q[2];\ncx q[1],q[0];\nh q[1];\ncx q[2],q[0];\nrz(2.529294013977051) q[0];\nrx(-2.7299089431762695) q[0];\nrz(2.639655828475952) q[0];\nrz(-3.21885347366333) q[1];\nrx(-0.2743816673755646) q[1];\nrz(2.9134669303894043) q[1];\nrz(0.8301026821136475) q[2];\nrx(-4.049991607666016) q[2];\nrz(-3.1757261753082275) q[2];\ncx q[2],q[0];\nh q[1];\ncx q[1],q[0];\ncx q[0],q[2];\nh q[1];\nrz(-3.430081367492676) q[0];\nrx(0.9731603264808655) q[0];\nrz(-2.0867393016815186) q[0];\nrz(-2.548704147338867) q[1];\nrx(3.0804622173309326) q[1];\nrz(2.9258692264556885) q[1];\nrz(-1.348077654838562) q[2];\nrx(0.39993050694465637) q[2];\nrz(0.8358444571495056) q[2];\ncx q[0],q[2];\ncx q[0],q[1];\nh q[1];\nh q[1];\nh q[2];\nrz(0.18963882327079773) q[0];\nrx(-0.13050176203250885) q[0];\nrz(-2.085319757461548) q[0];\nrz(2.7523751258850098) q[1];\nrx(-1.0341548919677734) q[1];\nrz(0.018868403509259224) q[1];\nrz(2.4180185794830322) q[2];\nrx(2.2281556129455566) q[2];\nrz(-0.670143723487854) q[2];"}