{"seed": 3173, "fidelity": 0.972202718257904, "pqc_params": [[[-0.2893967628479004, -1.4276732206344604, -1.7977967262268066], [3.578808546066284, 0.2471162974834442, -1.8190890550613403], [-1.0896097421646118, -1.4016621112823486, 0.9000454545021057]], [[0.884377658367157, 2.9965810775756836, -3.0251052379608154], [1.532016634941101, 3.1325581073760986, -1.5083869695663452], [2.948415517807007, 0.046765271574258804, -1.1419217586517334]], [[-0.6482318639755249, 0.5776107907295227, -1.3605486154556274], [-0.487414687871933, -0.15114323794841766, -0.7956330180168152], [2.0529918670654297, 0.5684034824371338, -0.06700187921524048]], [[-0.191392183303833, -1.7404372692108154, -3.272465467453003], [1.9463986158370972, 3.114792585372925, -1.092100739479065], [-2.0584051609039307, -1.1528328657150269, -2.86444354057312]]], "base_circuit_tokens": [["cx", [2, 0], []], ["h", [1], []], ["cx", [2, 0], []], ["cx", [1, 0], []], ["x", [1], []], ["cx", [2, 0], []], ["cx", [2, 1], []], ["x", [0], []], ["x", [0], []], ["h", [0], []], ["h", [0], []], ["x", [0], []], ["x", [0], []], ["cx", [2, 1], []], ["cx", [2, 0], []], ["x", [1], []], ["cx", [1, 0], []], ["cx", [2, 0], []], ["h", [1], []], ["cx", [2, 0], []]], "pqc_circuit_tokens": [["cx", [2, 0], []], ["h", [1], []], ["cx", [2, 0], []], ["cx", [1, 0], []], ["x", [1], []], ["rz", [0], [-0.2893967628479004]], ["rx", [0], [-1.4276732206344604]], ["rz", [0], [-1.7977967262268066]], ["rz", [1], [3.578808546066284]], ["rx", [1], [0.2471162974834442]], ["rz", [1], [-1.8190890550613403]], ["rz", [2], [-1.0896097421646118]], ["rx", [2], [-1.4016621112823486]], ["rz", [2], [0.9000454545021057]], ["cx", [2, 0], []], ["cx", [2, 1], []], ["x", [0], []], ["x", [0], []], ["h", [0], []], ["rz", [0], [0.884377658367157]], ["rx", [0], [2.9965810775756836]], ["rz", [0], [-3.0251052379608154]], ["rz", [1], [1.532016634941101]], ["rx", [1], [3.1325581073760986]], ["rz", [1], [-1.5083869695663452]], ["rz", [2], [2.948415517807007]], ["rx", [2], [0.046765271574258804]], ["rz", [2], [-1.1419217586517334]], ["h", [0], []], ["x", [0], []], ["x", [0], []], ["cx", [2, 1], []], ["cx", [2, 0], []], ["rz", [0], [-0.6482318639755249]], ["rx", [0], [0.5776107907295227]], ["rz", [0], [-1.3605486154556274]], ["rz", [1], [-0.487414687871933]], ["rx", [1], [-0.15114323794841766]], ["rz", [1], [-0.7956330180168152]], ["rz", [2], [2.0529918670654297]], ["rx", [2], [0.5684034824371338]], ["rz", [2], [-0.06700187921524048]], ["x", [1], []], ["cx", [1, 0], []], ["cx", [2, 0], []], ["h", [1], []], ["cx", [2, 0], []], ["rz", [0], [-0.191392183303833]], ["rx", [0], [-1.7404372692108154]], ["rz", [0], [-3.272465467453003]], ["rz", [1], [1.9463986158370972]], ["rx", [1], [3.114792585372925]], ["rz", [1], [-1.092100739479065]], ["rz", [2], [-2.0584051609039307]], ["rx", [2], [-1.1528328657150269]], ["rz", [2], [-2.86444354057312]]], "base_circuit_qasm": "OPENQASM 2.0;\ninclude \"qelib1.inc\";\nqreg q[3];\ncx q[2],q[0];\nh q[1];\ncx q[2],q[0];\ncx q[1],q[0];\nx q[1];\ncx q[2],q[0];\ncx q[2],q[1];\nx q[0];\nx q[0];\nh q[0];\nh q[0];\nx q[0];\nx q[0];\ncx q[2],q[1];\ncx q[2],q[0];\nx q[1];\ncx q[1],q[0];\ncx q[2],q[0];\nh q[1];\ncx q[2],q[0];", "pqc_circuit_qasm": "OPENQASM 2.0;\ninclude \"qelib1.inc\";\nqreg q[3];\ncx q[2],q[0];\nh q[1];\ncx q[2],q[0];\ncx q[1],q[0];\nx q[1];\nrz(-0.2893967628479004) q[0];\nrx(-1.4276732206344604) q[0];\nrz(-1.7977967262268066) q[0];\nrz(3.578808546066284) q[1];\nrx(0.2471162974834442) q[1];\nrz(-1.8190890550613403) q[1];\nrz(-1.0896097421646118) q[2];\nrx(-1.4016621112823486) q[2];\nrz(0.9000454545021057) q[2];\ncx q[2],q[0];\ncx q[2],q[1];\nx q[0];\nx q[0];\nh q[0];\nrz(0.884377658367157) q[0];\nrx(2.9965810775756836) q[0];\nrz(-3.0251052379608154) q[0];\nrz(1.532016634941101) q[1];\nrx(3.1325581073760986) q[1];\nrz(-1.5083869695663452) q[1];\nrz(2.948415517807007) q[2];\nrx(0.046765271574258804) q[2];\nrz(-1.1419217586517334) q[2];\nh q[0];\nx q[0];\nx q[0];\ncx q[2],q[1];\ncx q[2],q[0];\nrz(-0.6482318639755249) q[0];\nrx(0.5776107907295227) q[0];\nrz(-1.3605486154556274) q[0];\nrz(-0.487414687871933) q[1];\nrx(-0.15114323794841766) q[1];\nrz(-0.7956330180168152) q[1];\nrz(2.0529918670654297) q[2];\nrx(0.5684034824371338) q[2];\nrz(-0.06700187921524048) q[2];\nx q[1];\ncx q[1],q[0];\ncx q[2],q[0];\nh q[1];\ncx q[2],q[0];\nrz(-0.191392183303833) q[0];\nrx(-1.7404372692108154) q[0];\nrz(-3.272465467453003) q[0];\nrz(1.9463986158370972) q[1];\nrx(3.114792585372925) q[1];\nrz(-1.092100739479065) q[1];\nrz(-2.0584051609039307) q[2];\nrx(-1.1528328657150269) q[2];\nrz(-2.86444354057312) q[2];"}