{"seed": 3175, "fidelity": 0.9989213943481445, "pqc_params": [[[-1.9916002750396729, 2.820009469985962, 2.0959250926971436], [-1.680344581604004, -1.5711373090744019, -3.24804949760437], [-2.642467975616455, -1.6631091833114624, 2.308826208114624]], [[-0.5924927592277527, -1.650483250617981, 0.46900373697280884], [-0.18853484094142914, -0.07886718213558197, -2.565401077270508], [2.820014476776123, -1.784751296043396, 1.0517667531967163]], [[2.3765764236450195, 0.36175376176834106, 0.74466872215271], [-0.6719891428947449, 1.479499101638794, 1.6290206909179688], [-1.293127417564392, -2.300014019012451, -0.29608839750289917]], [[2.6741814613342285, -0.022853108122944832, 0.3621690571308136], [-0.3068116307258606, -0.15979550778865814, -0.14298617839813232], [-0.8481846451759338, 0.9786493182182312, -0.5481499433517456]]], "base_circuit_tokens": [["cx", [1, 0], []], ["x", [2], []], ["h", [1], []], ["h", [0], []], ["cx", [2, 1], []], ["cx", [1, 2], []], ["h", [2], []], ["h", [0], []], ["h", [0], []], ["h", [0], []], ["h", [0], []], ["h", [0], []], ["h", [0], []], ["h", [2], []], ["cx", [1, 2], []], ["cx", [2, 1], []], ["h", [0], []], ["h", [1], []], ["x", [2], []], ["cx", [1, 0], []]], "pqc_circuit_tokens": [["cx", [1, 0], []], ["x", [2], []], ["h", [1], []], ["h", [0], []], ["cx", [2, 1], []], ["rz", [0], [-1.9916002750396729]], ["rx", [0], [2.820009469985962]], ["rz", [0], [2.0959250926971436]], ["rz", [1], [-1.680344581604004]], ["rx", [1], [-1.5711373090744019]], ["rz", [1], [-3.24804949760437]], ["rz", [2], [-2.642467975616455]], ["rx", [2], [-1.6631091833114624]], ["rz", [2], [2.308826208114624]], ["cx", [1, 2], []], ["h", [2], []], ["h", [0], []], ["h", [0], []], ["h", [0], []], ["rz", [0], [-0.5924927592277527]], ["rx", [0], [-1.650483250617981]], ["rz", [0], [0.46900373697280884]], ["rz", [1], [-0.18853484094142914]], ["rx", [1], [-0.07886718213558197]], ["rz", [1], [-2.565401077270508]], ["rz", [2], [2.820014476776123]], ["rx", [2], [-1.784751296043396]], ["rz", [2], [1.0517667531967163]], ["h", [0], []], ["h", [0], []], ["h", [0], []], ["h", [2], []], ["cx", [1, 2], []], ["rz", [0], [2.3765764236450195]], ["rx", [0], [0.36175376176834106]], ["rz", [0], [0.74466872215271]], ["rz", [1], [-0.6719891428947449]], ["rx", [1], [1.479499101638794]], ["rz", [1], [1.6290206909179688]], ["rz", [2], [-1.293127417564392]], ["rx", [2], [-2.300014019012451]], ["rz", [2], [-0.29608839750289917]], ["cx", [2, 1], []], ["h", [0], []], ["h", [1], []], ["x", [2], []], ["cx", [1, 0], []], ["rz", [0], [2.6741814613342285]], ["rx", [0], [-0.022853108122944832]], ["rz", [0], [0.3621690571308136]], ["rz", [1], [-0.3068116307258606]], ["rx", [1], [-0.15979550778865814]], ["rz", [1], [-0.14298617839813232]], ["rz", [2], [-0.8481846451759338]], ["rx", [2], [0.9786493182182312]], ["rz", [2], [-0.5481499433517456]]], "base_circuit_qasm": "OPENQASM 2.0;\ninclude \"qelib1.inc\";\nqreg q[3];\ncx q[1],q[0];\nx q[2];\nh q[1];\nh q[0];\ncx q[2],q[1];\ncx q[1],q[2];\nh q[2];\nh q[0];\nh q[0];\nh q[0];\nh q[0];\nh q[0];\nh q[0];\nh q[2];\ncx q[1],q[2];\ncx q[2],q[1];\nh q[0];\nh q[1];\nx q[2];\ncx q[1],q[0];", "pqc_circuit_qasm": "OPENQASM 2.0;\ninclude \"qelib1.inc\";\nqreg q[3];\ncx q[1],q[0];\nx q[2];\nh q[1];\nh q[0];\ncx q[2],q[1];\nrz(-1.9916002750396729) q[0];\nrx(2.820009469985962) q[0];\nrz(2.0959250926971436) q[0];\nrz(-1.680344581604004) q[1];\nrx(-1.5711373090744019) q[1];\nrz(-3.24804949760437) q[1];\nrz(-2.642467975616455) q[2];\nrx(-1.6631091833114624) q[2];\nrz(2.308826208114624) q[2];\ncx q[1],q[2];\nh q[2];\nh q[0];\nh q[0];\nh q[0];\nrz(-0.5924927592277527) q[0];\nrx(-1.650483250617981) q[0];\nrz(0.46900373697280884) q[0];\nrz(-0.18853484094142914) q[1];\nrx(-0.07886718213558197) q[1];\nrz(-2.565401077270508) q[1];\nrz(2.820014476776123) q[2];\nrx(-1.784751296043396) q[2];\nrz(1.0517667531967163) q[2];\nh q[0];\nh q[0];\nh q[0];\nh q[2];\ncx q[1],q[2];\nrz(2.3765764236450195) q[0];\nrx(0.36175376176834106) q[0];\nrz(0.74466872215271) q[0];\nrz(-0.6719891428947449) q[1];\nrx(1.479499101638794) q[1];\nrz(1.6290206909179688) q[1];\nrz(-1.293127417564392) q[2];\nrx(-2.300014019012451) q[2];\nrz(-0.29608839750289917) q[2];\ncx q[2],q[1];\nh q[0];\nh q[1];\nx q[2];\ncx q[1],q[0];\nrz(2.6741814613342285) q[0];\nrx(-0.022853108122944832) q[0];\nrz(0.3621690571308136) q[0];\nrz(-0.3068116307258606) q[1];\nrx(-0.15979550778865814) q[1];\nrz(-0.14298617839813232) q[1];\nrz(-0.8481846451759338) q[2];\nrx(0.9786493182182312) q[2];\nrz(-0.5481499433517456) q[2];"}