{"seed": 3179, "fidelity": 0.9994115829467773, "pqc_params": [[[-0.7843798995018005, -0.6897677183151245, 1.4103424549102783], [-3.162830352783203, -1.1687029600143433, 1.605085015296936], [0.08779174834489822, -2.746415615081787, -2.21647310256958]], [[0.6437875032424927, 0.3664422929286957, 0.07140909135341644], [-0.4408586025238037, -0.3739221394062042, -1.5929509401321411], [-3.308858871459961, 3.352893590927124, 2.950507640838623]], [[-3.10665225982666, 2.6152408123016357, -0.16452988982200623], [-1.3406822681427002, -1.46169912815094, 1.6265811920166016], [-1.0505727529525757, -0.18643952906131744, -1.6929582357406616]], [[-0.15825185179710388, -1.5551121234893799, 2.058286428451538], [2.5402603149414062, -2.951759099960327, -0.25342047214508057], [0.33898669481277466, -0.31026533246040344, -0.6013792157173157]]], "base_circuit_tokens": [["cx", [2, 1], []], ["x", [1], []], ["h", [1], []], ["h", [1], []], ["cx", [2, 1], []], ["h", [0], []], ["h", [2], []], ["h", [2], []], ["x", [2], []], ["h", [1], []], ["h", [1], []], ["x", [2], []], ["h", [2], []], ["h", [2], []], ["h", [0], []], ["cx", [2, 1], []], ["h", [1], []], ["h", [1], []], ["x", [1], []], ["cx", [2, 1], []]], "pqc_circuit_tokens": [["cx", [2, 1], []], ["x", [1], []], ["h", [1], []], ["h", [1], []], ["cx", [2, 1], []], ["rz", [0], [-0.7843798995018005]], ["rx", [0], [-0.6897677183151245]], ["rz", [0], [1.4103424549102783]], ["rz", [1], [-3.162830352783203]], ["rx", [1], [-1.1687029600143433]], ["rz", [1], [1.605085015296936]], ["rz", [2], [0.08779174834489822]], ["rx", [2], [-2.746415615081787]], ["rz", [2], [-2.21647310256958]], ["h", [0], []], ["h", [2], []], ["h", [2], []], ["x", [2], []], ["h", [1], []], ["rz", [0], [0.6437875032424927]], ["rx", [0], [0.3664422929286957]], ["rz", [0], [0.07140909135341644]], ["rz", [1], [-0.4408586025238037]], ["rx", [1], [-0.3739221394062042]], ["rz", [1], [-1.5929509401321411]], ["rz", [2], [-3.308858871459961]], ["rx", [2], [3.352893590927124]], ["rz", [2], [2.950507640838623]], ["h", [1], []], ["x", [2], []], ["h", [2], []], ["h", [2], []], ["h", [0], []], ["rz", [0], [-3.10665225982666]], ["rx", [0], [2.6152408123016357]], ["rz", [0], [-0.16452988982200623]], ["rz", [1], [-1.3406822681427002]], ["rx", [1], [-1.46169912815094]], ["rz", [1], [1.6265811920166016]], ["rz", [2], [-1.0505727529525757]], ["rx", [2], [-0.18643952906131744]], ["rz", [2], [-1.6929582357406616]], ["cx", [2, 1], []], ["h", [1], []], ["h", [1], []], ["x", [1], []], ["cx", [2, 1], []], ["rz", [0], [-0.15825185179710388]], ["rx", [0], [-1.5551121234893799]], ["rz", [0], [2.058286428451538]], ["rz", [1], [2.5402603149414062]], ["rx", [1], [-2.951759099960327]], ["rz", [1], [-0.25342047214508057]], ["rz", [2], [0.33898669481277466]], ["rx", [2], [-0.31026533246040344]], ["rz", [2], [-0.6013792157173157]]], "base_circuit_qasm": "OPENQASM 2.0;\ninclude \"qelib1.inc\";\nqreg q[3];\ncx q[2],q[1];\nx q[1];\nh q[1];\nh q[1];\ncx q[2],q[1];\nh q[0];\nh q[2];\nh q[2];\nx q[2];\nh q[1];\nh q[1];\nx q[2];\nh q[2];\nh q[2];\nh q[0];\ncx q[2],q[1];\nh q[1];\nh q[1];\nx q[1];\ncx q[2],q[1];", "pqc_circuit_qasm": "OPENQASM 2.0;\ninclude \"qelib1.inc\";\nqreg q[3];\ncx q[2],q[1];\nx q[1];\nh q[1];\nh q[1];\ncx q[2],q[1];\nrz(-0.7843798995018005) q[0];\nrx(-0.6897677183151245) q[0];\nrz(1.4103424549102783) q[0];\nrz(-3.162830352783203) q[1];\nrx(-1.1687029600143433) q[1];\nrz(1.605085015296936) q[1];\nrz(0.08779174834489822) q[2];\nrx(-2.746415615081787) q[2];\nrz(-2.21647310256958) q[2];\nh q[0];\nh q[2];\nh q[2];\nx q[2];\nh q[1];\nrz(0.6437875032424927) q[0];\nrx(0.3664422929286957) q[0];\nrz(0.07140909135341644) q[0];\nrz(-0.4408586025238037) q[1];\nrx(-0.3739221394062042) q[1];\nrz(-1.5929509401321411) q[1];\nrz(-3.308858871459961) q[2];\nrx(3.352893590927124) q[2];\nrz(2.950507640838623) q[2];\nh q[1];\nx q[2];\nh q[2];\nh q[2];\nh q[0];\nrz(-3.10665225982666) q[0];\nrx(2.6152408123016357) q[0];\nrz(-0.16452988982200623) q[0];\nrz(-1.3406822681427002) q[1];\nrx(-1.46169912815094) q[1];\nrz(1.6265811920166016) q[1];\nrz(-1.0505727529525757) q[2];\nrx(-0.18643952906131744) q[2];\nrz(-1.6929582357406616) q[2];\ncx q[2],q[1];\nh q[1];\nh q[1];\nx q[1];\ncx q[2],q[1];\nrz(-0.15825185179710388) q[0];\nrx(-1.5551121234893799) q[0];\nrz(2.058286428451538) q[0];\nrz(2.5402603149414062) q[1];\nrx(-2.951759099960327) q[1];\nrz(-0.25342047214508057) q[1];\nrz(0.33898669481277466) q[2];\nrx(-0.31026533246040344) q[2];\nrz(-0.6013792157173157) q[2];"}