{"seed": 3200, "fidelity": 0.9912782907485962, "pqc_params": [[[1.3505797386169434, 2.7579119205474854, -1.8122456073760986], [-1.1806570291519165, 1.2671078443527222, -2.2261743545532227], [-2.3917951583862305, 1.7588400840759277, 0.3665083348751068]], [[3.3929436206817627, -1.9410102367401123, 3.176804542541504], [2.190747022628784, 1.5924911499023438, -0.030108239501714706], [1.792462706565857, -1.7797119617462158, 0.4090234339237213]], [[2.3625199794769287, 1.279860496520996, 0.24637332558631897], [-0.3237714171409607, 2.1967074871063232, -2.0665225982666016], [-1.5702300071716309, 0.1963960826396942, -1.0309820175170898]], [[-2.6923818588256836, 0.8704177737236023, 0.13195668160915375], [0.4959360659122467, -3.2854671478271484, 2.6224799156188965], [1.2648553848266602, -3.605050802230835, -2.3115899562835693]]], "base_circuit_tokens": [["x", [1], []], ["x", [1], []], ["h", [2], []], ["h", [1], []], ["h", [0], []], ["h", [2], []], ["cx", [0, 2], []], ["cx", [0, 2], []], ["x", [1], []], ["h", [2], []], ["h", [2], []], ["x", [1], []], ["cx", [0, 2], []], ["cx", [0, 2], []], ["h", [2], []], ["h", [0], []], ["h", [1], []], ["h", [2], []], ["x", [1], []], ["x", [1], []]], "pqc_circuit_tokens": [["x", [1], []], ["x", [1], []], ["h", [2], []], ["h", [1], []], ["h", [0], []], ["rz", [0], [1.3505797386169434]], ["rx", [0], [2.7579119205474854]], ["rz", [0], [-1.8122456073760986]], ["rz", [1], [-1.1806570291519165]], ["rx", [1], [1.2671078443527222]], ["rz", [1], [-2.2261743545532227]], ["rz", [2], [-2.3917951583862305]], ["rx", [2], [1.7588400840759277]], ["rz", [2], [0.3665083348751068]], ["h", [2], []], ["cx", [0, 2], []], ["cx", [0, 2], []], ["x", [1], []], ["h", [2], []], ["rz", [0], [3.3929436206817627]], ["rx", [0], [-1.9410102367401123]], ["rz", [0], [3.176804542541504]], ["rz", [1], [2.190747022628784]], ["rx", [1], [1.5924911499023438]], ["rz", [1], [-0.030108239501714706]], ["rz", [2], [1.792462706565857]], ["rx", [2], [-1.7797119617462158]], ["rz", [2], [0.4090234339237213]], ["h", [2], []], ["x", [1], []], ["cx", [0, 2], []], ["cx", [0, 2], []], ["h", [2], []], ["rz", [0], [2.3625199794769287]], ["rx", [0], [1.279860496520996]], ["rz", [0], [0.24637332558631897]], ["rz", [1], [-0.3237714171409607]], ["rx", [1], [2.1967074871063232]], ["rz", [1], [-2.0665225982666016]], ["rz", [2], [-1.5702300071716309]], ["rx", [2], [0.1963960826396942]], ["rz", [2], [-1.0309820175170898]], ["h", [0], []], ["h", [1], []], ["h", [2], []], ["x", [1], []], ["x", [1], []], ["rz", [0], [-2.6923818588256836]], ["rx", [0], [0.8704177737236023]], ["rz", [0], [0.13195668160915375]], ["rz", [1], [0.4959360659122467]], ["rx", [1], [-3.2854671478271484]], ["rz", [1], [2.6224799156188965]], ["rz", [2], [1.2648553848266602]], ["rx", [2], [-3.605050802230835]], ["rz", [2], [-2.3115899562835693]]], "base_circuit_qasm": "OPENQASM 2.0;\ninclude \"qelib1.inc\";\nqreg q[3];\nx q[1];\nx q[1];\nh q[2];\nh q[1];\nh q[0];\nh q[2];\ncx q[0],q[2];\ncx q[0],q[2];\nx q[1];\nh q[2];\nh q[2];\nx q[1];\ncx q[0],q[2];\ncx q[0],q[2];\nh q[2];\nh q[0];\nh q[1];\nh q[2];\nx q[1];\nx q[1];", "pqc_circuit_qasm": "OPENQASM 2.0;\ninclude \"qelib1.inc\";\nqreg q[3];\nx q[1];\nx q[1];\nh q[2];\nh q[1];\nh q[0];\nrz(1.3505797386169434) q[0];\nrx(2.7579119205474854) q[0];\nrz(-1.8122456073760986) q[0];\nrz(-1.1806570291519165) q[1];\nrx(1.2671078443527222) q[1];\nrz(-2.2261743545532227) q[1];\nrz(-2.3917951583862305) q[2];\nrx(1.7588400840759277) q[2];\nrz(0.3665083348751068) q[2];\nh q[2];\ncx q[0],q[2];\ncx q[0],q[2];\nx q[1];\nh q[2];\nrz(3.3929436206817627) q[0];\nrx(-1.9410102367401123) q[0];\nrz(3.176804542541504) q[0];\nrz(2.190747022628784) q[1];\nrx(1.5924911499023438) q[1];\nrz(-0.030108239501714706) q[1];\nrz(1.792462706565857) q[2];\nrx(-1.7797119617462158) q[2];\nrz(0.4090234339237213) q[2];\nh q[2];\nx q[1];\ncx q[0],q[2];\ncx q[0],q[2];\nh q[2];\nrz(2.3625199794769287) q[0];\nrx(1.279860496520996) q[0];\nrz(0.24637332558631897) q[0];\nrz(-0.3237714171409607) q[1];\nrx(2.1967074871063232) q[1];\nrz(-2.0665225982666016) q[1];\nrz(-1.5702300071716309) q[2];\nrx(0.1963960826396942) q[2];\nrz(-1.0309820175170898) q[2];\nh q[0];\nh q[1];\nh q[2];\nx q[1];\nx q[1];\nrz(-2.6923818588256836) q[0];\nrx(0.8704177737236023) q[0];\nrz(0.13195668160915375) q[0];\nrz(0.4959360659122467) q[1];\nrx(-3.2854671478271484) q[1];\nrz(2.6224799156188965) q[1];\nrz(1.2648553848266602) q[2];\nrx(-3.605050802230835) q[2];\nrz(-2.3115899562835693) q[2];"}