{"seed": 3216, "fidelity": 0.9917176365852356, "pqc_params": [[[0.1726808100938797, -1.423462152481079, -2.6634981632232666], [-0.05403997749090195, -2.4456253051757812, 2.3095099925994873], [0.23604720830917358, 0.8005268573760986, 1.9316129684448242]], [[2.906550407409668, 3.714834690093994, -1.5970611572265625], [3.0995006561279297, 3.0856680870056152, 2.536999464035034], [-1.5382930040359497, 1.8128920793533325, -0.4730818271636963]], [[2.9250435829162598, -2.5544373989105225, 0.19503480195999146], [2.448056697845459, 2.7190561294555664, 2.666027545928955], [-0.8440718054771423, -2.785043478012085, -0.7053346037864685]], [[-0.20153656601905823, -0.24048849940299988, -3.0504894256591797], [-3.225527048110962, 0.40790632367134094, 2.0721025466918945], [2.9537289142608643, -2.7551276683807373, 3.056743860244751]]], "base_circuit_tokens": [["cx", [2, 1], []], ["x", [1], []], ["x", [2], []], ["cx", [1, 2], []], ["cx", [1, 0], []], ["x", [0], []], ["x", [0], []], ["h", [0], []], ["h", [1], []], ["h", [1], []], ["h", [1], []], ["h", [1], []], ["h", [0], []], ["x", [0], []], ["x", [0], []], ["cx", [1, 0], []], ["cx", [1, 2], []], ["x", [2], []], ["x", [1], []], ["cx", [2, 1], []]], "pqc_circuit_tokens": [["cx", [2, 1], []], ["x", [1], []], ["x", [2], []], ["cx", [1, 2], []], ["cx", [1, 0], []], ["rz", [0], [0.1726808100938797]], ["rx", [0], [-1.423462152481079]], ["rz", [0], [-2.6634981632232666]], ["rz", [1], [-0.05403997749090195]], ["rx", [1], [-2.4456253051757812]], ["rz", [1], [2.3095099925994873]], ["rz", [2], [0.23604720830917358]], ["rx", [2], [0.8005268573760986]], ["rz", [2], [1.9316129684448242]], ["x", [0], []], ["x", [0], []], ["h", [0], []], ["h", [1], []], ["h", [1], []], ["rz", [0], [2.906550407409668]], ["rx", [0], [3.714834690093994]], ["rz", [0], [-1.5970611572265625]], ["rz", [1], [3.0995006561279297]], ["rx", [1], [3.0856680870056152]], ["rz", [1], [2.536999464035034]], ["rz", [2], [-1.5382930040359497]], ["rx", [2], [1.8128920793533325]], ["rz", [2], [-0.4730818271636963]], ["h", [1], []], ["h", [1], []], ["h", [0], []], ["x", [0], []], ["x", [0], []], ["rz", [0], [2.9250435829162598]], ["rx", [0], [-2.5544373989105225]], ["rz", [0], [0.19503480195999146]], ["rz", [1], [2.448056697845459]], ["rx", [1], [2.7190561294555664]], ["rz", [1], [2.666027545928955]], ["rz", [2], [-0.8440718054771423]], ["rx", [2], [-2.785043478012085]], ["rz", [2], [-0.7053346037864685]], ["cx", [1, 0], []], ["cx", [1, 2], []], ["x", [2], []], ["x", [1], []], ["cx", [2, 1], []], ["rz", [0], [-0.20153656601905823]], ["rx", [0], [-0.24048849940299988]], ["rz", [0], [-3.0504894256591797]], ["rz", [1], [-3.225527048110962]], ["rx", [1], [0.40790632367134094]], ["rz", [1], [2.0721025466918945]], ["rz", [2], [2.9537289142608643]], ["rx", [2], [-2.7551276683807373]], ["rz", [2], [3.056743860244751]]], "base_circuit_qasm": "OPENQASM 2.0;\ninclude \"qelib1.inc\";\nqreg q[3];\ncx q[2],q[1];\nx q[1];\nx q[2];\ncx q[1],q[2];\ncx q[1],q[0];\nx q[0];\nx q[0];\nh q[0];\nh q[1];\nh q[1];\nh q[1];\nh q[1];\nh q[0];\nx q[0];\nx q[0];\ncx q[1],q[0];\ncx q[1],q[2];\nx q[2];\nx q[1];\ncx q[2],q[1];", "pqc_circuit_qasm": "OPENQASM 2.0;\ninclude \"qelib1.inc\";\nqreg q[3];\ncx q[2],q[1];\nx q[1];\nx q[2];\ncx q[1],q[2];\ncx q[1],q[0];\nrz(0.1726808100938797) q[0];\nrx(-1.423462152481079) q[0];\nrz(-2.6634981632232666) q[0];\nrz(-0.05403997749090195) q[1];\nrx(-2.4456253051757812) q[1];\nrz(2.3095099925994873) q[1];\nrz(0.23604720830917358) q[2];\nrx(0.8005268573760986) q[2];\nrz(1.9316129684448242) q[2];\nx q[0];\nx q[0];\nh q[0];\nh q[1];\nh q[1];\nrz(2.906550407409668) q[0];\nrx(3.714834690093994) q[0];\nrz(-1.5970611572265625) q[0];\nrz(3.0995006561279297) q[1];\nrx(3.0856680870056152) q[1];\nrz(2.536999464035034) q[1];\nrz(-1.5382930040359497) q[2];\nrx(1.8128920793533325) q[2];\nrz(-0.4730818271636963) q[2];\nh q[1];\nh q[1];\nh q[0];\nx q[0];\nx q[0];\nrz(2.9250435829162598) q[0];\nrx(-2.5544373989105225) q[0];\nrz(0.19503480195999146) q[0];\nrz(2.448056697845459) q[1];\nrx(2.7190561294555664) q[1];\nrz(2.666027545928955) q[1];\nrz(-0.8440718054771423) q[2];\nrx(-2.785043478012085) q[2];\nrz(-0.7053346037864685) q[2];\ncx q[1],q[0];\ncx q[1],q[2];\nx q[2];\nx q[1];\ncx q[2],q[1];\nrz(-0.20153656601905823) q[0];\nrx(-0.24048849940299988) q[0];\nrz(-3.0504894256591797) q[0];\nrz(-3.225527048110962) q[1];\nrx(0.40790632367134094) q[1];\nrz(2.0721025466918945) q[1];\nrz(2.9537289142608643) q[2];\nrx(-2.7551276683807373) q[2];\nrz(3.056743860244751) q[2];"}