{"seed": 3218, "fidelity": 0.9855944514274597, "pqc_params": [[[1.022816777229309, 2.0712594985961914, -1.5212340354919434], [0.4680953025817871, 1.1017451286315918, 0.8099139928817749], [0.45335859060287476, 0.7380882501602173, 1.3375221490859985]], [[1.014642596244812, 2.3615570068359375, 3.5929689407348633], [2.9149136543273926, -1.440016746520996, 2.266484022140503], [3.1455962657928467, 1.4573992490768433, -2.2336337566375732]], [[-0.9484009742736816, -1.868920922279358, -1.4147143363952637], [-2.162593364715576, -2.0570414066314697, -2.2474300861358643], [2.618316173553467, -2.119706869125366, -0.25787878036499023]], [[0.3442850112915039, 2.845212697982788, 0.42587965726852417], [1.1813215017318726, -0.1438373327255249, -1.4985392093658447], [-0.08701924979686737, 0.6398658752441406, 0.6641535758972168]]], "base_circuit_tokens": [["h", [1], []], ["cx", [1, 0], []], ["h", [2], []], ["h", [0], []], ["h", [2], []], ["h", [2], []], ["h", [2], []], ["cx", [2, 0], []], ["cx", [2, 0], []], ["x", [1], []], ["x", [1], []], ["cx", [2, 0], []], ["cx", [2, 0], []], ["h", [2], []], ["h", [2], []], ["h", [2], []], ["h", [0], []], ["h", [2], []], ["cx", [1, 0], []], ["h", [1], []]], "pqc_circuit_tokens": [["h", [1], []], ["cx", [1, 0], []], ["h", [2], []], ["h", [0], []], ["h", [2], []], ["rz", [0], [1.022816777229309]], ["rx", [0], [2.0712594985961914]], ["rz", [0], [-1.5212340354919434]], ["rz", [1], [0.4680953025817871]], ["rx", [1], [1.1017451286315918]], ["rz", [1], [0.8099139928817749]], ["rz", [2], [0.45335859060287476]], ["rx", [2], [0.7380882501602173]], ["rz", [2], [1.3375221490859985]], ["h", [2], []], ["h", [2], []], ["cx", [2, 0], []], ["cx", [2, 0], []], ["x", [1], []], ["rz", [0], [1.014642596244812]], ["rx", [0], [2.3615570068359375]], ["rz", [0], [3.5929689407348633]], ["rz", [1], [2.9149136543273926]], ["rx", [1], [-1.440016746520996]], ["rz", [1], [2.266484022140503]], ["rz", [2], [3.1455962657928467]], ["rx", [2], [1.4573992490768433]], ["rz", [2], [-2.2336337566375732]], ["x", [1], []], ["cx", [2, 0], []], ["cx", [2, 0], []], ["h", [2], []], ["h", [2], []], ["rz", [0], [-0.9484009742736816]], ["rx", [0], [-1.868920922279358]], ["rz", [0], [-1.4147143363952637]], ["rz", [1], [-2.162593364715576]], ["rx", [1], [-2.0570414066314697]], ["rz", [1], [-2.2474300861358643]], ["rz", [2], [2.618316173553467]], ["rx", [2], [-2.119706869125366]], ["rz", [2], [-0.25787878036499023]], ["h", [2], []], ["h", [0], []], ["h", [2], []], ["cx", [1, 0], []], ["h", [1], []], ["rz", [0], [0.3442850112915039]], ["rx", [0], [2.845212697982788]], ["rz", [0], [0.42587965726852417]], ["rz", [1], [1.1813215017318726]], ["rx", [1], [-0.1438373327255249]], ["rz", [1], [-1.4985392093658447]], ["rz", [2], [-0.08701924979686737]], ["rx", [2], [0.6398658752441406]], ["rz", [2], [0.6641535758972168]]], "base_circuit_qasm": "OPENQASM 2.0;\ninclude \"qelib1.inc\";\nqreg q[3];\nh q[1];\ncx q[1],q[0];\nh q[2];\nh q[0];\nh q[2];\nh q[2];\nh q[2];\ncx q[2],q[0];\ncx q[2],q[0];\nx q[1];\nx q[1];\ncx q[2],q[0];\ncx q[2],q[0];\nh q[2];\nh q[2];\nh q[2];\nh q[0];\nh q[2];\ncx q[1],q[0];\nh q[1];", "pqc_circuit_qasm": "OPENQASM 2.0;\ninclude \"qelib1.inc\";\nqreg q[3];\nh q[1];\ncx q[1],q[0];\nh q[2];\nh q[0];\nh q[2];\nrz(1.022816777229309) q[0];\nrx(2.0712594985961914) q[0];\nrz(-1.5212340354919434) q[0];\nrz(0.4680953025817871) q[1];\nrx(1.1017451286315918) q[1];\nrz(0.8099139928817749) q[1];\nrz(0.45335859060287476) q[2];\nrx(0.7380882501602173) q[2];\nrz(1.3375221490859985) q[2];\nh q[2];\nh q[2];\ncx q[2],q[0];\ncx q[2],q[0];\nx q[1];\nrz(1.014642596244812) q[0];\nrx(2.3615570068359375) q[0];\nrz(3.5929689407348633) q[0];\nrz(2.9149136543273926) q[1];\nrx(-1.440016746520996) q[1];\nrz(2.266484022140503) q[1];\nrz(3.1455962657928467) q[2];\nrx(1.4573992490768433) q[2];\nrz(-2.2336337566375732) q[2];\nx q[1];\ncx q[2],q[0];\ncx q[2],q[0];\nh q[2];\nh q[2];\nrz(-0.9484009742736816) q[0];\nrx(-1.868920922279358) q[0];\nrz(-1.4147143363952637) q[0];\nrz(-2.162593364715576) q[1];\nrx(-2.0570414066314697) q[1];\nrz(-2.2474300861358643) q[1];\nrz(2.618316173553467) q[2];\nrx(-2.119706869125366) q[2];\nrz(-0.25787878036499023) q[2];\nh q[2];\nh q[0];\nh q[2];\ncx q[1],q[0];\nh q[1];\nrz(0.3442850112915039) q[0];\nrx(2.845212697982788) q[0];\nrz(0.42587965726852417) q[0];\nrz(1.1813215017318726) q[1];\nrx(-0.1438373327255249) q[1];\nrz(-1.4985392093658447) q[1];\nrz(-0.08701924979686737) q[2];\nrx(0.6398658752441406) q[2];\nrz(0.6641535758972168) q[2];"}