{"seed": 3219, "fidelity": 0.9961534738540649, "pqc_params": [[[2.410501480102539, 2.0692825317382812, -3.3854711055755615], [-1.45253586769104, 2.8227148056030273, -1.7733579874038696], [0.4943903088569641, -2.424976348876953, -0.5362030267715454]], [[3.090996503829956, -0.4349108338356018, -0.6927521228790283], [-2.1764442920684814, -2.6445846557617188, 1.5726605653762817], [0.5228262543678284, -0.7747966051101685, 1.9317965507507324]], [[-2.6744484901428223, 0.6801061630249023, 0.27154070138931274], [2.4822139739990234, -1.0594559907913208, -0.32141146063804626], [1.3802869319915771, 0.26010313630104065, -2.982452392578125]], [[-2.904710292816162, -2.7945361137390137, -2.8107340335845947], [-2.783022403717041, 0.22552087903022766, -1.9949358701705933], [-0.3294806480407715, 3.1940228939056396, -0.2283213883638382]]], "base_circuit_tokens": [["h", [0], []], ["cx", [0, 2], []], ["x", [0], []], ["h", [1], []], ["cx", [0, 1], []], ["h", [0], []], ["x", [1], []], ["h", [1], []], ["h", [2], []], ["h", [2], []], ["h", [2], []], ["h", [2], []], ["h", [1], []], ["x", [1], []], ["h", [0], []], ["cx", [0, 1], []], ["h", [1], []], ["x", [0], []], ["cx", [0, 2], []], ["h", [0], []]], "pqc_circuit_tokens": [["h", [0], []], ["cx", [0, 2], []], ["x", [0], []], ["h", [1], []], ["cx", [0, 1], []], ["rz", [0], [2.410501480102539]], ["rx", [0], [2.0692825317382812]], ["rz", [0], [-3.3854711055755615]], ["rz", [1], [-1.45253586769104]], ["rx", [1], [2.8227148056030273]], ["rz", [1], [-1.7733579874038696]], ["rz", [2], [0.4943903088569641]], ["rx", [2], [-2.424976348876953]], ["rz", [2], [-0.5362030267715454]], ["h", [0], []], ["x", [1], []], ["h", [1], []], ["h", [2], []], ["h", [2], []], ["rz", [0], [3.090996503829956]], ["rx", [0], [-0.4349108338356018]], ["rz", [0], [-0.6927521228790283]], ["rz", [1], [-2.1764442920684814]], ["rx", [1], [-2.6445846557617188]], ["rz", [1], [1.5726605653762817]], ["rz", [2], [0.5228262543678284]], ["rx", [2], [-0.7747966051101685]], ["rz", [2], [1.9317965507507324]], ["h", [2], []], ["h", [2], []], ["h", [1], []], ["x", [1], []], ["h", [0], []], ["rz", [0], [-2.6744484901428223]], ["rx", [0], [0.6801061630249023]], ["rz", [0], [0.27154070138931274]], ["rz", [1], [2.4822139739990234]], ["rx", [1], [-1.0594559907913208]], ["rz", [1], [-0.32141146063804626]], ["rz", [2], [1.3802869319915771]], ["rx", [2], [0.26010313630104065]], ["rz", [2], [-2.982452392578125]], ["cx", [0, 1], []], ["h", [1], []], ["x", [0], []], ["cx", [0, 2], []], ["h", [0], []], ["rz", [0], [-2.904710292816162]], ["rx", [0], [-2.7945361137390137]], ["rz", [0], [-2.8107340335845947]], ["rz", [1], [-2.783022403717041]], ["rx", [1], [0.22552087903022766]], ["rz", [1], [-1.9949358701705933]], ["rz", [2], [-0.3294806480407715]], ["rx", [2], [3.1940228939056396]], ["rz", [2], [-0.2283213883638382]]], "base_circuit_qasm": "OPENQASM 2.0;\ninclude \"qelib1.inc\";\nqreg q[3];\nh q[0];\ncx q[0],q[2];\nx q[0];\nh q[1];\ncx q[0],q[1];\nh q[0];\nx q[1];\nh q[1];\nh q[2];\nh q[2];\nh q[2];\nh q[2];\nh q[1];\nx q[1];\nh q[0];\ncx q[0],q[1];\nh q[1];\nx q[0];\ncx q[0],q[2];\nh q[0];", "pqc_circuit_qasm": "OPENQASM 2.0;\ninclude \"qelib1.inc\";\nqreg q[3];\nh q[0];\ncx q[0],q[2];\nx q[0];\nh q[1];\ncx q[0],q[1];\nrz(2.410501480102539) q[0];\nrx(2.0692825317382812) q[0];\nrz(-3.3854711055755615) q[0];\nrz(-1.45253586769104) q[1];\nrx(2.8227148056030273) q[1];\nrz(-1.7733579874038696) q[1];\nrz(0.4943903088569641) q[2];\nrx(-2.424976348876953) q[2];\nrz(-0.5362030267715454) q[2];\nh q[0];\nx q[1];\nh q[1];\nh q[2];\nh q[2];\nrz(3.090996503829956) q[0];\nrx(-0.4349108338356018) q[0];\nrz(-0.6927521228790283) q[0];\nrz(-2.1764442920684814) q[1];\nrx(-2.6445846557617188) q[1];\nrz(1.5726605653762817) q[1];\nrz(0.5228262543678284) q[2];\nrx(-0.7747966051101685) q[2];\nrz(1.9317965507507324) q[2];\nh q[2];\nh q[2];\nh q[1];\nx q[1];\nh q[0];\nrz(-2.6744484901428223) q[0];\nrx(0.6801061630249023) q[0];\nrz(0.27154070138931274) q[0];\nrz(2.4822139739990234) q[1];\nrx(-1.0594559907913208) q[1];\nrz(-0.32141146063804626) q[1];\nrz(1.3802869319915771) q[2];\nrx(0.26010313630104065) q[2];\nrz(-2.982452392578125) q[2];\ncx q[0],q[1];\nh q[1];\nx q[0];\ncx q[0],q[2];\nh q[0];\nrz(-2.904710292816162) q[0];\nrx(-2.7945361137390137) q[0];\nrz(-2.8107340335845947) q[0];\nrz(-2.783022403717041) q[1];\nrx(0.22552087903022766) q[1];\nrz(-1.9949358701705933) q[1];\nrz(-0.3294806480407715) q[2];\nrx(3.1940228939056396) q[2];\nrz(-0.2283213883638382) q[2];"}