{"seed": 322, "fidelity": 0.9872307777404785, "pqc_params": [[[1.2303849458694458, 2.795164108276367, -1.8924533128738403], [3.5383551120758057, -3.561628580093384, -0.5446187853813171], [2.84009051322937, -1.1257585287094116, -1.5267411470413208]], [[-0.3848804831504822, -3.2409417629241943, -0.7312777638435364], [2.0329291820526123, 0.24029695987701416, 0.9973232746124268], [0.8947662711143494, -0.026136014610528946, 1.9338114261627197]], [[-3.055429458618164, -1.4334659576416016, 2.620110034942627], [0.5419979691505432, 2.1322827339172363, 0.05025796219706535], [-1.711623191833496, 1.5464597940444946, 0.6810041069984436]], [[-0.33126384019851685, -0.7290971279144287, 0.031347423791885376], [3.266437530517578, 0.5964471101760864, 3.3489084243774414], [-0.42841339111328125, -0.2046993225812912, -1.523250699043274]]], "base_circuit_tokens": [["cx", [0, 2], []], ["cx", [2, 0], []], ["h", [2], []], ["h", [1], []], ["h", [0], []], ["cx", [2, 1], []], ["h", [2], []], ["h", [1], []], ["x", [1], []], ["cx", [0, 1], []], ["cx", [0, 1], []], ["x", [1], []], ["h", [1], []], ["h", [2], []], ["cx", [2, 1], []], ["h", [0], []], ["h", [1], []], ["h", [2], []], ["cx", [2, 0], []], ["cx", [0, 2], []]], "pqc_circuit_tokens": [["cx", [0, 2], []], ["cx", [2, 0], []], ["h", [2], []], ["h", [1], []], ["h", [0], []], ["rz", [0], [1.2303849458694458]], ["rx", [0], [2.795164108276367]], ["rz", [0], [-1.8924533128738403]], ["rz", [1], [3.5383551120758057]], ["rx", [1], [-3.561628580093384]], ["rz", [1], [-0.5446187853813171]], ["rz", [2], [2.84009051322937]], ["rx", [2], [-1.1257585287094116]], ["rz", [2], [-1.5267411470413208]], ["cx", [2, 1], []], ["h", [2], []], ["h", [1], []], ["x", [1], []], ["cx", [0, 1], []], ["rz", [0], [-0.3848804831504822]], ["rx", [0], [-3.2409417629241943]], ["rz", [0], [-0.7312777638435364]], ["rz", [1], [2.0329291820526123]], ["rx", [1], [0.24029695987701416]], ["rz", [1], [0.9973232746124268]], ["rz", [2], [0.8947662711143494]], ["rx", [2], [-0.026136014610528946]], ["rz", [2], [1.9338114261627197]], ["cx", [0, 1], []], ["x", [1], []], ["h", [1], []], ["h", [2], []], ["cx", [2, 1], []], ["rz", [0], [-3.055429458618164]], ["rx", [0], [-1.4334659576416016]], ["rz", [0], [2.620110034942627]], ["rz", [1], [0.5419979691505432]], ["rx", [1], [2.1322827339172363]], ["rz", [1], [0.05025796219706535]], ["rz", [2], [-1.711623191833496]], ["rx", [2], [1.5464597940444946]], ["rz", [2], [0.6810041069984436]], ["h", [0], []], ["h", [1], []], ["h", [2], []], ["cx", [2, 0], []], ["cx", [0, 2], []], ["rz", [0], [-0.33126384019851685]], ["rx", [0], [-0.7290971279144287]], ["rz", [0], [0.031347423791885376]], ["rz", [1], [3.266437530517578]], ["rx", [1], [0.5964471101760864]], ["rz", [1], [3.3489084243774414]], ["rz", [2], [-0.42841339111328125]], ["rx", [2], [-0.2046993225812912]], ["rz", [2], [-1.523250699043274]]], "base_circuit_qasm": "OPENQASM 2.0;\ninclude \"qelib1.inc\";\nqreg q[3];\ncx q[0],q[2];\ncx q[2],q[0];\nh q[2];\nh q[1];\nh q[0];\ncx q[2],q[1];\nh q[2];\nh q[1];\nx q[1];\ncx q[0],q[1];\ncx q[0],q[1];\nx q[1];\nh q[1];\nh q[2];\ncx q[2],q[1];\nh q[0];\nh q[1];\nh q[2];\ncx q[2],q[0];\ncx q[0],q[2];", "pqc_circuit_qasm": "OPENQASM 2.0;\ninclude \"qelib1.inc\";\nqreg q[3];\ncx q[0],q[2];\ncx q[2],q[0];\nh q[2];\nh q[1];\nh q[0];\nrz(1.2303849458694458) q[0];\nrx(2.795164108276367) q[0];\nrz(-1.8924533128738403) q[0];\nrz(3.5383551120758057) q[1];\nrx(-3.561628580093384) q[1];\nrz(-0.5446187853813171) q[1];\nrz(2.84009051322937) q[2];\nrx(-1.1257585287094116) q[2];\nrz(-1.5267411470413208) q[2];\ncx q[2],q[1];\nh q[2];\nh q[1];\nx q[1];\ncx q[0],q[1];\nrz(-0.3848804831504822) q[0];\nrx(-3.2409417629241943) q[0];\nrz(-0.7312777638435364) q[0];\nrz(2.0329291820526123) q[1];\nrx(0.24029695987701416) q[1];\nrz(0.9973232746124268) q[1];\nrz(0.8947662711143494) q[2];\nrx(-0.026136014610528946) q[2];\nrz(1.9338114261627197) q[2];\ncx q[0],q[1];\nx q[1];\nh q[1];\nh q[2];\ncx q[2],q[1];\nrz(-3.055429458618164) q[0];\nrx(-1.4334659576416016) q[0];\nrz(2.620110034942627) q[0];\nrz(0.5419979691505432) q[1];\nrx(2.1322827339172363) q[1];\nrz(0.05025796219706535) q[1];\nrz(-1.711623191833496) q[2];\nrx(1.5464597940444946) q[2];\nrz(0.6810041069984436) q[2];\nh q[0];\nh q[1];\nh q[2];\ncx q[2],q[0];\ncx q[0],q[2];\nrz(-0.33126384019851685) q[0];\nrx(-0.7290971279144287) q[0];\nrz(0.031347423791885376) q[0];\nrz(3.266437530517578) q[1];\nrx(0.5964471101760864) q[1];\nrz(3.3489084243774414) q[1];\nrz(-0.42841339111328125) q[2];\nrx(-0.2046993225812912) q[2];\nrz(-1.523250699043274) q[2];"}