{"seed": 3234, "fidelity": 0.9998790621757507, "pqc_params": [[[2.5281240940093994, 2.3869736194610596, 1.0987082719802856], [2.208876609802246, 2.5659234523773193, 1.8556209802627563], [3.1649134159088135, 0.46449485421180725, -1.243768572807312]], [[-1.4470431804656982, -2.8561205863952637, 3.393683433532715], [-0.09936366230249405, -1.9484487771987915, 0.6984729766845703], [3.4889187812805176, 2.5454180240631104, -0.9417287111282349]], [[1.770369052886963, -1.1950384378433228, -1.9692039489746094], [-2.896026849746704, -0.9692232012748718, 3.033766508102417], [-0.2829425036907196, -0.9632025361061096, -1.7690457105636597]], [[-0.4015428423881531, 2.140594244003296, 0.8988454341888428], [-1.8221983909606934, -1.522386074066162, -1.5810599327087402], [-3.0187342166900635, -2.2406342029571533, 1.7570308446884155]]], "base_circuit_tokens": [["x", [1], []], ["h", [0], []], ["x", [0], []], ["x", [1], []], ["h", [2], []], ["h", [1], []], ["h", [0], []], ["h", [0], []], ["h", [1], []], ["h", [0], []], ["h", [0], []], ["h", [1], []], ["h", [0], []], ["h", [0], []], ["h", [1], []], ["h", [2], []], ["x", [1], []], ["x", [0], []], ["h", [0], []], ["x", [1], []]], "pqc_circuit_tokens": [["x", [1], []], ["h", [0], []], ["x", [0], []], ["x", [1], []], ["h", [2], []], ["rz", [0], [2.5281240940093994]], ["rx", [0], [2.3869736194610596]], ["rz", [0], [1.0987082719802856]], ["rz", [1], [2.208876609802246]], ["rx", [1], [2.5659234523773193]], ["rz", [1], [1.8556209802627563]], ["rz", [2], [3.1649134159088135]], ["rx", [2], [0.46449485421180725]], ["rz", [2], [-1.243768572807312]], ["h", [1], []], ["h", [0], []], ["h", [0], []], ["h", [1], []], ["h", [0], []], ["rz", [0], [-1.4470431804656982]], ["rx", [0], [-2.8561205863952637]], ["rz", [0], [3.393683433532715]], ["rz", [1], [-0.09936366230249405]], ["rx", [1], [-1.9484487771987915]], ["rz", [1], [0.6984729766845703]], ["rz", [2], [3.4889187812805176]], ["rx", [2], [2.5454180240631104]], ["rz", [2], [-0.9417287111282349]], ["h", [0], []], ["h", [1], []], ["h", [0], []], ["h", [0], []], ["h", [1], []], ["rz", [0], [1.770369052886963]], ["rx", [0], [-1.1950384378433228]], ["rz", [0], [-1.9692039489746094]], ["rz", [1], [-2.896026849746704]], ["rx", [1], [-0.9692232012748718]], ["rz", [1], [3.033766508102417]], ["rz", [2], [-0.2829425036907196]], ["rx", [2], [-0.9632025361061096]], ["rz", [2], [-1.7690457105636597]], ["h", [2], []], ["x", [1], []], ["x", [0], []], ["h", [0], []], ["x", [1], []], ["rz", [0], [-0.4015428423881531]], ["rx", [0], [2.140594244003296]], ["rz", [0], [0.8988454341888428]], ["rz", [1], [-1.8221983909606934]], ["rx", [1], [-1.522386074066162]], ["rz", [1], [-1.5810599327087402]], ["rz", [2], [-3.0187342166900635]], ["rx", [2], [-2.2406342029571533]], ["rz", [2], [1.7570308446884155]]], "base_circuit_qasm": "OPENQASM 2.0;\ninclude \"qelib1.inc\";\nqreg q[3];\nx q[1];\nh q[0];\nx q[0];\nx q[1];\nh q[2];\nh q[1];\nh q[0];\nh q[0];\nh q[1];\nh q[0];\nh q[0];\nh q[1];\nh q[0];\nh q[0];\nh q[1];\nh q[2];\nx q[1];\nx q[0];\nh q[0];\nx q[1];", "pqc_circuit_qasm": "OPENQASM 2.0;\ninclude \"qelib1.inc\";\nqreg q[3];\nx q[1];\nh q[0];\nx q[0];\nx q[1];\nh q[2];\nrz(2.5281240940093994) q[0];\nrx(2.3869736194610596) q[0];\nrz(1.0987082719802856) q[0];\nrz(2.208876609802246) q[1];\nrx(2.5659234523773193) q[1];\nrz(1.8556209802627563) q[1];\nrz(3.1649134159088135) q[2];\nrx(0.46449485421180725) q[2];\nrz(-1.243768572807312) q[2];\nh q[1];\nh q[0];\nh q[0];\nh q[1];\nh q[0];\nrz(-1.4470431804656982) q[0];\nrx(-2.8561205863952637) q[0];\nrz(3.393683433532715) q[0];\nrz(-0.09936366230249405) q[1];\nrx(-1.9484487771987915) q[1];\nrz(0.6984729766845703) q[1];\nrz(3.4889187812805176) q[2];\nrx(2.5454180240631104) q[2];\nrz(-0.9417287111282349) q[2];\nh q[0];\nh q[1];\nh q[0];\nh q[0];\nh q[1];\nrz(1.770369052886963) q[0];\nrx(-1.1950384378433228) q[0];\nrz(-1.9692039489746094) q[0];\nrz(-2.896026849746704) q[1];\nrx(-0.9692232012748718) q[1];\nrz(3.033766508102417) q[1];\nrz(-0.2829425036907196) q[2];\nrx(-0.9632025361061096) q[2];\nrz(-1.7690457105636597) q[2];\nh q[2];\nx q[1];\nx q[0];\nh q[0];\nx q[1];\nrz(-0.4015428423881531) q[0];\nrx(2.140594244003296) q[0];\nrz(0.8988454341888428) q[0];\nrz(-1.8221983909606934) q[1];\nrx(-1.522386074066162) q[1];\nrz(-1.5810599327087402) q[1];\nrz(-3.0187342166900635) q[2];\nrx(-2.2406342029571533) q[2];\nrz(1.7570308446884155) q[2];"}