{"seed": 3238, "fidelity": 0.9888697862625122, "pqc_params": [[[1.4929912090301514, 0.8253551125526428, 1.3991403579711914], [2.9205434322357178, 0.9291242361068726, 2.7549784183502197], [-2.98329496383667, 0.5795760154724121, 2.1456143856048584]], [[0.7953581809997559, -0.006954835262149572, -0.6736615896224976], [-2.0949370861053467, 0.04641798138618469, 0.8191723227500916], [-2.973606586456299, 0.40576013922691345, 2.919123649597168]], [[-1.0242341756820679, -1.391043782234192, 1.9632365703582764], [1.3129432201385498, -2.3401477336883545, -0.12272126972675323], [3.781517744064331, 2.5526580810546875, 0.10388560593128204]], [[-3.389939308166504, -1.7274410724639893, 2.853912591934204], [1.5603141784667969, 3.062553644180298, -1.4958604574203491], [3.427680492401123, -0.023848267272114754, -0.33814382553100586]]], "base_circuit_tokens": [["h", [0], []], ["h", [1], []], ["cx", [1, 2], []], ["h", [2], []], ["x", [2], []], ["cx", [1, 0], []], ["x", [0], []], ["x", [0], []], ["cx", [1, 2], []], ["x", [0], []], ["x", [0], []], ["cx", [1, 2], []], ["x", [0], []], ["x", [0], []], ["cx", [1, 0], []], ["x", [2], []], ["h", [2], []], ["cx", [1, 2], []], ["h", [1], []], ["h", [0], []]], "pqc_circuit_tokens": [["h", [0], []], ["h", [1], []], ["cx", [1, 2], []], ["h", [2], []], ["x", [2], []], ["rz", [0], [1.4929912090301514]], ["rx", [0], [0.8253551125526428]], ["rz", [0], [1.3991403579711914]], ["rz", [1], [2.9205434322357178]], ["rx", [1], [0.9291242361068726]], ["rz", [1], [2.7549784183502197]], ["rz", [2], [-2.98329496383667]], ["rx", [2], [0.5795760154724121]], ["rz", [2], [2.1456143856048584]], ["cx", [1, 0], []], ["x", [0], []], ["x", [0], []], ["cx", [1, 2], []], ["x", [0], []], ["rz", [0], [0.7953581809997559]], ["rx", [0], [-0.006954835262149572]], ["rz", [0], [-0.6736615896224976]], ["rz", [1], [-2.0949370861053467]], ["rx", [1], [0.04641798138618469]], ["rz", [1], [0.8191723227500916]], ["rz", [2], [-2.973606586456299]], ["rx", [2], [0.40576013922691345]], ["rz", [2], [2.919123649597168]], ["x", [0], []], ["cx", [1, 2], []], ["x", [0], []], ["x", [0], []], ["cx", [1, 0], []], ["rz", [0], [-1.0242341756820679]], ["rx", [0], [-1.391043782234192]], ["rz", [0], [1.9632365703582764]], ["rz", [1], [1.3129432201385498]], ["rx", [1], [-2.3401477336883545]], ["rz", [1], [-0.12272126972675323]], ["rz", [2], [3.781517744064331]], ["rx", [2], [2.5526580810546875]], ["rz", [2], [0.10388560593128204]], ["x", [2], []], ["h", [2], []], ["cx", [1, 2], []], ["h", [1], []], ["h", [0], []], ["rz", [0], [-3.389939308166504]], ["rx", [0], [-1.7274410724639893]], ["rz", [0], [2.853912591934204]], ["rz", [1], [1.5603141784667969]], ["rx", [1], [3.062553644180298]], ["rz", [1], [-1.4958604574203491]], ["rz", [2], [3.427680492401123]], ["rx", [2], [-0.023848267272114754]], ["rz", [2], [-0.33814382553100586]]], "base_circuit_qasm": "OPENQASM 2.0;\ninclude \"qelib1.inc\";\nqreg q[3];\nh q[0];\nh q[1];\ncx q[1],q[2];\nh q[2];\nx q[2];\ncx q[1],q[0];\nx q[0];\nx q[0];\ncx q[1],q[2];\nx q[0];\nx q[0];\ncx q[1],q[2];\nx q[0];\nx q[0];\ncx q[1],q[0];\nx q[2];\nh q[2];\ncx q[1],q[2];\nh q[1];\nh q[0];", "pqc_circuit_qasm": "OPENQASM 2.0;\ninclude \"qelib1.inc\";\nqreg q[3];\nh q[0];\nh q[1];\ncx q[1],q[2];\nh q[2];\nx q[2];\nrz(1.4929912090301514) q[0];\nrx(0.8253551125526428) q[0];\nrz(1.3991403579711914) q[0];\nrz(2.9205434322357178) q[1];\nrx(0.9291242361068726) q[1];\nrz(2.7549784183502197) q[1];\nrz(-2.98329496383667) q[2];\nrx(0.5795760154724121) q[2];\nrz(2.1456143856048584) q[2];\ncx q[1],q[0];\nx q[0];\nx q[0];\ncx q[1],q[2];\nx q[0];\nrz(0.7953581809997559) q[0];\nrx(-0.006954835262149572) q[0];\nrz(-0.6736615896224976) q[0];\nrz(-2.0949370861053467) q[1];\nrx(0.04641798138618469) q[1];\nrz(0.8191723227500916) q[1];\nrz(-2.973606586456299) q[2];\nrx(0.40576013922691345) q[2];\nrz(2.919123649597168) q[2];\nx q[0];\ncx q[1],q[2];\nx q[0];\nx q[0];\ncx q[1],q[0];\nrz(-1.0242341756820679) q[0];\nrx(-1.391043782234192) q[0];\nrz(1.9632365703582764) q[0];\nrz(1.3129432201385498) q[1];\nrx(-2.3401477336883545) q[1];\nrz(-0.12272126972675323) q[1];\nrz(3.781517744064331) q[2];\nrx(2.5526580810546875) q[2];\nrz(0.10388560593128204) q[2];\nx q[2];\nh q[2];\ncx q[1],q[2];\nh q[1];\nh q[0];\nrz(-3.389939308166504) q[0];\nrx(-1.7274410724639893) q[0];\nrz(2.853912591934204) q[0];\nrz(1.5603141784667969) q[1];\nrx(3.062553644180298) q[1];\nrz(-1.4958604574203491) q[1];\nrz(3.427680492401123) q[2];\nrx(-0.023848267272114754) q[2];\nrz(-0.33814382553100586) q[2];"}