{"seed": 324, "fidelity": 0.9542039036750793, "pqc_params": [[[0.8093060255050659, -0.18914033472537994, 0.004098138306289911], [1.6714774370193481, 0.28987282514572144, 2.9828684329986572], [2.1175460815429688, 0.1330118328332901, 3.586215019226074]], [[-1.4604127407073975, -3.4204025268554688, -0.2087962031364441], [-2.0779290199279785, -0.5523324608802795, 2.1227197647094727], [-0.376946359872818, -0.1031908243894577, 3.1150577068328857]], [[-1.8933497667312622, 0.563697338104248, 2.3471426963806152], [1.4519703388214111, 3.481703281402588, 2.8161489963531494], [1.3144391775131226, -0.2627708613872528, 0.5718259811401367]], [[1.7876731157302856, 2.7714600563049316, 1.1414988040924072], [-0.3650270700454712, -2.407545328140259, 2.7858660221099854], [-3.0337469577789307, 0.10245261341333389, 1.1146559715270996]]], "base_circuit_tokens": [["x", [1], []], ["x", [0], []], ["cx", [2, 1], []], ["h", [1], []], ["x", [2], []], ["cx", [0, 2], []], ["h", [0], []], ["h", [1], []], ["h", [2], []], ["h", [0], []], ["h", [0], []], ["h", [2], []], ["h", [1], []], ["h", [0], []], ["cx", [0, 2], []], ["x", [2], []], ["h", [1], []], ["cx", [2, 1], []], ["x", [0], []], ["x", [1], []]], "pqc_circuit_tokens": [["x", [1], []], ["x", [0], []], ["cx", [2, 1], []], ["h", [1], []], ["x", [2], []], ["rz", [0], [0.8093060255050659]], ["rx", [0], [-0.18914033472537994]], ["rz", [0], [0.004098138306289911]], ["rz", [1], [1.6714774370193481]], ["rx", [1], [0.28987282514572144]], ["rz", [1], [2.9828684329986572]], ["rz", [2], [2.1175460815429688]], ["rx", [2], [0.1330118328332901]], ["rz", [2], [3.586215019226074]], ["cx", [0, 2], []], ["h", [0], []], ["h", [1], []], ["h", [2], []], ["h", [0], []], ["rz", [0], [-1.4604127407073975]], ["rx", [0], [-3.4204025268554688]], ["rz", [0], [-0.2087962031364441]], ["rz", [1], [-2.0779290199279785]], ["rx", [1], [-0.5523324608802795]], ["rz", [1], [2.1227197647094727]], ["rz", [2], [-0.376946359872818]], ["rx", [2], [-0.1031908243894577]], ["rz", [2], [3.1150577068328857]], ["h", [0], []], ["h", [2], []], ["h", [1], []], ["h", [0], []], ["cx", [0, 2], []], ["rz", [0], [-1.8933497667312622]], ["rx", [0], [0.563697338104248]], ["rz", [0], [2.3471426963806152]], ["rz", [1], [1.4519703388214111]], ["rx", [1], [3.481703281402588]], ["rz", [1], [2.8161489963531494]], ["rz", [2], [1.3144391775131226]], ["rx", [2], [-0.2627708613872528]], ["rz", [2], [0.5718259811401367]], ["x", [2], []], ["h", [1], []], ["cx", [2, 1], []], ["x", [0], []], ["x", [1], []], ["rz", [0], [1.7876731157302856]], ["rx", [0], [2.7714600563049316]], ["rz", [0], [1.1414988040924072]], ["rz", [1], [-0.3650270700454712]], ["rx", [1], [-2.407545328140259]], ["rz", [1], [2.7858660221099854]], ["rz", [2], [-3.0337469577789307]], ["rx", [2], [0.10245261341333389]], ["rz", [2], [1.1146559715270996]]], "base_circuit_qasm": "OPENQASM 2.0;\ninclude \"qelib1.inc\";\nqreg q[3];\nx q[1];\nx q[0];\ncx q[2],q[1];\nh q[1];\nx q[2];\ncx q[0],q[2];\nh q[0];\nh q[1];\nh q[2];\nh q[0];\nh q[0];\nh q[2];\nh q[1];\nh q[0];\ncx q[0],q[2];\nx q[2];\nh q[1];\ncx q[2],q[1];\nx q[0];\nx q[1];", "pqc_circuit_qasm": "OPENQASM 2.0;\ninclude \"qelib1.inc\";\nqreg q[3];\nx q[1];\nx q[0];\ncx q[2],q[1];\nh q[1];\nx q[2];\nrz(0.8093060255050659) q[0];\nrx(-0.18914033472537994) q[0];\nrz(0.004098138306289911) q[0];\nrz(1.6714774370193481) q[1];\nrx(0.28987282514572144) q[1];\nrz(2.9828684329986572) q[1];\nrz(2.1175460815429688) q[2];\nrx(0.1330118328332901) q[2];\nrz(3.586215019226074) q[2];\ncx q[0],q[2];\nh q[0];\nh q[1];\nh q[2];\nh q[0];\nrz(-1.4604127407073975) q[0];\nrx(-3.4204025268554688) q[0];\nrz(-0.2087962031364441) q[0];\nrz(-2.0779290199279785) q[1];\nrx(-0.5523324608802795) q[1];\nrz(2.1227197647094727) q[1];\nrz(-0.376946359872818) q[2];\nrx(-0.1031908243894577) q[2];\nrz(3.1150577068328857) q[2];\nh q[0];\nh q[2];\nh q[1];\nh q[0];\ncx q[0],q[2];\nrz(-1.8933497667312622) q[0];\nrx(0.563697338104248) q[0];\nrz(2.3471426963806152) q[0];\nrz(1.4519703388214111) q[1];\nrx(3.481703281402588) q[1];\nrz(2.8161489963531494) q[1];\nrz(1.3144391775131226) q[2];\nrx(-0.2627708613872528) q[2];\nrz(0.5718259811401367) q[2];\nx q[2];\nh q[1];\ncx q[2],q[1];\nx q[0];\nx q[1];\nrz(1.7876731157302856) q[0];\nrx(2.7714600563049316) q[0];\nrz(1.1414988040924072) q[0];\nrz(-0.3650270700454712) q[1];\nrx(-2.407545328140259) q[1];\nrz(2.7858660221099854) q[1];\nrz(-3.0337469577789307) q[2];\nrx(0.10245261341333389) q[2];\nrz(1.1146559715270996) q[2];"}