{"seed": 3240, "fidelity": 0.9974923133850098, "pqc_params": [[[1.6075958013534546, 0.10241380333900452, -3.340482234954834], [1.0486053228378296, 0.7851799130439758, -2.2845804691314697], [3.713022470474243, -2.2448983192443848, 1.3529936075210571]], [[-0.11805833876132965, -1.8099174499511719, 3.0980186462402344], [2.5482232570648193, 2.7831153869628906, -0.07579474151134491], [-0.3194926381111145, -0.10061530023813248, 3.219303607940674]], [[-2.6795105934143066, 0.2328748255968094, -0.8875432014465332], [-2.347238540649414, 0.6691707372665405, 1.9735990762710571], [-1.3275703191757202, 2.2899692058563232, 1.709862470626831]], [[-2.679016590118408, -0.0328359492123127, -0.6999539136886597], [-0.20943215489387512, 1.6654071807861328, -3.2139763832092285], [3.3373029232025146, 2.828193426132202, -2.8334031105041504]]], "base_circuit_tokens": [["h", [0], []], ["h", [1], []], ["cx", [1, 2], []], ["x", [2], []], ["h", [2], []], ["h", [1], []], ["h", [0], []], ["x", [0], []], ["cx", [2, 0], []], ["h", [1], []], ["h", [1], []], ["cx", [2, 0], []], ["x", [0], []], ["h", [0], []], ["h", [1], []], ["h", [2], []], ["x", [2], []], ["cx", [1, 2], []], ["h", [1], []], ["h", [0], []]], "pqc_circuit_tokens": [["h", [0], []], ["h", [1], []], ["cx", [1, 2], []], ["x", [2], []], ["h", [2], []], ["rz", [0], [1.6075958013534546]], ["rx", [0], [0.10241380333900452]], ["rz", [0], [-3.340482234954834]], ["rz", [1], [1.0486053228378296]], ["rx", [1], [0.7851799130439758]], ["rz", [1], [-2.2845804691314697]], ["rz", [2], [3.713022470474243]], ["rx", [2], [-2.2448983192443848]], ["rz", [2], [1.3529936075210571]], ["h", [1], []], ["h", [0], []], ["x", [0], []], ["cx", [2, 0], []], ["h", [1], []], ["rz", [0], [-0.11805833876132965]], ["rx", [0], [-1.8099174499511719]], ["rz", [0], [3.0980186462402344]], ["rz", [1], [2.5482232570648193]], ["rx", [1], [2.7831153869628906]], ["rz", [1], [-0.07579474151134491]], ["rz", [2], [-0.3194926381111145]], ["rx", [2], [-0.10061530023813248]], ["rz", [2], [3.219303607940674]], ["h", [1], []], ["cx", [2, 0], []], ["x", [0], []], ["h", [0], []], ["h", [1], []], ["rz", [0], [-2.6795105934143066]], ["rx", [0], [0.2328748255968094]], ["rz", [0], [-0.8875432014465332]], ["rz", [1], [-2.347238540649414]], ["rx", [1], [0.6691707372665405]], ["rz", [1], [1.9735990762710571]], ["rz", [2], [-1.3275703191757202]], ["rx", [2], [2.2899692058563232]], ["rz", [2], [1.709862470626831]], ["h", [2], []], ["x", [2], []], ["cx", [1, 2], []], ["h", [1], []], ["h", [0], []], ["rz", [0], [-2.679016590118408]], ["rx", [0], [-0.0328359492123127]], ["rz", [0], [-0.6999539136886597]], ["rz", [1], [-0.20943215489387512]], ["rx", [1], [1.6654071807861328]], ["rz", [1], [-3.2139763832092285]], ["rz", [2], [3.3373029232025146]], ["rx", [2], [2.828193426132202]], ["rz", [2], [-2.8334031105041504]]], "base_circuit_qasm": "OPENQASM 2.0;\ninclude \"qelib1.inc\";\nqreg q[3];\nh q[0];\nh q[1];\ncx q[1],q[2];\nx q[2];\nh q[2];\nh q[1];\nh q[0];\nx q[0];\ncx q[2],q[0];\nh q[1];\nh q[1];\ncx q[2],q[0];\nx q[0];\nh q[0];\nh q[1];\nh q[2];\nx q[2];\ncx q[1],q[2];\nh q[1];\nh q[0];", "pqc_circuit_qasm": "OPENQASM 2.0;\ninclude \"qelib1.inc\";\nqreg q[3];\nh q[0];\nh q[1];\ncx q[1],q[2];\nx q[2];\nh q[2];\nrz(1.6075958013534546) q[0];\nrx(0.10241380333900452) q[0];\nrz(-3.340482234954834) q[0];\nrz(1.0486053228378296) q[1];\nrx(0.7851799130439758) q[1];\nrz(-2.2845804691314697) q[1];\nrz(3.713022470474243) q[2];\nrx(-2.2448983192443848) q[2];\nrz(1.3529936075210571) q[2];\nh q[1];\nh q[0];\nx q[0];\ncx q[2],q[0];\nh q[1];\nrz(-0.11805833876132965) q[0];\nrx(-1.8099174499511719) q[0];\nrz(3.0980186462402344) q[0];\nrz(2.5482232570648193) q[1];\nrx(2.7831153869628906) q[1];\nrz(-0.07579474151134491) q[1];\nrz(-0.3194926381111145) q[2];\nrx(-0.10061530023813248) q[2];\nrz(3.219303607940674) q[2];\nh q[1];\ncx q[2],q[0];\nx q[0];\nh q[0];\nh q[1];\nrz(-2.6795105934143066) q[0];\nrx(0.2328748255968094) q[0];\nrz(-0.8875432014465332) q[0];\nrz(-2.347238540649414) q[1];\nrx(0.6691707372665405) q[1];\nrz(1.9735990762710571) q[1];\nrz(-1.3275703191757202) q[2];\nrx(2.2899692058563232) q[2];\nrz(1.709862470626831) q[2];\nh q[2];\nx q[2];\ncx q[1],q[2];\nh q[1];\nh q[0];\nrz(-2.679016590118408) q[0];\nrx(-0.0328359492123127) q[0];\nrz(-0.6999539136886597) q[0];\nrz(-0.20943215489387512) q[1];\nrx(1.6654071807861328) q[1];\nrz(-3.2139763832092285) q[1];\nrz(3.3373029232025146) q[2];\nrx(2.828193426132202) q[2];\nrz(-2.8334031105041504) q[2];"}