{"seed": 326, "fidelity": 0.9987203478813171, "pqc_params": [[[0.9951088428497314, 2.5569911003112793, -0.010986410081386566], [-0.858386754989624, -1.5949410200119019, 3.1312599182128906], [0.21283914148807526, -2.5615394115448, -0.04047584906220436]], [[2.323729991912842, -3.2643327713012695, 2.7631447315216064], [-0.6224187016487122, -0.6607108116149902, -0.4341312646865845], [0.689410924911499, 0.33157673478126526, 1.7593152523040771]], [[-1.3562510013580322, 3.1832046508789062, -2.9774770736694336], [-0.32421231269836426, 2.7427756786346436, 1.7994954586029053], [-0.13916516304016113, -1.5732535123825073, 2.650104284286499]], [[-2.4677700996398926, 3.2226219177246094, 0.7760761380195618], [-1.8139009475708008, 0.0230559129267931, 1.2945324182510376], [-2.971630811691284, 0.09794217348098755, -2.8177034854888916]]], "base_circuit_tokens": [["h", [1], []], ["h", [0], []], ["cx", [2, 0], []], ["h", [1], []], ["cx", [0, 1], []], ["h", [2], []], ["h", [0], []], ["x", [2], []], ["h", [1], []], ["h", [0], []], ["h", [0], []], ["h", [1], []], ["x", [2], []], ["h", [0], []], ["h", [2], []], ["cx", [0, 1], []], ["h", [1], []], ["cx", [2, 0], []], ["h", [0], []], ["h", [1], []]], "pqc_circuit_tokens": [["h", [1], []], ["h", [0], []], ["cx", [2, 0], []], ["h", [1], []], ["cx", [0, 1], []], ["rz", [0], [0.9951088428497314]], ["rx", [0], [2.5569911003112793]], ["rz", [0], [-0.010986410081386566]], ["rz", [1], [-0.858386754989624]], ["rx", [1], [-1.5949410200119019]], ["rz", [1], [3.1312599182128906]], ["rz", [2], [0.21283914148807526]], ["rx", [2], [-2.5615394115448]], ["rz", [2], [-0.04047584906220436]], ["h", [2], []], ["h", [0], []], ["x", [2], []], ["h", [1], []], ["h", [0], []], ["rz", [0], [2.323729991912842]], ["rx", [0], [-3.2643327713012695]], ["rz", [0], [2.7631447315216064]], ["rz", [1], [-0.6224187016487122]], ["rx", [1], [-0.6607108116149902]], ["rz", [1], [-0.4341312646865845]], ["rz", [2], [0.689410924911499]], ["rx", [2], [0.33157673478126526]], ["rz", [2], [1.7593152523040771]], ["h", [0], []], ["h", [1], []], ["x", [2], []], ["h", [0], []], ["h", [2], []], ["rz", [0], [-1.3562510013580322]], ["rx", [0], [3.1832046508789062]], ["rz", [0], [-2.9774770736694336]], ["rz", [1], [-0.32421231269836426]], ["rx", [1], [2.7427756786346436]], ["rz", [1], [1.7994954586029053]], ["rz", [2], [-0.13916516304016113]], ["rx", [2], [-1.5732535123825073]], ["rz", [2], [2.650104284286499]], ["cx", [0, 1], []], ["h", [1], []], ["cx", [2, 0], []], ["h", [0], []], ["h", [1], []], ["rz", [0], [-2.4677700996398926]], ["rx", [0], [3.2226219177246094]], ["rz", [0], [0.7760761380195618]], ["rz", [1], [-1.8139009475708008]], ["rx", [1], [0.0230559129267931]], ["rz", [1], [1.2945324182510376]], ["rz", [2], [-2.971630811691284]], ["rx", [2], [0.09794217348098755]], ["rz", [2], [-2.8177034854888916]]], "base_circuit_qasm": "OPENQASM 2.0;\ninclude \"qelib1.inc\";\nqreg q[3];\nh q[1];\nh q[0];\ncx q[2],q[0];\nh q[1];\ncx q[0],q[1];\nh q[2];\nh q[0];\nx q[2];\nh q[1];\nh q[0];\nh q[0];\nh q[1];\nx q[2];\nh q[0];\nh q[2];\ncx q[0],q[1];\nh q[1];\ncx q[2],q[0];\nh q[0];\nh q[1];", "pqc_circuit_qasm": "OPENQASM 2.0;\ninclude \"qelib1.inc\";\nqreg q[3];\nh q[1];\nh q[0];\ncx q[2],q[0];\nh q[1];\ncx q[0],q[1];\nrz(0.9951088428497314) q[0];\nrx(2.5569911003112793) q[0];\nrz(-0.010986410081386566) q[0];\nrz(-0.858386754989624) q[1];\nrx(-1.5949410200119019) q[1];\nrz(3.1312599182128906) q[1];\nrz(0.21283914148807526) q[2];\nrx(-2.5615394115448) q[2];\nrz(-0.04047584906220436) q[2];\nh q[2];\nh q[0];\nx q[2];\nh q[1];\nh q[0];\nrz(2.323729991912842) q[0];\nrx(-3.2643327713012695) q[0];\nrz(2.7631447315216064) q[0];\nrz(-0.6224187016487122) q[1];\nrx(-0.6607108116149902) q[1];\nrz(-0.4341312646865845) q[1];\nrz(0.689410924911499) q[2];\nrx(0.33157673478126526) q[2];\nrz(1.7593152523040771) q[2];\nh q[0];\nh q[1];\nx q[2];\nh q[0];\nh q[2];\nrz(-1.3562510013580322) q[0];\nrx(3.1832046508789062) q[0];\nrz(-2.9774770736694336) q[0];\nrz(-0.32421231269836426) q[1];\nrx(2.7427756786346436) q[1];\nrz(1.7994954586029053) q[1];\nrz(-0.13916516304016113) q[2];\nrx(-1.5732535123825073) q[2];\nrz(2.650104284286499) q[2];\ncx q[0],q[1];\nh q[1];\ncx q[2],q[0];\nh q[0];\nh q[1];\nrz(-2.4677700996398926) q[0];\nrx(3.2226219177246094) q[0];\nrz(0.7760761380195618) q[0];\nrz(-1.8139009475708008) q[1];\nrx(0.0230559129267931) q[1];\nrz(1.2945324182510376) q[1];\nrz(-2.971630811691284) q[2];\nrx(0.09794217348098755) q[2];\nrz(-2.8177034854888916) q[2];"}