{"seed": 3263, "fidelity": 0.9955630302429199, "pqc_params": [[[2.9003660678863525, 3.0309340953826904, -2.5891225337982178], [-1.6877930164337158, 0.3119402527809143, 2.67895245552063], [-2.4825732707977295, -0.6336346864700317, 3.085310935974121]], [[-2.8359615802764893, -3.008497714996338, -2.7347123622894287], [-0.2704712748527527, 2.967498540878296, -0.16280107200145721], [-0.2565138041973114, -3.241135358810425, -2.57686448097229]], [[-0.6305722594261169, -0.29689815640449524, 2.5646378993988037], [-2.0955684185028076, -0.35370633006095886, 0.9115055203437805], [-2.098491668701172, 2.957258701324463, 0.9983183741569519]], [[0.6686286330223083, 3.05643630027771, -2.3709161281585693], [-2.1397995948791504, 3.140230894088745, -2.0411453247070312], [0.340271919965744, -3.156513214111328, 0.44184809923171997]]], "base_circuit_tokens": [["h", [0], []], ["h", [2], []], ["cx", [2, 0], []], ["x", [2], []], ["cx", [0, 1], []], ["h", [0], []], ["x", [0], []], ["h", [2], []], ["cx", [2, 1], []], ["cx", [2, 0], []], ["cx", [2, 0], []], ["cx", [2, 1], []], ["h", [2], []], ["x", [0], []], ["h", [0], []], ["cx", [0, 1], []], ["x", [2], []], ["cx", [2, 0], []], ["h", [2], []], ["h", [0], []]], "pqc_circuit_tokens": [["h", [0], []], ["h", [2], []], ["cx", [2, 0], []], ["x", [2], []], ["cx", [0, 1], []], ["rz", [0], [2.9003660678863525]], ["rx", [0], [3.0309340953826904]], ["rz", [0], [-2.5891225337982178]], ["rz", [1], [-1.6877930164337158]], ["rx", [1], [0.3119402527809143]], ["rz", [1], [2.67895245552063]], ["rz", [2], [-2.4825732707977295]], ["rx", [2], [-0.6336346864700317]], ["rz", [2], [3.085310935974121]], ["h", [0], []], ["x", [0], []], ["h", [2], []], ["cx", [2, 1], []], ["cx", [2, 0], []], ["rz", [0], [-2.8359615802764893]], ["rx", [0], [-3.008497714996338]], ["rz", [0], [-2.7347123622894287]], ["rz", [1], [-0.2704712748527527]], ["rx", [1], [2.967498540878296]], ["rz", [1], [-0.16280107200145721]], ["rz", [2], [-0.2565138041973114]], ["rx", [2], [-3.241135358810425]], ["rz", [2], [-2.57686448097229]], ["cx", [2, 0], []], ["cx", [2, 1], []], ["h", [2], []], ["x", [0], []], ["h", [0], []], ["rz", [0], [-0.6305722594261169]], ["rx", [0], [-0.29689815640449524]], ["rz", [0], [2.5646378993988037]], ["rz", [1], [-2.0955684185028076]], ["rx", [1], [-0.35370633006095886]], ["rz", [1], [0.9115055203437805]], ["rz", [2], [-2.098491668701172]], ["rx", [2], [2.957258701324463]], ["rz", [2], [0.9983183741569519]], ["cx", [0, 1], []], ["x", [2], []], ["cx", [2, 0], []], ["h", [2], []], ["h", [0], []], ["rz", [0], [0.6686286330223083]], ["rx", [0], [3.05643630027771]], ["rz", [0], [-2.3709161281585693]], ["rz", [1], [-2.1397995948791504]], ["rx", [1], [3.140230894088745]], ["rz", [1], [-2.0411453247070312]], ["rz", [2], [0.340271919965744]], ["rx", [2], [-3.156513214111328]], ["rz", [2], [0.44184809923171997]]], "base_circuit_qasm": "OPENQASM 2.0;\ninclude \"qelib1.inc\";\nqreg q[3];\nh q[0];\nh q[2];\ncx q[2],q[0];\nx q[2];\ncx q[0],q[1];\nh q[0];\nx q[0];\nh q[2];\ncx q[2],q[1];\ncx q[2],q[0];\ncx q[2],q[0];\ncx q[2],q[1];\nh q[2];\nx q[0];\nh q[0];\ncx q[0],q[1];\nx q[2];\ncx q[2],q[0];\nh q[2];\nh q[0];", "pqc_circuit_qasm": "OPENQASM 2.0;\ninclude \"qelib1.inc\";\nqreg q[3];\nh q[0];\nh q[2];\ncx q[2],q[0];\nx q[2];\ncx q[0],q[1];\nrz(2.9003660678863525) q[0];\nrx(3.0309340953826904) q[0];\nrz(-2.5891225337982178) q[0];\nrz(-1.6877930164337158) q[1];\nrx(0.3119402527809143) q[1];\nrz(2.67895245552063) q[1];\nrz(-2.4825732707977295) q[2];\nrx(-0.6336346864700317) q[2];\nrz(3.085310935974121) q[2];\nh q[0];\nx q[0];\nh q[2];\ncx q[2],q[1];\ncx q[2],q[0];\nrz(-2.8359615802764893) q[0];\nrx(-3.008497714996338) q[0];\nrz(-2.7347123622894287) q[0];\nrz(-0.2704712748527527) q[1];\nrx(2.967498540878296) q[1];\nrz(-0.16280107200145721) q[1];\nrz(-0.2565138041973114) q[2];\nrx(-3.241135358810425) q[2];\nrz(-2.57686448097229) q[2];\ncx q[2],q[0];\ncx q[2],q[1];\nh q[2];\nx q[0];\nh q[0];\nrz(-0.6305722594261169) q[0];\nrx(-0.29689815640449524) q[0];\nrz(2.5646378993988037) q[0];\nrz(-2.0955684185028076) q[1];\nrx(-0.35370633006095886) q[1];\nrz(0.9115055203437805) q[1];\nrz(-2.098491668701172) q[2];\nrx(2.957258701324463) q[2];\nrz(0.9983183741569519) q[2];\ncx q[0],q[1];\nx q[2];\ncx q[2],q[0];\nh q[2];\nh q[0];\nrz(0.6686286330223083) q[0];\nrx(3.05643630027771) q[0];\nrz(-2.3709161281585693) q[0];\nrz(-2.1397995948791504) q[1];\nrx(3.140230894088745) q[1];\nrz(-2.0411453247070312) q[1];\nrz(0.340271919965744) q[2];\nrx(-3.156513214111328) q[2];\nrz(0.44184809923171997) q[2];"}