{"seed": 3274, "fidelity": 0.9753290414810181, "pqc_params": [[[2.123603343963623, 3.50836181640625, 1.0007712841033936], [1.3318190574645996, -0.2573568820953369, -2.540722131729126], [0.622626543045044, 3.3929319381713867, 1.0958324670791626]], [[0.036781832575798035, 2.4936130046844482, 0.05303329601883888], [-2.095099925994873, -1.349892497062683, -1.3875539302825928], [0.3557041585445404, -3.1247622966766357, -2.65075945854187]], [[-1.9147899150848389, -0.3086031973361969, -2.5009000301361084], [3.975839853286743, 2.2847211360931396, -0.22737696766853333], [0.29800552129745483, 1.30679190158844, -0.1815546154975891]], [[-0.012047738768160343, -0.18452036380767822, -0.09896433353424072], [-3.340212106704712, -1.7429994344711304, -3.2168374061584473], [0.5611118078231812, 0.16500143706798553, -2.5736138820648193]]], "base_circuit_tokens": [["h", [1], []], ["cx", [1, 0], []], ["h", [1], []], ["h", [2], []], ["x", [1], []], ["x", [2], []], ["h", [0], []], ["cx", [2, 0], []], ["h", [2], []], ["h", [0], []], ["h", [0], []], ["h", [2], []], ["cx", [2, 0], []], ["h", [0], []], ["x", [2], []], ["x", [1], []], ["h", [2], []], ["h", [1], []], ["cx", [1, 0], []], ["h", [1], []]], "pqc_circuit_tokens": [["h", [1], []], ["cx", [1, 0], []], ["h", [1], []], ["h", [2], []], ["x", [1], []], ["rz", [0], [2.123603343963623]], ["rx", [0], [3.50836181640625]], ["rz", [0], [1.0007712841033936]], ["rz", [1], [1.3318190574645996]], ["rx", [1], [-0.2573568820953369]], ["rz", [1], [-2.540722131729126]], ["rz", [2], [0.622626543045044]], ["rx", [2], [3.3929319381713867]], ["rz", [2], [1.0958324670791626]], ["x", [2], []], ["h", [0], []], ["cx", [2, 0], []], ["h", [2], []], ["h", [0], []], ["rz", [0], [0.036781832575798035]], ["rx", [0], [2.4936130046844482]], ["rz", [0], [0.05303329601883888]], ["rz", [1], [-2.095099925994873]], ["rx", [1], [-1.349892497062683]], ["rz", [1], [-1.3875539302825928]], ["rz", [2], [0.3557041585445404]], ["rx", [2], [-3.1247622966766357]], ["rz", [2], [-2.65075945854187]], ["h", [0], []], ["h", [2], []], ["cx", [2, 0], []], ["h", [0], []], ["x", [2], []], ["rz", [0], [-1.9147899150848389]], ["rx", [0], [-0.3086031973361969]], ["rz", [0], [-2.5009000301361084]], ["rz", [1], [3.975839853286743]], ["rx", [1], [2.2847211360931396]], ["rz", [1], [-0.22737696766853333]], ["rz", [2], [0.29800552129745483]], ["rx", [2], [1.30679190158844]], ["rz", [2], [-0.1815546154975891]], ["x", [1], []], ["h", [2], []], ["h", [1], []], ["cx", [1, 0], []], ["h", [1], []], ["rz", [0], [-0.012047738768160343]], ["rx", [0], [-0.18452036380767822]], ["rz", [0], [-0.09896433353424072]], ["rz", [1], [-3.340212106704712]], ["rx", [1], [-1.7429994344711304]], ["rz", [1], [-3.2168374061584473]], ["rz", [2], [0.5611118078231812]], ["rx", [2], [0.16500143706798553]], ["rz", [2], [-2.5736138820648193]]], "base_circuit_qasm": "OPENQASM 2.0;\ninclude \"qelib1.inc\";\nqreg q[3];\nh q[1];\ncx q[1],q[0];\nh q[1];\nh q[2];\nx q[1];\nx q[2];\nh q[0];\ncx q[2],q[0];\nh q[2];\nh q[0];\nh q[0];\nh q[2];\ncx q[2],q[0];\nh q[0];\nx q[2];\nx q[1];\nh q[2];\nh q[1];\ncx q[1],q[0];\nh q[1];", "pqc_circuit_qasm": "OPENQASM 2.0;\ninclude \"qelib1.inc\";\nqreg q[3];\nh q[1];\ncx q[1],q[0];\nh q[1];\nh q[2];\nx q[1];\nrz(2.123603343963623) q[0];\nrx(3.50836181640625) q[0];\nrz(1.0007712841033936) q[0];\nrz(1.3318190574645996) q[1];\nrx(-0.2573568820953369) q[1];\nrz(-2.540722131729126) q[1];\nrz(0.622626543045044) q[2];\nrx(3.3929319381713867) q[2];\nrz(1.0958324670791626) q[2];\nx q[2];\nh q[0];\ncx q[2],q[0];\nh q[2];\nh q[0];\nrz(0.036781832575798035) q[0];\nrx(2.4936130046844482) q[0];\nrz(0.05303329601883888) q[0];\nrz(-2.095099925994873) q[1];\nrx(-1.349892497062683) q[1];\nrz(-1.3875539302825928) q[1];\nrz(0.3557041585445404) q[2];\nrx(-3.1247622966766357) q[2];\nrz(-2.65075945854187) q[2];\nh q[0];\nh q[2];\ncx q[2],q[0];\nh q[0];\nx q[2];\nrz(-1.9147899150848389) q[0];\nrx(-0.3086031973361969) q[0];\nrz(-2.5009000301361084) q[0];\nrz(3.975839853286743) q[1];\nrx(2.2847211360931396) q[1];\nrz(-0.22737696766853333) q[1];\nrz(0.29800552129745483) q[2];\nrx(1.30679190158844) q[2];\nrz(-0.1815546154975891) q[2];\nx q[1];\nh q[2];\nh q[1];\ncx q[1],q[0];\nh q[1];\nrz(-0.012047738768160343) q[0];\nrx(-0.18452036380767822) q[0];\nrz(-0.09896433353424072) q[0];\nrz(-3.340212106704712) q[1];\nrx(-1.7429994344711304) q[1];\nrz(-3.2168374061584473) q[1];\nrz(0.5611118078231812) q[2];\nrx(0.16500143706798553) q[2];\nrz(-2.5736138820648193) q[2];"}