{"seed": 3276, "fidelity": 0.9806510806083679, "pqc_params": [[[2.5764455795288086, 0.19466319680213928, 1.8121331930160522], [-2.612705945968628, 2.9149646759033203, 2.0995304584503174], [0.08455882966518402, 2.114576816558838, 1.0201016664505005]], [[3.304028034210205, 2.8604748249053955, 0.26964008808135986], [1.3085787296295166, -1.9259834289550781, -3.2553210258483887], [-2.6243693828582764, 2.612063407897949, -2.459775686264038]], [[1.7045093774795532, -0.7364485263824463, -3.6593499183654785], [-1.1771143674850464, -3.1863839626312256, -0.9341421723365784], [2.8811018466949463, -3.6868433952331543, 1.125361680984497]], [[2.2064287662506104, 1.2984639406204224, 1.4193029403686523], [-2.0806894302368164, 3.1493518352508545, 1.189767837524414], [-2.260005474090576, 1.2973260879516602, -0.790434718132019]]], "base_circuit_tokens": [["h", [2], []], ["cx", [0, 1], []], ["x", [0], []], ["h", [2], []], ["h", [0], []], ["x", [1], []], ["cx", [1, 0], []], ["cx", [2, 0], []], ["h", [2], []], ["x", [2], []], ["x", [2], []], ["h", [2], []], ["cx", [2, 0], []], ["cx", [1, 0], []], ["x", [1], []], ["h", [0], []], ["h", [2], []], ["x", [0], []], ["cx", [0, 1], []], ["h", [2], []]], "pqc_circuit_tokens": [["h", [2], []], ["cx", [0, 1], []], ["x", [0], []], ["h", [2], []], ["h", [0], []], ["rz", [0], [2.5764455795288086]], ["rx", [0], [0.19466319680213928]], ["rz", [0], [1.8121331930160522]], ["rz", [1], [-2.612705945968628]], ["rx", [1], [2.9149646759033203]], ["rz", [1], [2.0995304584503174]], ["rz", [2], [0.08455882966518402]], ["rx", [2], [2.114576816558838]], ["rz", [2], [1.0201016664505005]], ["x", [1], []], ["cx", [1, 0], []], ["cx", [2, 0], []], ["h", [2], []], ["x", [2], []], ["rz", [0], [3.304028034210205]], ["rx", [0], [2.8604748249053955]], ["rz", [0], [0.26964008808135986]], ["rz", [1], [1.3085787296295166]], ["rx", [1], [-1.9259834289550781]], ["rz", [1], [-3.2553210258483887]], ["rz", [2], [-2.6243693828582764]], ["rx", [2], [2.612063407897949]], ["rz", [2], [-2.459775686264038]], ["x", [2], []], ["h", [2], []], ["cx", [2, 0], []], ["cx", [1, 0], []], ["x", [1], []], ["rz", [0], [1.7045093774795532]], ["rx", [0], [-0.7364485263824463]], ["rz", [0], [-3.6593499183654785]], ["rz", [1], [-1.1771143674850464]], ["rx", [1], [-3.1863839626312256]], ["rz", [1], [-0.9341421723365784]], ["rz", [2], [2.8811018466949463]], ["rx", [2], [-3.6868433952331543]], ["rz", [2], [1.125361680984497]], ["h", [0], []], ["h", [2], []], ["x", [0], []], ["cx", [0, 1], []], ["h", [2], []], ["rz", [0], [2.2064287662506104]], ["rx", [0], [1.2984639406204224]], ["rz", [0], [1.4193029403686523]], ["rz", [1], [-2.0806894302368164]], ["rx", [1], [3.1493518352508545]], ["rz", [1], [1.189767837524414]], ["rz", [2], [-2.260005474090576]], ["rx", [2], [1.2973260879516602]], ["rz", [2], [-0.790434718132019]]], "base_circuit_qasm": "OPENQASM 2.0;\ninclude \"qelib1.inc\";\nqreg q[3];\nh q[2];\ncx q[0],q[1];\nx q[0];\nh q[2];\nh q[0];\nx q[1];\ncx q[1],q[0];\ncx q[2],q[0];\nh q[2];\nx q[2];\nx q[2];\nh q[2];\ncx q[2],q[0];\ncx q[1],q[0];\nx q[1];\nh q[0];\nh q[2];\nx q[0];\ncx q[0],q[1];\nh q[2];", "pqc_circuit_qasm": "OPENQASM 2.0;\ninclude \"qelib1.inc\";\nqreg q[3];\nh q[2];\ncx q[0],q[1];\nx q[0];\nh q[2];\nh q[0];\nrz(2.5764455795288086) q[0];\nrx(0.19466319680213928) q[0];\nrz(1.8121331930160522) q[0];\nrz(-2.612705945968628) q[1];\nrx(2.9149646759033203) q[1];\nrz(2.0995304584503174) q[1];\nrz(0.08455882966518402) q[2];\nrx(2.114576816558838) q[2];\nrz(1.0201016664505005) q[2];\nx q[1];\ncx q[1],q[0];\ncx q[2],q[0];\nh q[2];\nx q[2];\nrz(3.304028034210205) q[0];\nrx(2.8604748249053955) q[0];\nrz(0.26964008808135986) q[0];\nrz(1.3085787296295166) q[1];\nrx(-1.9259834289550781) q[1];\nrz(-3.2553210258483887) q[1];\nrz(-2.6243693828582764) q[2];\nrx(2.612063407897949) q[2];\nrz(-2.459775686264038) q[2];\nx q[2];\nh q[2];\ncx q[2],q[0];\ncx q[1],q[0];\nx q[1];\nrz(1.7045093774795532) q[0];\nrx(-0.7364485263824463) q[0];\nrz(-3.6593499183654785) q[0];\nrz(-1.1771143674850464) q[1];\nrx(-3.1863839626312256) q[1];\nrz(-0.9341421723365784) q[1];\nrz(2.8811018466949463) q[2];\nrx(-3.6868433952331543) q[2];\nrz(1.125361680984497) q[2];\nh q[0];\nh q[2];\nx q[0];\ncx q[0],q[1];\nh q[2];\nrz(2.2064287662506104) q[0];\nrx(1.2984639406204224) q[0];\nrz(1.4193029403686523) q[0];\nrz(-2.0806894302368164) q[1];\nrx(3.1493518352508545) q[1];\nrz(1.189767837524414) q[1];\nrz(-2.260005474090576) q[2];\nrx(1.2973260879516602) q[2];\nrz(-0.790434718132019) q[2];"}