{"seed": 3281, "fidelity": 0.9979119300842285, "pqc_params": [[[0.012975596822798252, -2.437488555908203, -0.7066755294799805], [-0.7503279447555542, 2.8451147079467773, -2.173008918762207], [-0.17896920442581177, -0.9530084729194641, -1.0005295276641846]], [[-2.4080417156219482, 1.5547077655792236, -1.8832848072052002], [-0.6614810228347778, 0.140329048037529, 0.23920400440692902], [0.7547178864479065, -1.4839669466018677, 0.16463150084018707]], [[2.919403314590454, -1.4040781259536743, 2.1031782627105713], [-3.0838348865509033, -0.036220770329236984, -1.9917373657226562], [-1.7884711027145386, -3.856555938720703, -1.2086724042892456]], [[2.12440824508667, 3.2046687602996826, -0.9616483449935913], [2.2361419200897217, 0.004351806361228228, -2.339554786682129], [1.3294897079467773, -0.003058565314859152, -1.8439080715179443]]], "base_circuit_tokens": [["cx", [0, 1], []], ["x", [0], []], ["cx", [2, 0], []], ["cx", [2, 0], []], ["cx", [0, 2], []], ["h", [0], []], ["x", [2], []], ["h", [2], []], ["h", [1], []], ["x", [0], []], ["x", [0], []], ["h", [1], []], ["h", [2], []], ["x", [2], []], ["h", [0], []], ["cx", [0, 2], []], ["cx", [2, 0], []], ["cx", [2, 0], []], ["x", [0], []], ["cx", [0, 1], []]], "pqc_circuit_tokens": [["cx", [0, 1], []], ["x", [0], []], ["cx", [2, 0], []], ["cx", [2, 0], []], ["cx", [0, 2], []], ["rz", [0], [0.012975596822798252]], ["rx", [0], [-2.437488555908203]], ["rz", [0], [-0.7066755294799805]], ["rz", [1], [-0.7503279447555542]], ["rx", [1], [2.8451147079467773]], ["rz", [1], [-2.173008918762207]], ["rz", [2], [-0.17896920442581177]], ["rx", [2], [-0.9530084729194641]], ["rz", [2], [-1.0005295276641846]], ["h", [0], []], ["x", [2], []], ["h", [2], []], ["h", [1], []], ["x", [0], []], ["rz", [0], [-2.4080417156219482]], ["rx", [0], [1.5547077655792236]], ["rz", [0], [-1.8832848072052002]], ["rz", [1], [-0.6614810228347778]], ["rx", [1], [0.140329048037529]], ["rz", [1], [0.23920400440692902]], ["rz", [2], [0.7547178864479065]], ["rx", [2], [-1.4839669466018677]], ["rz", [2], [0.16463150084018707]], ["x", [0], []], ["h", [1], []], ["h", [2], []], ["x", [2], []], ["h", [0], []], ["rz", [0], [2.919403314590454]], ["rx", [0], [-1.4040781259536743]], ["rz", [0], [2.1031782627105713]], ["rz", [1], [-3.0838348865509033]], ["rx", [1], [-0.036220770329236984]], ["rz", [1], [-1.9917373657226562]], ["rz", [2], [-1.7884711027145386]], ["rx", [2], [-3.856555938720703]], ["rz", [2], [-1.2086724042892456]], ["cx", [0, 2], []], ["cx", [2, 0], []], ["cx", [2, 0], []], ["x", [0], []], ["cx", [0, 1], []], ["rz", [0], [2.12440824508667]], ["rx", [0], [3.2046687602996826]], ["rz", [0], [-0.9616483449935913]], ["rz", [1], [2.2361419200897217]], ["rx", [1], [0.004351806361228228]], ["rz", [1], [-2.339554786682129]], ["rz", [2], [1.3294897079467773]], ["rx", [2], [-0.003058565314859152]], ["rz", [2], [-1.8439080715179443]]], "base_circuit_qasm": "OPENQASM 2.0;\ninclude \"qelib1.inc\";\nqreg q[3];\ncx q[0],q[1];\nx q[0];\ncx q[2],q[0];\ncx q[2],q[0];\ncx q[0],q[2];\nh q[0];\nx q[2];\nh q[2];\nh q[1];\nx q[0];\nx q[0];\nh q[1];\nh q[2];\nx q[2];\nh q[0];\ncx q[0],q[2];\ncx q[2],q[0];\ncx q[2],q[0];\nx q[0];\ncx q[0],q[1];", "pqc_circuit_qasm": "OPENQASM 2.0;\ninclude \"qelib1.inc\";\nqreg q[3];\ncx q[0],q[1];\nx q[0];\ncx q[2],q[0];\ncx q[2],q[0];\ncx q[0],q[2];\nrz(0.012975596822798252) q[0];\nrx(-2.437488555908203) q[0];\nrz(-0.7066755294799805) q[0];\nrz(-0.7503279447555542) q[1];\nrx(2.8451147079467773) q[1];\nrz(-2.173008918762207) q[1];\nrz(-0.17896920442581177) q[2];\nrx(-0.9530084729194641) q[2];\nrz(-1.0005295276641846) q[2];\nh q[0];\nx q[2];\nh q[2];\nh q[1];\nx q[0];\nrz(-2.4080417156219482) q[0];\nrx(1.5547077655792236) q[0];\nrz(-1.8832848072052002) q[0];\nrz(-0.6614810228347778) q[1];\nrx(0.140329048037529) q[1];\nrz(0.23920400440692902) q[1];\nrz(0.7547178864479065) q[2];\nrx(-1.4839669466018677) q[2];\nrz(0.16463150084018707) q[2];\nx q[0];\nh q[1];\nh q[2];\nx q[2];\nh q[0];\nrz(2.919403314590454) q[0];\nrx(-1.4040781259536743) q[0];\nrz(2.1031782627105713) q[0];\nrz(-3.0838348865509033) q[1];\nrx(-0.036220770329236984) q[1];\nrz(-1.9917373657226562) q[1];\nrz(-1.7884711027145386) q[2];\nrx(-3.856555938720703) q[2];\nrz(-1.2086724042892456) q[2];\ncx q[0],q[2];\ncx q[2],q[0];\ncx q[2],q[0];\nx q[0];\ncx q[0],q[1];\nrz(2.12440824508667) q[0];\nrx(3.2046687602996826) q[0];\nrz(-0.9616483449935913) q[0];\nrz(2.2361419200897217) q[1];\nrx(0.004351806361228228) q[1];\nrz(-2.339554786682129) q[1];\nrz(1.3294897079467773) q[2];\nrx(-0.003058565314859152) q[2];\nrz(-1.8439080715179443) q[2];"}