{"seed": 3287, "fidelity": 0.9978594779968262, "pqc_params": [[[-2.0144948959350586, 0.7515267729759216, -0.6101425290107727], [-0.8858250379562378, 0.8203502893447876, 1.1732771396636963], [3.480036735534668, -1.0917617082595825, 0.09847987443208694]], [[0.9266343712806702, 2.158989191055298, -1.4050357341766357], [1.4001671075820923, 1.5533483028411865, 2.0398292541503906], [2.344691514968872, 0.7042757272720337, -2.610950469970703]], [[1.9422675371170044, 0.15561020374298096, -2.3510828018188477], [-1.5803253650665283, 2.560722589492798, -1.5502866506576538], [3.0889313220977783, 1.2129911184310913, -1.6622322797775269]], [[-0.5461229681968689, -3.137289047241211, -0.4419359266757965], [1.993011236190796, 0.05262698233127594, 3.370218515396118], [2.270965099334717, -2.4333300590515137, 0.000592959753703326]]], "base_circuit_tokens": [["x", [2], []], ["cx", [1, 0], []], ["x", [2], []], ["h", [2], []], ["h", [2], []], ["h", [1], []], ["x", [0], []], ["x", [1], []], ["x", [0], []], ["h", [2], []], ["h", [2], []], ["x", [0], []], ["x", [1], []], ["x", [0], []], ["h", [1], []], ["h", [2], []], ["h", [2], []], ["x", [2], []], ["cx", [1, 0], []], ["x", [2], []]], "pqc_circuit_tokens": [["x", [2], []], ["cx", [1, 0], []], ["x", [2], []], ["h", [2], []], ["h", [2], []], ["rz", [0], [-2.0144948959350586]], ["rx", [0], [0.7515267729759216]], ["rz", [0], [-0.6101425290107727]], ["rz", [1], [-0.8858250379562378]], ["rx", [1], [0.8203502893447876]], ["rz", [1], [1.1732771396636963]], ["rz", [2], [3.480036735534668]], ["rx", [2], [-1.0917617082595825]], ["rz", [2], [0.09847987443208694]], ["h", [1], []], ["x", [0], []], ["x", [1], []], ["x", [0], []], ["h", [2], []], ["rz", [0], [0.9266343712806702]], ["rx", [0], [2.158989191055298]], ["rz", [0], [-1.4050357341766357]], ["rz", [1], [1.4001671075820923]], ["rx", [1], [1.5533483028411865]], ["rz", [1], [2.0398292541503906]], ["rz", [2], [2.344691514968872]], ["rx", [2], [0.7042757272720337]], ["rz", [2], [-2.610950469970703]], ["h", [2], []], ["x", [0], []], ["x", [1], []], ["x", [0], []], ["h", [1], []], ["rz", [0], [1.9422675371170044]], ["rx", [0], [0.15561020374298096]], ["rz", [0], [-2.3510828018188477]], ["rz", [1], [-1.5803253650665283]], ["rx", [1], [2.560722589492798]], ["rz", [1], [-1.5502866506576538]], ["rz", [2], [3.0889313220977783]], ["rx", [2], [1.2129911184310913]], ["rz", [2], [-1.6622322797775269]], ["h", [2], []], ["h", [2], []], ["x", [2], []], ["cx", [1, 0], []], ["x", [2], []], ["rz", [0], [-0.5461229681968689]], ["rx", [0], [-3.137289047241211]], ["rz", [0], [-0.4419359266757965]], ["rz", [1], [1.993011236190796]], ["rx", [1], [0.05262698233127594]], ["rz", [1], [3.370218515396118]], ["rz", [2], [2.270965099334717]], ["rx", [2], [-2.4333300590515137]], ["rz", [2], [0.000592959753703326]]], "base_circuit_qasm": "OPENQASM 2.0;\ninclude \"qelib1.inc\";\nqreg q[3];\nx q[2];\ncx q[1],q[0];\nx q[2];\nh q[2];\nh q[2];\nh q[1];\nx q[0];\nx q[1];\nx q[0];\nh q[2];\nh q[2];\nx q[0];\nx q[1];\nx q[0];\nh q[1];\nh q[2];\nh q[2];\nx q[2];\ncx q[1],q[0];\nx q[2];", "pqc_circuit_qasm": "OPENQASM 2.0;\ninclude \"qelib1.inc\";\nqreg q[3];\nx q[2];\ncx q[1],q[0];\nx q[2];\nh q[2];\nh q[2];\nrz(-2.0144948959350586) q[0];\nrx(0.7515267729759216) q[0];\nrz(-0.6101425290107727) q[0];\nrz(-0.8858250379562378) q[1];\nrx(0.8203502893447876) q[1];\nrz(1.1732771396636963) q[1];\nrz(3.480036735534668) q[2];\nrx(-1.0917617082595825) q[2];\nrz(0.09847987443208694) q[2];\nh q[1];\nx q[0];\nx q[1];\nx q[0];\nh q[2];\nrz(0.9266343712806702) q[0];\nrx(2.158989191055298) q[0];\nrz(-1.4050357341766357) q[0];\nrz(1.4001671075820923) q[1];\nrx(1.5533483028411865) q[1];\nrz(2.0398292541503906) q[1];\nrz(2.344691514968872) q[2];\nrx(0.7042757272720337) q[2];\nrz(-2.610950469970703) q[2];\nh q[2];\nx q[0];\nx q[1];\nx q[0];\nh q[1];\nrz(1.9422675371170044) q[0];\nrx(0.15561020374298096) q[0];\nrz(-2.3510828018188477) q[0];\nrz(-1.5803253650665283) q[1];\nrx(2.560722589492798) q[1];\nrz(-1.5502866506576538) q[1];\nrz(3.0889313220977783) q[2];\nrx(1.2129911184310913) q[2];\nrz(-1.6622322797775269) q[2];\nh q[2];\nh q[2];\nx q[2];\ncx q[1],q[0];\nx q[2];\nrz(-0.5461229681968689) q[0];\nrx(-3.137289047241211) q[0];\nrz(-0.4419359266757965) q[0];\nrz(1.993011236190796) q[1];\nrx(0.05262698233127594) q[1];\nrz(3.370218515396118) q[1];\nrz(2.270965099334717) q[2];\nrx(-2.4333300590515137) q[2];\nrz(0.000592959753703326) q[2];"}