{"seed": 3303, "fidelity": 0.9998099207878113, "pqc_params": [[[-0.8854814767837524, -2.562258720397949, -3.254145383834839], [1.0490301847457886, -0.8452649116516113, -1.4701621532440186], [2.0072195529937744, 3.2283921241760254, -1.5285805463790894]], [[1.5363788604736328, 0.6943630576133728, -2.4043898582458496], [-2.205958366394043, 2.4300453662872314, -0.6639066934585571], [-2.5782854557037354, -3.1446471214294434, 3.3434457778930664]], [[3.042208671569824, 2.3566017150878906, 1.1866992712020874], [1.6636226177215576, 3.182053327560425, 0.7269977331161499], [-0.886408805847168, -3.0399422645568848, -1.21079683303833]], [[2.853070020675659, 1.9685349464416504, -0.24979259073734283], [1.0627989768981934, -3.2495481967926025, 0.0725623145699501], [-1.7186027765274048, 2.730416774749756, -0.7217333316802979]]], "base_circuit_tokens": [["h", [1], []], ["h", [0], []], ["x", [1], []], ["cx", [0, 2], []], ["h", [2], []], ["h", [2], []], ["h", [1], []], ["h", [1], []], ["cx", [2, 0], []], ["h", [1], []], ["h", [1], []], ["cx", [2, 0], []], ["h", [1], []], ["h", [1], []], ["h", [2], []], ["h", [2], []], ["cx", [0, 2], []], ["x", [1], []], ["h", [0], []], ["h", [1], []]], "pqc_circuit_tokens": [["h", [1], []], ["h", [0], []], ["x", [1], []], ["cx", [0, 2], []], ["h", [2], []], ["rz", [0], [-0.8854814767837524]], ["rx", [0], [-2.562258720397949]], ["rz", [0], [-3.254145383834839]], ["rz", [1], [1.0490301847457886]], ["rx", [1], [-0.8452649116516113]], ["rz", [1], [-1.4701621532440186]], ["rz", [2], [2.0072195529937744]], ["rx", [2], [3.2283921241760254]], ["rz", [2], [-1.5285805463790894]], ["h", [2], []], ["h", [1], []], ["h", [1], []], ["cx", [2, 0], []], ["h", [1], []], ["rz", [0], [1.5363788604736328]], ["rx", [0], [0.6943630576133728]], ["rz", [0], [-2.4043898582458496]], ["rz", [1], [-2.205958366394043]], ["rx", [1], [2.4300453662872314]], ["rz", [1], [-0.6639066934585571]], ["rz", [2], [-2.5782854557037354]], ["rx", [2], [-3.1446471214294434]], ["rz", [2], [3.3434457778930664]], ["h", [1], []], ["cx", [2, 0], []], ["h", [1], []], ["h", [1], []], ["h", [2], []], ["rz", [0], [3.042208671569824]], ["rx", [0], [2.3566017150878906]], ["rz", [0], [1.1866992712020874]], ["rz", [1], [1.6636226177215576]], ["rx", [1], [3.182053327560425]], ["rz", [1], [0.7269977331161499]], ["rz", [2], [-0.886408805847168]], ["rx", [2], [-3.0399422645568848]], ["rz", [2], [-1.21079683303833]], ["h", [2], []], ["cx", [0, 2], []], ["x", [1], []], ["h", [0], []], ["h", [1], []], ["rz", [0], [2.853070020675659]], ["rx", [0], [1.9685349464416504]], ["rz", [0], [-0.24979259073734283]], ["rz", [1], [1.0627989768981934]], ["rx", [1], [-3.2495481967926025]], ["rz", [1], [0.0725623145699501]], ["rz", [2], [-1.7186027765274048]], ["rx", [2], [2.730416774749756]], ["rz", [2], [-0.7217333316802979]]], "base_circuit_qasm": "OPENQASM 2.0;\ninclude \"qelib1.inc\";\nqreg q[3];\nh q[1];\nh q[0];\nx q[1];\ncx q[0],q[2];\nh q[2];\nh q[2];\nh q[1];\nh q[1];\ncx q[2],q[0];\nh q[1];\nh q[1];\ncx q[2],q[0];\nh q[1];\nh q[1];\nh q[2];\nh q[2];\ncx q[0],q[2];\nx q[1];\nh q[0];\nh q[1];", "pqc_circuit_qasm": "OPENQASM 2.0;\ninclude \"qelib1.inc\";\nqreg q[3];\nh q[1];\nh q[0];\nx q[1];\ncx q[0],q[2];\nh q[2];\nrz(-0.8854814767837524) q[0];\nrx(-2.562258720397949) q[0];\nrz(-3.254145383834839) q[0];\nrz(1.0490301847457886) q[1];\nrx(-0.8452649116516113) q[1];\nrz(-1.4701621532440186) q[1];\nrz(2.0072195529937744) q[2];\nrx(3.2283921241760254) q[2];\nrz(-1.5285805463790894) q[2];\nh q[2];\nh q[1];\nh q[1];\ncx q[2],q[0];\nh q[1];\nrz(1.5363788604736328) q[0];\nrx(0.6943630576133728) q[0];\nrz(-2.4043898582458496) q[0];\nrz(-2.205958366394043) q[1];\nrx(2.4300453662872314) q[1];\nrz(-0.6639066934585571) q[1];\nrz(-2.5782854557037354) q[2];\nrx(-3.1446471214294434) q[2];\nrz(3.3434457778930664) q[2];\nh q[1];\ncx q[2],q[0];\nh q[1];\nh q[1];\nh q[2];\nrz(3.042208671569824) q[0];\nrx(2.3566017150878906) q[0];\nrz(1.1866992712020874) q[0];\nrz(1.6636226177215576) q[1];\nrx(3.182053327560425) q[1];\nrz(0.7269977331161499) q[1];\nrz(-0.886408805847168) q[2];\nrx(-3.0399422645568848) q[2];\nrz(-1.21079683303833) q[2];\nh q[2];\ncx q[0],q[2];\nx q[1];\nh q[0];\nh q[1];\nrz(2.853070020675659) q[0];\nrx(1.9685349464416504) q[0];\nrz(-0.24979259073734283) q[0];\nrz(1.0627989768981934) q[1];\nrx(-3.2495481967926025) q[1];\nrz(0.0725623145699501) q[1];\nrz(-1.7186027765274048) q[2];\nrx(2.730416774749756) q[2];\nrz(-0.7217333316802979) q[2];"}