{"seed": 3308, "fidelity": 0.9989480972290039, "pqc_params": [[[3.0527687072753906, -2.8163082599639893, 0.011658968403935432], [-0.7341437339782715, 1.9443957805633545, -0.02246621623635292], [2.397592306137085, 0.22247785329818726, -3.1547787189483643]], [[2.1426005363464355, 3.1414520740509033, 2.248102903366089], [-2.6617541313171387, 0.09551908820867538, -2.1421964168548584], [-3.4329071044921875, -1.2002304792404175, 0.5321237444877625]], [[0.279645711183548, -2.049215316772461, 0.5054996013641357], [-0.1371515393257141, 2.410278081893921, -0.7849575877189636], [-1.83733332157135, -1.0037415027618408, -0.005081637296825647]], [[-2.5508968830108643, -2.5731945037841797, 2.319578170776367], [-1.923290729522705, -0.5408002138137817, 2.8563621044158936], [1.606896162033081, -1.5351125001907349, -0.8422268629074097]]], "base_circuit_tokens": [["x", [1], []], ["h", [1], []], ["h", [2], []], ["h", [1], []], ["h", [0], []], ["x", [1], []], ["h", [2], []], ["x", [0], []], ["cx", [1, 0], []], ["h", [2], []], ["h", [2], []], ["cx", [1, 0], []], ["x", [0], []], ["h", [2], []], ["x", [1], []], ["h", [0], []], ["h", [1], []], ["h", [2], []], ["h", [1], []], ["x", [1], []]], "pqc_circuit_tokens": [["x", [1], []], ["h", [1], []], ["h", [2], []], ["h", [1], []], ["h", [0], []], ["rz", [0], [3.0527687072753906]], ["rx", [0], [-2.8163082599639893]], ["rz", [0], [0.011658968403935432]], ["rz", [1], [-0.7341437339782715]], ["rx", [1], [1.9443957805633545]], ["rz", [1], [-0.02246621623635292]], ["rz", [2], [2.397592306137085]], ["rx", [2], [0.22247785329818726]], ["rz", [2], [-3.1547787189483643]], ["x", [1], []], ["h", [2], []], ["x", [0], []], ["cx", [1, 0], []], ["h", [2], []], ["rz", [0], [2.1426005363464355]], ["rx", [0], [3.1414520740509033]], ["rz", [0], [2.248102903366089]], ["rz", [1], [-2.6617541313171387]], ["rx", [1], [0.09551908820867538]], ["rz", [1], [-2.1421964168548584]], ["rz", [2], [-3.4329071044921875]], ["rx", [2], [-1.2002304792404175]], ["rz", [2], [0.5321237444877625]], ["h", [2], []], ["cx", [1, 0], []], ["x", [0], []], ["h", [2], []], ["x", [1], []], ["rz", [0], [0.279645711183548]], ["rx", [0], [-2.049215316772461]], ["rz", [0], [0.5054996013641357]], ["rz", [1], [-0.1371515393257141]], ["rx", [1], [2.410278081893921]], ["rz", [1], [-0.7849575877189636]], ["rz", [2], [-1.83733332157135]], ["rx", [2], [-1.0037415027618408]], ["rz", [2], [-0.005081637296825647]], ["h", [0], []], ["h", [1], []], ["h", [2], []], ["h", [1], []], ["x", [1], []], ["rz", [0], [-2.5508968830108643]], ["rx", [0], [-2.5731945037841797]], ["rz", [0], [2.319578170776367]], ["rz", [1], [-1.923290729522705]], ["rx", [1], [-0.5408002138137817]], ["rz", [1], [2.8563621044158936]], ["rz", [2], [1.606896162033081]], ["rx", [2], [-1.5351125001907349]], ["rz", [2], [-0.8422268629074097]]], "base_circuit_qasm": "OPENQASM 2.0;\ninclude \"qelib1.inc\";\nqreg q[3];\nx q[1];\nh q[1];\nh q[2];\nh q[1];\nh q[0];\nx q[1];\nh q[2];\nx q[0];\ncx q[1],q[0];\nh q[2];\nh q[2];\ncx q[1],q[0];\nx q[0];\nh q[2];\nx q[1];\nh q[0];\nh q[1];\nh q[2];\nh q[1];\nx q[1];", "pqc_circuit_qasm": "OPENQASM 2.0;\ninclude \"qelib1.inc\";\nqreg q[3];\nx q[1];\nh q[1];\nh q[2];\nh q[1];\nh q[0];\nrz(3.0527687072753906) q[0];\nrx(-2.8163082599639893) q[0];\nrz(0.011658968403935432) q[0];\nrz(-0.7341437339782715) q[1];\nrx(1.9443957805633545) q[1];\nrz(-0.02246621623635292) q[1];\nrz(2.397592306137085) q[2];\nrx(0.22247785329818726) q[2];\nrz(-3.1547787189483643) q[2];\nx q[1];\nh q[2];\nx q[0];\ncx q[1],q[0];\nh q[2];\nrz(2.1426005363464355) q[0];\nrx(3.1414520740509033) q[0];\nrz(2.248102903366089) q[0];\nrz(-2.6617541313171387) q[1];\nrx(0.09551908820867538) q[1];\nrz(-2.1421964168548584) q[1];\nrz(-3.4329071044921875) q[2];\nrx(-1.2002304792404175) q[2];\nrz(0.5321237444877625) q[2];\nh q[2];\ncx q[1],q[0];\nx q[0];\nh q[2];\nx q[1];\nrz(0.279645711183548) q[0];\nrx(-2.049215316772461) q[0];\nrz(0.5054996013641357) q[0];\nrz(-0.1371515393257141) q[1];\nrx(2.410278081893921) q[1];\nrz(-0.7849575877189636) q[1];\nrz(-1.83733332157135) q[2];\nrx(-1.0037415027618408) q[2];\nrz(-0.005081637296825647) q[2];\nh q[0];\nh q[1];\nh q[2];\nh q[1];\nx q[1];\nrz(-2.5508968830108643) q[0];\nrx(-2.5731945037841797) q[0];\nrz(2.319578170776367) q[0];\nrz(-1.923290729522705) q[1];\nrx(-0.5408002138137817) q[1];\nrz(2.8563621044158936) q[1];\nrz(1.606896162033081) q[2];\nrx(-1.5351125001907349) q[2];\nrz(-0.8422268629074097) q[2];"}