{"seed": 3321, "fidelity": 0.9932448267936707, "pqc_params": [[[-2.361074686050415, 0.1102130115032196, 1.4056466817855835], [0.07066575437784195, 0.6986103057861328, -3.057206392288208], [1.406965970993042, -1.0563002824783325, 0.19934043288230896]], [[1.0529369115829468, 0.3333145081996918, -2.4002809524536133], [0.040026579052209854, -3.1262876987457275, 0.8280215263366699], [-2.0364444255828857, 0.14638955891132355, 0.27584362030029297]], [[0.04979058727622032, -2.4470136165618896, -0.59300696849823], [0.7926202416419983, 0.6178916096687317, 0.03931739181280136], [-0.8286213874816895, 2.1330320835113525, -2.138935089111328]], [[-0.44470351934432983, -0.09313292056322098, 0.5921088457107544], [-2.6817188262939453, -2.904146671295166, -2.5620601177215576], [0.7983711361885071, 3.0745532512664795, 4.039970397949219]]], "base_circuit_tokens": [["cx", [1, 2], []], ["cx", [2, 1], []], ["cx", [0, 1], []], ["h", [0], []], ["h", [1], []], ["h", [2], []], ["h", [2], []], ["h", [2], []], ["h", [0], []], ["x", [1], []], ["x", [1], []], ["h", [0], []], ["h", [2], []], ["h", [2], []], ["h", [2], []], ["h", [1], []], ["h", [0], []], ["cx", [0, 1], []], ["cx", [2, 1], []], ["cx", [1, 2], []]], "pqc_circuit_tokens": [["cx", [1, 2], []], ["cx", [2, 1], []], ["cx", [0, 1], []], ["h", [0], []], ["h", [1], []], ["rz", [0], [-2.361074686050415]], ["rx", [0], [0.1102130115032196]], ["rz", [0], [1.4056466817855835]], ["rz", [1], [0.07066575437784195]], ["rx", [1], [0.6986103057861328]], ["rz", [1], [-3.057206392288208]], ["rz", [2], [1.406965970993042]], ["rx", [2], [-1.0563002824783325]], ["rz", [2], [0.19934043288230896]], ["h", [2], []], ["h", [2], []], ["h", [2], []], ["h", [0], []], ["x", [1], []], ["rz", [0], [1.0529369115829468]], ["rx", [0], [0.3333145081996918]], ["rz", [0], [-2.4002809524536133]], ["rz", [1], [0.040026579052209854]], ["rx", [1], [-3.1262876987457275]], ["rz", [1], [0.8280215263366699]], ["rz", [2], [-2.0364444255828857]], ["rx", [2], [0.14638955891132355]], ["rz", [2], [0.27584362030029297]], ["x", [1], []], ["h", [0], []], ["h", [2], []], ["h", [2], []], ["h", [2], []], ["rz", [0], [0.04979058727622032]], ["rx", [0], [-2.4470136165618896]], ["rz", [0], [-0.59300696849823]], ["rz", [1], [0.7926202416419983]], ["rx", [1], [0.6178916096687317]], ["rz", [1], [0.03931739181280136]], ["rz", [2], [-0.8286213874816895]], ["rx", [2], [2.1330320835113525]], ["rz", [2], [-2.138935089111328]], ["h", [1], []], ["h", [0], []], ["cx", [0, 1], []], ["cx", [2, 1], []], ["cx", [1, 2], []], ["rz", [0], [-0.44470351934432983]], ["rx", [0], [-0.09313292056322098]], ["rz", [0], [0.5921088457107544]], ["rz", [1], [-2.6817188262939453]], ["rx", [1], [-2.904146671295166]], ["rz", [1], [-2.5620601177215576]], ["rz", [2], [0.7983711361885071]], ["rx", [2], [3.0745532512664795]], ["rz", [2], [4.039970397949219]]], "base_circuit_qasm": "OPENQASM 2.0;\ninclude \"qelib1.inc\";\nqreg q[3];\ncx q[1],q[2];\ncx q[2],q[1];\ncx q[0],q[1];\nh q[0];\nh q[1];\nh q[2];\nh q[2];\nh q[2];\nh q[0];\nx q[1];\nx q[1];\nh q[0];\nh q[2];\nh q[2];\nh q[2];\nh q[1];\nh q[0];\ncx q[0],q[1];\ncx q[2],q[1];\ncx q[1],q[2];", "pqc_circuit_qasm": "OPENQASM 2.0;\ninclude \"qelib1.inc\";\nqreg q[3];\ncx q[1],q[2];\ncx q[2],q[1];\ncx q[0],q[1];\nh q[0];\nh q[1];\nrz(-2.361074686050415) q[0];\nrx(0.1102130115032196) q[0];\nrz(1.4056466817855835) q[0];\nrz(0.07066575437784195) q[1];\nrx(0.6986103057861328) q[1];\nrz(-3.057206392288208) q[1];\nrz(1.406965970993042) q[2];\nrx(-1.0563002824783325) q[2];\nrz(0.19934043288230896) q[2];\nh q[2];\nh q[2];\nh q[2];\nh q[0];\nx q[1];\nrz(1.0529369115829468) q[0];\nrx(0.3333145081996918) q[0];\nrz(-2.4002809524536133) q[0];\nrz(0.040026579052209854) q[1];\nrx(-3.1262876987457275) q[1];\nrz(0.8280215263366699) q[1];\nrz(-2.0364444255828857) q[2];\nrx(0.14638955891132355) q[2];\nrz(0.27584362030029297) q[2];\nx q[1];\nh q[0];\nh q[2];\nh q[2];\nh q[2];\nrz(0.04979058727622032) q[0];\nrx(-2.4470136165618896) q[0];\nrz(-0.59300696849823) q[0];\nrz(0.7926202416419983) q[1];\nrx(0.6178916096687317) q[1];\nrz(0.03931739181280136) q[1];\nrz(-0.8286213874816895) q[2];\nrx(2.1330320835113525) q[2];\nrz(-2.138935089111328) q[2];\nh q[1];\nh q[0];\ncx q[0],q[1];\ncx q[2],q[1];\ncx q[1],q[2];\nrz(-0.44470351934432983) q[0];\nrx(-0.09313292056322098) q[0];\nrz(0.5921088457107544) q[0];\nrz(-2.6817188262939453) q[1];\nrx(-2.904146671295166) q[1];\nrz(-2.5620601177215576) q[1];\nrz(0.7983711361885071) q[2];\nrx(3.0745532512664795) q[2];\nrz(4.039970397949219) q[2];"}