{"seed": 3332, "fidelity": 0.998231828212738, "pqc_params": [[[-0.23312506079673767, 2.5878260135650635, 1.0435431003570557], [0.29506203532218933, 0.2709304094314575, 2.052929162979126], [3.4708356857299805, 0.38341808319091797, -1.4112071990966797]], [[-1.9690982103347778, -2.94197940826416, 1.7194223403930664], [-2.933375120162964, -2.763082265853882, 2.33683443069458], [0.9650368690490723, 2.81030535697937, -0.7038306593894958]], [[0.20763571560382843, -0.0788801833987236, 0.1704838126897812], [0.8860156536102295, -2.359785795211792, 1.9672489166259766], [-0.7798246741294861, -2.014134407043457, -1.708143949508667]], [[-1.7368205785751343, -0.0009075753623619676, 1.856245517730713], [-0.83251953125, 0.11244560033082962, 0.7920300364494324], [-0.06831125169992447, 0.20998458564281464, -1.8733227252960205]]], "base_circuit_tokens": [["h", [2], []], ["cx", [0, 1], []], ["h", [1], []], ["h", [0], []], ["x", [1], []], ["cx", [0, 1], []], ["h", [0], []], ["h", [1], []], ["h", [2], []], ["h", [0], []], ["h", [0], []], ["h", [2], []], ["h", [1], []], ["h", [0], []], ["cx", [0, 1], []], ["x", [1], []], ["h", [0], []], ["h", [1], []], ["cx", [0, 1], []], ["h", [2], []]], "pqc_circuit_tokens": [["h", [2], []], ["cx", [0, 1], []], ["h", [1], []], ["h", [0], []], ["x", [1], []], ["rz", [0], [-0.23312506079673767]], ["rx", [0], [2.5878260135650635]], ["rz", [0], [1.0435431003570557]], ["rz", [1], [0.29506203532218933]], ["rx", [1], [0.2709304094314575]], ["rz", [1], [2.052929162979126]], ["rz", [2], [3.4708356857299805]], ["rx", [2], [0.38341808319091797]], ["rz", [2], [-1.4112071990966797]], ["cx", [0, 1], []], ["h", [0], []], ["h", [1], []], ["h", [2], []], ["h", [0], []], ["rz", [0], [-1.9690982103347778]], ["rx", [0], [-2.94197940826416]], ["rz", [0], [1.7194223403930664]], ["rz", [1], [-2.933375120162964]], ["rx", [1], [-2.763082265853882]], ["rz", [1], [2.33683443069458]], ["rz", [2], [0.9650368690490723]], ["rx", [2], [2.81030535697937]], ["rz", [2], [-0.7038306593894958]], ["h", [0], []], ["h", [2], []], ["h", [1], []], ["h", [0], []], ["cx", [0, 1], []], ["rz", [0], [0.20763571560382843]], ["rx", [0], [-0.0788801833987236]], ["rz", [0], [0.1704838126897812]], ["rz", [1], [0.8860156536102295]], ["rx", [1], [-2.359785795211792]], ["rz", [1], [1.9672489166259766]], ["rz", [2], [-0.7798246741294861]], ["rx", [2], [-2.014134407043457]], ["rz", [2], [-1.708143949508667]], ["x", [1], []], ["h", [0], []], ["h", [1], []], ["cx", [0, 1], []], ["h", [2], []], ["rz", [0], [-1.7368205785751343]], ["rx", [0], [-0.0009075753623619676]], ["rz", [0], [1.856245517730713]], ["rz", [1], [-0.83251953125]], ["rx", [1], [0.11244560033082962]], ["rz", [1], [0.7920300364494324]], ["rz", [2], [-0.06831125169992447]], ["rx", [2], [0.20998458564281464]], ["rz", [2], [-1.8733227252960205]]], "base_circuit_qasm": "OPENQASM 2.0;\ninclude \"qelib1.inc\";\nqreg q[3];\nh q[2];\ncx q[0],q[1];\nh q[1];\nh q[0];\nx q[1];\ncx q[0],q[1];\nh q[0];\nh q[1];\nh q[2];\nh q[0];\nh q[0];\nh q[2];\nh q[1];\nh q[0];\ncx q[0],q[1];\nx q[1];\nh q[0];\nh q[1];\ncx q[0],q[1];\nh q[2];", "pqc_circuit_qasm": "OPENQASM 2.0;\ninclude \"qelib1.inc\";\nqreg q[3];\nh q[2];\ncx q[0],q[1];\nh q[1];\nh q[0];\nx q[1];\nrz(-0.23312506079673767) q[0];\nrx(2.5878260135650635) q[0];\nrz(1.0435431003570557) q[0];\nrz(0.29506203532218933) q[1];\nrx(0.2709304094314575) q[1];\nrz(2.052929162979126) q[1];\nrz(3.4708356857299805) q[2];\nrx(0.38341808319091797) q[2];\nrz(-1.4112071990966797) q[2];\ncx q[0],q[1];\nh q[0];\nh q[1];\nh q[2];\nh q[0];\nrz(-1.9690982103347778) q[0];\nrx(-2.94197940826416) q[0];\nrz(1.7194223403930664) q[0];\nrz(-2.933375120162964) q[1];\nrx(-2.763082265853882) q[1];\nrz(2.33683443069458) q[1];\nrz(0.9650368690490723) q[2];\nrx(2.81030535697937) q[2];\nrz(-0.7038306593894958) q[2];\nh q[0];\nh q[2];\nh q[1];\nh q[0];\ncx q[0],q[1];\nrz(0.20763571560382843) q[0];\nrx(-0.0788801833987236) q[0];\nrz(0.1704838126897812) q[0];\nrz(0.8860156536102295) q[1];\nrx(-2.359785795211792) q[1];\nrz(1.9672489166259766) q[1];\nrz(-0.7798246741294861) q[2];\nrx(-2.014134407043457) q[2];\nrz(-1.708143949508667) q[2];\nx q[1];\nh q[0];\nh q[1];\ncx q[0],q[1];\nh q[2];\nrz(-1.7368205785751343) q[0];\nrx(-0.0009075753623619676) q[0];\nrz(1.856245517730713) q[0];\nrz(-0.83251953125) q[1];\nrx(0.11244560033082962) q[1];\nrz(0.7920300364494324) q[1];\nrz(-0.06831125169992447) q[2];\nrx(0.20998458564281464) q[2];\nrz(-1.8733227252960205) q[2];"}