{"seed": 3338, "fidelity": 0.994124710559845, "pqc_params": [[[2.123591184616089, -1.8344273567199707, 3.4836201667785645], [-0.9606513977050781, -0.6382244825363159, -0.998151421546936], [1.4920247793197632, -1.045828938484192, 1.3820544481277466]], [[-0.7371717095375061, 0.10260988771915436, 0.5587602257728577], [0.008846459910273552, -1.359234094619751, 0.11467818170785904], [-1.67461097240448, 3.1534805297851562, -1.6318916082382202]], [[-2.0867109298706055, -1.9203219413757324, -2.4223227500915527], [0.4155465364456177, 0.725430965423584, -2.37939190864563], [3.8418314456939697, 1.8278685808181763, 0.5487439036369324]], [[2.8838119506835938, 1.3579485416412354, 3.131391763687134], [0.1971312314271927, 1.097122311592102, -1.725844383239746], [1.171918272972107, -0.05607222765684128, -1.835404396057129]]], "base_circuit_tokens": [["cx", [2, 0], []], ["x", [2], []], ["h", [2], []], ["x", [1], []], ["h", [2], []], ["h", [1], []], ["cx", [2, 0], []], ["x", [1], []], ["cx", [2, 1], []], ["x", [1], []], ["x", [1], []], ["cx", [2, 1], []], ["x", [1], []], ["cx", [2, 0], []], ["h", [1], []], ["h", [2], []], ["x", [1], []], ["h", [2], []], ["x", [2], []], ["cx", [2, 0], []]], "pqc_circuit_tokens": [["cx", [2, 0], []], ["x", [2], []], ["h", [2], []], ["x", [1], []], ["h", [2], []], ["rz", [0], [2.123591184616089]], ["rx", [0], [-1.8344273567199707]], ["rz", [0], [3.4836201667785645]], ["rz", [1], [-0.9606513977050781]], ["rx", [1], [-0.6382244825363159]], ["rz", [1], [-0.998151421546936]], ["rz", [2], [1.4920247793197632]], ["rx", [2], [-1.045828938484192]], ["rz", [2], [1.3820544481277466]], ["h", [1], []], ["cx", [2, 0], []], ["x", [1], []], ["cx", [2, 1], []], ["x", [1], []], ["rz", [0], [-0.7371717095375061]], ["rx", [0], [0.10260988771915436]], ["rz", [0], [0.5587602257728577]], ["rz", [1], [0.008846459910273552]], ["rx", [1], [-1.359234094619751]], ["rz", [1], [0.11467818170785904]], ["rz", [2], [-1.67461097240448]], ["rx", [2], [3.1534805297851562]], ["rz", [2], [-1.6318916082382202]], ["x", [1], []], ["cx", [2, 1], []], ["x", [1], []], ["cx", [2, 0], []], ["h", [1], []], ["rz", [0], [-2.0867109298706055]], ["rx", [0], [-1.9203219413757324]], ["rz", [0], [-2.4223227500915527]], ["rz", [1], [0.4155465364456177]], ["rx", [1], [0.725430965423584]], ["rz", [1], [-2.37939190864563]], ["rz", [2], [3.8418314456939697]], ["rx", [2], [1.8278685808181763]], ["rz", [2], [0.5487439036369324]], ["h", [2], []], ["x", [1], []], ["h", [2], []], ["x", [2], []], ["cx", [2, 0], []], ["rz", [0], [2.8838119506835938]], ["rx", [0], [1.3579485416412354]], ["rz", [0], [3.131391763687134]], ["rz", [1], [0.1971312314271927]], ["rx", [1], [1.097122311592102]], ["rz", [1], [-1.725844383239746]], ["rz", [2], [1.171918272972107]], ["rx", [2], [-0.05607222765684128]], ["rz", [2], [-1.835404396057129]]], "base_circuit_qasm": "OPENQASM 2.0;\ninclude \"qelib1.inc\";\nqreg q[3];\ncx q[2],q[0];\nx q[2];\nh q[2];\nx q[1];\nh q[2];\nh q[1];\ncx q[2],q[0];\nx q[1];\ncx q[2],q[1];\nx q[1];\nx q[1];\ncx q[2],q[1];\nx q[1];\ncx q[2],q[0];\nh q[1];\nh q[2];\nx q[1];\nh q[2];\nx q[2];\ncx q[2],q[0];", "pqc_circuit_qasm": "OPENQASM 2.0;\ninclude \"qelib1.inc\";\nqreg q[3];\ncx q[2],q[0];\nx q[2];\nh q[2];\nx q[1];\nh q[2];\nrz(2.123591184616089) q[0];\nrx(-1.8344273567199707) q[0];\nrz(3.4836201667785645) q[0];\nrz(-0.9606513977050781) q[1];\nrx(-0.6382244825363159) q[1];\nrz(-0.998151421546936) q[1];\nrz(1.4920247793197632) q[2];\nrx(-1.045828938484192) q[2];\nrz(1.3820544481277466) q[2];\nh q[1];\ncx q[2],q[0];\nx q[1];\ncx q[2],q[1];\nx q[1];\nrz(-0.7371717095375061) q[0];\nrx(0.10260988771915436) q[0];\nrz(0.5587602257728577) q[0];\nrz(0.008846459910273552) q[1];\nrx(-1.359234094619751) q[1];\nrz(0.11467818170785904) q[1];\nrz(-1.67461097240448) q[2];\nrx(3.1534805297851562) q[2];\nrz(-1.6318916082382202) q[2];\nx q[1];\ncx q[2],q[1];\nx q[1];\ncx q[2],q[0];\nh q[1];\nrz(-2.0867109298706055) q[0];\nrx(-1.9203219413757324) q[0];\nrz(-2.4223227500915527) q[0];\nrz(0.4155465364456177) q[1];\nrx(0.725430965423584) q[1];\nrz(-2.37939190864563) q[1];\nrz(3.8418314456939697) q[2];\nrx(1.8278685808181763) q[2];\nrz(0.5487439036369324) q[2];\nh q[2];\nx q[1];\nh q[2];\nx q[2];\ncx q[2],q[0];\nrz(2.8838119506835938) q[0];\nrx(1.3579485416412354) q[0];\nrz(3.131391763687134) q[0];\nrz(0.1971312314271927) q[1];\nrx(1.097122311592102) q[1];\nrz(-1.725844383239746) q[1];\nrz(1.171918272972107) q[2];\nrx(-0.05607222765684128) q[2];\nrz(-1.835404396057129) q[2];"}