{"seed": 3357, "fidelity": 0.9879429936408997, "pqc_params": [[[-0.24567368626594543, 0.4192400872707367, -0.4200122356414795], [1.2515599727630615, 2.2454617023468018, -1.7547938823699951], [0.35608726739883423, 1.2261555194854736, 3.3502578735351562]], [[-3.2170910835266113, 3.3812406063079834, -2.673370361328125], [-0.30808427929878235, -3.273024797439575, -2.4025702476501465], [-0.12324590235948563, -0.32627764344215393, -0.8370096683502197]], [[-0.7140379548072815, -3.2280097007751465, 2.647266387939453], [-2.7177891731262207, -2.151853561401367, -1.76767897605896], [0.7086386680603027, 1.6352827548980713, 0.14155051112174988]], [[-0.7313500046730042, -0.20746804773807526, -1.5878986120224], [1.4145103693008423, 3.117830276489258, -1.6177793741226196], [2.625222682952881, 0.21782277524471283, -1.9059982299804688]]], "base_circuit_tokens": [["x", [0], []], ["h", [0], []], ["x", [2], []], ["cx", [1, 0], []], ["cx", [2, 1], []], ["h", [1], []], ["x", [1], []], ["cx", [0, 1], []], ["h", [1], []], ["x", [0], []], ["x", [0], []], ["h", [1], []], ["cx", [0, 1], []], ["x", [1], []], ["h", [1], []], ["cx", [2, 1], []], ["cx", [1, 0], []], ["x", [2], []], ["h", [0], []], ["x", [0], []]], "pqc_circuit_tokens": [["x", [0], []], ["h", [0], []], ["x", [2], []], ["cx", [1, 0], []], ["cx", [2, 1], []], ["rz", [0], [-0.24567368626594543]], ["rx", [0], [0.4192400872707367]], ["rz", [0], [-0.4200122356414795]], ["rz", [1], [1.2515599727630615]], ["rx", [1], [2.2454617023468018]], ["rz", [1], [-1.7547938823699951]], ["rz", [2], [0.35608726739883423]], ["rx", [2], [1.2261555194854736]], ["rz", [2], [3.3502578735351562]], ["h", [1], []], ["x", [1], []], ["cx", [0, 1], []], ["h", [1], []], ["x", [0], []], ["rz", [0], [-3.2170910835266113]], ["rx", [0], [3.3812406063079834]], ["rz", [0], [-2.673370361328125]], ["rz", [1], [-0.30808427929878235]], ["rx", [1], [-3.273024797439575]], ["rz", [1], [-2.4025702476501465]], ["rz", [2], [-0.12324590235948563]], ["rx", [2], [-0.32627764344215393]], ["rz", [2], [-0.8370096683502197]], ["x", [0], []], ["h", [1], []], ["cx", [0, 1], []], ["x", [1], []], ["h", [1], []], ["rz", [0], [-0.7140379548072815]], ["rx", [0], [-3.2280097007751465]], ["rz", [0], [2.647266387939453]], ["rz", [1], [-2.7177891731262207]], ["rx", [1], [-2.151853561401367]], ["rz", [1], [-1.76767897605896]], ["rz", [2], [0.7086386680603027]], ["rx", [2], [1.6352827548980713]], ["rz", [2], [0.14155051112174988]], ["cx", [2, 1], []], ["cx", [1, 0], []], ["x", [2], []], ["h", [0], []], ["x", [0], []], ["rz", [0], [-0.7313500046730042]], ["rx", [0], [-0.20746804773807526]], ["rz", [0], [-1.5878986120224]], ["rz", [1], [1.4145103693008423]], ["rx", [1], [3.117830276489258]], ["rz", [1], [-1.6177793741226196]], ["rz", [2], [2.625222682952881]], ["rx", [2], [0.21782277524471283]], ["rz", [2], [-1.9059982299804688]]], "base_circuit_qasm": "OPENQASM 2.0;\ninclude \"qelib1.inc\";\nqreg q[3];\nx q[0];\nh q[0];\nx q[2];\ncx q[1],q[0];\ncx q[2],q[1];\nh q[1];\nx q[1];\ncx q[0],q[1];\nh q[1];\nx q[0];\nx q[0];\nh q[1];\ncx q[0],q[1];\nx q[1];\nh q[1];\ncx q[2],q[1];\ncx q[1],q[0];\nx q[2];\nh q[0];\nx q[0];", "pqc_circuit_qasm": "OPENQASM 2.0;\ninclude \"qelib1.inc\";\nqreg q[3];\nx q[0];\nh q[0];\nx q[2];\ncx q[1],q[0];\ncx q[2],q[1];\nrz(-0.24567368626594543) q[0];\nrx(0.4192400872707367) q[0];\nrz(-0.4200122356414795) q[0];\nrz(1.2515599727630615) q[1];\nrx(2.2454617023468018) q[1];\nrz(-1.7547938823699951) q[1];\nrz(0.35608726739883423) q[2];\nrx(1.2261555194854736) q[2];\nrz(3.3502578735351562) q[2];\nh q[1];\nx q[1];\ncx q[0],q[1];\nh q[1];\nx q[0];\nrz(-3.2170910835266113) q[0];\nrx(3.3812406063079834) q[0];\nrz(-2.673370361328125) q[0];\nrz(-0.30808427929878235) q[1];\nrx(-3.273024797439575) q[1];\nrz(-2.4025702476501465) q[1];\nrz(-0.12324590235948563) q[2];\nrx(-0.32627764344215393) q[2];\nrz(-0.8370096683502197) q[2];\nx q[0];\nh q[1];\ncx q[0],q[1];\nx q[1];\nh q[1];\nrz(-0.7140379548072815) q[0];\nrx(-3.2280097007751465) q[0];\nrz(2.647266387939453) q[0];\nrz(-2.7177891731262207) q[1];\nrx(-2.151853561401367) q[1];\nrz(-1.76767897605896) q[1];\nrz(0.7086386680603027) q[2];\nrx(1.6352827548980713) q[2];\nrz(0.14155051112174988) q[2];\ncx q[2],q[1];\ncx q[1],q[0];\nx q[2];\nh q[0];\nx q[0];\nrz(-0.7313500046730042) q[0];\nrx(-0.20746804773807526) q[0];\nrz(-1.5878986120224) q[0];\nrz(1.4145103693008423) q[1];\nrx(3.117830276489258) q[1];\nrz(-1.6177793741226196) q[1];\nrz(2.625222682952881) q[2];\nrx(0.21782277524471283) q[2];\nrz(-1.9059982299804688) q[2];"}