{"seed": 3383, "fidelity": 0.9619609117507935, "pqc_params": [[[1.3461835384368896, 0.4447539448738098, -2.371295690536499], [-2.5141725540161133, -1.232681155204773, -0.28380969166755676], [-0.3403782844543457, 1.0171332359313965, -2.2799172401428223]], [[-3.1854145526885986, 0.6394656896591187, -2.6200966835021973], [-1.9921214580535889, 0.318464070558548, -1.6285165548324585], [-0.2666544020175934, -1.5325968265533447, -3.3869736194610596]], [[-2.8970093727111816, 1.8416780233383179, 0.45298758149147034], [-0.44089511036872864, -2.2039101123809814, -3.016763925552368], [-0.13328595459461212, 2.7519750595092773, -0.6329019069671631]], [[1.6387593746185303, 0.7608298063278198, -0.620611310005188], [-1.7632960081100464, 2.2514126300811768, -1.7732532024383545], [1.9612654447555542, -0.9712088704109192, -1.5307093858718872]]], "base_circuit_tokens": [["cx", [0, 2], []], ["cx", [0, 2], []], ["x", [0], []], ["h", [2], []], ["h", [0], []], ["cx", [0, 2], []], ["cx", [1, 2], []], ["x", [0], []], ["h", [2], []], ["h", [2], []], ["h", [2], []], ["h", [2], []], ["x", [0], []], ["cx", [1, 2], []], ["cx", [0, 2], []], ["h", [0], []], ["h", [2], []], ["x", [0], []], ["cx", [0, 2], []], ["cx", [0, 2], []]], "pqc_circuit_tokens": [["cx", [0, 2], []], ["cx", [0, 2], []], ["x", [0], []], ["h", [2], []], ["h", [0], []], ["rz", [0], [1.3461835384368896]], ["rx", [0], [0.4447539448738098]], ["rz", [0], [-2.371295690536499]], ["rz", [1], [-2.5141725540161133]], ["rx", [1], [-1.232681155204773]], ["rz", [1], [-0.28380969166755676]], ["rz", [2], [-0.3403782844543457]], ["rx", [2], [1.0171332359313965]], ["rz", [2], [-2.2799172401428223]], ["cx", [0, 2], []], ["cx", [1, 2], []], ["x", [0], []], ["h", [2], []], ["h", [2], []], ["rz", [0], [-3.1854145526885986]], ["rx", [0], [0.6394656896591187]], ["rz", [0], [-2.6200966835021973]], ["rz", [1], [-1.9921214580535889]], ["rx", [1], [0.318464070558548]], ["rz", [1], [-1.6285165548324585]], ["rz", [2], [-0.2666544020175934]], ["rx", [2], [-1.5325968265533447]], ["rz", [2], [-3.3869736194610596]], ["h", [2], []], ["h", [2], []], ["x", [0], []], ["cx", [1, 2], []], ["cx", [0, 2], []], ["rz", [0], [-2.8970093727111816]], ["rx", [0], [1.8416780233383179]], ["rz", [0], [0.45298758149147034]], ["rz", [1], [-0.44089511036872864]], ["rx", [1], [-2.2039101123809814]], ["rz", [1], [-3.016763925552368]], ["rz", [2], [-0.13328595459461212]], ["rx", [2], [2.7519750595092773]], ["rz", [2], [-0.6329019069671631]], ["h", [0], []], ["h", [2], []], ["x", [0], []], ["cx", [0, 2], []], ["cx", [0, 2], []], ["rz", [0], [1.6387593746185303]], ["rx", [0], [0.7608298063278198]], ["rz", [0], [-0.620611310005188]], ["rz", [1], [-1.7632960081100464]], ["rx", [1], [2.2514126300811768]], ["rz", [1], [-1.7732532024383545]], ["rz", [2], [1.9612654447555542]], ["rx", [2], [-0.9712088704109192]], ["rz", [2], [-1.5307093858718872]]], "base_circuit_qasm": "OPENQASM 2.0;\ninclude \"qelib1.inc\";\nqreg q[3];\ncx q[0],q[2];\ncx q[0],q[2];\nx q[0];\nh q[2];\nh q[0];\ncx q[0],q[2];\ncx q[1],q[2];\nx q[0];\nh q[2];\nh q[2];\nh q[2];\nh q[2];\nx q[0];\ncx q[1],q[2];\ncx q[0],q[2];\nh q[0];\nh q[2];\nx q[0];\ncx q[0],q[2];\ncx q[0],q[2];", "pqc_circuit_qasm": "OPENQASM 2.0;\ninclude \"qelib1.inc\";\nqreg q[3];\ncx q[0],q[2];\ncx q[0],q[2];\nx q[0];\nh q[2];\nh q[0];\nrz(1.3461835384368896) q[0];\nrx(0.4447539448738098) q[0];\nrz(-2.371295690536499) q[0];\nrz(-2.5141725540161133) q[1];\nrx(-1.232681155204773) q[1];\nrz(-0.28380969166755676) q[1];\nrz(-0.3403782844543457) q[2];\nrx(1.0171332359313965) q[2];\nrz(-2.2799172401428223) q[2];\ncx q[0],q[2];\ncx q[1],q[2];\nx q[0];\nh q[2];\nh q[2];\nrz(-3.1854145526885986) q[0];\nrx(0.6394656896591187) q[0];\nrz(-2.6200966835021973) q[0];\nrz(-1.9921214580535889) q[1];\nrx(0.318464070558548) q[1];\nrz(-1.6285165548324585) q[1];\nrz(-0.2666544020175934) q[2];\nrx(-1.5325968265533447) q[2];\nrz(-3.3869736194610596) q[2];\nh q[2];\nh q[2];\nx q[0];\ncx q[1],q[2];\ncx q[0],q[2];\nrz(-2.8970093727111816) q[0];\nrx(1.8416780233383179) q[0];\nrz(0.45298758149147034) q[0];\nrz(-0.44089511036872864) q[1];\nrx(-2.2039101123809814) q[1];\nrz(-3.016763925552368) q[1];\nrz(-0.13328595459461212) q[2];\nrx(2.7519750595092773) q[2];\nrz(-0.6329019069671631) q[2];\nh q[0];\nh q[2];\nx q[0];\ncx q[0],q[2];\ncx q[0],q[2];\nrz(1.6387593746185303) q[0];\nrx(0.7608298063278198) q[0];\nrz(-0.620611310005188) q[0];\nrz(-1.7632960081100464) q[1];\nrx(2.2514126300811768) q[1];\nrz(-1.7732532024383545) q[1];\nrz(1.9612654447555542) q[2];\nrx(-0.9712088704109192) q[2];\nrz(-1.5307093858718872) q[2];"}