{"seed": 3384, "fidelity": 0.9996738433837891, "pqc_params": [[[3.592961311340332, 2.4518415927886963, -3.363159418106079], [-0.10920599102973938, 0.1973254233598709, 2.2883338928222656], [2.510115623474121, 1.8881092071533203, -0.6917456388473511]], [[-3.3027286529541016, -0.034062210470438004, 0.051122166216373444], [1.5201642513275146, -0.650344729423523, 1.690678596496582], [-3.1648108959198, 3.4530391693115234, 3.0909414291381836]], [[-2.0774431228637695, 3.221940040588379, 1.9043020009994507], [1.1327368021011353, 1.1967538595199585, -0.6661710739135742], [2.2937211990356445, -1.6474015712738037, 0.529492199420929]], [[3.5188651084899902, -2.2226271629333496, -2.575582981109619], [0.6092351675033569, 1.0320496559143066, -2.670947551727295], [2.438023567199707, -2.8593051433563232, -1.5217803716659546]]], "base_circuit_tokens": [["h", [2], []], ["h", [1], []], ["x", [0], []], ["h", [2], []], ["x", [2], []], ["x", [0], []], ["cx", [2, 0], []], ["x", [2], []], ["h", [1], []], ["h", [1], []], ["h", [1], []], ["h", [1], []], ["x", [2], []], ["cx", [2, 0], []], ["x", [0], []], ["x", [2], []], ["h", [2], []], ["x", [0], []], ["h", [1], []], ["h", [2], []]], "pqc_circuit_tokens": [["h", [2], []], ["h", [1], []], ["x", [0], []], ["h", [2], []], ["x", [2], []], ["rz", [0], [3.592961311340332]], ["rx", [0], [2.4518415927886963]], ["rz", [0], [-3.363159418106079]], ["rz", [1], [-0.10920599102973938]], ["rx", [1], [0.1973254233598709]], ["rz", [1], [2.2883338928222656]], ["rz", [2], [2.510115623474121]], ["rx", [2], [1.8881092071533203]], ["rz", [2], [-0.6917456388473511]], ["x", [0], []], ["cx", [2, 0], []], ["x", [2], []], ["h", [1], []], ["h", [1], []], ["rz", [0], [-3.3027286529541016]], ["rx", [0], [-0.034062210470438004]], ["rz", [0], [0.051122166216373444]], ["rz", [1], [1.5201642513275146]], ["rx", [1], [-0.650344729423523]], ["rz", [1], [1.690678596496582]], ["rz", [2], [-3.1648108959198]], ["rx", [2], [3.4530391693115234]], ["rz", [2], [3.0909414291381836]], ["h", [1], []], ["h", [1], []], ["x", [2], []], ["cx", [2, 0], []], ["x", [0], []], ["rz", [0], [-2.0774431228637695]], ["rx", [0], [3.221940040588379]], ["rz", [0], [1.9043020009994507]], ["rz", [1], [1.1327368021011353]], ["rx", [1], [1.1967538595199585]], ["rz", [1], [-0.6661710739135742]], ["rz", [2], [2.2937211990356445]], ["rx", [2], [-1.6474015712738037]], ["rz", [2], [0.529492199420929]], ["x", [2], []], ["h", [2], []], ["x", [0], []], ["h", [1], []], ["h", [2], []], ["rz", [0], [3.5188651084899902]], ["rx", [0], [-2.2226271629333496]], ["rz", [0], [-2.575582981109619]], ["rz", [1], [0.6092351675033569]], ["rx", [1], [1.0320496559143066]], ["rz", [1], [-2.670947551727295]], ["rz", [2], [2.438023567199707]], ["rx", [2], [-2.8593051433563232]], ["rz", [2], [-1.5217803716659546]]], "base_circuit_qasm": "OPENQASM 2.0;\ninclude \"qelib1.inc\";\nqreg q[3];\nh q[2];\nh q[1];\nx q[0];\nh q[2];\nx q[2];\nx q[0];\ncx q[2],q[0];\nx q[2];\nh q[1];\nh q[1];\nh q[1];\nh q[1];\nx q[2];\ncx q[2],q[0];\nx q[0];\nx q[2];\nh q[2];\nx q[0];\nh q[1];\nh q[2];", "pqc_circuit_qasm": "OPENQASM 2.0;\ninclude \"qelib1.inc\";\nqreg q[3];\nh q[2];\nh q[1];\nx q[0];\nh q[2];\nx q[2];\nrz(3.592961311340332) q[0];\nrx(2.4518415927886963) q[0];\nrz(-3.363159418106079) q[0];\nrz(-0.10920599102973938) q[1];\nrx(0.1973254233598709) q[1];\nrz(2.2883338928222656) q[1];\nrz(2.510115623474121) q[2];\nrx(1.8881092071533203) q[2];\nrz(-0.6917456388473511) q[2];\nx q[0];\ncx q[2],q[0];\nx q[2];\nh q[1];\nh q[1];\nrz(-3.3027286529541016) q[0];\nrx(-0.034062210470438004) q[0];\nrz(0.051122166216373444) q[0];\nrz(1.5201642513275146) q[1];\nrx(-0.650344729423523) q[1];\nrz(1.690678596496582) q[1];\nrz(-3.1648108959198) q[2];\nrx(3.4530391693115234) q[2];\nrz(3.0909414291381836) q[2];\nh q[1];\nh q[1];\nx q[2];\ncx q[2],q[0];\nx q[0];\nrz(-2.0774431228637695) q[0];\nrx(3.221940040588379) q[0];\nrz(1.9043020009994507) q[0];\nrz(1.1327368021011353) q[1];\nrx(1.1967538595199585) q[1];\nrz(-0.6661710739135742) q[1];\nrz(2.2937211990356445) q[2];\nrx(-1.6474015712738037) q[2];\nrz(0.529492199420929) q[2];\nx q[2];\nh q[2];\nx q[0];\nh q[1];\nh q[2];\nrz(3.5188651084899902) q[0];\nrx(-2.2226271629333496) q[0];\nrz(-2.575582981109619) q[0];\nrz(0.6092351675033569) q[1];\nrx(1.0320496559143066) q[1];\nrz(-2.670947551727295) q[1];\nrz(2.438023567199707) q[2];\nrx(-2.8593051433563232) q[2];\nrz(-1.5217803716659546) q[2];"}