{"seed": 3416, "fidelity": 0.9980443120002747, "pqc_params": [[[2.3827970027923584, 3.0587973594665527, -0.42970913648605347], [-0.8284691572189331, 3.051257848739624, -1.476205825805664], [-2.6392245292663574, 0.740001380443573, 2.61737322807312]], [[-0.7845377326011658, 0.00988092366605997, -2.466284990310669], [-0.9391946196556091, -0.8648557662963867, 1.8707454204559326], [2.9526052474975586, -2.330399990081787, 3.0628342628479004]], [[2.775648832321167, 3.3236074447631836, -1.6639738082885742], [-0.9087631702423096, -1.7541216611862183, -2.0824642181396484], [-1.3709279298782349, -3.6427340507507324, -1.763604998588562]], [[-0.20337334275245667, -0.05410322919487953, 1.6077569723129272], [1.5199733972549438, -3.144221544265747, -1.5145069360733032], [-1.245344877243042, -0.04533880576491356, 0.7929540276527405]]], "base_circuit_tokens": [["x", [1], []], ["cx", [2, 1], []], ["x", [0], []], ["x", [2], []], ["h", [2], []], ["h", [1], []], ["h", [1], []], ["cx", [2, 0], []], ["h", [1], []], ["h", [2], []], ["h", [2], []], ["h", [1], []], ["cx", [2, 0], []], ["h", [1], []], ["h", [1], []], ["h", [2], []], ["x", [2], []], ["x", [0], []], ["cx", [2, 1], []], ["x", [1], []]], "pqc_circuit_tokens": [["x", [1], []], ["cx", [2, 1], []], ["x", [0], []], ["x", [2], []], ["h", [2], []], ["rz", [0], [2.3827970027923584]], ["rx", [0], [3.0587973594665527]], ["rz", [0], [-0.42970913648605347]], ["rz", [1], [-0.8284691572189331]], ["rx", [1], [3.051257848739624]], ["rz", [1], [-1.476205825805664]], ["rz", [2], [-2.6392245292663574]], ["rx", [2], [0.740001380443573]], ["rz", [2], [2.61737322807312]], ["h", [1], []], ["h", [1], []], ["cx", [2, 0], []], ["h", [1], []], ["h", [2], []], ["rz", [0], [-0.7845377326011658]], ["rx", [0], [0.00988092366605997]], ["rz", [0], [-2.466284990310669]], ["rz", [1], [-0.9391946196556091]], ["rx", [1], [-0.8648557662963867]], ["rz", [1], [1.8707454204559326]], ["rz", [2], [2.9526052474975586]], ["rx", [2], [-2.330399990081787]], ["rz", [2], [3.0628342628479004]], ["h", [2], []], ["h", [1], []], ["cx", [2, 0], []], ["h", [1], []], ["h", [1], []], ["rz", [0], [2.775648832321167]], ["rx", [0], [3.3236074447631836]], ["rz", [0], [-1.6639738082885742]], ["rz", [1], [-0.9087631702423096]], ["rx", [1], [-1.7541216611862183]], ["rz", [1], [-2.0824642181396484]], ["rz", [2], [-1.3709279298782349]], ["rx", [2], [-3.6427340507507324]], ["rz", [2], [-1.763604998588562]], ["h", [2], []], ["x", [2], []], ["x", [0], []], ["cx", [2, 1], []], ["x", [1], []], ["rz", [0], [-0.20337334275245667]], ["rx", [0], [-0.05410322919487953]], ["rz", [0], [1.6077569723129272]], ["rz", [1], [1.5199733972549438]], ["rx", [1], [-3.144221544265747]], ["rz", [1], [-1.5145069360733032]], ["rz", [2], [-1.245344877243042]], ["rx", [2], [-0.04533880576491356]], ["rz", [2], [0.7929540276527405]]], "base_circuit_qasm": "OPENQASM 2.0;\ninclude \"qelib1.inc\";\nqreg q[3];\nx q[1];\ncx q[2],q[1];\nx q[0];\nx q[2];\nh q[2];\nh q[1];\nh q[1];\ncx q[2],q[0];\nh q[1];\nh q[2];\nh q[2];\nh q[1];\ncx q[2],q[0];\nh q[1];\nh q[1];\nh q[2];\nx q[2];\nx q[0];\ncx q[2],q[1];\nx q[1];", "pqc_circuit_qasm": "OPENQASM 2.0;\ninclude \"qelib1.inc\";\nqreg q[3];\nx q[1];\ncx q[2],q[1];\nx q[0];\nx q[2];\nh q[2];\nrz(2.3827970027923584) q[0];\nrx(3.0587973594665527) q[0];\nrz(-0.42970913648605347) q[0];\nrz(-0.8284691572189331) q[1];\nrx(3.051257848739624) q[1];\nrz(-1.476205825805664) q[1];\nrz(-2.6392245292663574) q[2];\nrx(0.740001380443573) q[2];\nrz(2.61737322807312) q[2];\nh q[1];\nh q[1];\ncx q[2],q[0];\nh q[1];\nh q[2];\nrz(-0.7845377326011658) q[0];\nrx(0.00988092366605997) q[0];\nrz(-2.466284990310669) q[0];\nrz(-0.9391946196556091) q[1];\nrx(-0.8648557662963867) q[1];\nrz(1.8707454204559326) q[1];\nrz(2.9526052474975586) q[2];\nrx(-2.330399990081787) q[2];\nrz(3.0628342628479004) q[2];\nh q[2];\nh q[1];\ncx q[2],q[0];\nh q[1];\nh q[1];\nrz(2.775648832321167) q[0];\nrx(3.3236074447631836) q[0];\nrz(-1.6639738082885742) q[0];\nrz(-0.9087631702423096) q[1];\nrx(-1.7541216611862183) q[1];\nrz(-2.0824642181396484) q[1];\nrz(-1.3709279298782349) q[2];\nrx(-3.6427340507507324) q[2];\nrz(-1.763604998588562) q[2];\nh q[2];\nx q[2];\nx q[0];\ncx q[2],q[1];\nx q[1];\nrz(-0.20337334275245667) q[0];\nrx(-0.05410322919487953) q[0];\nrz(1.6077569723129272) q[0];\nrz(1.5199733972549438) q[1];\nrx(-3.144221544265747) q[1];\nrz(-1.5145069360733032) q[1];\nrz(-1.245344877243042) q[2];\nrx(-0.04533880576491356) q[2];\nrz(0.7929540276527405) q[2];"}