{"seed": 3420, "fidelity": 0.9683663249015808, "pqc_params": [[[-1.5562539100646973, -3.1254899501800537, 0.4369739294052124], [-2.023763418197632, -2.057197332382202, 1.0249381065368652], [-2.9089300632476807, -1.4364817142486572, -1.2925097942352295]], [[3.1361100673675537, 2.030972480773926, 2.133270263671875], [-1.4333122968673706, -2.2196481227874756, 1.1124078035354614], [-1.2490873336791992, -3.063314437866211, -2.4291207790374756]], [[-0.40848055481910706, -0.5415546298027039, 3.234266996383667], [-2.905169725418091, 0.1721263825893402, 2.745485782623291], [-0.07116292417049408, 1.4313138723373413, 0.63231360912323]], [[-0.624160885810852, -0.7813737988471985, 0.39117270708084106], [0.012738142162561417, -0.3164452314376831, -0.0809478834271431], [1.2280480861663818, 2.1447031497955322, -1.326637625694275]]], "base_circuit_tokens": [["h", [2], []], ["x", [2], []], ["x", [1], []], ["cx", [1, 0], []], ["cx", [2, 0], []], ["h", [0], []], ["cx", [2, 0], []], ["x", [1], []], ["h", [1], []], ["x", [1], []], ["x", [1], []], ["h", [1], []], ["x", [1], []], ["cx", [2, 0], []], ["h", [0], []], ["cx", [2, 0], []], ["cx", [1, 0], []], ["x", [1], []], ["x", [2], []], ["h", [2], []]], "pqc_circuit_tokens": [["h", [2], []], ["x", [2], []], ["x", [1], []], ["cx", [1, 0], []], ["cx", [2, 0], []], ["rz", [0], [-1.5562539100646973]], ["rx", [0], [-3.1254899501800537]], ["rz", [0], [0.4369739294052124]], ["rz", [1], [-2.023763418197632]], ["rx", [1], [-2.057197332382202]], ["rz", [1], [1.0249381065368652]], ["rz", [2], [-2.9089300632476807]], ["rx", [2], [-1.4364817142486572]], ["rz", [2], [-1.2925097942352295]], ["h", [0], []], ["cx", [2, 0], []], ["x", [1], []], ["h", [1], []], ["x", [1], []], ["rz", [0], [3.1361100673675537]], ["rx", [0], [2.030972480773926]], ["rz", [0], [2.133270263671875]], ["rz", [1], [-1.4333122968673706]], ["rx", [1], [-2.2196481227874756]], ["rz", [1], [1.1124078035354614]], ["rz", [2], [-1.2490873336791992]], ["rx", [2], [-3.063314437866211]], ["rz", [2], [-2.4291207790374756]], ["x", [1], []], ["h", [1], []], ["x", [1], []], ["cx", [2, 0], []], ["h", [0], []], ["rz", [0], [-0.40848055481910706]], ["rx", [0], [-0.5415546298027039]], ["rz", [0], [3.234266996383667]], ["rz", [1], [-2.905169725418091]], ["rx", [1], [0.1721263825893402]], ["rz", [1], [2.745485782623291]], ["rz", [2], [-0.07116292417049408]], ["rx", [2], [1.4313138723373413]], ["rz", [2], [0.63231360912323]], ["cx", [2, 0], []], ["cx", [1, 0], []], ["x", [1], []], ["x", [2], []], ["h", [2], []], ["rz", [0], [-0.624160885810852]], ["rx", [0], [-0.7813737988471985]], ["rz", [0], [0.39117270708084106]], ["rz", [1], [0.012738142162561417]], ["rx", [1], [-0.3164452314376831]], ["rz", [1], [-0.0809478834271431]], ["rz", [2], [1.2280480861663818]], ["rx", [2], [2.1447031497955322]], ["rz", [2], [-1.326637625694275]]], "base_circuit_qasm": "OPENQASM 2.0;\ninclude \"qelib1.inc\";\nqreg q[3];\nh q[2];\nx q[2];\nx q[1];\ncx q[1],q[0];\ncx q[2],q[0];\nh q[0];\ncx q[2],q[0];\nx q[1];\nh q[1];\nx q[1];\nx q[1];\nh q[1];\nx q[1];\ncx q[2],q[0];\nh q[0];\ncx q[2],q[0];\ncx q[1],q[0];\nx q[1];\nx q[2];\nh q[2];", "pqc_circuit_qasm": "OPENQASM 2.0;\ninclude \"qelib1.inc\";\nqreg q[3];\nh q[2];\nx q[2];\nx q[1];\ncx q[1],q[0];\ncx q[2],q[0];\nrz(-1.5562539100646973) q[0];\nrx(-3.1254899501800537) q[0];\nrz(0.4369739294052124) q[0];\nrz(-2.023763418197632) q[1];\nrx(-2.057197332382202) q[1];\nrz(1.0249381065368652) q[1];\nrz(-2.9089300632476807) q[2];\nrx(-1.4364817142486572) q[2];\nrz(-1.2925097942352295) q[2];\nh q[0];\ncx q[2],q[0];\nx q[1];\nh q[1];\nx q[1];\nrz(3.1361100673675537) q[0];\nrx(2.030972480773926) q[0];\nrz(2.133270263671875) q[0];\nrz(-1.4333122968673706) q[1];\nrx(-2.2196481227874756) q[1];\nrz(1.1124078035354614) q[1];\nrz(-1.2490873336791992) q[2];\nrx(-3.063314437866211) q[2];\nrz(-2.4291207790374756) q[2];\nx q[1];\nh q[1];\nx q[1];\ncx q[2],q[0];\nh q[0];\nrz(-0.40848055481910706) q[0];\nrx(-0.5415546298027039) q[0];\nrz(3.234266996383667) q[0];\nrz(-2.905169725418091) q[1];\nrx(0.1721263825893402) q[1];\nrz(2.745485782623291) q[1];\nrz(-0.07116292417049408) q[2];\nrx(1.4313138723373413) q[2];\nrz(0.63231360912323) q[2];\ncx q[2],q[0];\ncx q[1],q[0];\nx q[1];\nx q[2];\nh q[2];\nrz(-0.624160885810852) q[0];\nrx(-0.7813737988471985) q[0];\nrz(0.39117270708084106) q[0];\nrz(0.012738142162561417) q[1];\nrx(-0.3164452314376831) q[1];\nrz(-0.0809478834271431) q[1];\nrz(1.2280480861663818) q[2];\nrx(2.1447031497955322) q[2];\nrz(-1.326637625694275) q[2];"}