{"seed": 3448, "fidelity": 0.9706634879112244, "pqc_params": [[[0.4742657542228699, 2.545750856399536, -1.380502700805664], [-3.277043104171753, 3.3095617294311523, 2.6664135456085205], [2.0241875648498535, 2.3810415267944336, -2.8261520862579346]], [[1.6910983324050903, 2.25479793548584, 3.2459137439727783], [0.660027265548706, -0.3117264211177826, -3.2488210201263428], [-2.2061407566070557, 0.4349849820137024, 2.9292426109313965]], [[3.234590768814087, -1.9629967212677002, -0.3333926796913147], [-1.5593160390853882, 1.17061185836792, -0.47256559133529663], [2.10469913482666, 1.0530389547348022, -1.4171042442321777]], [[1.4767475128173828, 2.8593454360961914, -0.9092630743980408], [0.5963414311408997, 1.2103252410888672, 1.6520339250564575], [0.307506263256073, 2.834959030151367, -0.18473926186561584]]], "base_circuit_tokens": [["h", [2], []], ["cx", [0, 2], []], ["x", [0], []], ["x", [1], []], ["h", [1], []], ["h", [1], []], ["h", [2], []], ["h", [2], []], ["cx", [1, 2], []], ["cx", [1, 2], []], ["cx", [1, 2], []], ["cx", [1, 2], []], ["h", [2], []], ["h", [2], []], ["h", [1], []], ["h", [1], []], ["x", [1], []], ["x", [0], []], ["cx", [0, 2], []], ["h", [2], []]], "pqc_circuit_tokens": [["h", [2], []], ["cx", [0, 2], []], ["x", [0], []], ["x", [1], []], ["h", [1], []], ["rz", [0], [0.4742657542228699]], ["rx", [0], [2.545750856399536]], ["rz", [0], [-1.380502700805664]], ["rz", [1], [-3.277043104171753]], ["rx", [1], [3.3095617294311523]], ["rz", [1], [2.6664135456085205]], ["rz", [2], [2.0241875648498535]], ["rx", [2], [2.3810415267944336]], ["rz", [2], [-2.8261520862579346]], ["h", [1], []], ["h", [2], []], ["h", [2], []], ["cx", [1, 2], []], ["cx", [1, 2], []], ["rz", [0], [1.6910983324050903]], ["rx", [0], [2.25479793548584]], ["rz", [0], [3.2459137439727783]], ["rz", [1], [0.660027265548706]], ["rx", [1], [-0.3117264211177826]], ["rz", [1], [-3.2488210201263428]], ["rz", [2], [-2.2061407566070557]], ["rx", [2], [0.4349849820137024]], ["rz", [2], [2.9292426109313965]], ["cx", [1, 2], []], ["cx", [1, 2], []], ["h", [2], []], ["h", [2], []], ["h", [1], []], ["rz", [0], [3.234590768814087]], ["rx", [0], [-1.9629967212677002]], ["rz", [0], [-0.3333926796913147]], ["rz", [1], [-1.5593160390853882]], ["rx", [1], [1.17061185836792]], ["rz", [1], [-0.47256559133529663]], ["rz", [2], [2.10469913482666]], ["rx", [2], [1.0530389547348022]], ["rz", [2], [-1.4171042442321777]], ["h", [1], []], ["x", [1], []], ["x", [0], []], ["cx", [0, 2], []], ["h", [2], []], ["rz", [0], [1.4767475128173828]], ["rx", [0], [2.8593454360961914]], ["rz", [0], [-0.9092630743980408]], ["rz", [1], [0.5963414311408997]], ["rx", [1], [1.2103252410888672]], ["rz", [1], [1.6520339250564575]], ["rz", [2], [0.307506263256073]], ["rx", [2], [2.834959030151367]], ["rz", [2], [-0.18473926186561584]]], "base_circuit_qasm": "OPENQASM 2.0;\ninclude \"qelib1.inc\";\nqreg q[3];\nh q[2];\ncx q[0],q[2];\nx q[0];\nx q[1];\nh q[1];\nh q[1];\nh q[2];\nh q[2];\ncx q[1],q[2];\ncx q[1],q[2];\ncx q[1],q[2];\ncx q[1],q[2];\nh q[2];\nh q[2];\nh q[1];\nh q[1];\nx q[1];\nx q[0];\ncx q[0],q[2];\nh q[2];", "pqc_circuit_qasm": "OPENQASM 2.0;\ninclude \"qelib1.inc\";\nqreg q[3];\nh q[2];\ncx q[0],q[2];\nx q[0];\nx q[1];\nh q[1];\nrz(0.4742657542228699) q[0];\nrx(2.545750856399536) q[0];\nrz(-1.380502700805664) q[0];\nrz(-3.277043104171753) q[1];\nrx(3.3095617294311523) q[1];\nrz(2.6664135456085205) q[1];\nrz(2.0241875648498535) q[2];\nrx(2.3810415267944336) q[2];\nrz(-2.8261520862579346) q[2];\nh q[1];\nh q[2];\nh q[2];\ncx q[1],q[2];\ncx q[1],q[2];\nrz(1.6910983324050903) q[0];\nrx(2.25479793548584) q[0];\nrz(3.2459137439727783) q[0];\nrz(0.660027265548706) q[1];\nrx(-0.3117264211177826) q[1];\nrz(-3.2488210201263428) q[1];\nrz(-2.2061407566070557) q[2];\nrx(0.4349849820137024) q[2];\nrz(2.9292426109313965) q[2];\ncx q[1],q[2];\ncx q[1],q[2];\nh q[2];\nh q[2];\nh q[1];\nrz(3.234590768814087) q[0];\nrx(-1.9629967212677002) q[0];\nrz(-0.3333926796913147) q[0];\nrz(-1.5593160390853882) q[1];\nrx(1.17061185836792) q[1];\nrz(-0.47256559133529663) q[1];\nrz(2.10469913482666) q[2];\nrx(1.0530389547348022) q[2];\nrz(-1.4171042442321777) q[2];\nh q[1];\nx q[1];\nx q[0];\ncx q[0],q[2];\nh q[2];\nrz(1.4767475128173828) q[0];\nrx(2.8593454360961914) q[0];\nrz(-0.9092630743980408) q[0];\nrz(0.5963414311408997) q[1];\nrx(1.2103252410888672) q[1];\nrz(1.6520339250564575) q[1];\nrz(0.307506263256073) q[2];\nrx(2.834959030151367) q[2];\nrz(-0.18473926186561584) q[2];"}