{"seed": 345, "fidelity": 0.9595420956611633, "pqc_params": [[[-0.007703596726059914, 2.6217024326324463, 3.342855453491211], [1.7780908346176147, 1.0895299911499023, 0.08228364586830139], [2.0898778438568115, -1.7536073923110962, 2.608041524887085]], [[-0.20934924483299255, 0.6281692981719971, -0.07444789260625839], [-0.3123420476913452, 2.4634740352630615, -3.342674970626831], [1.606582760810852, 3.0316333770751953, 1.6524872779846191]], [[-1.0808433294296265, -1.5628573894500732, 2.8888349533081055], [0.8311012983322144, -2.7208707332611084, 1.5564467906951904], [2.3338849544525146, -1.0875849723815918, 2.680540084838867]], [[-0.21646182239055634, 1.1139663457870483, 3.0911977291107178], [-2.761744737625122, -3.1541225910186768, 3.6314189434051514], [-0.10778003931045532, -0.519910454750061, 1.4823024272918701]]], "base_circuit_tokens": [["cx", [2, 1], []], ["h", [0], []], ["cx", [0, 1], []], ["h", [0], []], ["h", [1], []], ["cx", [0, 1], []], ["h", [1], []], ["h", [1], []], ["x", [2], []], ["h", [0], []], ["h", [0], []], ["x", [2], []], ["h", [1], []], ["h", [1], []], ["cx", [0, 1], []], ["h", [1], []], ["h", [0], []], ["cx", [0, 1], []], ["h", [0], []], ["cx", [2, 1], []]], "pqc_circuit_tokens": [["cx", [2, 1], []], ["h", [0], []], ["cx", [0, 1], []], ["h", [0], []], ["h", [1], []], ["rz", [0], [-0.007703596726059914]], ["rx", [0], [2.6217024326324463]], ["rz", [0], [3.342855453491211]], ["rz", [1], [1.7780908346176147]], ["rx", [1], [1.0895299911499023]], ["rz", [1], [0.08228364586830139]], ["rz", [2], [2.0898778438568115]], ["rx", [2], [-1.7536073923110962]], ["rz", [2], [2.608041524887085]], ["cx", [0, 1], []], ["h", [1], []], ["h", [1], []], ["x", [2], []], ["h", [0], []], ["rz", [0], [-0.20934924483299255]], ["rx", [0], [0.6281692981719971]], ["rz", [0], [-0.07444789260625839]], ["rz", [1], [-0.3123420476913452]], ["rx", [1], [2.4634740352630615]], ["rz", [1], [-3.342674970626831]], ["rz", [2], [1.606582760810852]], ["rx", [2], [3.0316333770751953]], ["rz", [2], [1.6524872779846191]], ["h", [0], []], ["x", [2], []], ["h", [1], []], ["h", [1], []], ["cx", [0, 1], []], ["rz", [0], [-1.0808433294296265]], ["rx", [0], [-1.5628573894500732]], ["rz", [0], [2.8888349533081055]], ["rz", [1], [0.8311012983322144]], ["rx", [1], [-2.7208707332611084]], ["rz", [1], [1.5564467906951904]], ["rz", [2], [2.3338849544525146]], ["rx", [2], [-1.0875849723815918]], ["rz", [2], [2.680540084838867]], ["h", [1], []], ["h", [0], []], ["cx", [0, 1], []], ["h", [0], []], ["cx", [2, 1], []], ["rz", [0], [-0.21646182239055634]], ["rx", [0], [1.1139663457870483]], ["rz", [0], [3.0911977291107178]], ["rz", [1], [-2.761744737625122]], ["rx", [1], [-3.1541225910186768]], ["rz", [1], [3.6314189434051514]], ["rz", [2], [-0.10778003931045532]], ["rx", [2], [-0.519910454750061]], ["rz", [2], [1.4823024272918701]]], "base_circuit_qasm": "OPENQASM 2.0;\ninclude \"qelib1.inc\";\nqreg q[3];\ncx q[2],q[1];\nh q[0];\ncx q[0],q[1];\nh q[0];\nh q[1];\ncx q[0],q[1];\nh q[1];\nh q[1];\nx q[2];\nh q[0];\nh q[0];\nx q[2];\nh q[1];\nh q[1];\ncx q[0],q[1];\nh q[1];\nh q[0];\ncx q[0],q[1];\nh q[0];\ncx q[2],q[1];", "pqc_circuit_qasm": "OPENQASM 2.0;\ninclude \"qelib1.inc\";\nqreg q[3];\ncx q[2],q[1];\nh q[0];\ncx q[0],q[1];\nh q[0];\nh q[1];\nrz(-0.007703596726059914) q[0];\nrx(2.6217024326324463) q[0];\nrz(3.342855453491211) q[0];\nrz(1.7780908346176147) q[1];\nrx(1.0895299911499023) q[1];\nrz(0.08228364586830139) q[1];\nrz(2.0898778438568115) q[2];\nrx(-1.7536073923110962) q[2];\nrz(2.608041524887085) q[2];\ncx q[0],q[1];\nh q[1];\nh q[1];\nx q[2];\nh q[0];\nrz(-0.20934924483299255) q[0];\nrx(0.6281692981719971) q[0];\nrz(-0.07444789260625839) q[0];\nrz(-0.3123420476913452) q[1];\nrx(2.4634740352630615) q[1];\nrz(-3.342674970626831) q[1];\nrz(1.606582760810852) q[2];\nrx(3.0316333770751953) q[2];\nrz(1.6524872779846191) q[2];\nh q[0];\nx q[2];\nh q[1];\nh q[1];\ncx q[0],q[1];\nrz(-1.0808433294296265) q[0];\nrx(-1.5628573894500732) q[0];\nrz(2.8888349533081055) q[0];\nrz(0.8311012983322144) q[1];\nrx(-2.7208707332611084) q[1];\nrz(1.5564467906951904) q[1];\nrz(2.3338849544525146) q[2];\nrx(-1.0875849723815918) q[2];\nrz(2.680540084838867) q[2];\nh q[1];\nh q[0];\ncx q[0],q[1];\nh q[0];\ncx q[2],q[1];\nrz(-0.21646182239055634) q[0];\nrx(1.1139663457870483) q[0];\nrz(3.0911977291107178) q[0];\nrz(-2.761744737625122) q[1];\nrx(-3.1541225910186768) q[1];\nrz(3.6314189434051514) q[1];\nrz(-0.10778003931045532) q[2];\nrx(-0.519910454750061) q[2];\nrz(1.4823024272918701) q[2];"}