{"seed": 3456, "fidelity": 0.9732376933097839, "pqc_params": [[[2.717189311981201, -0.6566375494003296, 0.23581469058990479], [-0.027594085782766342, -3.2095463275909424, -3.2312397956848145], [-2.456120729446411, -2.503019332885742, -2.795555353164673]], [[3.223384141921997, 0.2418799102306366, -2.528883218765259], [3.011902093887329, -2.947042942047119, 0.8939626812934875], [1.2345510721206665, 3.118942975997925, 1.3336459398269653]], [[-0.7366282343864441, -1.7419530153274536, -3.3054840564727783], [1.8041133880615234, 1.8720366954803467, 0.7228080034255981], [-0.23005996644496918, -1.5350016355514526, -0.5639282464981079]], [[-3.355419635772705, -0.8114210963249207, -3.23614239692688], [-0.7547261118888855, -1.7915890216827393, -1.0431406497955322], [-0.04758593440055847, 2.8139450550079346, 0.06470126658678055]]], "base_circuit_tokens": [["cx", [0, 2], []], ["cx", [2, 0], []], ["h", [2], []], ["cx", [2, 0], []], ["h", [2], []], ["h", [2], []], ["cx", [1, 2], []], ["x", [2], []], ["x", [2], []], ["x", [1], []], ["x", [1], []], ["x", [2], []], ["x", [2], []], ["cx", [1, 2], []], ["h", [2], []], ["h", [2], []], ["cx", [2, 0], []], ["h", [2], []], ["cx", [2, 0], []], ["cx", [0, 2], []]], "pqc_circuit_tokens": [["cx", [0, 2], []], ["cx", [2, 0], []], ["h", [2], []], ["cx", [2, 0], []], ["h", [2], []], ["rz", [0], [2.717189311981201]], ["rx", [0], [-0.6566375494003296]], ["rz", [0], [0.23581469058990479]], ["rz", [1], [-0.027594085782766342]], ["rx", [1], [-3.2095463275909424]], ["rz", [1], [-3.2312397956848145]], ["rz", [2], [-2.456120729446411]], ["rx", [2], [-2.503019332885742]], ["rz", [2], [-2.795555353164673]], ["h", [2], []], ["cx", [1, 2], []], ["x", [2], []], ["x", [2], []], ["x", [1], []], ["rz", [0], [3.223384141921997]], ["rx", [0], [0.2418799102306366]], ["rz", [0], [-2.528883218765259]], ["rz", [1], [3.011902093887329]], ["rx", [1], [-2.947042942047119]], ["rz", [1], [0.8939626812934875]], ["rz", [2], [1.2345510721206665]], ["rx", [2], [3.118942975997925]], ["rz", [2], [1.3336459398269653]], ["x", [1], []], ["x", [2], []], ["x", [2], []], ["cx", [1, 2], []], ["h", [2], []], ["rz", [0], [-0.7366282343864441]], ["rx", [0], [-1.7419530153274536]], ["rz", [0], [-3.3054840564727783]], ["rz", [1], [1.8041133880615234]], ["rx", [1], [1.8720366954803467]], ["rz", [1], [0.7228080034255981]], ["rz", [2], [-0.23005996644496918]], ["rx", [2], [-1.5350016355514526]], ["rz", [2], [-0.5639282464981079]], ["h", [2], []], ["cx", [2, 0], []], ["h", [2], []], ["cx", [2, 0], []], ["cx", [0, 2], []], ["rz", [0], [-3.355419635772705]], ["rx", [0], [-0.8114210963249207]], ["rz", [0], [-3.23614239692688]], ["rz", [1], [-0.7547261118888855]], ["rx", [1], [-1.7915890216827393]], ["rz", [1], [-1.0431406497955322]], ["rz", [2], [-0.04758593440055847]], ["rx", [2], [2.8139450550079346]], ["rz", [2], [0.06470126658678055]]], "base_circuit_qasm": "OPENQASM 2.0;\ninclude \"qelib1.inc\";\nqreg q[3];\ncx q[0],q[2];\ncx q[2],q[0];\nh q[2];\ncx q[2],q[0];\nh q[2];\nh q[2];\ncx q[1],q[2];\nx q[2];\nx q[2];\nx q[1];\nx q[1];\nx q[2];\nx q[2];\ncx q[1],q[2];\nh q[2];\nh q[2];\ncx q[2],q[0];\nh q[2];\ncx q[2],q[0];\ncx q[0],q[2];", "pqc_circuit_qasm": "OPENQASM 2.0;\ninclude \"qelib1.inc\";\nqreg q[3];\ncx q[0],q[2];\ncx q[2],q[0];\nh q[2];\ncx q[2],q[0];\nh q[2];\nrz(2.717189311981201) q[0];\nrx(-0.6566375494003296) q[0];\nrz(0.23581469058990479) q[0];\nrz(-0.027594085782766342) q[1];\nrx(-3.2095463275909424) q[1];\nrz(-3.2312397956848145) q[1];\nrz(-2.456120729446411) q[2];\nrx(-2.503019332885742) q[2];\nrz(-2.795555353164673) q[2];\nh q[2];\ncx q[1],q[2];\nx q[2];\nx q[2];\nx q[1];\nrz(3.223384141921997) q[0];\nrx(0.2418799102306366) q[0];\nrz(-2.528883218765259) q[0];\nrz(3.011902093887329) q[1];\nrx(-2.947042942047119) q[1];\nrz(0.8939626812934875) q[1];\nrz(1.2345510721206665) q[2];\nrx(3.118942975997925) q[2];\nrz(1.3336459398269653) q[2];\nx q[1];\nx q[2];\nx q[2];\ncx q[1],q[2];\nh q[2];\nrz(-0.7366282343864441) q[0];\nrx(-1.7419530153274536) q[0];\nrz(-3.3054840564727783) q[0];\nrz(1.8041133880615234) q[1];\nrx(1.8720366954803467) q[1];\nrz(0.7228080034255981) q[1];\nrz(-0.23005996644496918) q[2];\nrx(-1.5350016355514526) q[2];\nrz(-0.5639282464981079) q[2];\nh q[2];\ncx q[2],q[0];\nh q[2];\ncx q[2],q[0];\ncx q[0],q[2];\nrz(-3.355419635772705) q[0];\nrx(-0.8114210963249207) q[0];\nrz(-3.23614239692688) q[0];\nrz(-0.7547261118888855) q[1];\nrx(-1.7915890216827393) q[1];\nrz(-1.0431406497955322) q[1];\nrz(-0.04758593440055847) q[2];\nrx(2.8139450550079346) q[2];\nrz(0.06470126658678055) q[2];"}