{"seed": 3457, "fidelity": 0.9998552203178406, "pqc_params": [[[0.705117404460907, -1.795552134513855, 0.7541626691818237], [1.265335202217102, -1.8868303298950195, -3.0937867164611816], [-3.407909631729126, 3.37070631980896, 2.7045204639434814]], [[1.29275643825531, 2.8318045139312744, 2.1700284481048584], [0.968006432056427, -2.113729238510132, 1.3137202262878418], [-0.4872535169124603, -3.2713770866394043, -3.0070548057556152]], [[1.654913306236267, -0.271922767162323, 1.1719874143600464], [-0.6421344876289368, 1.3179347515106201, -1.2197437286376953], [-2.037593364715576, -0.8335370421409607, -1.6201988458633423]], [[-1.0630955696105957, 0.479247123003006, -2.326993942260742], [-0.09714283794164658, -2.714906692504883, 3.153717041015625], [-1.8250187635421753, -2.374023914337158, 0.3493902087211609]]], "base_circuit_tokens": [["h", [0], []], ["cx", [2, 1], []], ["h", [1], []], ["x", [1], []], ["cx", [1, 2], []], ["h", [2], []], ["x", [2], []], ["h", [0], []], ["cx", [1, 2], []], ["h", [1], []], ["h", [1], []], ["cx", [1, 2], []], ["h", [0], []], ["x", [2], []], ["h", [2], []], ["cx", [1, 2], []], ["x", [1], []], ["h", [1], []], ["cx", [2, 1], []], ["h", [0], []]], "pqc_circuit_tokens": [["h", [0], []], ["cx", [2, 1], []], ["h", [1], []], ["x", [1], []], ["cx", [1, 2], []], ["rz", [0], [0.705117404460907]], ["rx", [0], [-1.795552134513855]], ["rz", [0], [0.7541626691818237]], ["rz", [1], [1.265335202217102]], ["rx", [1], [-1.8868303298950195]], ["rz", [1], [-3.0937867164611816]], ["rz", [2], [-3.407909631729126]], ["rx", [2], [3.37070631980896]], ["rz", [2], [2.7045204639434814]], ["h", [2], []], ["x", [2], []], ["h", [0], []], ["cx", [1, 2], []], ["h", [1], []], ["rz", [0], [1.29275643825531]], ["rx", [0], [2.8318045139312744]], ["rz", [0], [2.1700284481048584]], ["rz", [1], [0.968006432056427]], ["rx", [1], [-2.113729238510132]], ["rz", [1], [1.3137202262878418]], ["rz", [2], [-0.4872535169124603]], ["rx", [2], [-3.2713770866394043]], ["rz", [2], [-3.0070548057556152]], ["h", [1], []], ["cx", [1, 2], []], ["h", [0], []], ["x", [2], []], ["h", [2], []], ["rz", [0], [1.654913306236267]], ["rx", [0], [-0.271922767162323]], ["rz", [0], [1.1719874143600464]], ["rz", [1], [-0.6421344876289368]], ["rx", [1], [1.3179347515106201]], ["rz", [1], [-1.2197437286376953]], ["rz", [2], [-2.037593364715576]], ["rx", [2], [-0.8335370421409607]], ["rz", [2], [-1.6201988458633423]], ["cx", [1, 2], []], ["x", [1], []], ["h", [1], []], ["cx", [2, 1], []], ["h", [0], []], ["rz", [0], [-1.0630955696105957]], ["rx", [0], [0.479247123003006]], ["rz", [0], [-2.326993942260742]], ["rz", [1], [-0.09714283794164658]], ["rx", [1], [-2.714906692504883]], ["rz", [1], [3.153717041015625]], ["rz", [2], [-1.8250187635421753]], ["rx", [2], [-2.374023914337158]], ["rz", [2], [0.3493902087211609]]], "base_circuit_qasm": "OPENQASM 2.0;\ninclude \"qelib1.inc\";\nqreg q[3];\nh q[0];\ncx q[2],q[1];\nh q[1];\nx q[1];\ncx q[1],q[2];\nh q[2];\nx q[2];\nh q[0];\ncx q[1],q[2];\nh q[1];\nh q[1];\ncx q[1],q[2];\nh q[0];\nx q[2];\nh q[2];\ncx q[1],q[2];\nx q[1];\nh q[1];\ncx q[2],q[1];\nh q[0];", "pqc_circuit_qasm": "OPENQASM 2.0;\ninclude \"qelib1.inc\";\nqreg q[3];\nh q[0];\ncx q[2],q[1];\nh q[1];\nx q[1];\ncx q[1],q[2];\nrz(0.705117404460907) q[0];\nrx(-1.795552134513855) q[0];\nrz(0.7541626691818237) q[0];\nrz(1.265335202217102) q[1];\nrx(-1.8868303298950195) q[1];\nrz(-3.0937867164611816) q[1];\nrz(-3.407909631729126) q[2];\nrx(3.37070631980896) q[2];\nrz(2.7045204639434814) q[2];\nh q[2];\nx q[2];\nh q[0];\ncx q[1],q[2];\nh q[1];\nrz(1.29275643825531) q[0];\nrx(2.8318045139312744) q[0];\nrz(2.1700284481048584) q[0];\nrz(0.968006432056427) q[1];\nrx(-2.113729238510132) q[1];\nrz(1.3137202262878418) q[1];\nrz(-0.4872535169124603) q[2];\nrx(-3.2713770866394043) q[2];\nrz(-3.0070548057556152) q[2];\nh q[1];\ncx q[1],q[2];\nh q[0];\nx q[2];\nh q[2];\nrz(1.654913306236267) q[0];\nrx(-0.271922767162323) q[0];\nrz(1.1719874143600464) q[0];\nrz(-0.6421344876289368) q[1];\nrx(1.3179347515106201) q[1];\nrz(-1.2197437286376953) q[1];\nrz(-2.037593364715576) q[2];\nrx(-0.8335370421409607) q[2];\nrz(-1.6201988458633423) q[2];\ncx q[1],q[2];\nx q[1];\nh q[1];\ncx q[2],q[1];\nh q[0];\nrz(-1.0630955696105957) q[0];\nrx(0.479247123003006) q[0];\nrz(-2.326993942260742) q[0];\nrz(-0.09714283794164658) q[1];\nrx(-2.714906692504883) q[1];\nrz(3.153717041015625) q[1];\nrz(-1.8250187635421753) q[2];\nrx(-2.374023914337158) q[2];\nrz(0.3493902087211609) q[2];"}