{"seed": 35, "fidelity": 0.9673538208007812, "pqc_params": [[[4.062421798706055, -0.2831023633480072, 3.734238386154175], [0.4000692367553711, 2.6810269355773926, 2.579456329345703], [0.43967217206954956, 1.161096215248108, -9.606322419131175e-05]], [[-1.1330779790878296, -0.0577179379761219, -2.1200149059295654], [-2.1511776447296143, 0.03539467230439186, -2.8616888523101807], [2.030113458633423, -2.518357276916504, -0.9317407011985779]], [[1.9178318977355957, 0.40205031633377075, 2.7015061378479004], [-1.187499761581421, -0.28134074807167053, -2.488949775695801], [2.963616132736206, 1.9808601140975952, 1.1156060695648193]], [[1.733548641204834, 3.133589506149292, 1.8147550821304321], [-1.4901599884033203, -0.02546866051852703, -1.5329385995864868], [-3.577303409576416, 0.5625830888748169, -1.1265367269515991]]], "base_circuit_tokens": [["x", [1], []], ["cx", [2, 1], []], ["x", [2], []], ["cx", [2, 0], []], ["h", [1], []], ["cx", [0, 2], []], ["x", [0], []], ["x", [2], []], ["cx", [1, 2], []], ["cx", [2, 0], []], ["cx", [2, 0], []], ["cx", [1, 2], []], ["x", [2], []], ["x", [0], []], ["cx", [0, 2], []], ["h", [1], []], ["cx", [2, 0], []], ["x", [2], []], ["cx", [2, 1], []], ["x", [1], []]], "pqc_circuit_tokens": [["x", [1], []], ["cx", [2, 1], []], ["x", [2], []], ["cx", [2, 0], []], ["h", [1], []], ["rz", [0], [4.062421798706055]], ["rx", [0], [-0.2831023633480072]], ["rz", [0], [3.734238386154175]], ["rz", [1], [0.4000692367553711]], ["rx", [1], [2.6810269355773926]], ["rz", [1], [2.579456329345703]], ["rz", [2], [0.43967217206954956]], ["rx", [2], [1.161096215248108]], ["rz", [2], [-9.606322419131175e-05]], ["cx", [0, 2], []], ["x", [0], []], ["x", [2], []], ["cx", [1, 2], []], ["cx", [2, 0], []], ["rz", [0], [-1.1330779790878296]], ["rx", [0], [-0.0577179379761219]], ["rz", [0], [-2.1200149059295654]], ["rz", [1], [-2.1511776447296143]], ["rx", [1], [0.03539467230439186]], ["rz", [1], [-2.8616888523101807]], ["rz", [2], [2.030113458633423]], ["rx", [2], [-2.518357276916504]], ["rz", [2], [-0.9317407011985779]], ["cx", [2, 0], []], ["cx", [1, 2], []], ["x", [2], []], ["x", [0], []], ["cx", [0, 2], []], ["rz", [0], [1.9178318977355957]], ["rx", [0], [0.40205031633377075]], ["rz", [0], [2.7015061378479004]], ["rz", [1], [-1.187499761581421]], ["rx", [1], [-0.28134074807167053]], ["rz", [1], [-2.488949775695801]], ["rz", [2], [2.963616132736206]], ["rx", [2], [1.9808601140975952]], ["rz", [2], [1.1156060695648193]], ["h", [1], []], ["cx", [2, 0], []], ["x", [2], []], ["cx", [2, 1], []], ["x", [1], []], ["rz", [0], [1.733548641204834]], ["rx", [0], [3.133589506149292]], ["rz", [0], [1.8147550821304321]], ["rz", [1], [-1.4901599884033203]], ["rx", [1], [-0.02546866051852703]], ["rz", [1], [-1.5329385995864868]], ["rz", [2], [-3.577303409576416]], ["rx", [2], [0.5625830888748169]], ["rz", [2], [-1.1265367269515991]]], "base_circuit_qasm": "OPENQASM 2.0;\ninclude \"qelib1.inc\";\nqreg q[3];\nx q[1];\ncx q[2],q[1];\nx q[2];\ncx q[2],q[0];\nh q[1];\ncx q[0],q[2];\nx q[0];\nx q[2];\ncx q[1],q[2];\ncx q[2],q[0];\ncx q[2],q[0];\ncx q[1],q[2];\nx q[2];\nx q[0];\ncx q[0],q[2];\nh q[1];\ncx q[2],q[0];\nx q[2];\ncx q[2],q[1];\nx q[1];", "pqc_circuit_qasm": "OPENQASM 2.0;\ninclude \"qelib1.inc\";\nqreg q[3];\nx q[1];\ncx q[2],q[1];\nx q[2];\ncx q[2],q[0];\nh q[1];\nrz(4.062421798706055) q[0];\nrx(-0.2831023633480072) q[0];\nrz(3.734238386154175) q[0];\nrz(0.4000692367553711) q[1];\nrx(2.6810269355773926) q[1];\nrz(2.579456329345703) q[1];\nrz(0.43967217206954956) q[2];\nrx(1.161096215248108) q[2];\nrz(-9.606322419131175e-05) q[2];\ncx q[0],q[2];\nx q[0];\nx q[2];\ncx q[1],q[2];\ncx q[2],q[0];\nrz(-1.1330779790878296) q[0];\nrx(-0.0577179379761219) q[0];\nrz(-2.1200149059295654) q[0];\nrz(-2.1511776447296143) q[1];\nrx(0.03539467230439186) q[1];\nrz(-2.8616888523101807) q[1];\nrz(2.030113458633423) q[2];\nrx(-2.518357276916504) q[2];\nrz(-0.9317407011985779) q[2];\ncx q[2],q[0];\ncx q[1],q[2];\nx q[2];\nx q[0];\ncx q[0],q[2];\nrz(1.9178318977355957) q[0];\nrx(0.40205031633377075) q[0];\nrz(2.7015061378479004) q[0];\nrz(-1.187499761581421) q[1];\nrx(-0.28134074807167053) q[1];\nrz(-2.488949775695801) q[1];\nrz(2.963616132736206) q[2];\nrx(1.9808601140975952) q[2];\nrz(1.1156060695648193) q[2];\nh q[1];\ncx q[2],q[0];\nx q[2];\ncx q[2],q[1];\nx q[1];\nrz(1.733548641204834) q[0];\nrx(3.133589506149292) q[0];\nrz(1.8147550821304321) q[0];\nrz(-1.4901599884033203) q[1];\nrx(-0.02546866051852703) q[1];\nrz(-1.5329385995864868) q[1];\nrz(-3.577303409576416) q[2];\nrx(0.5625830888748169) q[2];\nrz(-1.1265367269515991) q[2];"}