{"seed": 352, "fidelity": 0.9960268139839172, "pqc_params": [[[2.0280654430389404, 1.2582875490188599, 0.7365878224372864], [0.3913203477859497, -1.7326332330703735, -0.7540367841720581], [0.7403639554977417, 1.8008928298950195, -1.0667392015457153]], [[1.8791073560714722, -3.071758985519409, -1.1884920597076416], [-1.3281776905059814, 2.8496289253234863, -0.6588357090950012], [-2.296372175216675, 0.21157415211200714, -1.5170482397079468]], [[1.2349454164505005, -2.235285758972168, 0.8118381500244141], [-2.1929380893707275, -0.8844875693321228, 0.5611568689346313], [1.6998399496078491, 0.7737841606140137, -1.2372294664382935]], [[-1.8456470966339111, 0.06741555035114288, -1.3078441619873047], [-2.553251266479492, -3.0556259155273438, 1.1372345685958862], [-0.09659919887781143, -2.5060300827026367, -3.1409711837768555]]], "base_circuit_tokens": [["cx", [0, 2], []], ["h", [0], []], ["h", [0], []], ["cx", [1, 2], []], ["h", [2], []], ["cx", [0, 2], []], ["h", [2], []], ["h", [1], []], ["h", [0], []], ["x", [2], []], ["x", [2], []], ["h", [0], []], ["h", [1], []], ["h", [2], []], ["cx", [0, 2], []], ["h", [2], []], ["cx", [1, 2], []], ["h", [0], []], ["h", [0], []], ["cx", [0, 2], []]], "pqc_circuit_tokens": [["cx", [0, 2], []], ["h", [0], []], ["h", [0], []], ["cx", [1, 2], []], ["h", [2], []], ["rz", [0], [2.0280654430389404]], ["rx", [0], [1.2582875490188599]], ["rz", [0], [0.7365878224372864]], ["rz", [1], [0.3913203477859497]], ["rx", [1], [-1.7326332330703735]], ["rz", [1], [-0.7540367841720581]], ["rz", [2], [0.7403639554977417]], ["rx", [2], [1.8008928298950195]], ["rz", [2], [-1.0667392015457153]], ["cx", [0, 2], []], ["h", [2], []], ["h", [1], []], ["h", [0], []], ["x", [2], []], ["rz", [0], [1.8791073560714722]], ["rx", [0], [-3.071758985519409]], ["rz", [0], [-1.1884920597076416]], ["rz", [1], [-1.3281776905059814]], ["rx", [1], [2.8496289253234863]], ["rz", [1], [-0.6588357090950012]], ["rz", [2], [-2.296372175216675]], ["rx", [2], [0.21157415211200714]], ["rz", [2], [-1.5170482397079468]], ["x", [2], []], ["h", [0], []], ["h", [1], []], ["h", [2], []], ["cx", [0, 2], []], ["rz", [0], [1.2349454164505005]], ["rx", [0], [-2.235285758972168]], ["rz", [0], [0.8118381500244141]], ["rz", [1], [-2.1929380893707275]], ["rx", [1], [-0.8844875693321228]], ["rz", [1], [0.5611568689346313]], ["rz", [2], [1.6998399496078491]], ["rx", [2], [0.7737841606140137]], ["rz", [2], [-1.2372294664382935]], ["h", [2], []], ["cx", [1, 2], []], ["h", [0], []], ["h", [0], []], ["cx", [0, 2], []], ["rz", [0], [-1.8456470966339111]], ["rx", [0], [0.06741555035114288]], ["rz", [0], [-1.3078441619873047]], ["rz", [1], [-2.553251266479492]], ["rx", [1], [-3.0556259155273438]], ["rz", [1], [1.1372345685958862]], ["rz", [2], [-0.09659919887781143]], ["rx", [2], [-2.5060300827026367]], ["rz", [2], [-3.1409711837768555]]], "base_circuit_qasm": "OPENQASM 2.0;\ninclude \"qelib1.inc\";\nqreg q[3];\ncx q[0],q[2];\nh q[0];\nh q[0];\ncx q[1],q[2];\nh q[2];\ncx q[0],q[2];\nh q[2];\nh q[1];\nh q[0];\nx q[2];\nx q[2];\nh q[0];\nh q[1];\nh q[2];\ncx q[0],q[2];\nh q[2];\ncx q[1],q[2];\nh q[0];\nh q[0];\ncx q[0],q[2];", "pqc_circuit_qasm": "OPENQASM 2.0;\ninclude \"qelib1.inc\";\nqreg q[3];\ncx q[0],q[2];\nh q[0];\nh q[0];\ncx q[1],q[2];\nh q[2];\nrz(2.0280654430389404) q[0];\nrx(1.2582875490188599) q[0];\nrz(0.7365878224372864) q[0];\nrz(0.3913203477859497) q[1];\nrx(-1.7326332330703735) q[1];\nrz(-0.7540367841720581) q[1];\nrz(0.7403639554977417) q[2];\nrx(1.8008928298950195) q[2];\nrz(-1.0667392015457153) q[2];\ncx q[0],q[2];\nh q[2];\nh q[1];\nh q[0];\nx q[2];\nrz(1.8791073560714722) q[0];\nrx(-3.071758985519409) q[0];\nrz(-1.1884920597076416) q[0];\nrz(-1.3281776905059814) q[1];\nrx(2.8496289253234863) q[1];\nrz(-0.6588357090950012) q[1];\nrz(-2.296372175216675) q[2];\nrx(0.21157415211200714) q[2];\nrz(-1.5170482397079468) q[2];\nx q[2];\nh q[0];\nh q[1];\nh q[2];\ncx q[0],q[2];\nrz(1.2349454164505005) q[0];\nrx(-2.235285758972168) q[0];\nrz(0.8118381500244141) q[0];\nrz(-2.1929380893707275) q[1];\nrx(-0.8844875693321228) q[1];\nrz(0.5611568689346313) q[1];\nrz(1.6998399496078491) q[2];\nrx(0.7737841606140137) q[2];\nrz(-1.2372294664382935) q[2];\nh q[2];\ncx q[1],q[2];\nh q[0];\nh q[0];\ncx q[0],q[2];\nrz(-1.8456470966339111) q[0];\nrx(0.06741555035114288) q[0];\nrz(-1.3078441619873047) q[0];\nrz(-2.553251266479492) q[1];\nrx(-3.0556259155273438) q[1];\nrz(1.1372345685958862) q[1];\nrz(-0.09659919887781143) q[2];\nrx(-2.5060300827026367) q[2];\nrz(-3.1409711837768555) q[2];"}