{"seed": 3529, "fidelity": 0.9853922128677368, "pqc_params": [[[-2.1517248153686523, -1.8354089260101318, 2.329803466796875], [-2.7218410968780518, -1.2782182693481445, -2.168872594833374], [1.3565852642059326, 1.5960007905960083, 0.12442654371261597]], [[1.8304561376571655, -2.8271725177764893, 2.255965232849121], [-1.0582112073898315, -1.4046927690505981, 0.46984151005744934], [2.2965238094329834, 3.0374956130981445, -0.7375791668891907]], [[0.8834872245788574, 1.7545757293701172, 1.5744932889938354], [-1.8112958669662476, 2.7094173431396484, -1.2660671472549438], [1.3668081760406494, 1.6152164936065674, 1.1577775478363037]], [[0.08155322819948196, -1.7125842571258545, -2.8618626594543457], [0.7858276963233948, -3.205448627471924, 2.0931835174560547], [3.7821476459503174, 3.217029571533203, -1.3415309190750122]]], "base_circuit_tokens": [["cx", [2, 0], []], ["h", [2], []], ["cx", [1, 2], []], ["h", [2], []], ["h", [2], []], ["cx", [2, 0], []], ["x", [1], []], ["h", [0], []], ["h", [1], []], ["h", [2], []], ["h", [2], []], ["h", [1], []], ["h", [0], []], ["x", [1], []], ["cx", [2, 0], []], ["h", [2], []], ["h", [2], []], ["cx", [1, 2], []], ["h", [2], []], ["cx", [2, 0], []]], "pqc_circuit_tokens": [["cx", [2, 0], []], ["h", [2], []], ["cx", [1, 2], []], ["h", [2], []], ["h", [2], []], ["rz", [0], [-2.1517248153686523]], ["rx", [0], [-1.8354089260101318]], ["rz", [0], [2.329803466796875]], ["rz", [1], [-2.7218410968780518]], ["rx", [1], [-1.2782182693481445]], ["rz", [1], [-2.168872594833374]], ["rz", [2], [1.3565852642059326]], ["rx", [2], [1.5960007905960083]], ["rz", [2], [0.12442654371261597]], ["cx", [2, 0], []], ["x", [1], []], ["h", [0], []], ["h", [1], []], ["h", [2], []], ["rz", [0], [1.8304561376571655]], ["rx", [0], [-2.8271725177764893]], ["rz", [0], [2.255965232849121]], ["rz", [1], [-1.0582112073898315]], ["rx", [1], [-1.4046927690505981]], ["rz", [1], [0.46984151005744934]], ["rz", [2], [2.2965238094329834]], ["rx", [2], [3.0374956130981445]], ["rz", [2], [-0.7375791668891907]], ["h", [2], []], ["h", [1], []], ["h", [0], []], ["x", [1], []], ["cx", [2, 0], []], ["rz", [0], [0.8834872245788574]], ["rx", [0], [1.7545757293701172]], ["rz", [0], [1.5744932889938354]], ["rz", [1], [-1.8112958669662476]], ["rx", [1], [2.7094173431396484]], ["rz", [1], [-1.2660671472549438]], ["rz", [2], [1.3668081760406494]], ["rx", [2], [1.6152164936065674]], ["rz", [2], [1.1577775478363037]], ["h", [2], []], ["h", [2], []], ["cx", [1, 2], []], ["h", [2], []], ["cx", [2, 0], []], ["rz", [0], [0.08155322819948196]], ["rx", [0], [-1.7125842571258545]], ["rz", [0], [-2.8618626594543457]], ["rz", [1], [0.7858276963233948]], ["rx", [1], [-3.205448627471924]], ["rz", [1], [2.0931835174560547]], ["rz", [2], [3.7821476459503174]], ["rx", [2], [3.217029571533203]], ["rz", [2], [-1.3415309190750122]]], "base_circuit_qasm": "OPENQASM 2.0;\ninclude \"qelib1.inc\";\nqreg q[3];\ncx q[2],q[0];\nh q[2];\ncx q[1],q[2];\nh q[2];\nh q[2];\ncx q[2],q[0];\nx q[1];\nh q[0];\nh q[1];\nh q[2];\nh q[2];\nh q[1];\nh q[0];\nx q[1];\ncx q[2],q[0];\nh q[2];\nh q[2];\ncx q[1],q[2];\nh q[2];\ncx q[2],q[0];", "pqc_circuit_qasm": "OPENQASM 2.0;\ninclude \"qelib1.inc\";\nqreg q[3];\ncx q[2],q[0];\nh q[2];\ncx q[1],q[2];\nh q[2];\nh q[2];\nrz(-2.1517248153686523) q[0];\nrx(-1.8354089260101318) q[0];\nrz(2.329803466796875) q[0];\nrz(-2.7218410968780518) q[1];\nrx(-1.2782182693481445) q[1];\nrz(-2.168872594833374) q[1];\nrz(1.3565852642059326) q[2];\nrx(1.5960007905960083) q[2];\nrz(0.12442654371261597) q[2];\ncx q[2],q[0];\nx q[1];\nh q[0];\nh q[1];\nh q[2];\nrz(1.8304561376571655) q[0];\nrx(-2.8271725177764893) q[0];\nrz(2.255965232849121) q[0];\nrz(-1.0582112073898315) q[1];\nrx(-1.4046927690505981) q[1];\nrz(0.46984151005744934) q[1];\nrz(2.2965238094329834) q[2];\nrx(3.0374956130981445) q[2];\nrz(-0.7375791668891907) q[2];\nh q[2];\nh q[1];\nh q[0];\nx q[1];\ncx q[2],q[0];\nrz(0.8834872245788574) q[0];\nrx(1.7545757293701172) q[0];\nrz(1.5744932889938354) q[0];\nrz(-1.8112958669662476) q[1];\nrx(2.7094173431396484) q[1];\nrz(-1.2660671472549438) q[1];\nrz(1.3668081760406494) q[2];\nrx(1.6152164936065674) q[2];\nrz(1.1577775478363037) q[2];\nh q[2];\nh q[2];\ncx q[1],q[2];\nh q[2];\ncx q[2],q[0];\nrz(0.08155322819948196) q[0];\nrx(-1.7125842571258545) q[0];\nrz(-2.8618626594543457) q[0];\nrz(0.7858276963233948) q[1];\nrx(-3.205448627471924) q[1];\nrz(2.0931835174560547) q[1];\nrz(3.7821476459503174) q[2];\nrx(3.217029571533203) q[2];\nrz(-1.3415309190750122) q[2];"}