{"seed": 353, "fidelity": 0.9947240948677063, "pqc_params": [[[0.7300125956535339, -1.1416964530944824, -3.343437433242798], [0.9627382755279541, -3.2954509258270264, -0.6315294504165649], [-1.9472181797027588, -1.5421468019485474, 2.039606809616089]], [[-1.9672285318374634, -3.004948854446411, 1.5311049222946167], [-2.0120742321014404, 0.3337579667568207, 0.7258616089820862], [-2.7337441444396973, 0.0029948228038847446, -0.514890730381012]], [[0.3414311408996582, -0.38129517436027527, 0.8555969595909119], [2.381572961807251, -1.9035580158233643, -2.58874773979187], [1.5698566436767578, 2.034081220626831, -0.11115624755620956]], [[0.6115168333053589, 1.497965693473816, 0.651412308216095], [-0.5085025429725647, -0.8970322608947754, 2.1065895557403564], [-0.8173397183418274, -0.5757505297660828, -0.491409033536911]]], "base_circuit_tokens": [["h", [0], []], ["h", [1], []], ["x", [1], []], ["x", [0], []], ["h", [1], []], ["h", [0], []], ["x", [1], []], ["h", [2], []], ["x", [1], []], ["cx", [0, 2], []], ["cx", [0, 2], []], ["x", [1], []], ["h", [2], []], ["x", [1], []], ["h", [0], []], ["h", [1], []], ["x", [0], []], ["x", [1], []], ["h", [1], []], ["h", [0], []]], "pqc_circuit_tokens": [["h", [0], []], ["h", [1], []], ["x", [1], []], ["x", [0], []], ["h", [1], []], ["rz", [0], [0.7300125956535339]], ["rx", [0], [-1.1416964530944824]], ["rz", [0], [-3.343437433242798]], ["rz", [1], [0.9627382755279541]], ["rx", [1], [-3.2954509258270264]], ["rz", [1], [-0.6315294504165649]], ["rz", [2], [-1.9472181797027588]], ["rx", [2], [-1.5421468019485474]], ["rz", [2], [2.039606809616089]], ["h", [0], []], ["x", [1], []], ["h", [2], []], ["x", [1], []], ["cx", [0, 2], []], ["rz", [0], [-1.9672285318374634]], ["rx", [0], [-3.004948854446411]], ["rz", [0], [1.5311049222946167]], ["rz", [1], [-2.0120742321014404]], ["rx", [1], [0.3337579667568207]], ["rz", [1], [0.7258616089820862]], ["rz", [2], [-2.7337441444396973]], ["rx", [2], [0.0029948228038847446]], ["rz", [2], [-0.514890730381012]], ["cx", [0, 2], []], ["x", [1], []], ["h", [2], []], ["x", [1], []], ["h", [0], []], ["rz", [0], [0.3414311408996582]], ["rx", [0], [-0.38129517436027527]], ["rz", [0], [0.8555969595909119]], ["rz", [1], [2.381572961807251]], ["rx", [1], [-1.9035580158233643]], ["rz", [1], [-2.58874773979187]], ["rz", [2], [1.5698566436767578]], ["rx", [2], [2.034081220626831]], ["rz", [2], [-0.11115624755620956]], ["h", [1], []], ["x", [0], []], ["x", [1], []], ["h", [1], []], ["h", [0], []], ["rz", [0], [0.6115168333053589]], ["rx", [0], [1.497965693473816]], ["rz", [0], [0.651412308216095]], ["rz", [1], [-0.5085025429725647]], ["rx", [1], [-0.8970322608947754]], ["rz", [1], [2.1065895557403564]], ["rz", [2], [-0.8173397183418274]], ["rx", [2], [-0.5757505297660828]], ["rz", [2], [-0.491409033536911]]], "base_circuit_qasm": "OPENQASM 2.0;\ninclude \"qelib1.inc\";\nqreg q[3];\nh q[0];\nh q[1];\nx q[1];\nx q[0];\nh q[1];\nh q[0];\nx q[1];\nh q[2];\nx q[1];\ncx q[0],q[2];\ncx q[0],q[2];\nx q[1];\nh q[2];\nx q[1];\nh q[0];\nh q[1];\nx q[0];\nx q[1];\nh q[1];\nh q[0];", "pqc_circuit_qasm": "OPENQASM 2.0;\ninclude \"qelib1.inc\";\nqreg q[3];\nh q[0];\nh q[1];\nx q[1];\nx q[0];\nh q[1];\nrz(0.7300125956535339) q[0];\nrx(-1.1416964530944824) q[0];\nrz(-3.343437433242798) q[0];\nrz(0.9627382755279541) q[1];\nrx(-3.2954509258270264) q[1];\nrz(-0.6315294504165649) q[1];\nrz(-1.9472181797027588) q[2];\nrx(-1.5421468019485474) q[2];\nrz(2.039606809616089) q[2];\nh q[0];\nx q[1];\nh q[2];\nx q[1];\ncx q[0],q[2];\nrz(-1.9672285318374634) q[0];\nrx(-3.004948854446411) q[0];\nrz(1.5311049222946167) q[0];\nrz(-2.0120742321014404) q[1];\nrx(0.3337579667568207) q[1];\nrz(0.7258616089820862) q[1];\nrz(-2.7337441444396973) q[2];\nrx(0.0029948228038847446) q[2];\nrz(-0.514890730381012) q[2];\ncx q[0],q[2];\nx q[1];\nh q[2];\nx q[1];\nh q[0];\nrz(0.3414311408996582) q[0];\nrx(-0.38129517436027527) q[0];\nrz(0.8555969595909119) q[0];\nrz(2.381572961807251) q[1];\nrx(-1.9035580158233643) q[1];\nrz(-2.58874773979187) q[1];\nrz(1.5698566436767578) q[2];\nrx(2.034081220626831) q[2];\nrz(-0.11115624755620956) q[2];\nh q[1];\nx q[0];\nx q[1];\nh q[1];\nh q[0];\nrz(0.6115168333053589) q[0];\nrx(1.497965693473816) q[0];\nrz(0.651412308216095) q[0];\nrz(-0.5085025429725647) q[1];\nrx(-0.8970322608947754) q[1];\nrz(2.1065895557403564) q[1];\nrz(-0.8173397183418274) q[2];\nrx(-0.5757505297660828) q[2];\nrz(-0.491409033536911) q[2];"}