{"seed": 3537, "fidelity": 0.9954094886779785, "pqc_params": [[[1.105018138885498, -3.5731818675994873, -1.7128098011016846], [3.2088794708251953, -2.824066400527954, 2.423895835876465], [-2.5157270431518555, -1.2879592180252075, 2.4205713272094727]], [[-1.0833240747451782, 0.7552275657653809, -1.9410592317581177], [-2.4983510971069336, 0.16409055888652802, -0.24160337448120117], [-0.7433387041091919, -2.1807467937469482, -0.0912352129817009]], [[1.8624306917190552, -0.06548646092414856, -1.7954089641571045], [1.5913268327713013, -3.0043439865112305, -2.2297604084014893], [2.6786446571350098, -0.2653363049030304, 2.9861984252929688]], [[0.5787068605422974, -1.492061734199524, 2.390385389328003], [-3.1141793727874756, 0.29164743423461914, -2.8548476696014404], [3.0127458572387695, 0.3076906204223633, 2.992647886276245]]], "base_circuit_tokens": [["x", [1], []], ["h", [1], []], ["h", [2], []], ["cx", [1, 2], []], ["h", [1], []], ["x", [0], []], ["x", [2], []], ["h", [0], []], ["cx", [0, 2], []], ["cx", [0, 2], []], ["cx", [0, 2], []], ["cx", [0, 2], []], ["h", [0], []], ["x", [2], []], ["x", [0], []], ["h", [1], []], ["cx", [1, 2], []], ["h", [2], []], ["h", [1], []], ["x", [1], []]], "pqc_circuit_tokens": [["x", [1], []], ["h", [1], []], ["h", [2], []], ["cx", [1, 2], []], ["h", [1], []], ["rz", [0], [1.105018138885498]], ["rx", [0], [-3.5731818675994873]], ["rz", [0], [-1.7128098011016846]], ["rz", [1], [3.2088794708251953]], ["rx", [1], [-2.824066400527954]], ["rz", [1], [2.423895835876465]], ["rz", [2], [-2.5157270431518555]], ["rx", [2], [-1.2879592180252075]], ["rz", [2], [2.4205713272094727]], ["x", [0], []], ["x", [2], []], ["h", [0], []], ["cx", [0, 2], []], ["cx", [0, 2], []], ["rz", [0], [-1.0833240747451782]], ["rx", [0], [0.7552275657653809]], ["rz", [0], [-1.9410592317581177]], ["rz", [1], [-2.4983510971069336]], ["rx", [1], [0.16409055888652802]], ["rz", [1], [-0.24160337448120117]], ["rz", [2], [-0.7433387041091919]], ["rx", [2], [-2.1807467937469482]], ["rz", [2], [-0.0912352129817009]], ["cx", [0, 2], []], ["cx", [0, 2], []], ["h", [0], []], ["x", [2], []], ["x", [0], []], ["rz", [0], [1.8624306917190552]], ["rx", [0], [-0.06548646092414856]], ["rz", [0], [-1.7954089641571045]], ["rz", [1], [1.5913268327713013]], ["rx", [1], [-3.0043439865112305]], ["rz", [1], [-2.2297604084014893]], ["rz", [2], [2.6786446571350098]], ["rx", [2], [-0.2653363049030304]], ["rz", [2], [2.9861984252929688]], ["h", [1], []], ["cx", [1, 2], []], ["h", [2], []], ["h", [1], []], ["x", [1], []], ["rz", [0], [0.5787068605422974]], ["rx", [0], [-1.492061734199524]], ["rz", [0], [2.390385389328003]], ["rz", [1], [-3.1141793727874756]], ["rx", [1], [0.29164743423461914]], ["rz", [1], [-2.8548476696014404]], ["rz", [2], [3.0127458572387695]], ["rx", [2], [0.3076906204223633]], ["rz", [2], [2.992647886276245]]], "base_circuit_qasm": "OPENQASM 2.0;\ninclude \"qelib1.inc\";\nqreg q[3];\nx q[1];\nh q[1];\nh q[2];\ncx q[1],q[2];\nh q[1];\nx q[0];\nx q[2];\nh q[0];\ncx q[0],q[2];\ncx q[0],q[2];\ncx q[0],q[2];\ncx q[0],q[2];\nh q[0];\nx q[2];\nx q[0];\nh q[1];\ncx q[1],q[2];\nh q[2];\nh q[1];\nx q[1];", "pqc_circuit_qasm": "OPENQASM 2.0;\ninclude \"qelib1.inc\";\nqreg q[3];\nx q[1];\nh q[1];\nh q[2];\ncx q[1],q[2];\nh q[1];\nrz(1.105018138885498) q[0];\nrx(-3.5731818675994873) q[0];\nrz(-1.7128098011016846) q[0];\nrz(3.2088794708251953) q[1];\nrx(-2.824066400527954) q[1];\nrz(2.423895835876465) q[1];\nrz(-2.5157270431518555) q[2];\nrx(-1.2879592180252075) q[2];\nrz(2.4205713272094727) q[2];\nx q[0];\nx q[2];\nh q[0];\ncx q[0],q[2];\ncx q[0],q[2];\nrz(-1.0833240747451782) q[0];\nrx(0.7552275657653809) q[0];\nrz(-1.9410592317581177) q[0];\nrz(-2.4983510971069336) q[1];\nrx(0.16409055888652802) q[1];\nrz(-0.24160337448120117) q[1];\nrz(-0.7433387041091919) q[2];\nrx(-2.1807467937469482) q[2];\nrz(-0.0912352129817009) q[2];\ncx q[0],q[2];\ncx q[0],q[2];\nh q[0];\nx q[2];\nx q[0];\nrz(1.8624306917190552) q[0];\nrx(-0.06548646092414856) q[0];\nrz(-1.7954089641571045) q[0];\nrz(1.5913268327713013) q[1];\nrx(-3.0043439865112305) q[1];\nrz(-2.2297604084014893) q[1];\nrz(2.6786446571350098) q[2];\nrx(-0.2653363049030304) q[2];\nrz(2.9861984252929688) q[2];\nh q[1];\ncx q[1],q[2];\nh q[2];\nh q[1];\nx q[1];\nrz(0.5787068605422974) q[0];\nrx(-1.492061734199524) q[0];\nrz(2.390385389328003) q[0];\nrz(-3.1141793727874756) q[1];\nrx(0.29164743423461914) q[1];\nrz(-2.8548476696014404) q[1];\nrz(3.0127458572387695) q[2];\nrx(0.3076906204223633) q[2];\nrz(2.992647886276245) q[2];"}