{"seed": 3539, "fidelity": 0.9952399134635925, "pqc_params": [[[1.4273786544799805, -1.6368179321289062, 1.099256157875061], [1.0113322734832764, -3.183647871017456, 0.8406723737716675], [-2.2608513832092285, -2.1609225273132324, 0.012503115460276604]], [[-2.7912445068359375, 2.169523000717163, 0.30801674723625183], [0.23888438940048218, 2.7184650897979736, -0.39415308833122253], [-0.10533267259597778, 2.511859893798828, -0.0014502538833767176]], [[-1.8929752111434937, 1.610265851020813, -1.499710202217102], [2.721526861190796, 0.29371121525764465, 1.763562560081482], [-2.7444968223571777, -3.39528751373291, 2.325514554977417]], [[-1.5275424718856812, 2.2951409816741943, 0.2725892961025238], [0.2499697059392929, -0.8486121892929077, 2.5362937450408936], [1.4439268112182617, -2.5373733043670654, 1.9115071296691895]]], "base_circuit_tokens": [["x", [2], []], ["x", [2], []], ["cx", [1, 0], []], ["h", [2], []], ["cx", [0, 1], []], ["h", [0], []], ["cx", [1, 0], []], ["h", [1], []], ["cx", [1, 2], []], ["x", [1], []], ["x", [1], []], ["cx", [1, 2], []], ["h", [1], []], ["cx", [1, 0], []], ["h", [0], []], ["cx", [0, 1], []], ["h", [2], []], ["cx", [1, 0], []], ["x", [2], []], ["x", [2], []]], "pqc_circuit_tokens": [["x", [2], []], ["x", [2], []], ["cx", [1, 0], []], ["h", [2], []], ["cx", [0, 1], []], ["rz", [0], [1.4273786544799805]], ["rx", [0], [-1.6368179321289062]], ["rz", [0], [1.099256157875061]], ["rz", [1], [1.0113322734832764]], ["rx", [1], [-3.183647871017456]], ["rz", [1], [0.8406723737716675]], ["rz", [2], [-2.2608513832092285]], ["rx", [2], [-2.1609225273132324]], ["rz", [2], [0.012503115460276604]], ["h", [0], []], ["cx", [1, 0], []], ["h", [1], []], ["cx", [1, 2], []], ["x", [1], []], ["rz", [0], [-2.7912445068359375]], ["rx", [0], [2.169523000717163]], ["rz", [0], [0.30801674723625183]], ["rz", [1], [0.23888438940048218]], ["rx", [1], [2.7184650897979736]], ["rz", [1], [-0.39415308833122253]], ["rz", [2], [-0.10533267259597778]], ["rx", [2], [2.511859893798828]], ["rz", [2], [-0.0014502538833767176]], ["x", [1], []], ["cx", [1, 2], []], ["h", [1], []], ["cx", [1, 0], []], ["h", [0], []], ["rz", [0], [-1.8929752111434937]], ["rx", [0], [1.610265851020813]], ["rz", [0], [-1.499710202217102]], ["rz", [1], [2.721526861190796]], ["rx", [1], [0.29371121525764465]], ["rz", [1], [1.763562560081482]], ["rz", [2], [-2.7444968223571777]], ["rx", [2], [-3.39528751373291]], ["rz", [2], [2.325514554977417]], ["cx", [0, 1], []], ["h", [2], []], ["cx", [1, 0], []], ["x", [2], []], ["x", [2], []], ["rz", [0], [-1.5275424718856812]], ["rx", [0], [2.2951409816741943]], ["rz", [0], [0.2725892961025238]], ["rz", [1], [0.2499697059392929]], ["rx", [1], [-0.8486121892929077]], ["rz", [1], [2.5362937450408936]], ["rz", [2], [1.4439268112182617]], ["rx", [2], [-2.5373733043670654]], ["rz", [2], [1.9115071296691895]]], "base_circuit_qasm": "OPENQASM 2.0;\ninclude \"qelib1.inc\";\nqreg q[3];\nx q[2];\nx q[2];\ncx q[1],q[0];\nh q[2];\ncx q[0],q[1];\nh q[0];\ncx q[1],q[0];\nh q[1];\ncx q[1],q[2];\nx q[1];\nx q[1];\ncx q[1],q[2];\nh q[1];\ncx q[1],q[0];\nh q[0];\ncx q[0],q[1];\nh q[2];\ncx q[1],q[0];\nx q[2];\nx q[2];", "pqc_circuit_qasm": "OPENQASM 2.0;\ninclude \"qelib1.inc\";\nqreg q[3];\nx q[2];\nx q[2];\ncx q[1],q[0];\nh q[2];\ncx q[0],q[1];\nrz(1.4273786544799805) q[0];\nrx(-1.6368179321289062) q[0];\nrz(1.099256157875061) q[0];\nrz(1.0113322734832764) q[1];\nrx(-3.183647871017456) q[1];\nrz(0.8406723737716675) q[1];\nrz(-2.2608513832092285) q[2];\nrx(-2.1609225273132324) q[2];\nrz(0.012503115460276604) q[2];\nh q[0];\ncx q[1],q[0];\nh q[1];\ncx q[1],q[2];\nx q[1];\nrz(-2.7912445068359375) q[0];\nrx(2.169523000717163) q[0];\nrz(0.30801674723625183) q[0];\nrz(0.23888438940048218) q[1];\nrx(2.7184650897979736) q[1];\nrz(-0.39415308833122253) q[1];\nrz(-0.10533267259597778) q[2];\nrx(2.511859893798828) q[2];\nrz(-0.0014502538833767176) q[2];\nx q[1];\ncx q[1],q[2];\nh q[1];\ncx q[1],q[0];\nh q[0];\nrz(-1.8929752111434937) q[0];\nrx(1.610265851020813) q[0];\nrz(-1.499710202217102) q[0];\nrz(2.721526861190796) q[1];\nrx(0.29371121525764465) q[1];\nrz(1.763562560081482) q[1];\nrz(-2.7444968223571777) q[2];\nrx(-3.39528751373291) q[2];\nrz(2.325514554977417) q[2];\ncx q[0],q[1];\nh q[2];\ncx q[1],q[0];\nx q[2];\nx q[2];\nrz(-1.5275424718856812) q[0];\nrx(2.2951409816741943) q[0];\nrz(0.2725892961025238) q[0];\nrz(0.2499697059392929) q[1];\nrx(-0.8486121892929077) q[1];\nrz(2.5362937450408936) q[1];\nrz(1.4439268112182617) q[2];\nrx(-2.5373733043670654) q[2];\nrz(1.9115071296691895) q[2];"}