{"seed": 3550, "fidelity": 0.9945354461669922, "pqc_params": [[[-2.1099624633789062, 1.784854769706726, 0.12472551316022873], [-0.5178315043449402, 1.5264006853103638, 3.5883586406707764], [-1.7619022130966187, 2.463144540786743, 2.885226011276245]], [[-3.1150102615356445, -1.6343973875045776, 2.121100425720215], [-1.8272759914398193, 2.116461992263794, 2.2738516330718994], [0.7910868525505066, 1.7937599420547485, 1.3989239931106567]], [[-0.3544231355190277, 0.05739031732082367, 2.161247730255127], [-2.4040565490722656, -1.8293051719665527, 2.6867713928222656], [1.5104244947433472, -0.8920041918754578, -1.4980332851409912]], [[1.8881292343139648, -2.5764176845550537, -0.8161585330963135], [-1.162882924079895, 0.7027022838592529, -0.6241391897201538], [-0.5088129043579102, -1.4456170797348022, 2.2454264163970947]]], "base_circuit_tokens": [["x", [2], []], ["h", [2], []], ["h", [0], []], ["x", [0], []], ["h", [1], []], ["cx", [1, 0], []], ["cx", [1, 0], []], ["x", [1], []], ["x", [2], []], ["h", [1], []], ["h", [1], []], ["x", [2], []], ["x", [1], []], ["cx", [1, 0], []], ["cx", [1, 0], []], ["h", [1], []], ["x", [0], []], ["h", [0], []], ["h", [2], []], ["x", [2], []]], "pqc_circuit_tokens": [["x", [2], []], ["h", [2], []], ["h", [0], []], ["x", [0], []], ["h", [1], []], ["rz", [0], [-2.1099624633789062]], ["rx", [0], [1.784854769706726]], ["rz", [0], [0.12472551316022873]], ["rz", [1], [-0.5178315043449402]], ["rx", [1], [1.5264006853103638]], ["rz", [1], [3.5883586406707764]], ["rz", [2], [-1.7619022130966187]], ["rx", [2], [2.463144540786743]], ["rz", [2], [2.885226011276245]], ["cx", [1, 0], []], ["cx", [1, 0], []], ["x", [1], []], ["x", [2], []], ["h", [1], []], ["rz", [0], [-3.1150102615356445]], ["rx", [0], [-1.6343973875045776]], ["rz", [0], [2.121100425720215]], ["rz", [1], [-1.8272759914398193]], ["rx", [1], [2.116461992263794]], ["rz", [1], [2.2738516330718994]], ["rz", [2], [0.7910868525505066]], ["rx", [2], [1.7937599420547485]], ["rz", [2], [1.3989239931106567]], ["h", [1], []], ["x", [2], []], ["x", [1], []], ["cx", [1, 0], []], ["cx", [1, 0], []], ["rz", [0], [-0.3544231355190277]], ["rx", [0], [0.05739031732082367]], ["rz", [0], [2.161247730255127]], ["rz", [1], [-2.4040565490722656]], ["rx", [1], [-1.8293051719665527]], ["rz", [1], [2.6867713928222656]], ["rz", [2], [1.5104244947433472]], ["rx", [2], [-0.8920041918754578]], ["rz", [2], [-1.4980332851409912]], ["h", [1], []], ["x", [0], []], ["h", [0], []], ["h", [2], []], ["x", [2], []], ["rz", [0], [1.8881292343139648]], ["rx", [0], [-2.5764176845550537]], ["rz", [0], [-0.8161585330963135]], ["rz", [1], [-1.162882924079895]], ["rx", [1], [0.7027022838592529]], ["rz", [1], [-0.6241391897201538]], ["rz", [2], [-0.5088129043579102]], ["rx", [2], [-1.4456170797348022]], ["rz", [2], [2.2454264163970947]]], "base_circuit_qasm": "OPENQASM 2.0;\ninclude \"qelib1.inc\";\nqreg q[3];\nx q[2];\nh q[2];\nh q[0];\nx q[0];\nh q[1];\ncx q[1],q[0];\ncx q[1],q[0];\nx q[1];\nx q[2];\nh q[1];\nh q[1];\nx q[2];\nx q[1];\ncx q[1],q[0];\ncx q[1],q[0];\nh q[1];\nx q[0];\nh q[0];\nh q[2];\nx q[2];", "pqc_circuit_qasm": "OPENQASM 2.0;\ninclude \"qelib1.inc\";\nqreg q[3];\nx q[2];\nh q[2];\nh q[0];\nx q[0];\nh q[1];\nrz(-2.1099624633789062) q[0];\nrx(1.784854769706726) q[0];\nrz(0.12472551316022873) q[0];\nrz(-0.5178315043449402) q[1];\nrx(1.5264006853103638) q[1];\nrz(3.5883586406707764) q[1];\nrz(-1.7619022130966187) q[2];\nrx(2.463144540786743) q[2];\nrz(2.885226011276245) q[2];\ncx q[1],q[0];\ncx q[1],q[0];\nx q[1];\nx q[2];\nh q[1];\nrz(-3.1150102615356445) q[0];\nrx(-1.6343973875045776) q[0];\nrz(2.121100425720215) q[0];\nrz(-1.8272759914398193) q[1];\nrx(2.116461992263794) q[1];\nrz(2.2738516330718994) q[1];\nrz(0.7910868525505066) q[2];\nrx(1.7937599420547485) q[2];\nrz(1.3989239931106567) q[2];\nh q[1];\nx q[2];\nx q[1];\ncx q[1],q[0];\ncx q[1],q[0];\nrz(-0.3544231355190277) q[0];\nrx(0.05739031732082367) q[0];\nrz(2.161247730255127) q[0];\nrz(-2.4040565490722656) q[1];\nrx(-1.8293051719665527) q[1];\nrz(2.6867713928222656) q[1];\nrz(1.5104244947433472) q[2];\nrx(-0.8920041918754578) q[2];\nrz(-1.4980332851409912) q[2];\nh q[1];\nx q[0];\nh q[0];\nh q[2];\nx q[2];\nrz(1.8881292343139648) q[0];\nrx(-2.5764176845550537) q[0];\nrz(-0.8161585330963135) q[0];\nrz(-1.162882924079895) q[1];\nrx(0.7027022838592529) q[1];\nrz(-0.6241391897201538) q[1];\nrz(-0.5088129043579102) q[2];\nrx(-1.4456170797348022) q[2];\nrz(2.2454264163970947) q[2];"}