{"seed": 3553, "fidelity": 0.9664210677146912, "pqc_params": [[[1.3639384508132935, 4.386379718780518, -2.2354955673217773], [-2.7682785987854004, -0.3253479599952698, 2.6476213932037354], [-2.3242974281311035, 3.4944024085998535, 2.4206323623657227]], [[-1.923683762550354, -0.9660269021987915, 3.3179054260253906], [0.008443242870271206, 1.4430968761444092, -1.0263004302978516], [0.677738606929779, 1.2090803384780884, -0.848899245262146]], [[1.4748122692108154, 1.5651100873947144, 1.2015713453292847], [-3.3454604148864746, 0.46183857321739197, 0.1737738996744156], [-1.3275994062423706, -3.3395884037017822, 0.2927030622959137]], [[1.2911370992660522, 1.9735528230667114, 2.486964225769043], [-2.6645820140838623, 1.2566838264465332, 0.5181635022163391], [1.5101518630981445, -0.5297387838363647, 2.578536033630371]]], "base_circuit_tokens": [["cx", [0, 2], []], ["h", [2], []], ["cx", [0, 2], []], ["cx", [0, 1], []], ["h", [0], []], ["cx", [0, 2], []], ["cx", [0, 1], []], ["x", [0], []], ["h", [1], []], ["h", [1], []], ["h", [1], []], ["h", [1], []], ["x", [0], []], ["cx", [0, 1], []], ["cx", [0, 2], []], ["h", [0], []], ["cx", [0, 1], []], ["cx", [0, 2], []], ["h", [2], []], ["cx", [0, 2], []]], "pqc_circuit_tokens": [["cx", [0, 2], []], ["h", [2], []], ["cx", [0, 2], []], ["cx", [0, 1], []], ["h", [0], []], ["rz", [0], [1.3639384508132935]], ["rx", [0], [4.386379718780518]], ["rz", [0], [-2.2354955673217773]], ["rz", [1], [-2.7682785987854004]], ["rx", [1], [-0.3253479599952698]], ["rz", [1], [2.6476213932037354]], ["rz", [2], [-2.3242974281311035]], ["rx", [2], [3.4944024085998535]], ["rz", [2], [2.4206323623657227]], ["cx", [0, 2], []], ["cx", [0, 1], []], ["x", [0], []], ["h", [1], []], ["h", [1], []], ["rz", [0], [-1.923683762550354]], ["rx", [0], [-0.9660269021987915]], ["rz", [0], [3.3179054260253906]], ["rz", [1], [0.008443242870271206]], ["rx", [1], [1.4430968761444092]], ["rz", [1], [-1.0263004302978516]], ["rz", [2], [0.677738606929779]], ["rx", [2], [1.2090803384780884]], ["rz", [2], [-0.848899245262146]], ["h", [1], []], ["h", [1], []], ["x", [0], []], ["cx", [0, 1], []], ["cx", [0, 2], []], ["rz", [0], [1.4748122692108154]], ["rx", [0], [1.5651100873947144]], ["rz", [0], [1.2015713453292847]], ["rz", [1], [-3.3454604148864746]], ["rx", [1], [0.46183857321739197]], ["rz", [1], [0.1737738996744156]], ["rz", [2], [-1.3275994062423706]], ["rx", [2], [-3.3395884037017822]], ["rz", [2], [0.2927030622959137]], ["h", [0], []], ["cx", [0, 1], []], ["cx", [0, 2], []], ["h", [2], []], ["cx", [0, 2], []], ["rz", [0], [1.2911370992660522]], ["rx", [0], [1.9735528230667114]], ["rz", [0], [2.486964225769043]], ["rz", [1], [-2.6645820140838623]], ["rx", [1], [1.2566838264465332]], ["rz", [1], [0.5181635022163391]], ["rz", [2], [1.5101518630981445]], ["rx", [2], [-0.5297387838363647]], ["rz", [2], [2.578536033630371]]], "base_circuit_qasm": "OPENQASM 2.0;\ninclude \"qelib1.inc\";\nqreg q[3];\ncx q[0],q[2];\nh q[2];\ncx q[0],q[2];\ncx q[0],q[1];\nh q[0];\ncx q[0],q[2];\ncx q[0],q[1];\nx q[0];\nh q[1];\nh q[1];\nh q[1];\nh q[1];\nx q[0];\ncx q[0],q[1];\ncx q[0],q[2];\nh q[0];\ncx q[0],q[1];\ncx q[0],q[2];\nh q[2];\ncx q[0],q[2];", "pqc_circuit_qasm": "OPENQASM 2.0;\ninclude \"qelib1.inc\";\nqreg q[3];\ncx q[0],q[2];\nh q[2];\ncx q[0],q[2];\ncx q[0],q[1];\nh q[0];\nrz(1.3639384508132935) q[0];\nrx(4.386379718780518) q[0];\nrz(-2.2354955673217773) q[0];\nrz(-2.7682785987854004) q[1];\nrx(-0.3253479599952698) q[1];\nrz(2.6476213932037354) q[1];\nrz(-2.3242974281311035) q[2];\nrx(3.4944024085998535) q[2];\nrz(2.4206323623657227) q[2];\ncx q[0],q[2];\ncx q[0],q[1];\nx q[0];\nh q[1];\nh q[1];\nrz(-1.923683762550354) q[0];\nrx(-0.9660269021987915) q[0];\nrz(3.3179054260253906) q[0];\nrz(0.008443242870271206) q[1];\nrx(1.4430968761444092) q[1];\nrz(-1.0263004302978516) q[1];\nrz(0.677738606929779) q[2];\nrx(1.2090803384780884) q[2];\nrz(-0.848899245262146) q[2];\nh q[1];\nh q[1];\nx q[0];\ncx q[0],q[1];\ncx q[0],q[2];\nrz(1.4748122692108154) q[0];\nrx(1.5651100873947144) q[0];\nrz(1.2015713453292847) q[0];\nrz(-3.3454604148864746) q[1];\nrx(0.46183857321739197) q[1];\nrz(0.1737738996744156) q[1];\nrz(-1.3275994062423706) q[2];\nrx(-3.3395884037017822) q[2];\nrz(0.2927030622959137) q[2];\nh q[0];\ncx q[0],q[1];\ncx q[0],q[2];\nh q[2];\ncx q[0],q[2];\nrz(1.2911370992660522) q[0];\nrx(1.9735528230667114) q[0];\nrz(2.486964225769043) q[0];\nrz(-2.6645820140838623) q[1];\nrx(1.2566838264465332) q[1];\nrz(0.5181635022163391) q[1];\nrz(1.5101518630981445) q[2];\nrx(-0.5297387838363647) q[2];\nrz(2.578536033630371) q[2];"}