{"seed": 3561, "fidelity": 0.9917981028556824, "pqc_params": [[[-2.494600772857666, 2.394639015197754, -2.383878707885742], [1.6782461404800415, -0.6553940773010254, -0.12600576877593994], [-0.6204123497009277, -2.3988723754882812, 0.4680176079273224]], [[1.4275988340377808, 1.675238847732544, 0.6931431889533997], [-1.1816655397415161, 3.128587245941162, 2.072828531265259], [1.2239699363708496, 2.9510138034820557, -1.287083625793457]], [[3.380953311920166, 0.024209843948483467, -2.388439416885376], [-0.6733483672142029, -0.4628256559371948, -0.8774237036705017], [-0.08376389741897583, -0.16902758181095123, -1.285002589225769]], [[2.8631503582000732, 2.394827127456665, 1.2492742538452148], [1.6643401384353638, -3.795637607574463, -1.9081023931503296], [1.1783180236816406, -0.6827855706214905, 0.6333513259887695]]], "base_circuit_tokens": [["h", [0], []], ["h", [0], []], ["h", [0], []], ["h", [1], []], ["h", [0], []], ["h", [0], []], ["h", [1], []], ["cx", [2, 1], []], ["x", [1], []], ["h", [0], []], ["h", [0], []], ["x", [1], []], ["cx", [2, 1], []], ["h", [1], []], ["h", [0], []], ["h", [0], []], ["h", [1], []], ["h", [0], []], ["h", [0], []], ["h", [0], []]], "pqc_circuit_tokens": [["h", [0], []], ["h", [0], []], ["h", [0], []], ["h", [1], []], ["h", [0], []], ["rz", [0], [-2.494600772857666]], ["rx", [0], [2.394639015197754]], ["rz", [0], [-2.383878707885742]], ["rz", [1], [1.6782461404800415]], ["rx", [1], [-0.6553940773010254]], ["rz", [1], [-0.12600576877593994]], ["rz", [2], [-0.6204123497009277]], ["rx", [2], [-2.3988723754882812]], ["rz", [2], [0.4680176079273224]], ["h", [0], []], ["h", [1], []], ["cx", [2, 1], []], ["x", [1], []], ["h", [0], []], ["rz", [0], [1.4275988340377808]], ["rx", [0], [1.675238847732544]], ["rz", [0], [0.6931431889533997]], ["rz", [1], [-1.1816655397415161]], ["rx", [1], [3.128587245941162]], ["rz", [1], [2.072828531265259]], ["rz", [2], [1.2239699363708496]], ["rx", [2], [2.9510138034820557]], ["rz", [2], [-1.287083625793457]], ["h", [0], []], ["x", [1], []], ["cx", [2, 1], []], ["h", [1], []], ["h", [0], []], ["rz", [0], [3.380953311920166]], ["rx", [0], [0.024209843948483467]], ["rz", [0], [-2.388439416885376]], ["rz", [1], [-0.6733483672142029]], ["rx", [1], [-0.4628256559371948]], ["rz", [1], [-0.8774237036705017]], ["rz", [2], [-0.08376389741897583]], ["rx", [2], [-0.16902758181095123]], ["rz", [2], [-1.285002589225769]], ["h", [0], []], ["h", [1], []], ["h", [0], []], ["h", [0], []], ["h", [0], []], ["rz", [0], [2.8631503582000732]], ["rx", [0], [2.394827127456665]], ["rz", [0], [1.2492742538452148]], ["rz", [1], [1.6643401384353638]], ["rx", [1], [-3.795637607574463]], ["rz", [1], [-1.9081023931503296]], ["rz", [2], [1.1783180236816406]], ["rx", [2], [-0.6827855706214905]], ["rz", [2], [0.6333513259887695]]], "base_circuit_qasm": "OPENQASM 2.0;\ninclude \"qelib1.inc\";\nqreg q[3];\nh q[0];\nh q[0];\nh q[0];\nh q[1];\nh q[0];\nh q[0];\nh q[1];\ncx q[2],q[1];\nx q[1];\nh q[0];\nh q[0];\nx q[1];\ncx q[2],q[1];\nh q[1];\nh q[0];\nh q[0];\nh q[1];\nh q[0];\nh q[0];\nh q[0];", "pqc_circuit_qasm": "OPENQASM 2.0;\ninclude \"qelib1.inc\";\nqreg q[3];\nh q[0];\nh q[0];\nh q[0];\nh q[1];\nh q[0];\nrz(-2.494600772857666) q[0];\nrx(2.394639015197754) q[0];\nrz(-2.383878707885742) q[0];\nrz(1.6782461404800415) q[1];\nrx(-0.6553940773010254) q[1];\nrz(-0.12600576877593994) q[1];\nrz(-0.6204123497009277) q[2];\nrx(-2.3988723754882812) q[2];\nrz(0.4680176079273224) q[2];\nh q[0];\nh q[1];\ncx q[2],q[1];\nx q[1];\nh q[0];\nrz(1.4275988340377808) q[0];\nrx(1.675238847732544) q[0];\nrz(0.6931431889533997) q[0];\nrz(-1.1816655397415161) q[1];\nrx(3.128587245941162) q[1];\nrz(2.072828531265259) q[1];\nrz(1.2239699363708496) q[2];\nrx(2.9510138034820557) q[2];\nrz(-1.287083625793457) q[2];\nh q[0];\nx q[1];\ncx q[2],q[1];\nh q[1];\nh q[0];\nrz(3.380953311920166) q[0];\nrx(0.024209843948483467) q[0];\nrz(-2.388439416885376) q[0];\nrz(-0.6733483672142029) q[1];\nrx(-0.4628256559371948) q[1];\nrz(-0.8774237036705017) q[1];\nrz(-0.08376389741897583) q[2];\nrx(-0.16902758181095123) q[2];\nrz(-1.285002589225769) q[2];\nh q[0];\nh q[1];\nh q[0];\nh q[0];\nh q[0];\nrz(2.8631503582000732) q[0];\nrx(2.394827127456665) q[0];\nrz(1.2492742538452148) q[0];\nrz(1.6643401384353638) q[1];\nrx(-3.795637607574463) q[1];\nrz(-1.9081023931503296) q[1];\nrz(1.1783180236816406) q[2];\nrx(-0.6827855706214905) q[2];\nrz(0.6333513259887695) q[2];"}