{"seed": 3564, "fidelity": 0.9990968704223633, "pqc_params": [[[-2.276590585708618, -0.21744808554649353, 2.377957820892334], [1.4180914163589478, -1.5732841491699219, 2.7032992839813232], [0.4126892685890198, -2.5568289756774902, 0.7868502736091614]], [[-1.2477012872695923, -2.5872750282287598, 2.891636610031128], [0.06938326358795166, 1.8198528289794922, 0.2005556970834732], [0.756016194820404, -0.17994388937950134, 0.7181485891342163]], [[-2.411532163619995, 0.6152052879333496, 0.33361127972602844], [-0.8219932913780212, 2.2219150066375732, -2.0921692848205566], [0.7178901433944702, 0.6170178055763245, -3.252333879470825]], [[-0.7558688521385193, 1.6203278303146362, -0.37571850419044495], [0.2906359136104584, -0.24228809773921967, 2.792081356048584], [0.0445069819688797, 2.9098422527313232, 0.11563562601804733]]], "base_circuit_tokens": [["cx", [2, 1], []], ["h", [1], []], ["x", [0], []], ["x", [0], []], ["cx", [2, 1], []], ["h", [2], []], ["h", [2], []], ["cx", [2, 1], []], ["x", [1], []], ["x", [0], []], ["x", [0], []], ["x", [1], []], ["cx", [2, 1], []], ["h", [2], []], ["h", [2], []], ["cx", [2, 1], []], ["x", [0], []], ["x", [0], []], ["h", [1], []], ["cx", [2, 1], []]], "pqc_circuit_tokens": [["cx", [2, 1], []], ["h", [1], []], ["x", [0], []], ["x", [0], []], ["cx", [2, 1], []], ["rz", [0], [-2.276590585708618]], ["rx", [0], [-0.21744808554649353]], ["rz", [0], [2.377957820892334]], ["rz", [1], [1.4180914163589478]], ["rx", [1], [-1.5732841491699219]], ["rz", [1], [2.7032992839813232]], ["rz", [2], [0.4126892685890198]], ["rx", [2], [-2.5568289756774902]], ["rz", [2], [0.7868502736091614]], ["h", [2], []], ["h", [2], []], ["cx", [2, 1], []], ["x", [1], []], ["x", [0], []], ["rz", [0], [-1.2477012872695923]], ["rx", [0], [-2.5872750282287598]], ["rz", [0], [2.891636610031128]], ["rz", [1], [0.06938326358795166]], ["rx", [1], [1.8198528289794922]], ["rz", [1], [0.2005556970834732]], ["rz", [2], [0.756016194820404]], ["rx", [2], [-0.17994388937950134]], ["rz", [2], [0.7181485891342163]], ["x", [0], []], ["x", [1], []], ["cx", [2, 1], []], ["h", [2], []], ["h", [2], []], ["rz", [0], [-2.411532163619995]], ["rx", [0], [0.6152052879333496]], ["rz", [0], [0.33361127972602844]], ["rz", [1], [-0.8219932913780212]], ["rx", [1], [2.2219150066375732]], ["rz", [1], [-2.0921692848205566]], ["rz", [2], [0.7178901433944702]], ["rx", [2], [0.6170178055763245]], ["rz", [2], [-3.252333879470825]], ["cx", [2, 1], []], ["x", [0], []], ["x", [0], []], ["h", [1], []], ["cx", [2, 1], []], ["rz", [0], [-0.7558688521385193]], ["rx", [0], [1.6203278303146362]], ["rz", [0], [-0.37571850419044495]], ["rz", [1], [0.2906359136104584]], ["rx", [1], [-0.24228809773921967]], ["rz", [1], [2.792081356048584]], ["rz", [2], [0.0445069819688797]], ["rx", [2], [2.9098422527313232]], ["rz", [2], [0.11563562601804733]]], "base_circuit_qasm": "OPENQASM 2.0;\ninclude \"qelib1.inc\";\nqreg q[3];\ncx q[2],q[1];\nh q[1];\nx q[0];\nx q[0];\ncx q[2],q[1];\nh q[2];\nh q[2];\ncx q[2],q[1];\nx q[1];\nx q[0];\nx q[0];\nx q[1];\ncx q[2],q[1];\nh q[2];\nh q[2];\ncx q[2],q[1];\nx q[0];\nx q[0];\nh q[1];\ncx q[2],q[1];", "pqc_circuit_qasm": "OPENQASM 2.0;\ninclude \"qelib1.inc\";\nqreg q[3];\ncx q[2],q[1];\nh q[1];\nx q[0];\nx q[0];\ncx q[2],q[1];\nrz(-2.276590585708618) q[0];\nrx(-0.21744808554649353) q[0];\nrz(2.377957820892334) q[0];\nrz(1.4180914163589478) q[1];\nrx(-1.5732841491699219) q[1];\nrz(2.7032992839813232) q[1];\nrz(0.4126892685890198) q[2];\nrx(-2.5568289756774902) q[2];\nrz(0.7868502736091614) q[2];\nh q[2];\nh q[2];\ncx q[2],q[1];\nx q[1];\nx q[0];\nrz(-1.2477012872695923) q[0];\nrx(-2.5872750282287598) q[0];\nrz(2.891636610031128) q[0];\nrz(0.06938326358795166) q[1];\nrx(1.8198528289794922) q[1];\nrz(0.2005556970834732) q[1];\nrz(0.756016194820404) q[2];\nrx(-0.17994388937950134) q[2];\nrz(0.7181485891342163) q[2];\nx q[0];\nx q[1];\ncx q[2],q[1];\nh q[2];\nh q[2];\nrz(-2.411532163619995) q[0];\nrx(0.6152052879333496) q[0];\nrz(0.33361127972602844) q[0];\nrz(-0.8219932913780212) q[1];\nrx(2.2219150066375732) q[1];\nrz(-2.0921692848205566) q[1];\nrz(0.7178901433944702) q[2];\nrx(0.6170178055763245) q[2];\nrz(-3.252333879470825) q[2];\ncx q[2],q[1];\nx q[0];\nx q[0];\nh q[1];\ncx q[2],q[1];\nrz(-0.7558688521385193) q[0];\nrx(1.6203278303146362) q[0];\nrz(-0.37571850419044495) q[0];\nrz(0.2906359136104584) q[1];\nrx(-0.24228809773921967) q[1];\nrz(2.792081356048584) q[1];\nrz(0.0445069819688797) q[2];\nrx(2.9098422527313232) q[2];\nrz(0.11563562601804733) q[2];"}