{"seed": 3569, "fidelity": 0.9639502763748169, "pqc_params": [[[0.39746156334877014, -2.501412868499756, 1.6768825054168701], [-2.469916820526123, 1.4896574020385742, 0.4953962564468384], [2.268582344055176, 0.5389257669448853, 0.14395827054977417]], [[-1.5192254781723022, 1.6087267398834229, 1.8634051084518433], [0.7973123788833618, 3.4954123497009277, 1.2555888891220093], [-2.527838945388794, 2.0140535831451416, 3.2369754314422607]], [[0.7011524438858032, 2.5753448009490967, 1.8232319355010986], [1.6150405406951904, 1.8987699747085571, 0.20919489860534668], [-0.3620620667934418, -0.40229132771492004, -0.14612604677677155]], [[2.1819398403167725, -0.46797600388526917, -2.112771987915039], [1.8553606271743774, -2.654309034347534, -2.0114071369171143], [-2.9467315673828125, -0.12334048002958298, 1.8416913747787476]]], "base_circuit_tokens": [["h", [2], []], ["x", [2], []], ["h", [2], []], ["x", [0], []], ["cx", [2, 0], []], ["h", [2], []], ["h", [1], []], ["x", [1], []], ["x", [0], []], ["x", [2], []], ["x", [2], []], ["x", [0], []], ["x", [1], []], ["h", [1], []], ["h", [2], []], ["cx", [2, 0], []], ["x", [0], []], ["h", [2], []], ["x", [2], []], ["h", [2], []]], "pqc_circuit_tokens": [["h", [2], []], ["x", [2], []], ["h", [2], []], ["x", [0], []], ["cx", [2, 0], []], ["rz", [0], [0.39746156334877014]], ["rx", [0], [-2.501412868499756]], ["rz", [0], [1.6768825054168701]], ["rz", [1], [-2.469916820526123]], ["rx", [1], [1.4896574020385742]], ["rz", [1], [0.4953962564468384]], ["rz", [2], [2.268582344055176]], ["rx", [2], [0.5389257669448853]], ["rz", [2], [0.14395827054977417]], ["h", [2], []], ["h", [1], []], ["x", [1], []], ["x", [0], []], ["x", [2], []], ["rz", [0], [-1.5192254781723022]], ["rx", [0], [1.6087267398834229]], ["rz", [0], [1.8634051084518433]], ["rz", [1], [0.7973123788833618]], ["rx", [1], [3.4954123497009277]], ["rz", [1], [1.2555888891220093]], ["rz", [2], [-2.527838945388794]], ["rx", [2], [2.0140535831451416]], ["rz", [2], [3.2369754314422607]], ["x", [2], []], ["x", [0], []], ["x", [1], []], ["h", [1], []], ["h", [2], []], ["rz", [0], [0.7011524438858032]], ["rx", [0], [2.5753448009490967]], ["rz", [0], [1.8232319355010986]], ["rz", [1], [1.6150405406951904]], ["rx", [1], [1.8987699747085571]], ["rz", [1], [0.20919489860534668]], ["rz", [2], [-0.3620620667934418]], ["rx", [2], [-0.40229132771492004]], ["rz", [2], [-0.14612604677677155]], ["cx", [2, 0], []], ["x", [0], []], ["h", [2], []], ["x", [2], []], ["h", [2], []], ["rz", [0], [2.1819398403167725]], ["rx", [0], [-0.46797600388526917]], ["rz", [0], [-2.112771987915039]], ["rz", [1], [1.8553606271743774]], ["rx", [1], [-2.654309034347534]], ["rz", [1], [-2.0114071369171143]], ["rz", [2], [-2.9467315673828125]], ["rx", [2], [-0.12334048002958298]], ["rz", [2], [1.8416913747787476]]], "base_circuit_qasm": "OPENQASM 2.0;\ninclude \"qelib1.inc\";\nqreg q[3];\nh q[2];\nx q[2];\nh q[2];\nx q[0];\ncx q[2],q[0];\nh q[2];\nh q[1];\nx q[1];\nx q[0];\nx q[2];\nx q[2];\nx q[0];\nx q[1];\nh q[1];\nh q[2];\ncx q[2],q[0];\nx q[0];\nh q[2];\nx q[2];\nh q[2];", "pqc_circuit_qasm": "OPENQASM 2.0;\ninclude \"qelib1.inc\";\nqreg q[3];\nh q[2];\nx q[2];\nh q[2];\nx q[0];\ncx q[2],q[0];\nrz(0.39746156334877014) q[0];\nrx(-2.501412868499756) q[0];\nrz(1.6768825054168701) q[0];\nrz(-2.469916820526123) q[1];\nrx(1.4896574020385742) q[1];\nrz(0.4953962564468384) q[1];\nrz(2.268582344055176) q[2];\nrx(0.5389257669448853) q[2];\nrz(0.14395827054977417) q[2];\nh q[2];\nh q[1];\nx q[1];\nx q[0];\nx q[2];\nrz(-1.5192254781723022) q[0];\nrx(1.6087267398834229) q[0];\nrz(1.8634051084518433) q[0];\nrz(0.7973123788833618) q[1];\nrx(3.4954123497009277) q[1];\nrz(1.2555888891220093) q[1];\nrz(-2.527838945388794) q[2];\nrx(2.0140535831451416) q[2];\nrz(3.2369754314422607) q[2];\nx q[2];\nx q[0];\nx q[1];\nh q[1];\nh q[2];\nrz(0.7011524438858032) q[0];\nrx(2.5753448009490967) q[0];\nrz(1.8232319355010986) q[0];\nrz(1.6150405406951904) q[1];\nrx(1.8987699747085571) q[1];\nrz(0.20919489860534668) q[1];\nrz(-0.3620620667934418) q[2];\nrx(-0.40229132771492004) q[2];\nrz(-0.14612604677677155) q[2];\ncx q[2],q[0];\nx q[0];\nh q[2];\nx q[2];\nh q[2];\nrz(2.1819398403167725) q[0];\nrx(-0.46797600388526917) q[0];\nrz(-2.112771987915039) q[0];\nrz(1.8553606271743774) q[1];\nrx(-2.654309034347534) q[1];\nrz(-2.0114071369171143) q[1];\nrz(-2.9467315673828125) q[2];\nrx(-0.12334048002958298) q[2];\nrz(1.8416913747787476) q[2];"}