{"seed": 3571, "fidelity": 0.9940000772476196, "pqc_params": [[[-3.0739898681640625, -2.364861488342285, 2.886817216873169], [1.961003303527832, -0.319395512342453, 2.3715901374816895], [-2.7214698791503906, 0.6567469835281372, 1.999192237854004]], [[2.4738311767578125, -3.1015713214874268, -2.118424415588379], [-1.9035224914550781, 0.8323275446891785, 0.664777398109436], [0.7591379284858704, 3.6954689025878906, 1.108275294303894]], [[2.3607094287872314, 2.022489547729492, -1.1271774768829346], [-0.026096949353814125, 2.3748490810394287, 0.2068382054567337], [-2.9306771755218506, 0.3332463800907135, 0.7090204358100891]], [[1.8620184659957886, -2.329453945159912, 0.9835085868835449], [0.5507470369338989, -3.272454023361206, -2.4767165184020996], [0.14006713032722473, -0.5957496166229248, -0.23978672921657562]]], "base_circuit_tokens": [["cx", [1, 2], []], ["h", [2], []], ["x", [1], []], ["x", [2], []], ["cx", [2, 1], []], ["h", [1], []], ["h", [0], []], ["h", [1], []], ["x", [2], []], ["h", [2], []], ["h", [2], []], ["x", [2], []], ["h", [1], []], ["h", [0], []], ["h", [1], []], ["cx", [2, 1], []], ["x", [2], []], ["x", [1], []], ["h", [2], []], ["cx", [1, 2], []]], "pqc_circuit_tokens": [["cx", [1, 2], []], ["h", [2], []], ["x", [1], []], ["x", [2], []], ["cx", [2, 1], []], ["rz", [0], [-3.0739898681640625]], ["rx", [0], [-2.364861488342285]], ["rz", [0], [2.886817216873169]], ["rz", [1], [1.961003303527832]], ["rx", [1], [-0.319395512342453]], ["rz", [1], [2.3715901374816895]], ["rz", [2], [-2.7214698791503906]], ["rx", [2], [0.6567469835281372]], ["rz", [2], [1.999192237854004]], ["h", [1], []], ["h", [0], []], ["h", [1], []], ["x", [2], []], ["h", [2], []], ["rz", [0], [2.4738311767578125]], ["rx", [0], [-3.1015713214874268]], ["rz", [0], [-2.118424415588379]], ["rz", [1], [-1.9035224914550781]], ["rx", [1], [0.8323275446891785]], ["rz", [1], [0.664777398109436]], ["rz", [2], [0.7591379284858704]], ["rx", [2], [3.6954689025878906]], ["rz", [2], [1.108275294303894]], ["h", [2], []], ["x", [2], []], ["h", [1], []], ["h", [0], []], ["h", [1], []], ["rz", [0], [2.3607094287872314]], ["rx", [0], [2.022489547729492]], ["rz", [0], [-1.1271774768829346]], ["rz", [1], [-0.026096949353814125]], ["rx", [1], [2.3748490810394287]], ["rz", [1], [0.2068382054567337]], ["rz", [2], [-2.9306771755218506]], ["rx", [2], [0.3332463800907135]], ["rz", [2], [0.7090204358100891]], ["cx", [2, 1], []], ["x", [2], []], ["x", [1], []], ["h", [2], []], ["cx", [1, 2], []], ["rz", [0], [1.8620184659957886]], ["rx", [0], [-2.329453945159912]], ["rz", [0], [0.9835085868835449]], ["rz", [1], [0.5507470369338989]], ["rx", [1], [-3.272454023361206]], ["rz", [1], [-2.4767165184020996]], ["rz", [2], [0.14006713032722473]], ["rx", [2], [-0.5957496166229248]], ["rz", [2], [-0.23978672921657562]]], "base_circuit_qasm": "OPENQASM 2.0;\ninclude \"qelib1.inc\";\nqreg q[3];\ncx q[1],q[2];\nh q[2];\nx q[1];\nx q[2];\ncx q[2],q[1];\nh q[1];\nh q[0];\nh q[1];\nx q[2];\nh q[2];\nh q[2];\nx q[2];\nh q[1];\nh q[0];\nh q[1];\ncx q[2],q[1];\nx q[2];\nx q[1];\nh q[2];\ncx q[1],q[2];", "pqc_circuit_qasm": "OPENQASM 2.0;\ninclude \"qelib1.inc\";\nqreg q[3];\ncx q[1],q[2];\nh q[2];\nx q[1];\nx q[2];\ncx q[2],q[1];\nrz(-3.0739898681640625) q[0];\nrx(-2.364861488342285) q[0];\nrz(2.886817216873169) q[0];\nrz(1.961003303527832) q[1];\nrx(-0.319395512342453) q[1];\nrz(2.3715901374816895) q[1];\nrz(-2.7214698791503906) q[2];\nrx(0.6567469835281372) q[2];\nrz(1.999192237854004) q[2];\nh q[1];\nh q[0];\nh q[1];\nx q[2];\nh q[2];\nrz(2.4738311767578125) q[0];\nrx(-3.1015713214874268) q[0];\nrz(-2.118424415588379) q[0];\nrz(-1.9035224914550781) q[1];\nrx(0.8323275446891785) q[1];\nrz(0.664777398109436) q[1];\nrz(0.7591379284858704) q[2];\nrx(3.6954689025878906) q[2];\nrz(1.108275294303894) q[2];\nh q[2];\nx q[2];\nh q[1];\nh q[0];\nh q[1];\nrz(2.3607094287872314) q[0];\nrx(2.022489547729492) q[0];\nrz(-1.1271774768829346) q[0];\nrz(-0.026096949353814125) q[1];\nrx(2.3748490810394287) q[1];\nrz(0.2068382054567337) q[1];\nrz(-2.9306771755218506) q[2];\nrx(0.3332463800907135) q[2];\nrz(0.7090204358100891) q[2];\ncx q[2],q[1];\nx q[2];\nx q[1];\nh q[2];\ncx q[1],q[2];\nrz(1.8620184659957886) q[0];\nrx(-2.329453945159912) q[0];\nrz(0.9835085868835449) q[0];\nrz(0.5507470369338989) q[1];\nrx(-3.272454023361206) q[1];\nrz(-2.4767165184020996) q[1];\nrz(0.14006713032722473) q[2];\nrx(-0.5957496166229248) q[2];\nrz(-0.23978672921657562) q[2];"}