{"seed": 3578, "fidelity": 0.986538827419281, "pqc_params": [[[2.6427927017211914, -0.9435746669769287, 2.8973042964935303], [1.221100091934204, -1.435260534286499, -0.21724914014339447], [-0.6820867657661438, -2.8386380672454834, 1.4210296869277954]], [[1.3675386905670166, -3.149998188018799, -2.5959606170654297], [2.6939568519592285, -0.5810543894767761, 0.3878815770149231], [-1.6708953380584717, -1.3190498352050781, -2.40252423286438]], [[0.886351466178894, -0.003332903143018484, 0.9651845097541809], [0.35056912899017334, 1.241303563117981, -2.021428108215332], [-2.269031524658203, 1.968469262123108, 1.5148311853408813]], [[-3.3371596336364746, 2.0462424755096436, 0.4582366347312927], [-1.6559146642684937, -1.1844037771224976, -0.5507044792175293], [-1.6179782152175903, 3.3497936725616455, -2.790681838989258]]], "base_circuit_tokens": [["h", [0], []], ["h", [2], []], ["x", [2], []], ["h", [2], []], ["h", [0], []], ["x", [0], []], ["h", [1], []], ["h", [1], []], ["cx", [0, 1], []], ["x", [2], []], ["x", [2], []], ["cx", [0, 1], []], ["h", [1], []], ["h", [1], []], ["x", [0], []], ["h", [0], []], ["h", [2], []], ["x", [2], []], ["h", [2], []], ["h", [0], []]], "pqc_circuit_tokens": [["h", [0], []], ["h", [2], []], ["x", [2], []], ["h", [2], []], ["h", [0], []], ["rz", [0], [2.6427927017211914]], ["rx", [0], [-0.9435746669769287]], ["rz", [0], [2.8973042964935303]], ["rz", [1], [1.221100091934204]], ["rx", [1], [-1.435260534286499]], ["rz", [1], [-0.21724914014339447]], ["rz", [2], [-0.6820867657661438]], ["rx", [2], [-2.8386380672454834]], ["rz", [2], [1.4210296869277954]], ["x", [0], []], ["h", [1], []], ["h", [1], []], ["cx", [0, 1], []], ["x", [2], []], ["rz", [0], [1.3675386905670166]], ["rx", [0], [-3.149998188018799]], ["rz", [0], [-2.5959606170654297]], ["rz", [1], [2.6939568519592285]], ["rx", [1], [-0.5810543894767761]], ["rz", [1], [0.3878815770149231]], ["rz", [2], [-1.6708953380584717]], ["rx", [2], [-1.3190498352050781]], ["rz", [2], [-2.40252423286438]], ["x", [2], []], ["cx", [0, 1], []], ["h", [1], []], ["h", [1], []], ["x", [0], []], ["rz", [0], [0.886351466178894]], ["rx", [0], [-0.003332903143018484]], ["rz", [0], [0.9651845097541809]], ["rz", [1], [0.35056912899017334]], ["rx", [1], [1.241303563117981]], ["rz", [1], [-2.021428108215332]], ["rz", [2], [-2.269031524658203]], ["rx", [2], [1.968469262123108]], ["rz", [2], [1.5148311853408813]], ["h", [0], []], ["h", [2], []], ["x", [2], []], ["h", [2], []], ["h", [0], []], ["rz", [0], [-3.3371596336364746]], ["rx", [0], [2.0462424755096436]], ["rz", [0], [0.4582366347312927]], ["rz", [1], [-1.6559146642684937]], ["rx", [1], [-1.1844037771224976]], ["rz", [1], [-0.5507044792175293]], ["rz", [2], [-1.6179782152175903]], ["rx", [2], [3.3497936725616455]], ["rz", [2], [-2.790681838989258]]], "base_circuit_qasm": "OPENQASM 2.0;\ninclude \"qelib1.inc\";\nqreg q[3];\nh q[0];\nh q[2];\nx q[2];\nh q[2];\nh q[0];\nx q[0];\nh q[1];\nh q[1];\ncx q[0],q[1];\nx q[2];\nx q[2];\ncx q[0],q[1];\nh q[1];\nh q[1];\nx q[0];\nh q[0];\nh q[2];\nx q[2];\nh q[2];\nh q[0];", "pqc_circuit_qasm": "OPENQASM 2.0;\ninclude \"qelib1.inc\";\nqreg q[3];\nh q[0];\nh q[2];\nx q[2];\nh q[2];\nh q[0];\nrz(2.6427927017211914) q[0];\nrx(-0.9435746669769287) q[0];\nrz(2.8973042964935303) q[0];\nrz(1.221100091934204) q[1];\nrx(-1.435260534286499) q[1];\nrz(-0.21724914014339447) q[1];\nrz(-0.6820867657661438) q[2];\nrx(-2.8386380672454834) q[2];\nrz(1.4210296869277954) q[2];\nx q[0];\nh q[1];\nh q[1];\ncx q[0],q[1];\nx q[2];\nrz(1.3675386905670166) q[0];\nrx(-3.149998188018799) q[0];\nrz(-2.5959606170654297) q[0];\nrz(2.6939568519592285) q[1];\nrx(-0.5810543894767761) q[1];\nrz(0.3878815770149231) q[1];\nrz(-1.6708953380584717) q[2];\nrx(-1.3190498352050781) q[2];\nrz(-2.40252423286438) q[2];\nx q[2];\ncx q[0],q[1];\nh q[1];\nh q[1];\nx q[0];\nrz(0.886351466178894) q[0];\nrx(-0.003332903143018484) q[0];\nrz(0.9651845097541809) q[0];\nrz(0.35056912899017334) q[1];\nrx(1.241303563117981) q[1];\nrz(-2.021428108215332) q[1];\nrz(-2.269031524658203) q[2];\nrx(1.968469262123108) q[2];\nrz(1.5148311853408813) q[2];\nh q[0];\nh q[2];\nx q[2];\nh q[2];\nh q[0];\nrz(-3.3371596336364746) q[0];\nrx(2.0462424755096436) q[0];\nrz(0.4582366347312927) q[0];\nrz(-1.6559146642684937) q[1];\nrx(-1.1844037771224976) q[1];\nrz(-0.5507044792175293) q[1];\nrz(-1.6179782152175903) q[2];\nrx(3.3497936725616455) q[2];\nrz(-2.790681838989258) q[2];"}