{"seed": 3624, "fidelity": 0.993524968624115, "pqc_params": [[[-1.7891258001327515, -0.5036345720291138, -3.4222490787506104], [3.2863380908966064, -2.6524298191070557, 1.8846347332000732], [-2.1816864013671875, -1.5065354108810425, 0.8163540363311768]], [[1.6750990152359009, -0.02641983889043331, -2.1953632831573486], [-2.0858755111694336, -2.5059235095977783, 0.5066179633140564], [-0.06925559788942337, -3.109675407409668, -3.1028552055358887]], [[-1.3377294540405273, 1.3404544591903687, -1.5067598819732666], [1.9447084665298462, -3.0916788578033447, -0.20919449627399445], [1.0657401084899902, -1.5519365072250366, 2.780729293823242]], [[-2.316129207611084, 1.077781081199646, -0.07054246217012405], [3.0295794010162354, -2.6824088096618652, 0.0074236225336790085], [-2.428611993789673, 0.6590739488601685, -0.5679954886436462]]], "base_circuit_tokens": [["h", [0], []], ["cx", [2, 1], []], ["x", [2], []], ["x", [1], []], ["h", [0], []], ["cx", [1, 0], []], ["h", [2], []], ["cx", [0, 2], []], ["cx", [1, 0], []], ["h", [0], []], ["h", [0], []], ["cx", [1, 0], []], ["cx", [0, 2], []], ["h", [2], []], ["cx", [1, 0], []], ["h", [0], []], ["x", [1], []], ["x", [2], []], ["cx", [2, 1], []], ["h", [0], []]], "pqc_circuit_tokens": [["h", [0], []], ["cx", [2, 1], []], ["x", [2], []], ["x", [1], []], ["h", [0], []], ["rz", [0], [-1.7891258001327515]], ["rx", [0], [-0.5036345720291138]], ["rz", [0], [-3.4222490787506104]], ["rz", [1], [3.2863380908966064]], ["rx", [1], [-2.6524298191070557]], ["rz", [1], [1.8846347332000732]], ["rz", [2], [-2.1816864013671875]], ["rx", [2], [-1.5065354108810425]], ["rz", [2], [0.8163540363311768]], ["cx", [1, 0], []], ["h", [2], []], ["cx", [0, 2], []], ["cx", [1, 0], []], ["h", [0], []], ["rz", [0], [1.6750990152359009]], ["rx", [0], [-0.02641983889043331]], ["rz", [0], [-2.1953632831573486]], ["rz", [1], [-2.0858755111694336]], ["rx", [1], [-2.5059235095977783]], ["rz", [1], [0.5066179633140564]], ["rz", [2], [-0.06925559788942337]], ["rx", [2], [-3.109675407409668]], ["rz", [2], [-3.1028552055358887]], ["h", [0], []], ["cx", [1, 0], []], ["cx", [0, 2], []], ["h", [2], []], ["cx", [1, 0], []], ["rz", [0], [-1.3377294540405273]], ["rx", [0], [1.3404544591903687]], ["rz", [0], [-1.5067598819732666]], ["rz", [1], [1.9447084665298462]], ["rx", [1], [-3.0916788578033447]], ["rz", [1], [-0.20919449627399445]], ["rz", [2], [1.0657401084899902]], ["rx", [2], [-1.5519365072250366]], ["rz", [2], [2.780729293823242]], ["h", [0], []], ["x", [1], []], ["x", [2], []], ["cx", [2, 1], []], ["h", [0], []], ["rz", [0], [-2.316129207611084]], ["rx", [0], [1.077781081199646]], ["rz", [0], [-0.07054246217012405]], ["rz", [1], [3.0295794010162354]], ["rx", [1], [-2.6824088096618652]], ["rz", [1], [0.0074236225336790085]], ["rz", [2], [-2.428611993789673]], ["rx", [2], [0.6590739488601685]], ["rz", [2], [-0.5679954886436462]]], "base_circuit_qasm": "OPENQASM 2.0;\ninclude \"qelib1.inc\";\nqreg q[3];\nh q[0];\ncx q[2],q[1];\nx q[2];\nx q[1];\nh q[0];\ncx q[1],q[0];\nh q[2];\ncx q[0],q[2];\ncx q[1],q[0];\nh q[0];\nh q[0];\ncx q[1],q[0];\ncx q[0],q[2];\nh q[2];\ncx q[1],q[0];\nh q[0];\nx q[1];\nx q[2];\ncx q[2],q[1];\nh q[0];", "pqc_circuit_qasm": "OPENQASM 2.0;\ninclude \"qelib1.inc\";\nqreg q[3];\nh q[0];\ncx q[2],q[1];\nx q[2];\nx q[1];\nh q[0];\nrz(-1.7891258001327515) q[0];\nrx(-0.5036345720291138) q[0];\nrz(-3.4222490787506104) q[0];\nrz(3.2863380908966064) q[1];\nrx(-2.6524298191070557) q[1];\nrz(1.8846347332000732) q[1];\nrz(-2.1816864013671875) q[2];\nrx(-1.5065354108810425) q[2];\nrz(0.8163540363311768) q[2];\ncx q[1],q[0];\nh q[2];\ncx q[0],q[2];\ncx q[1],q[0];\nh q[0];\nrz(1.6750990152359009) q[0];\nrx(-0.02641983889043331) q[0];\nrz(-2.1953632831573486) q[0];\nrz(-2.0858755111694336) q[1];\nrx(-2.5059235095977783) q[1];\nrz(0.5066179633140564) q[1];\nrz(-0.06925559788942337) q[2];\nrx(-3.109675407409668) q[2];\nrz(-3.1028552055358887) q[2];\nh q[0];\ncx q[1],q[0];\ncx q[0],q[2];\nh q[2];\ncx q[1],q[0];\nrz(-1.3377294540405273) q[0];\nrx(1.3404544591903687) q[0];\nrz(-1.5067598819732666) q[0];\nrz(1.9447084665298462) q[1];\nrx(-3.0916788578033447) q[1];\nrz(-0.20919449627399445) q[1];\nrz(1.0657401084899902) q[2];\nrx(-1.5519365072250366) q[2];\nrz(2.780729293823242) q[2];\nh q[0];\nx q[1];\nx q[2];\ncx q[2],q[1];\nh q[0];\nrz(-2.316129207611084) q[0];\nrx(1.077781081199646) q[0];\nrz(-0.07054246217012405) q[0];\nrz(3.0295794010162354) q[1];\nrx(-2.6824088096618652) q[1];\nrz(0.0074236225336790085) q[1];\nrz(-2.428611993789673) q[2];\nrx(0.6590739488601685) q[2];\nrz(-0.5679954886436462) q[2];"}