{"seed": 3646, "fidelity": 0.9999203681945801, "pqc_params": [[[2.316443681716919, 0.44614437222480774, 0.6075487732887268], [-2.0641608238220215, 1.5152555704116821, -2.5368762016296387], [2.467740535736084, 2.6229469776153564, -1.9617478847503662]], [[0.0459335520863533, 2.5267391204833984, -2.445178985595703], [-3.6412556171417236, 1.584443211555481, 2.0908639430999756], [2.805419445037842, 0.36551812291145325, 0.7688359022140503]], [[-0.5656948089599609, 2.7103219032287598, 2.3025600910186768], [-1.2509691715240479, -1.757926106452942, -0.6441137790679932], [1.107977271080017, 1.8648184537887573, 1.740838646888733]], [[0.13942356407642365, -2.2557477951049805, 0.32817989587783813], [-1.1607385873794556, 3.567814826965332, -0.4006718397140503], [-0.7542055249214172, -2.6816797256469727, -3.277279853820801]]], "base_circuit_tokens": [["x", [2], []], ["h", [0], []], ["x", [2], []], ["h", [2], []], ["h", [1], []], ["x", [0], []], ["h", [1], []], ["x", [0], []], ["h", [0], []], ["h", [2], []], ["h", [2], []], ["h", [0], []], ["x", [0], []], ["h", [1], []], ["x", [0], []], ["h", [1], []], ["h", [2], []], ["x", [2], []], ["h", [0], []], ["x", [2], []]], "pqc_circuit_tokens": [["x", [2], []], ["h", [0], []], ["x", [2], []], ["h", [2], []], ["h", [1], []], ["rz", [0], [2.316443681716919]], ["rx", [0], [0.44614437222480774]], ["rz", [0], [0.6075487732887268]], ["rz", [1], [-2.0641608238220215]], ["rx", [1], [1.5152555704116821]], ["rz", [1], [-2.5368762016296387]], ["rz", [2], [2.467740535736084]], ["rx", [2], [2.6229469776153564]], ["rz", [2], [-1.9617478847503662]], ["x", [0], []], ["h", [1], []], ["x", [0], []], ["h", [0], []], ["h", [2], []], ["rz", [0], [0.0459335520863533]], ["rx", [0], [2.5267391204833984]], ["rz", [0], [-2.445178985595703]], ["rz", [1], [-3.6412556171417236]], ["rx", [1], [1.584443211555481]], ["rz", [1], [2.0908639430999756]], ["rz", [2], [2.805419445037842]], ["rx", [2], [0.36551812291145325]], ["rz", [2], [0.7688359022140503]], ["h", [2], []], ["h", [0], []], ["x", [0], []], ["h", [1], []], ["x", [0], []], ["rz", [0], [-0.5656948089599609]], ["rx", [0], [2.7103219032287598]], ["rz", [0], [2.3025600910186768]], ["rz", [1], [-1.2509691715240479]], ["rx", [1], [-1.757926106452942]], ["rz", [1], [-0.6441137790679932]], ["rz", [2], [1.107977271080017]], ["rx", [2], [1.8648184537887573]], ["rz", [2], [1.740838646888733]], ["h", [1], []], ["h", [2], []], ["x", [2], []], ["h", [0], []], ["x", [2], []], ["rz", [0], [0.13942356407642365]], ["rx", [0], [-2.2557477951049805]], ["rz", [0], [0.32817989587783813]], ["rz", [1], [-1.1607385873794556]], ["rx", [1], [3.567814826965332]], ["rz", [1], [-0.4006718397140503]], ["rz", [2], [-0.7542055249214172]], ["rx", [2], [-2.6816797256469727]], ["rz", [2], [-3.277279853820801]]], "base_circuit_qasm": "OPENQASM 2.0;\ninclude \"qelib1.inc\";\nqreg q[3];\nx q[2];\nh q[0];\nx q[2];\nh q[2];\nh q[1];\nx q[0];\nh q[1];\nx q[0];\nh q[0];\nh q[2];\nh q[2];\nh q[0];\nx q[0];\nh q[1];\nx q[0];\nh q[1];\nh q[2];\nx q[2];\nh q[0];\nx q[2];", "pqc_circuit_qasm": "OPENQASM 2.0;\ninclude \"qelib1.inc\";\nqreg q[3];\nx q[2];\nh q[0];\nx q[2];\nh q[2];\nh q[1];\nrz(2.316443681716919) q[0];\nrx(0.44614437222480774) q[0];\nrz(0.6075487732887268) q[0];\nrz(-2.0641608238220215) q[1];\nrx(1.5152555704116821) q[1];\nrz(-2.5368762016296387) q[1];\nrz(2.467740535736084) q[2];\nrx(2.6229469776153564) q[2];\nrz(-1.9617478847503662) q[2];\nx q[0];\nh q[1];\nx q[0];\nh q[0];\nh q[2];\nrz(0.0459335520863533) q[0];\nrx(2.5267391204833984) q[0];\nrz(-2.445178985595703) q[0];\nrz(-3.6412556171417236) q[1];\nrx(1.584443211555481) q[1];\nrz(2.0908639430999756) q[1];\nrz(2.805419445037842) q[2];\nrx(0.36551812291145325) q[2];\nrz(0.7688359022140503) q[2];\nh q[2];\nh q[0];\nx q[0];\nh q[1];\nx q[0];\nrz(-0.5656948089599609) q[0];\nrx(2.7103219032287598) q[0];\nrz(2.3025600910186768) q[0];\nrz(-1.2509691715240479) q[1];\nrx(-1.757926106452942) q[1];\nrz(-0.6441137790679932) q[1];\nrz(1.107977271080017) q[2];\nrx(1.8648184537887573) q[2];\nrz(1.740838646888733) q[2];\nh q[1];\nh q[2];\nx q[2];\nh q[0];\nx q[2];\nrz(0.13942356407642365) q[0];\nrx(-2.2557477951049805) q[0];\nrz(0.32817989587783813) q[0];\nrz(-1.1607385873794556) q[1];\nrx(3.567814826965332) q[1];\nrz(-0.4006718397140503) q[1];\nrz(-0.7542055249214172) q[2];\nrx(-2.6816797256469727) q[2];\nrz(-3.277279853820801) q[2];"}