{"seed": 3652, "fidelity": 0.9960671663284302, "pqc_params": [[[1.9115815162658691, 1.53347909450531, -0.45734503865242004], [3.6733624935150146, -0.6972518563270569, -2.546522617340088], [-2.720337390899658, -2.3622729778289795, 3.5582833290100098]], [[1.7529617547988892, 0.02903660386800766, -1.2370531558990479], [2.032205581665039, 0.053314924240112305, 3.9317691326141357], [0.6094452142715454, -3.102443218231201, 0.7033789157867432]], [[-1.6610153913497925, -1.135105848312378, 2.1233432292938232], [-0.20534655451774597, 3.3622512817382812, -0.3874147832393646], [2.374040365219116, -2.1676828861236572, -0.9626304507255554]], [[-0.6889505386352539, -1.4417660236358643, 3.2346889972686768], [-2.505854606628418, -1.6713680028915405, 2.0289735794067383], [-0.685643196105957, -0.9661973714828491, 0.5199547410011292]]], "base_circuit_tokens": [["h", [1], []], ["h", [1], []], ["h", [2], []], ["h", [2], []], ["h", [2], []], ["cx", [0, 1], []], ["x", [2], []], ["h", [2], []], ["cx", [1, 2], []], ["x", [2], []], ["x", [2], []], ["cx", [1, 2], []], ["h", [2], []], ["x", [2], []], ["cx", [0, 1], []], ["h", [2], []], ["h", [2], []], ["h", [2], []], ["h", [1], []], ["h", [1], []]], "pqc_circuit_tokens": [["h", [1], []], ["h", [1], []], ["h", [2], []], ["h", [2], []], ["h", [2], []], ["rz", [0], [1.9115815162658691]], ["rx", [0], [1.53347909450531]], ["rz", [0], [-0.45734503865242004]], ["rz", [1], [3.6733624935150146]], ["rx", [1], [-0.6972518563270569]], ["rz", [1], [-2.546522617340088]], ["rz", [2], [-2.720337390899658]], ["rx", [2], [-2.3622729778289795]], ["rz", [2], [3.5582833290100098]], ["cx", [0, 1], []], ["x", [2], []], ["h", [2], []], ["cx", [1, 2], []], ["x", [2], []], ["rz", [0], [1.7529617547988892]], ["rx", [0], [0.02903660386800766]], ["rz", [0], [-1.2370531558990479]], ["rz", [1], [2.032205581665039]], ["rx", [1], [0.053314924240112305]], ["rz", [1], [3.9317691326141357]], ["rz", [2], [0.6094452142715454]], ["rx", [2], [-3.102443218231201]], ["rz", [2], [0.7033789157867432]], ["x", [2], []], ["cx", [1, 2], []], ["h", [2], []], ["x", [2], []], ["cx", [0, 1], []], ["rz", [0], [-1.6610153913497925]], ["rx", [0], [-1.135105848312378]], ["rz", [0], [2.1233432292938232]], ["rz", [1], [-0.20534655451774597]], ["rx", [1], [3.3622512817382812]], ["rz", [1], [-0.3874147832393646]], ["rz", [2], [2.374040365219116]], ["rx", [2], [-2.1676828861236572]], ["rz", [2], [-0.9626304507255554]], ["h", [2], []], ["h", [2], []], ["h", [2], []], ["h", [1], []], ["h", [1], []], ["rz", [0], [-0.6889505386352539]], ["rx", [0], [-1.4417660236358643]], ["rz", [0], [3.2346889972686768]], ["rz", [1], [-2.505854606628418]], ["rx", [1], [-1.6713680028915405]], ["rz", [1], [2.0289735794067383]], ["rz", [2], [-0.685643196105957]], ["rx", [2], [-0.9661973714828491]], ["rz", [2], [0.5199547410011292]]], "base_circuit_qasm": "OPENQASM 2.0;\ninclude \"qelib1.inc\";\nqreg q[3];\nh q[1];\nh q[1];\nh q[2];\nh q[2];\nh q[2];\ncx q[0],q[1];\nx q[2];\nh q[2];\ncx q[1],q[2];\nx q[2];\nx q[2];\ncx q[1],q[2];\nh q[2];\nx q[2];\ncx q[0],q[1];\nh q[2];\nh q[2];\nh q[2];\nh q[1];\nh q[1];", "pqc_circuit_qasm": "OPENQASM 2.0;\ninclude \"qelib1.inc\";\nqreg q[3];\nh q[1];\nh q[1];\nh q[2];\nh q[2];\nh q[2];\nrz(1.9115815162658691) q[0];\nrx(1.53347909450531) q[0];\nrz(-0.45734503865242004) q[0];\nrz(3.6733624935150146) q[1];\nrx(-0.6972518563270569) q[1];\nrz(-2.546522617340088) q[1];\nrz(-2.720337390899658) q[2];\nrx(-2.3622729778289795) q[2];\nrz(3.5582833290100098) q[2];\ncx q[0],q[1];\nx q[2];\nh q[2];\ncx q[1],q[2];\nx q[2];\nrz(1.7529617547988892) q[0];\nrx(0.02903660386800766) q[0];\nrz(-1.2370531558990479) q[0];\nrz(2.032205581665039) q[1];\nrx(0.053314924240112305) q[1];\nrz(3.9317691326141357) q[1];\nrz(0.6094452142715454) q[2];\nrx(-3.102443218231201) q[2];\nrz(0.7033789157867432) q[2];\nx q[2];\ncx q[1],q[2];\nh q[2];\nx q[2];\ncx q[0],q[1];\nrz(-1.6610153913497925) q[0];\nrx(-1.135105848312378) q[0];\nrz(2.1233432292938232) q[0];\nrz(-0.20534655451774597) q[1];\nrx(3.3622512817382812) q[1];\nrz(-0.3874147832393646) q[1];\nrz(2.374040365219116) q[2];\nrx(-2.1676828861236572) q[2];\nrz(-0.9626304507255554) q[2];\nh q[2];\nh q[2];\nh q[2];\nh q[1];\nh q[1];\nrz(-0.6889505386352539) q[0];\nrx(-1.4417660236358643) q[0];\nrz(3.2346889972686768) q[0];\nrz(-2.505854606628418) q[1];\nrx(-1.6713680028915405) q[1];\nrz(2.0289735794067383) q[1];\nrz(-0.685643196105957) q[2];\nrx(-0.9661973714828491) q[2];\nrz(0.5199547410011292) q[2];"}