{"seed": 3658, "fidelity": 0.9996382594108582, "pqc_params": [[[1.861654281616211, -0.037084270268678665, 1.8259402513504028], [-3.1416008472442627, 2.027817964553833, -0.16254772245883942], [-1.5817023515701294, -3.463740825653076, 2.8226399421691895]], [[-0.6277579665184021, -1.3404814004898071, 0.05388503149151802], [3.2860891819000244, -2.3037784099578857, 1.3526479005813599], [-1.7676777839660645, -1.877206563949585, 3.2319388389587402]], [[3.198521375656128, 3.240861177444458, -2.3589062690734863], [-0.2383956015110016, 2.293952703475952, -0.013650990091264248], [3.0701029300689697, -0.9880946278572083, 1.633940577507019]], [[1.787535548210144, 0.5167651176452637, -1.2694202661514282], [1.0457017421722412, -0.2868805527687073, 1.685312032699585], [-2.959216356277466, 0.5009890794754028, 3.0895426273345947]]], "base_circuit_tokens": [["h", [2], []], ["h", [2], []], ["cx", [0, 1], []], ["h", [2], []], ["h", [2], []], ["cx", [1, 0], []], ["h", [1], []], ["h", [1], []], ["x", [1], []], ["cx", [0, 1], []], ["cx", [0, 1], []], ["x", [1], []], ["h", [1], []], ["h", [1], []], ["cx", [1, 0], []], ["h", [2], []], ["h", [2], []], ["cx", [0, 1], []], ["h", [2], []], ["h", [2], []]], "pqc_circuit_tokens": [["h", [2], []], ["h", [2], []], ["cx", [0, 1], []], ["h", [2], []], ["h", [2], []], ["rz", [0], [1.861654281616211]], ["rx", [0], [-0.037084270268678665]], ["rz", [0], [1.8259402513504028]], ["rz", [1], [-3.1416008472442627]], ["rx", [1], [2.027817964553833]], ["rz", [1], [-0.16254772245883942]], ["rz", [2], [-1.5817023515701294]], ["rx", [2], [-3.463740825653076]], ["rz", [2], [2.8226399421691895]], ["cx", [1, 0], []], ["h", [1], []], ["h", [1], []], ["x", [1], []], ["cx", [0, 1], []], ["rz", [0], [-0.6277579665184021]], ["rx", [0], [-1.3404814004898071]], ["rz", [0], [0.05388503149151802]], ["rz", [1], [3.2860891819000244]], ["rx", [1], [-2.3037784099578857]], ["rz", [1], [1.3526479005813599]], ["rz", [2], [-1.7676777839660645]], ["rx", [2], [-1.877206563949585]], ["rz", [2], [3.2319388389587402]], ["cx", [0, 1], []], ["x", [1], []], ["h", [1], []], ["h", [1], []], ["cx", [1, 0], []], ["rz", [0], [3.198521375656128]], ["rx", [0], [3.240861177444458]], ["rz", [0], [-2.3589062690734863]], ["rz", [1], [-0.2383956015110016]], ["rx", [1], [2.293952703475952]], ["rz", [1], [-0.013650990091264248]], ["rz", [2], [3.0701029300689697]], ["rx", [2], [-0.9880946278572083]], ["rz", [2], [1.633940577507019]], ["h", [2], []], ["h", [2], []], ["cx", [0, 1], []], ["h", [2], []], ["h", [2], []], ["rz", [0], [1.787535548210144]], ["rx", [0], [0.5167651176452637]], ["rz", [0], [-1.2694202661514282]], ["rz", [1], [1.0457017421722412]], ["rx", [1], [-0.2868805527687073]], ["rz", [1], [1.685312032699585]], ["rz", [2], [-2.959216356277466]], ["rx", [2], [0.5009890794754028]], ["rz", [2], [3.0895426273345947]]], "base_circuit_qasm": "OPENQASM 2.0;\ninclude \"qelib1.inc\";\nqreg q[3];\nh q[2];\nh q[2];\ncx q[0],q[1];\nh q[2];\nh q[2];\ncx q[1],q[0];\nh q[1];\nh q[1];\nx q[1];\ncx q[0],q[1];\ncx q[0],q[1];\nx q[1];\nh q[1];\nh q[1];\ncx q[1],q[0];\nh q[2];\nh q[2];\ncx q[0],q[1];\nh q[2];\nh q[2];", "pqc_circuit_qasm": "OPENQASM 2.0;\ninclude \"qelib1.inc\";\nqreg q[3];\nh q[2];\nh q[2];\ncx q[0],q[1];\nh q[2];\nh q[2];\nrz(1.861654281616211) q[0];\nrx(-0.037084270268678665) q[0];\nrz(1.8259402513504028) q[0];\nrz(-3.1416008472442627) q[1];\nrx(2.027817964553833) q[1];\nrz(-0.16254772245883942) q[1];\nrz(-1.5817023515701294) q[2];\nrx(-3.463740825653076) q[2];\nrz(2.8226399421691895) q[2];\ncx q[1],q[0];\nh q[1];\nh q[1];\nx q[1];\ncx q[0],q[1];\nrz(-0.6277579665184021) q[0];\nrx(-1.3404814004898071) q[0];\nrz(0.05388503149151802) q[0];\nrz(3.2860891819000244) q[1];\nrx(-2.3037784099578857) q[1];\nrz(1.3526479005813599) q[1];\nrz(-1.7676777839660645) q[2];\nrx(-1.877206563949585) q[2];\nrz(3.2319388389587402) q[2];\ncx q[0],q[1];\nx q[1];\nh q[1];\nh q[1];\ncx q[1],q[0];\nrz(3.198521375656128) q[0];\nrx(3.240861177444458) q[0];\nrz(-2.3589062690734863) q[0];\nrz(-0.2383956015110016) q[1];\nrx(2.293952703475952) q[1];\nrz(-0.013650990091264248) q[1];\nrz(3.0701029300689697) q[2];\nrx(-0.9880946278572083) q[2];\nrz(1.633940577507019) q[2];\nh q[2];\nh q[2];\ncx q[0],q[1];\nh q[2];\nh q[2];\nrz(1.787535548210144) q[0];\nrx(0.5167651176452637) q[0];\nrz(-1.2694202661514282) q[0];\nrz(1.0457017421722412) q[1];\nrx(-0.2868805527687073) q[1];\nrz(1.685312032699585) q[1];\nrz(-2.959216356277466) q[2];\nrx(0.5009890794754028) q[2];\nrz(3.0895426273345947) q[2];"}