{"seed": 3679, "fidelity": 0.9930760264396667, "pqc_params": [[[4.0458550453186035, 0.4086972773075104, 3.7295491695404053], [-2.430431604385376, 1.66753089427948, 1.3948075771331787], [-1.8896236419677734, -1.7343553304672241, 2.0153286457061768]], [[1.6471980810165405, 3.0699002742767334, -1.7935714721679688], [2.4847233295440674, -0.2503573000431061, -0.40878260135650635], [-1.9116828441619873, 2.2126877307891846, -0.7608087062835693]], [[1.093039870262146, 3.019733428955078, -0.3914607763290405], [2.965632200241089, 1.4176710844039917, -2.1925222873687744], [0.48887255787849426, 1.3125137090682983, 1.3139055967330933]], [[0.018834300339221954, -0.1680370420217514, -1.947007656097412], [-0.8637463450431824, 0.006111597176641226, 0.7690827250480652], [0.06592076271772385, -0.005028739105910063, 2.771320343017578]]], "base_circuit_tokens": [["h", [2], []], ["cx", [2, 0], []], ["h", [2], []], ["cx", [0, 1], []], ["cx", [2, 0], []], ["cx", [2, 0], []], ["x", [0], []], ["h", [2], []], ["h", [0], []], ["x", [2], []], ["x", [2], []], ["h", [0], []], ["h", [2], []], ["x", [0], []], ["cx", [2, 0], []], ["cx", [2, 0], []], ["cx", [0, 1], []], ["h", [2], []], ["cx", [2, 0], []], ["h", [2], []]], "pqc_circuit_tokens": [["h", [2], []], ["cx", [2, 0], []], ["h", [2], []], ["cx", [0, 1], []], ["cx", [2, 0], []], ["rz", [0], [4.0458550453186035]], ["rx", [0], [0.4086972773075104]], ["rz", [0], [3.7295491695404053]], ["rz", [1], [-2.430431604385376]], ["rx", [1], [1.66753089427948]], ["rz", [1], [1.3948075771331787]], ["rz", [2], [-1.8896236419677734]], ["rx", [2], [-1.7343553304672241]], ["rz", [2], [2.0153286457061768]], ["cx", [2, 0], []], ["x", [0], []], ["h", [2], []], ["h", [0], []], ["x", [2], []], ["rz", [0], [1.6471980810165405]], ["rx", [0], [3.0699002742767334]], ["rz", [0], [-1.7935714721679688]], ["rz", [1], [2.4847233295440674]], ["rx", [1], [-0.2503573000431061]], ["rz", [1], [-0.40878260135650635]], ["rz", [2], [-1.9116828441619873]], ["rx", [2], [2.2126877307891846]], ["rz", [2], [-0.7608087062835693]], ["x", [2], []], ["h", [0], []], ["h", [2], []], ["x", [0], []], ["cx", [2, 0], []], ["rz", [0], [1.093039870262146]], ["rx", [0], [3.019733428955078]], ["rz", [0], [-0.3914607763290405]], ["rz", [1], [2.965632200241089]], ["rx", [1], [1.4176710844039917]], ["rz", [1], [-2.1925222873687744]], ["rz", [2], [0.48887255787849426]], ["rx", [2], [1.3125137090682983]], ["rz", [2], [1.3139055967330933]], ["cx", [2, 0], []], ["cx", [0, 1], []], ["h", [2], []], ["cx", [2, 0], []], ["h", [2], []], ["rz", [0], [0.018834300339221954]], ["rx", [0], [-0.1680370420217514]], ["rz", [0], [-1.947007656097412]], ["rz", [1], [-0.8637463450431824]], ["rx", [1], [0.006111597176641226]], ["rz", [1], [0.7690827250480652]], ["rz", [2], [0.06592076271772385]], ["rx", [2], [-0.005028739105910063]], ["rz", [2], [2.771320343017578]]], "base_circuit_qasm": "OPENQASM 2.0;\ninclude \"qelib1.inc\";\nqreg q[3];\nh q[2];\ncx q[2],q[0];\nh q[2];\ncx q[0],q[1];\ncx q[2],q[0];\ncx q[2],q[0];\nx q[0];\nh q[2];\nh q[0];\nx q[2];\nx q[2];\nh q[0];\nh q[2];\nx q[0];\ncx q[2],q[0];\ncx q[2],q[0];\ncx q[0],q[1];\nh q[2];\ncx q[2],q[0];\nh q[2];", "pqc_circuit_qasm": "OPENQASM 2.0;\ninclude \"qelib1.inc\";\nqreg q[3];\nh q[2];\ncx q[2],q[0];\nh q[2];\ncx q[0],q[1];\ncx q[2],q[0];\nrz(4.0458550453186035) q[0];\nrx(0.4086972773075104) q[0];\nrz(3.7295491695404053) q[0];\nrz(-2.430431604385376) q[1];\nrx(1.66753089427948) q[1];\nrz(1.3948075771331787) q[1];\nrz(-1.8896236419677734) q[2];\nrx(-1.7343553304672241) q[2];\nrz(2.0153286457061768) q[2];\ncx q[2],q[0];\nx q[0];\nh q[2];\nh q[0];\nx q[2];\nrz(1.6471980810165405) q[0];\nrx(3.0699002742767334) q[0];\nrz(-1.7935714721679688) q[0];\nrz(2.4847233295440674) q[1];\nrx(-0.2503573000431061) q[1];\nrz(-0.40878260135650635) q[1];\nrz(-1.9116828441619873) q[2];\nrx(2.2126877307891846) q[2];\nrz(-0.7608087062835693) q[2];\nx q[2];\nh q[0];\nh q[2];\nx q[0];\ncx q[2],q[0];\nrz(1.093039870262146) q[0];\nrx(3.019733428955078) q[0];\nrz(-0.3914607763290405) q[0];\nrz(2.965632200241089) q[1];\nrx(1.4176710844039917) q[1];\nrz(-2.1925222873687744) q[1];\nrz(0.48887255787849426) q[2];\nrx(1.3125137090682983) q[2];\nrz(1.3139055967330933) q[2];\ncx q[2],q[0];\ncx q[0],q[1];\nh q[2];\ncx q[2],q[0];\nh q[2];\nrz(0.018834300339221954) q[0];\nrx(-0.1680370420217514) q[0];\nrz(-1.947007656097412) q[0];\nrz(-0.8637463450431824) q[1];\nrx(0.006111597176641226) q[1];\nrz(0.7690827250480652) q[1];\nrz(0.06592076271772385) q[2];\nrx(-0.005028739105910063) q[2];\nrz(2.771320343017578) q[2];"}