{"seed": 3705, "fidelity": 0.9952995181083679, "pqc_params": [[[-2.34478497505188, 2.325902223587036, 0.658470630645752], [-0.7898939847946167, -0.9857394695281982, 0.2535114884376526], [1.7552410364151, 0.3109284043312073, -0.26785415410995483]], [[-2.2620513439178467, -2.992753267288208, -1.1151361465454102], [-0.443954735994339, -3.8312900066375732, 0.33347198367118835], [2.776890516281128, -0.891779363155365, 1.2952784299850464]], [[-0.549846887588501, -0.9805150032043457, -1.2000298500061035], [0.18268345296382904, 1.4703333377838135, -2.7676451206207275], [-1.1981695890426636, 1.2139711380004883, -1.7509100437164307]], [[-2.148233652114868, 0.018498677760362625, 1.833947777748108], [-0.8987526297569275, -0.9578399658203125, 1.1613411903381348], [3.069675922393799, -3.279132127761841, -3.1106786727905273]]], "base_circuit_tokens": [["h", [1], []], ["h", [1], []], ["h", [0], []], ["cx", [0, 2], []], ["h", [2], []], ["h", [1], []], ["cx", [0, 1], []], ["h", [1], []], ["h", [1], []], ["h", [1], []], ["h", [1], []], ["h", [1], []], ["h", [1], []], ["cx", [0, 1], []], ["h", [1], []], ["h", [2], []], ["cx", [0, 2], []], ["h", [0], []], ["h", [1], []], ["h", [1], []]], "pqc_circuit_tokens": [["h", [1], []], ["h", [1], []], ["h", [0], []], ["cx", [0, 2], []], ["h", [2], []], ["rz", [0], [-2.34478497505188]], ["rx", [0], [2.325902223587036]], ["rz", [0], [0.658470630645752]], ["rz", [1], [-0.7898939847946167]], ["rx", [1], [-0.9857394695281982]], ["rz", [1], [0.2535114884376526]], ["rz", [2], [1.7552410364151]], ["rx", [2], [0.3109284043312073]], ["rz", [2], [-0.26785415410995483]], ["h", [1], []], ["cx", [0, 1], []], ["h", [1], []], ["h", [1], []], ["h", [1], []], ["rz", [0], [-2.2620513439178467]], ["rx", [0], [-2.992753267288208]], ["rz", [0], [-1.1151361465454102]], ["rz", [1], [-0.443954735994339]], ["rx", [1], [-3.8312900066375732]], ["rz", [1], [0.33347198367118835]], ["rz", [2], [2.776890516281128]], ["rx", [2], [-0.891779363155365]], ["rz", [2], [1.2952784299850464]], ["h", [1], []], ["h", [1], []], ["h", [1], []], ["cx", [0, 1], []], ["h", [1], []], ["rz", [0], [-0.549846887588501]], ["rx", [0], [-0.9805150032043457]], ["rz", [0], [-1.2000298500061035]], ["rz", [1], [0.18268345296382904]], ["rx", [1], [1.4703333377838135]], ["rz", [1], [-2.7676451206207275]], ["rz", [2], [-1.1981695890426636]], ["rx", [2], [1.2139711380004883]], ["rz", [2], [-1.7509100437164307]], ["h", [2], []], ["cx", [0, 2], []], ["h", [0], []], ["h", [1], []], ["h", [1], []], ["rz", [0], [-2.148233652114868]], ["rx", [0], [0.018498677760362625]], ["rz", [0], [1.833947777748108]], ["rz", [1], [-0.8987526297569275]], ["rx", [1], [-0.9578399658203125]], ["rz", [1], [1.1613411903381348]], ["rz", [2], [3.069675922393799]], ["rx", [2], [-3.279132127761841]], ["rz", [2], [-3.1106786727905273]]], "base_circuit_qasm": "OPENQASM 2.0;\ninclude \"qelib1.inc\";\nqreg q[3];\nh q[1];\nh q[1];\nh q[0];\ncx q[0],q[2];\nh q[2];\nh q[1];\ncx q[0],q[1];\nh q[1];\nh q[1];\nh q[1];\nh q[1];\nh q[1];\nh q[1];\ncx q[0],q[1];\nh q[1];\nh q[2];\ncx q[0],q[2];\nh q[0];\nh q[1];\nh q[1];", "pqc_circuit_qasm": "OPENQASM 2.0;\ninclude \"qelib1.inc\";\nqreg q[3];\nh q[1];\nh q[1];\nh q[0];\ncx q[0],q[2];\nh q[2];\nrz(-2.34478497505188) q[0];\nrx(2.325902223587036) q[0];\nrz(0.658470630645752) q[0];\nrz(-0.7898939847946167) q[1];\nrx(-0.9857394695281982) q[1];\nrz(0.2535114884376526) q[1];\nrz(1.7552410364151) q[2];\nrx(0.3109284043312073) q[2];\nrz(-0.26785415410995483) q[2];\nh q[1];\ncx q[0],q[1];\nh q[1];\nh q[1];\nh q[1];\nrz(-2.2620513439178467) q[0];\nrx(-2.992753267288208) q[0];\nrz(-1.1151361465454102) q[0];\nrz(-0.443954735994339) q[1];\nrx(-3.8312900066375732) q[1];\nrz(0.33347198367118835) q[1];\nrz(2.776890516281128) q[2];\nrx(-0.891779363155365) q[2];\nrz(1.2952784299850464) q[2];\nh q[1];\nh q[1];\nh q[1];\ncx q[0],q[1];\nh q[1];\nrz(-0.549846887588501) q[0];\nrx(-0.9805150032043457) q[0];\nrz(-1.2000298500061035) q[0];\nrz(0.18268345296382904) q[1];\nrx(1.4703333377838135) q[1];\nrz(-2.7676451206207275) q[1];\nrz(-1.1981695890426636) q[2];\nrx(1.2139711380004883) q[2];\nrz(-1.7509100437164307) q[2];\nh q[2];\ncx q[0],q[2];\nh q[0];\nh q[1];\nh q[1];\nrz(-2.148233652114868) q[0];\nrx(0.018498677760362625) q[0];\nrz(1.833947777748108) q[0];\nrz(-0.8987526297569275) q[1];\nrx(-0.9578399658203125) q[1];\nrz(1.1613411903381348) q[1];\nrz(3.069675922393799) q[2];\nrx(-3.279132127761841) q[2];\nrz(-3.1106786727905273) q[2];"}