{"seed": 3709, "fidelity": 0.9530423283576965, "pqc_params": [[[1.4990055561065674, 0.8371057510375977, 1.7521770000457764], [-0.4493856728076935, -1.433725118637085, -0.38650116324424744], [2.2415874004364014, -1.329229712486267, -2.2755887508392334]], [[2.048675537109375, -2.4836997985839844, 3.120788812637329], [-2.7425456047058105, -2.1194255352020264, 1.879160761833191], [2.35538649559021, 1.458770751953125, 0.08265906572341919]], [[0.7292013764381409, 1.271601676940918, 0.7004432678222656], [1.0843671560287476, -1.9648023843765259, 1.6383754014968872], [-0.688499927520752, 1.9104506969451904, -1.1714802980422974]], [[1.9499855041503906, -0.2929843068122864, 1.1520096063613892], [-0.3054380714893341, 2.8503634929656982, 2.05195951461792], [-0.05199158936738968, -3.4938817024230957, -3.096651554107666]]], "base_circuit_tokens": [["cx", [1, 0], []], ["cx", [0, 2], []], ["cx", [2, 0], []], ["cx", [2, 0], []], ["x", [2], []], ["cx", [0, 1], []], ["cx", [0, 1], []], ["h", [2], []], ["h", [0], []], ["x", [1], []], ["x", [1], []], ["h", [0], []], ["h", [2], []], ["cx", [0, 1], []], ["cx", [0, 1], []], ["x", [2], []], ["cx", [2, 0], []], ["cx", [2, 0], []], ["cx", [0, 2], []], ["cx", [1, 0], []]], "pqc_circuit_tokens": [["cx", [1, 0], []], ["cx", [0, 2], []], ["cx", [2, 0], []], ["cx", [2, 0], []], ["x", [2], []], ["rz", [0], [1.4990055561065674]], ["rx", [0], [0.8371057510375977]], ["rz", [0], [1.7521770000457764]], ["rz", [1], [-0.4493856728076935]], ["rx", [1], [-1.433725118637085]], ["rz", [1], [-0.38650116324424744]], ["rz", [2], [2.2415874004364014]], ["rx", [2], [-1.329229712486267]], ["rz", [2], [-2.2755887508392334]], ["cx", [0, 1], []], ["cx", [0, 1], []], ["h", [2], []], ["h", [0], []], ["x", [1], []], ["rz", [0], [2.048675537109375]], ["rx", [0], [-2.4836997985839844]], ["rz", [0], [3.120788812637329]], ["rz", [1], [-2.7425456047058105]], ["rx", [1], [-2.1194255352020264]], ["rz", [1], [1.879160761833191]], ["rz", [2], [2.35538649559021]], ["rx", [2], [1.458770751953125]], ["rz", [2], [0.08265906572341919]], ["x", [1], []], ["h", [0], []], ["h", [2], []], ["cx", [0, 1], []], ["cx", [0, 1], []], ["rz", [0], [0.7292013764381409]], ["rx", [0], [1.271601676940918]], ["rz", [0], [0.7004432678222656]], ["rz", [1], [1.0843671560287476]], ["rx", [1], [-1.9648023843765259]], ["rz", [1], [1.6383754014968872]], ["rz", [2], [-0.688499927520752]], ["rx", [2], [1.9104506969451904]], ["rz", [2], [-1.1714802980422974]], ["x", [2], []], ["cx", [2, 0], []], ["cx", [2, 0], []], ["cx", [0, 2], []], ["cx", [1, 0], []], ["rz", [0], [1.9499855041503906]], ["rx", [0], [-0.2929843068122864]], ["rz", [0], [1.1520096063613892]], ["rz", [1], [-0.3054380714893341]], ["rx", [1], [2.8503634929656982]], ["rz", [1], [2.05195951461792]], ["rz", [2], [-0.05199158936738968]], ["rx", [2], [-3.4938817024230957]], ["rz", [2], [-3.096651554107666]]], "base_circuit_qasm": "OPENQASM 2.0;\ninclude \"qelib1.inc\";\nqreg q[3];\ncx q[1],q[0];\ncx q[0],q[2];\ncx q[2],q[0];\ncx q[2],q[0];\nx q[2];\ncx q[0],q[1];\ncx q[0],q[1];\nh q[2];\nh q[0];\nx q[1];\nx q[1];\nh q[0];\nh q[2];\ncx q[0],q[1];\ncx q[0],q[1];\nx q[2];\ncx q[2],q[0];\ncx q[2],q[0];\ncx q[0],q[2];\ncx q[1],q[0];", "pqc_circuit_qasm": "OPENQASM 2.0;\ninclude \"qelib1.inc\";\nqreg q[3];\ncx q[1],q[0];\ncx q[0],q[2];\ncx q[2],q[0];\ncx q[2],q[0];\nx q[2];\nrz(1.4990055561065674) q[0];\nrx(0.8371057510375977) q[0];\nrz(1.7521770000457764) q[0];\nrz(-0.4493856728076935) q[1];\nrx(-1.433725118637085) q[1];\nrz(-0.38650116324424744) q[1];\nrz(2.2415874004364014) q[2];\nrx(-1.329229712486267) q[2];\nrz(-2.2755887508392334) q[2];\ncx q[0],q[1];\ncx q[0],q[1];\nh q[2];\nh q[0];\nx q[1];\nrz(2.048675537109375) q[0];\nrx(-2.4836997985839844) q[0];\nrz(3.120788812637329) q[0];\nrz(-2.7425456047058105) q[1];\nrx(-2.1194255352020264) q[1];\nrz(1.879160761833191) q[1];\nrz(2.35538649559021) q[2];\nrx(1.458770751953125) q[2];\nrz(0.08265906572341919) q[2];\nx q[1];\nh q[0];\nh q[2];\ncx q[0],q[1];\ncx q[0],q[1];\nrz(0.7292013764381409) q[0];\nrx(1.271601676940918) q[0];\nrz(0.7004432678222656) q[0];\nrz(1.0843671560287476) q[1];\nrx(-1.9648023843765259) q[1];\nrz(1.6383754014968872) q[1];\nrz(-0.688499927520752) q[2];\nrx(1.9104506969451904) q[2];\nrz(-1.1714802980422974) q[2];\nx q[2];\ncx q[2],q[0];\ncx q[2],q[0];\ncx q[0],q[2];\ncx q[1],q[0];\nrz(1.9499855041503906) q[0];\nrx(-0.2929843068122864) q[0];\nrz(1.1520096063613892) q[0];\nrz(-0.3054380714893341) q[1];\nrx(2.8503634929656982) q[1];\nrz(2.05195951461792) q[1];\nrz(-0.05199158936738968) q[2];\nrx(-3.4938817024230957) q[2];\nrz(-3.096651554107666) q[2];"}