{"seed": 3713, "fidelity": 0.9998791813850403, "pqc_params": [[[-0.22506201267242432, -0.5126558542251587, -3.1886508464813232], [-2.190443277359009, 0.18087464570999146, -1.4485832452774048], [2.4302709102630615, 2.0597100257873535, -2.7030296325683594]], [[-0.03281642124056816, 1.9036437273025513, -3.041238784790039], [0.9083271026611328, 0.018644841387867928, 1.3842276334762573], [-2.0706114768981934, -2.6770176887512207, 1.3521621227264404]], [[2.2826788425445557, 2.805635929107666, 0.854649543762207], [-0.988323450088501, -0.28506574034690857, 2.585465431213379], [0.3463889956474304, 1.6602145433425903, 2.7968740463256836]], [[-0.8127061724662781, 2.4313528537750244, -0.3339771330356598], [-3.333350658416748, 1.0798205137252808, 3.0107877254486084], [0.025087503716349602, -0.062151845544576645, -0.1261357069015503]]], "base_circuit_tokens": [["h", [1], []], ["h", [0], []], ["cx", [1, 2], []], ["h", [2], []], ["h", [2], []], ["h", [1], []], ["x", [0], []], ["x", [0], []], ["h", [0], []], ["h", [1], []], ["h", [1], []], ["h", [0], []], ["x", [0], []], ["x", [0], []], ["h", [1], []], ["h", [2], []], ["h", [2], []], ["cx", [1, 2], []], ["h", [0], []], ["h", [1], []]], "pqc_circuit_tokens": [["h", [1], []], ["h", [0], []], ["cx", [1, 2], []], ["h", [2], []], ["h", [2], []], ["rz", [0], [-0.22506201267242432]], ["rx", [0], [-0.5126558542251587]], ["rz", [0], [-3.1886508464813232]], ["rz", [1], [-2.190443277359009]], ["rx", [1], [0.18087464570999146]], ["rz", [1], [-1.4485832452774048]], ["rz", [2], [2.4302709102630615]], ["rx", [2], [2.0597100257873535]], ["rz", [2], [-2.7030296325683594]], ["h", [1], []], ["x", [0], []], ["x", [0], []], ["h", [0], []], ["h", [1], []], ["rz", [0], [-0.03281642124056816]], ["rx", [0], [1.9036437273025513]], ["rz", [0], [-3.041238784790039]], ["rz", [1], [0.9083271026611328]], ["rx", [1], [0.018644841387867928]], ["rz", [1], [1.3842276334762573]], ["rz", [2], [-2.0706114768981934]], ["rx", [2], [-2.6770176887512207]], ["rz", [2], [1.3521621227264404]], ["h", [1], []], ["h", [0], []], ["x", [0], []], ["x", [0], []], ["h", [1], []], ["rz", [0], [2.2826788425445557]], ["rx", [0], [2.805635929107666]], ["rz", [0], [0.854649543762207]], ["rz", [1], [-0.988323450088501]], ["rx", [1], [-0.28506574034690857]], ["rz", [1], [2.585465431213379]], ["rz", [2], [0.3463889956474304]], ["rx", [2], [1.6602145433425903]], ["rz", [2], [2.7968740463256836]], ["h", [2], []], ["h", [2], []], ["cx", [1, 2], []], ["h", [0], []], ["h", [1], []], ["rz", [0], [-0.8127061724662781]], ["rx", [0], [2.4313528537750244]], ["rz", [0], [-0.3339771330356598]], ["rz", [1], [-3.333350658416748]], ["rx", [1], [1.0798205137252808]], ["rz", [1], [3.0107877254486084]], ["rz", [2], [0.025087503716349602]], ["rx", [2], [-0.062151845544576645]], ["rz", [2], [-0.1261357069015503]]], "base_circuit_qasm": "OPENQASM 2.0;\ninclude \"qelib1.inc\";\nqreg q[3];\nh q[1];\nh q[0];\ncx q[1],q[2];\nh q[2];\nh q[2];\nh q[1];\nx q[0];\nx q[0];\nh q[0];\nh q[1];\nh q[1];\nh q[0];\nx q[0];\nx q[0];\nh q[1];\nh q[2];\nh q[2];\ncx q[1],q[2];\nh q[0];\nh q[1];", "pqc_circuit_qasm": "OPENQASM 2.0;\ninclude \"qelib1.inc\";\nqreg q[3];\nh q[1];\nh q[0];\ncx q[1],q[2];\nh q[2];\nh q[2];\nrz(-0.22506201267242432) q[0];\nrx(-0.5126558542251587) q[0];\nrz(-3.1886508464813232) q[0];\nrz(-2.190443277359009) q[1];\nrx(0.18087464570999146) q[1];\nrz(-1.4485832452774048) q[1];\nrz(2.4302709102630615) q[2];\nrx(2.0597100257873535) q[2];\nrz(-2.7030296325683594) q[2];\nh q[1];\nx q[0];\nx q[0];\nh q[0];\nh q[1];\nrz(-0.03281642124056816) q[0];\nrx(1.9036437273025513) q[0];\nrz(-3.041238784790039) q[0];\nrz(0.9083271026611328) q[1];\nrx(0.018644841387867928) q[1];\nrz(1.3842276334762573) q[1];\nrz(-2.0706114768981934) q[2];\nrx(-2.6770176887512207) q[2];\nrz(1.3521621227264404) q[2];\nh q[1];\nh q[0];\nx q[0];\nx q[0];\nh q[1];\nrz(2.2826788425445557) q[0];\nrx(2.805635929107666) q[0];\nrz(0.854649543762207) q[0];\nrz(-0.988323450088501) q[1];\nrx(-0.28506574034690857) q[1];\nrz(2.585465431213379) q[1];\nrz(0.3463889956474304) q[2];\nrx(1.6602145433425903) q[2];\nrz(2.7968740463256836) q[2];\nh q[2];\nh q[2];\ncx q[1],q[2];\nh q[0];\nh q[1];\nrz(-0.8127061724662781) q[0];\nrx(2.4313528537750244) q[0];\nrz(-0.3339771330356598) q[0];\nrz(-3.333350658416748) q[1];\nrx(1.0798205137252808) q[1];\nrz(3.0107877254486084) q[1];\nrz(0.025087503716349602) q[2];\nrx(-0.062151845544576645) q[2];\nrz(-0.1261357069015503) q[2];"}