{"seed": 3731, "fidelity": 0.9995838403701782, "pqc_params": [[[-0.2975586950778961, 1.564411997795105, -0.32382771372795105], [2.1737334728240967, 2.8632168769836426, -2.0636754035949707], [2.1529548168182373, -0.41845059394836426, -1.4711788892745972]], [[2.625079393386841, -0.13649192452430725, -0.7622695565223694], [2.701281785964966, -0.16165457665920258, 0.03644146770238876], [-0.3171575963497162, -1.5620132684707642, 2.603137493133545]], [[-2.821963310241699, 2.5355286598205566, 0.4803112745285034], [0.5773409605026245, 0.8631945252418518, -0.3786128759384155], [-3.1322274208068848, -2.3801684379577637, 1.1382771730422974]], [[1.020201325416565, 0.9976363182067871, 0.6840775609016418], [-0.8716694116592407, -1.0360627174377441, -1.3214266300201416], [0.6620387434959412, -0.45634132623672485, 2.762291669845581]]], "base_circuit_tokens": [["x", [2], []], ["x", [2], []], ["h", [0], []], ["x", [2], []], ["x", [1], []], ["x", [0], []], ["h", [1], []], ["h", [2], []], ["h", [2], []], ["h", [2], []], ["h", [2], []], ["h", [2], []], ["h", [2], []], ["h", [1], []], ["x", [0], []], ["x", [1], []], ["x", [2], []], ["h", [0], []], ["x", [2], []], ["x", [2], []]], "pqc_circuit_tokens": [["x", [2], []], ["x", [2], []], ["h", [0], []], ["x", [2], []], ["x", [1], []], ["rz", [0], [-0.2975586950778961]], ["rx", [0], [1.564411997795105]], ["rz", [0], [-0.32382771372795105]], ["rz", [1], [2.1737334728240967]], ["rx", [1], [2.8632168769836426]], ["rz", [1], [-2.0636754035949707]], ["rz", [2], [2.1529548168182373]], ["rx", [2], [-0.41845059394836426]], ["rz", [2], [-1.4711788892745972]], ["x", [0], []], ["h", [1], []], ["h", [2], []], ["h", [2], []], ["h", [2], []], ["rz", [0], [2.625079393386841]], ["rx", [0], [-0.13649192452430725]], ["rz", [0], [-0.7622695565223694]], ["rz", [1], [2.701281785964966]], ["rx", [1], [-0.16165457665920258]], ["rz", [1], [0.03644146770238876]], ["rz", [2], [-0.3171575963497162]], ["rx", [2], [-1.5620132684707642]], ["rz", [2], [2.603137493133545]], ["h", [2], []], ["h", [2], []], ["h", [2], []], ["h", [1], []], ["x", [0], []], ["rz", [0], [-2.821963310241699]], ["rx", [0], [2.5355286598205566]], ["rz", [0], [0.4803112745285034]], ["rz", [1], [0.5773409605026245]], ["rx", [1], [0.8631945252418518]], ["rz", [1], [-0.3786128759384155]], ["rz", [2], [-3.1322274208068848]], ["rx", [2], [-2.3801684379577637]], ["rz", [2], [1.1382771730422974]], ["x", [1], []], ["x", [2], []], ["h", [0], []], ["x", [2], []], ["x", [2], []], ["rz", [0], [1.020201325416565]], ["rx", [0], [0.9976363182067871]], ["rz", [0], [0.6840775609016418]], ["rz", [1], [-0.8716694116592407]], ["rx", [1], [-1.0360627174377441]], ["rz", [1], [-1.3214266300201416]], ["rz", [2], [0.6620387434959412]], ["rx", [2], [-0.45634132623672485]], ["rz", [2], [2.762291669845581]]], "base_circuit_qasm": "OPENQASM 2.0;\ninclude \"qelib1.inc\";\nqreg q[3];\nx q[2];\nx q[2];\nh q[0];\nx q[2];\nx q[1];\nx q[0];\nh q[1];\nh q[2];\nh q[2];\nh q[2];\nh q[2];\nh q[2];\nh q[2];\nh q[1];\nx q[0];\nx q[1];\nx q[2];\nh q[0];\nx q[2];\nx q[2];", "pqc_circuit_qasm": "OPENQASM 2.0;\ninclude \"qelib1.inc\";\nqreg q[3];\nx q[2];\nx q[2];\nh q[0];\nx q[2];\nx q[1];\nrz(-0.2975586950778961) q[0];\nrx(1.564411997795105) q[0];\nrz(-0.32382771372795105) q[0];\nrz(2.1737334728240967) q[1];\nrx(2.8632168769836426) q[1];\nrz(-2.0636754035949707) q[1];\nrz(2.1529548168182373) q[2];\nrx(-0.41845059394836426) q[2];\nrz(-1.4711788892745972) q[2];\nx q[0];\nh q[1];\nh q[2];\nh q[2];\nh q[2];\nrz(2.625079393386841) q[0];\nrx(-0.13649192452430725) q[0];\nrz(-0.7622695565223694) q[0];\nrz(2.701281785964966) q[1];\nrx(-0.16165457665920258) q[1];\nrz(0.03644146770238876) q[1];\nrz(-0.3171575963497162) q[2];\nrx(-1.5620132684707642) q[2];\nrz(2.603137493133545) q[2];\nh q[2];\nh q[2];\nh q[2];\nh q[1];\nx q[0];\nrz(-2.821963310241699) q[0];\nrx(2.5355286598205566) q[0];\nrz(0.4803112745285034) q[0];\nrz(0.5773409605026245) q[1];\nrx(0.8631945252418518) q[1];\nrz(-0.3786128759384155) q[1];\nrz(-3.1322274208068848) q[2];\nrx(-2.3801684379577637) q[2];\nrz(1.1382771730422974) q[2];\nx q[1];\nx q[2];\nh q[0];\nx q[2];\nx q[2];\nrz(1.020201325416565) q[0];\nrx(0.9976363182067871) q[0];\nrz(0.6840775609016418) q[0];\nrz(-0.8716694116592407) q[1];\nrx(-1.0360627174377441) q[1];\nrz(-1.3214266300201416) q[1];\nrz(0.6620387434959412) q[2];\nrx(-0.45634132623672485) q[2];\nrz(2.762291669845581) q[2];"}