{"seed": 3736, "fidelity": 0.9846994280815125, "pqc_params": [[[-0.20670832693576813, -1.8743189573287964, -1.743930459022522], [-1.8708901405334473, 3.201873540878296, -1.2098113298416138], [-3.236470937728882, 0.5802448391914368, 1.537062406539917]], [[-2.547788619995117, 3.348686933517456, 1.4599406719207764], [-1.0918519496917725, 2.681208610534668, 0.5631621479988098], [-2.5092859268188477, 0.46973973512649536, -0.36021193861961365]], [[-0.38772445917129517, -1.0359876155853271, -1.524566650390625], [2.7166969776153564, -2.202246904373169, 0.7526373863220215], [-0.6867184638977051, -0.5625436305999756, 1.804847240447998]], [[-0.027885623276233673, -1.5317018032073975, 3.252392530441284], [1.046783685684204, -0.6440992951393127, 1.1990034580230713], [1.225417971611023, -2.9173316955566406, 1.7966183423995972]]], "base_circuit_tokens": [["x", [0], []], ["h", [1], []], ["cx", [2, 0], []], ["x", [0], []], ["h", [2], []], ["x", [1], []], ["h", [2], []], ["h", [1], []], ["h", [1], []], ["h", [0], []], ["h", [0], []], ["h", [1], []], ["h", [1], []], ["h", [2], []], ["x", [1], []], ["h", [2], []], ["x", [0], []], ["cx", [2, 0], []], ["h", [1], []], ["x", [0], []]], "pqc_circuit_tokens": [["x", [0], []], ["h", [1], []], ["cx", [2, 0], []], ["x", [0], []], ["h", [2], []], ["rz", [0], [-0.20670832693576813]], ["rx", [0], [-1.8743189573287964]], ["rz", [0], [-1.743930459022522]], ["rz", [1], [-1.8708901405334473]], ["rx", [1], [3.201873540878296]], ["rz", [1], [-1.2098113298416138]], ["rz", [2], [-3.236470937728882]], ["rx", [2], [0.5802448391914368]], ["rz", [2], [1.537062406539917]], ["x", [1], []], ["h", [2], []], ["h", [1], []], ["h", [1], []], ["h", [0], []], ["rz", [0], [-2.547788619995117]], ["rx", [0], [3.348686933517456]], ["rz", [0], [1.4599406719207764]], ["rz", [1], [-1.0918519496917725]], ["rx", [1], [2.681208610534668]], ["rz", [1], [0.5631621479988098]], ["rz", [2], [-2.5092859268188477]], ["rx", [2], [0.46973973512649536]], ["rz", [2], [-0.36021193861961365]], ["h", [0], []], ["h", [1], []], ["h", [1], []], ["h", [2], []], ["x", [1], []], ["rz", [0], [-0.38772445917129517]], ["rx", [0], [-1.0359876155853271]], ["rz", [0], [-1.524566650390625]], ["rz", [1], [2.7166969776153564]], ["rx", [1], [-2.202246904373169]], ["rz", [1], [0.7526373863220215]], ["rz", [2], [-0.6867184638977051]], ["rx", [2], [-0.5625436305999756]], ["rz", [2], [1.804847240447998]], ["h", [2], []], ["x", [0], []], ["cx", [2, 0], []], ["h", [1], []], ["x", [0], []], ["rz", [0], [-0.027885623276233673]], ["rx", [0], [-1.5317018032073975]], ["rz", [0], [3.252392530441284]], ["rz", [1], [1.046783685684204]], ["rx", [1], [-0.6440992951393127]], ["rz", [1], [1.1990034580230713]], ["rz", [2], [1.225417971611023]], ["rx", [2], [-2.9173316955566406]], ["rz", [2], [1.7966183423995972]]], "base_circuit_qasm": "OPENQASM 2.0;\ninclude \"qelib1.inc\";\nqreg q[3];\nx q[0];\nh q[1];\ncx q[2],q[0];\nx q[0];\nh q[2];\nx q[1];\nh q[2];\nh q[1];\nh q[1];\nh q[0];\nh q[0];\nh q[1];\nh q[1];\nh q[2];\nx q[1];\nh q[2];\nx q[0];\ncx q[2],q[0];\nh q[1];\nx q[0];", "pqc_circuit_qasm": "OPENQASM 2.0;\ninclude \"qelib1.inc\";\nqreg q[3];\nx q[0];\nh q[1];\ncx q[2],q[0];\nx q[0];\nh q[2];\nrz(-0.20670832693576813) q[0];\nrx(-1.8743189573287964) q[0];\nrz(-1.743930459022522) q[0];\nrz(-1.8708901405334473) q[1];\nrx(3.201873540878296) q[1];\nrz(-1.2098113298416138) q[1];\nrz(-3.236470937728882) q[2];\nrx(0.5802448391914368) q[2];\nrz(1.537062406539917) q[2];\nx q[1];\nh q[2];\nh q[1];\nh q[1];\nh q[0];\nrz(-2.547788619995117) q[0];\nrx(3.348686933517456) q[0];\nrz(1.4599406719207764) q[0];\nrz(-1.0918519496917725) q[1];\nrx(2.681208610534668) q[1];\nrz(0.5631621479988098) q[1];\nrz(-2.5092859268188477) q[2];\nrx(0.46973973512649536) q[2];\nrz(-0.36021193861961365) q[2];\nh q[0];\nh q[1];\nh q[1];\nh q[2];\nx q[1];\nrz(-0.38772445917129517) q[0];\nrx(-1.0359876155853271) q[0];\nrz(-1.524566650390625) q[0];\nrz(2.7166969776153564) q[1];\nrx(-2.202246904373169) q[1];\nrz(0.7526373863220215) q[1];\nrz(-0.6867184638977051) q[2];\nrx(-0.5625436305999756) q[2];\nrz(1.804847240447998) q[2];\nh q[2];\nx q[0];\ncx q[2],q[0];\nh q[1];\nx q[0];\nrz(-0.027885623276233673) q[0];\nrx(-1.5317018032073975) q[0];\nrz(3.252392530441284) q[0];\nrz(1.046783685684204) q[1];\nrx(-0.6440992951393127) q[1];\nrz(1.1990034580230713) q[1];\nrz(1.225417971611023) q[2];\nrx(-2.9173316955566406) q[2];\nrz(1.7966183423995972) q[2];"}