{"seed": 3741, "fidelity": 0.999894917011261, "pqc_params": [[[2.205129623413086, 0.2677212357521057, 1.2828755378723145], [-0.34008488059043884, 1.179756760597229, -0.42854341864585876], [-1.3274255990982056, -1.485095500946045, -1.0191034078598022]], [[-2.575859308242798, 0.1473691314458847, -1.3680338859558105], [3.328731060028076, 2.6943302154541016, 1.4721949100494385], [-0.10410357266664505, -1.8125272989273071, -0.0003459806612227112]], [[-0.7293998003005981, -1.9080849885940552, 0.7017820477485657], [-2.148214340209961, 1.8704273700714111, 2.2091853618621826], [0.36454954743385315, 2.6853420734405518, 0.764765739440918]], [[-2.35414981842041, 1.2429927587509155, -1.6824525594711304], [-2.480337142944336, -0.4574880599975586, -0.40714332461357117], [-0.5220962166786194, 0.6288896799087524, 1.160657286643982]]], "base_circuit_tokens": [["x", [2], []], ["h", [1], []], ["h", [0], []], ["x", [2], []], ["h", [2], []], ["x", [0], []], ["x", [2], []], ["x", [0], []], ["cx", [0, 2], []], ["x", [0], []], ["x", [0], []], ["cx", [0, 2], []], ["x", [0], []], ["x", [2], []], ["x", [0], []], ["h", [2], []], ["x", [2], []], ["h", [0], []], ["h", [1], []], ["x", [2], []]], "pqc_circuit_tokens": [["x", [2], []], ["h", [1], []], ["h", [0], []], ["x", [2], []], ["h", [2], []], ["rz", [0], [2.205129623413086]], ["rx", [0], [0.2677212357521057]], ["rz", [0], [1.2828755378723145]], ["rz", [1], [-0.34008488059043884]], ["rx", [1], [1.179756760597229]], ["rz", [1], [-0.42854341864585876]], ["rz", [2], [-1.3274255990982056]], ["rx", [2], [-1.485095500946045]], ["rz", [2], [-1.0191034078598022]], ["x", [0], []], ["x", [2], []], ["x", [0], []], ["cx", [0, 2], []], ["x", [0], []], ["rz", [0], [-2.575859308242798]], ["rx", [0], [0.1473691314458847]], ["rz", [0], [-1.3680338859558105]], ["rz", [1], [3.328731060028076]], ["rx", [1], [2.6943302154541016]], ["rz", [1], [1.4721949100494385]], ["rz", [2], [-0.10410357266664505]], ["rx", [2], [-1.8125272989273071]], ["rz", [2], [-0.0003459806612227112]], ["x", [0], []], ["cx", [0, 2], []], ["x", [0], []], ["x", [2], []], ["x", [0], []], ["rz", [0], [-0.7293998003005981]], ["rx", [0], [-1.9080849885940552]], ["rz", [0], [0.7017820477485657]], ["rz", [1], [-2.148214340209961]], ["rx", [1], [1.8704273700714111]], ["rz", [1], [2.2091853618621826]], ["rz", [2], [0.36454954743385315]], ["rx", [2], [2.6853420734405518]], ["rz", [2], [0.764765739440918]], ["h", [2], []], ["x", [2], []], ["h", [0], []], ["h", [1], []], ["x", [2], []], ["rz", [0], [-2.35414981842041]], ["rx", [0], [1.2429927587509155]], ["rz", [0], [-1.6824525594711304]], ["rz", [1], [-2.480337142944336]], ["rx", [1], [-0.4574880599975586]], ["rz", [1], [-0.40714332461357117]], ["rz", [2], [-0.5220962166786194]], ["rx", [2], [0.6288896799087524]], ["rz", [2], [1.160657286643982]]], "base_circuit_qasm": "OPENQASM 2.0;\ninclude \"qelib1.inc\";\nqreg q[3];\nx q[2];\nh q[1];\nh q[0];\nx q[2];\nh q[2];\nx q[0];\nx q[2];\nx q[0];\ncx q[0],q[2];\nx q[0];\nx q[0];\ncx q[0],q[2];\nx q[0];\nx q[2];\nx q[0];\nh q[2];\nx q[2];\nh q[0];\nh q[1];\nx q[2];", "pqc_circuit_qasm": "OPENQASM 2.0;\ninclude \"qelib1.inc\";\nqreg q[3];\nx q[2];\nh q[1];\nh q[0];\nx q[2];\nh q[2];\nrz(2.205129623413086) q[0];\nrx(0.2677212357521057) q[0];\nrz(1.2828755378723145) q[0];\nrz(-0.34008488059043884) q[1];\nrx(1.179756760597229) q[1];\nrz(-0.42854341864585876) q[1];\nrz(-1.3274255990982056) q[2];\nrx(-1.485095500946045) q[2];\nrz(-1.0191034078598022) q[2];\nx q[0];\nx q[2];\nx q[0];\ncx q[0],q[2];\nx q[0];\nrz(-2.575859308242798) q[0];\nrx(0.1473691314458847) q[0];\nrz(-1.3680338859558105) q[0];\nrz(3.328731060028076) q[1];\nrx(2.6943302154541016) q[1];\nrz(1.4721949100494385) q[1];\nrz(-0.10410357266664505) q[2];\nrx(-1.8125272989273071) q[2];\nrz(-0.0003459806612227112) q[2];\nx q[0];\ncx q[0],q[2];\nx q[0];\nx q[2];\nx q[0];\nrz(-0.7293998003005981) q[0];\nrx(-1.9080849885940552) q[0];\nrz(0.7017820477485657) q[0];\nrz(-2.148214340209961) q[1];\nrx(1.8704273700714111) q[1];\nrz(2.2091853618621826) q[1];\nrz(0.36454954743385315) q[2];\nrx(2.6853420734405518) q[2];\nrz(0.764765739440918) q[2];\nh q[2];\nx q[2];\nh q[0];\nh q[1];\nx q[2];\nrz(-2.35414981842041) q[0];\nrx(1.2429927587509155) q[0];\nrz(-1.6824525594711304) q[0];\nrz(-2.480337142944336) q[1];\nrx(-0.4574880599975586) q[1];\nrz(-0.40714332461357117) q[1];\nrz(-0.5220962166786194) q[2];\nrx(0.6288896799087524) q[2];\nrz(1.160657286643982) q[2];"}