{"seed": 3768, "fidelity": 0.9807433485984802, "pqc_params": [[[0.9925644397735596, -1.3027541637420654, -1.5659189224243164], [-2.7939746379852295, 1.4707149267196655, -0.7988741397857666], [-0.500755250453949, -2.928631544113159, 2.2458884716033936]], [[-3.9131991863250732, 0.030487526208162308, 0.8835870623588562], [1.8274919986724854, -3.106325626373291, 0.5909073948860168], [1.9341171979904175, 0.0483236126601696, 2.6402862071990967]], [[-2.204058885574341, 3.9411747455596924, -0.6230732202529907], [2.0972728729248047, 1.1812149286270142, -2.957033395767212], [-1.4112944602966309, 2.732048273086548, -1.0371959209442139]], [[2.865086078643799, 2.0852365493774414, 1.4241002798080444], [-0.7346793413162231, 2.904115915298462, -0.616983950138092], [3.1309070587158203, 1.4752815961837769, 0.1164587214589119]]], "base_circuit_tokens": [["x", [0], []], ["h", [1], []], ["x", [2], []], ["cx", [1, 2], []], ["h", [1], []], ["h", [1], []], ["cx", [1, 0], []], ["h", [2], []], ["cx", [2, 0], []], ["x", [0], []], ["x", [0], []], ["cx", [2, 0], []], ["h", [2], []], ["cx", [1, 0], []], ["h", [1], []], ["h", [1], []], ["cx", [1, 2], []], ["x", [2], []], ["h", [1], []], ["x", [0], []]], "pqc_circuit_tokens": [["x", [0], []], ["h", [1], []], ["x", [2], []], ["cx", [1, 2], []], ["h", [1], []], ["rz", [0], [0.9925644397735596]], ["rx", [0], [-1.3027541637420654]], ["rz", [0], [-1.5659189224243164]], ["rz", [1], [-2.7939746379852295]], ["rx", [1], [1.4707149267196655]], ["rz", [1], [-0.7988741397857666]], ["rz", [2], [-0.500755250453949]], ["rx", [2], [-2.928631544113159]], ["rz", [2], [2.2458884716033936]], ["h", [1], []], ["cx", [1, 0], []], ["h", [2], []], ["cx", [2, 0], []], ["x", [0], []], ["rz", [0], [-3.9131991863250732]], ["rx", [0], [0.030487526208162308]], ["rz", [0], [0.8835870623588562]], ["rz", [1], [1.8274919986724854]], ["rx", [1], [-3.106325626373291]], ["rz", [1], [0.5909073948860168]], ["rz", [2], [1.9341171979904175]], ["rx", [2], [0.0483236126601696]], ["rz", [2], [2.6402862071990967]], ["x", [0], []], ["cx", [2, 0], []], ["h", [2], []], ["cx", [1, 0], []], ["h", [1], []], ["rz", [0], [-2.204058885574341]], ["rx", [0], [3.9411747455596924]], ["rz", [0], [-0.6230732202529907]], ["rz", [1], [2.0972728729248047]], ["rx", [1], [1.1812149286270142]], ["rz", [1], [-2.957033395767212]], ["rz", [2], [-1.4112944602966309]], ["rx", [2], [2.732048273086548]], ["rz", [2], [-1.0371959209442139]], ["h", [1], []], ["cx", [1, 2], []], ["x", [2], []], ["h", [1], []], ["x", [0], []], ["rz", [0], [2.865086078643799]], ["rx", [0], [2.0852365493774414]], ["rz", [0], [1.4241002798080444]], ["rz", [1], [-0.7346793413162231]], ["rx", [1], [2.904115915298462]], ["rz", [1], [-0.616983950138092]], ["rz", [2], [3.1309070587158203]], ["rx", [2], [1.4752815961837769]], ["rz", [2], [0.1164587214589119]]], "base_circuit_qasm": "OPENQASM 2.0;\ninclude \"qelib1.inc\";\nqreg q[3];\nx q[0];\nh q[1];\nx q[2];\ncx q[1],q[2];\nh q[1];\nh q[1];\ncx q[1],q[0];\nh q[2];\ncx q[2],q[0];\nx q[0];\nx q[0];\ncx q[2],q[0];\nh q[2];\ncx q[1],q[0];\nh q[1];\nh q[1];\ncx q[1],q[2];\nx q[2];\nh q[1];\nx q[0];", "pqc_circuit_qasm": "OPENQASM 2.0;\ninclude \"qelib1.inc\";\nqreg q[3];\nx q[0];\nh q[1];\nx q[2];\ncx q[1],q[2];\nh q[1];\nrz(0.9925644397735596) q[0];\nrx(-1.3027541637420654) q[0];\nrz(-1.5659189224243164) q[0];\nrz(-2.7939746379852295) q[1];\nrx(1.4707149267196655) q[1];\nrz(-0.7988741397857666) q[1];\nrz(-0.500755250453949) q[2];\nrx(-2.928631544113159) q[2];\nrz(2.2458884716033936) q[2];\nh q[1];\ncx q[1],q[0];\nh q[2];\ncx q[2],q[0];\nx q[0];\nrz(-3.9131991863250732) q[0];\nrx(0.030487526208162308) q[0];\nrz(0.8835870623588562) q[0];\nrz(1.8274919986724854) q[1];\nrx(-3.106325626373291) q[1];\nrz(0.5909073948860168) q[1];\nrz(1.9341171979904175) q[2];\nrx(0.0483236126601696) q[2];\nrz(2.6402862071990967) q[2];\nx q[0];\ncx q[2],q[0];\nh q[2];\ncx q[1],q[0];\nh q[1];\nrz(-2.204058885574341) q[0];\nrx(3.9411747455596924) q[0];\nrz(-0.6230732202529907) q[0];\nrz(2.0972728729248047) q[1];\nrx(1.1812149286270142) q[1];\nrz(-2.957033395767212) q[1];\nrz(-1.4112944602966309) q[2];\nrx(2.732048273086548) q[2];\nrz(-1.0371959209442139) q[2];\nh q[1];\ncx q[1],q[2];\nx q[2];\nh q[1];\nx q[0];\nrz(2.865086078643799) q[0];\nrx(2.0852365493774414) q[0];\nrz(1.4241002798080444) q[0];\nrz(-0.7346793413162231) q[1];\nrx(2.904115915298462) q[1];\nrz(-0.616983950138092) q[1];\nrz(3.1309070587158203) q[2];\nrx(1.4752815961837769) q[2];\nrz(0.1164587214589119) q[2];"}