{"seed": 3771, "fidelity": 0.9997648596763611, "pqc_params": [[[1.3617501258850098, 3.281982183456421, 2.11940598487854], [-2.9692940711975098, -1.4136306047439575, 1.793785810470581], [-1.927135705947876, 2.128338098526001, 1.6827589273452759]], [[1.3288596868515015, 1.926408290863037, -0.14825986325740814], [2.5753414630889893, 2.5843398571014404, -2.642909049987793], [-1.9943020343780518, -1.764103889465332, -1.7342990636825562]], [[1.000553846359253, 1.3591828346252441, -0.6981443762779236], [1.0095254182815552, -1.984847903251648, -2.9920589923858643], [2.2014808654785156, 2.671802043914795, -0.3158576190471649]], [[-4.0153093338012695, -0.02015111967921257, 0.7697132229804993], [2.9671273231506348, -0.2604351341724396, -2.5473177433013916], [0.06672043353319168, 3.037144899368286, -2.283017635345459]]], "base_circuit_tokens": [["x", [1], []], ["h", [1], []], ["cx", [2, 0], []], ["x", [2], []], ["x", [2], []], ["h", [1], []], ["h", [2], []], ["h", [2], []], ["h", [0], []], ["h", [1], []], ["h", [1], []], ["h", [0], []], ["h", [2], []], ["h", [2], []], ["h", [1], []], ["x", [2], []], ["x", [2], []], ["cx", [2, 0], []], ["h", [1], []], ["x", [1], []]], "pqc_circuit_tokens": [["x", [1], []], ["h", [1], []], ["cx", [2, 0], []], ["x", [2], []], ["x", [2], []], ["rz", [0], [1.3617501258850098]], ["rx", [0], [3.281982183456421]], ["rz", [0], [2.11940598487854]], ["rz", [1], [-2.9692940711975098]], ["rx", [1], [-1.4136306047439575]], ["rz", [1], [1.793785810470581]], ["rz", [2], [-1.927135705947876]], ["rx", [2], [2.128338098526001]], ["rz", [2], [1.6827589273452759]], ["h", [1], []], ["h", [2], []], ["h", [2], []], ["h", [0], []], ["h", [1], []], ["rz", [0], [1.3288596868515015]], ["rx", [0], [1.926408290863037]], ["rz", [0], [-0.14825986325740814]], ["rz", [1], [2.5753414630889893]], ["rx", [1], [2.5843398571014404]], ["rz", [1], [-2.642909049987793]], ["rz", [2], [-1.9943020343780518]], ["rx", [2], [-1.764103889465332]], ["rz", [2], [-1.7342990636825562]], ["h", [1], []], ["h", [0], []], ["h", [2], []], ["h", [2], []], ["h", [1], []], ["rz", [0], [1.000553846359253]], ["rx", [0], [1.3591828346252441]], ["rz", [0], [-0.6981443762779236]], ["rz", [1], [1.0095254182815552]], ["rx", [1], [-1.984847903251648]], ["rz", [1], [-2.9920589923858643]], ["rz", [2], [2.2014808654785156]], ["rx", [2], [2.671802043914795]], ["rz", [2], [-0.3158576190471649]], ["x", [2], []], ["x", [2], []], ["cx", [2, 0], []], ["h", [1], []], ["x", [1], []], ["rz", [0], [-4.0153093338012695]], ["rx", [0], [-0.02015111967921257]], ["rz", [0], [0.7697132229804993]], ["rz", [1], [2.9671273231506348]], ["rx", [1], [-0.2604351341724396]], ["rz", [1], [-2.5473177433013916]], ["rz", [2], [0.06672043353319168]], ["rx", [2], [3.037144899368286]], ["rz", [2], [-2.283017635345459]]], "base_circuit_qasm": "OPENQASM 2.0;\ninclude \"qelib1.inc\";\nqreg q[3];\nx q[1];\nh q[1];\ncx q[2],q[0];\nx q[2];\nx q[2];\nh q[1];\nh q[2];\nh q[2];\nh q[0];\nh q[1];\nh q[1];\nh q[0];\nh q[2];\nh q[2];\nh q[1];\nx q[2];\nx q[2];\ncx q[2],q[0];\nh q[1];\nx q[1];", "pqc_circuit_qasm": "OPENQASM 2.0;\ninclude \"qelib1.inc\";\nqreg q[3];\nx q[1];\nh q[1];\ncx q[2],q[0];\nx q[2];\nx q[2];\nrz(1.3617501258850098) q[0];\nrx(3.281982183456421) q[0];\nrz(2.11940598487854) q[0];\nrz(-2.9692940711975098) q[1];\nrx(-1.4136306047439575) q[1];\nrz(1.793785810470581) q[1];\nrz(-1.927135705947876) q[2];\nrx(2.128338098526001) q[2];\nrz(1.6827589273452759) q[2];\nh q[1];\nh q[2];\nh q[2];\nh q[0];\nh q[1];\nrz(1.3288596868515015) q[0];\nrx(1.926408290863037) q[0];\nrz(-0.14825986325740814) q[0];\nrz(2.5753414630889893) q[1];\nrx(2.5843398571014404) q[1];\nrz(-2.642909049987793) q[1];\nrz(-1.9943020343780518) q[2];\nrx(-1.764103889465332) q[2];\nrz(-1.7342990636825562) q[2];\nh q[1];\nh q[0];\nh q[2];\nh q[2];\nh q[1];\nrz(1.000553846359253) q[0];\nrx(1.3591828346252441) q[0];\nrz(-0.6981443762779236) q[0];\nrz(1.0095254182815552) q[1];\nrx(-1.984847903251648) q[1];\nrz(-2.9920589923858643) q[1];\nrz(2.2014808654785156) q[2];\nrx(2.671802043914795) q[2];\nrz(-0.3158576190471649) q[2];\nx q[2];\nx q[2];\ncx q[2],q[0];\nh q[1];\nx q[1];\nrz(-4.0153093338012695) q[0];\nrx(-0.02015111967921257) q[0];\nrz(0.7697132229804993) q[0];\nrz(2.9671273231506348) q[1];\nrx(-0.2604351341724396) q[1];\nrz(-2.5473177433013916) q[1];\nrz(0.06672043353319168) q[2];\nrx(3.037144899368286) q[2];\nrz(-2.283017635345459) q[2];"}