{"seed": 3785, "fidelity": 0.9909188151359558, "pqc_params": [[[-2.4819343090057373, -1.161983609199524, -2.8386785984039307], [-1.5111809968948364, -2.766056537628174, -0.5771068930625916], [-0.7981188893318176, -0.961485743522644, 1.4933769702911377]], [[1.596921443939209, 0.005811179056763649, -1.6952036619186401], [2.3657257556915283, 1.0507177114486694, -2.005244731903076], [-1.4371216297149658, -3.0551211833953857, 1.5700503587722778]], [[-0.8464673161506653, 1.1739349365234375, -0.523086428642273], [2.5763111114501953, 1.130021095275879, -1.120652675628662], [0.016987789422273636, -1.4241678714752197, 3.3255317211151123]], [[2.4697139263153076, 0.6668000221252441, -3.559279680252075], [-0.8424802422523499, 3.063565731048584, 1.316652536392212], [-1.146060585975647, 1.6898157596588135, -0.9921655654907227]]], "base_circuit_tokens": [["h", [0], []], ["h", [0], []], ["h", [0], []], ["cx", [1, 0], []], ["h", [0], []], ["h", [0], []], ["h", [1], []], ["x", [1], []], ["cx", [2, 0], []], ["x", [1], []], ["x", [1], []], ["cx", [2, 0], []], ["x", [1], []], ["h", [1], []], ["h", [0], []], ["h", [0], []], ["cx", [1, 0], []], ["h", [0], []], ["h", [0], []], ["h", [0], []]], "pqc_circuit_tokens": [["h", [0], []], ["h", [0], []], ["h", [0], []], ["cx", [1, 0], []], ["h", [0], []], ["rz", [0], [-2.4819343090057373]], ["rx", [0], [-1.161983609199524]], ["rz", [0], [-2.8386785984039307]], ["rz", [1], [-1.5111809968948364]], ["rx", [1], [-2.766056537628174]], ["rz", [1], [-0.5771068930625916]], ["rz", [2], [-0.7981188893318176]], ["rx", [2], [-0.961485743522644]], ["rz", [2], [1.4933769702911377]], ["h", [0], []], ["h", [1], []], ["x", [1], []], ["cx", [2, 0], []], ["x", [1], []], ["rz", [0], [1.596921443939209]], ["rx", [0], [0.005811179056763649]], ["rz", [0], [-1.6952036619186401]], ["rz", [1], [2.3657257556915283]], ["rx", [1], [1.0507177114486694]], ["rz", [1], [-2.005244731903076]], ["rz", [2], [-1.4371216297149658]], ["rx", [2], [-3.0551211833953857]], ["rz", [2], [1.5700503587722778]], ["x", [1], []], ["cx", [2, 0], []], ["x", [1], []], ["h", [1], []], ["h", [0], []], ["rz", [0], [-0.8464673161506653]], ["rx", [0], [1.1739349365234375]], ["rz", [0], [-0.523086428642273]], ["rz", [1], [2.5763111114501953]], ["rx", [1], [1.130021095275879]], ["rz", [1], [-1.120652675628662]], ["rz", [2], [0.016987789422273636]], ["rx", [2], [-1.4241678714752197]], ["rz", [2], [3.3255317211151123]], ["h", [0], []], ["cx", [1, 0], []], ["h", [0], []], ["h", [0], []], ["h", [0], []], ["rz", [0], [2.4697139263153076]], ["rx", [0], [0.6668000221252441]], ["rz", [0], [-3.559279680252075]], ["rz", [1], [-0.8424802422523499]], ["rx", [1], [3.063565731048584]], ["rz", [1], [1.316652536392212]], ["rz", [2], [-1.146060585975647]], ["rx", [2], [1.6898157596588135]], ["rz", [2], [-0.9921655654907227]]], "base_circuit_qasm": "OPENQASM 2.0;\ninclude \"qelib1.inc\";\nqreg q[3];\nh q[0];\nh q[0];\nh q[0];\ncx q[1],q[0];\nh q[0];\nh q[0];\nh q[1];\nx q[1];\ncx q[2],q[0];\nx q[1];\nx q[1];\ncx q[2],q[0];\nx q[1];\nh q[1];\nh q[0];\nh q[0];\ncx q[1],q[0];\nh q[0];\nh q[0];\nh q[0];", "pqc_circuit_qasm": "OPENQASM 2.0;\ninclude \"qelib1.inc\";\nqreg q[3];\nh q[0];\nh q[0];\nh q[0];\ncx q[1],q[0];\nh q[0];\nrz(-2.4819343090057373) q[0];\nrx(-1.161983609199524) q[0];\nrz(-2.8386785984039307) q[0];\nrz(-1.5111809968948364) q[1];\nrx(-2.766056537628174) q[1];\nrz(-0.5771068930625916) q[1];\nrz(-0.7981188893318176) q[2];\nrx(-0.961485743522644) q[2];\nrz(1.4933769702911377) q[2];\nh q[0];\nh q[1];\nx q[1];\ncx q[2],q[0];\nx q[1];\nrz(1.596921443939209) q[0];\nrx(0.005811179056763649) q[0];\nrz(-1.6952036619186401) q[0];\nrz(2.3657257556915283) q[1];\nrx(1.0507177114486694) q[1];\nrz(-2.005244731903076) q[1];\nrz(-1.4371216297149658) q[2];\nrx(-3.0551211833953857) q[2];\nrz(1.5700503587722778) q[2];\nx q[1];\ncx q[2],q[0];\nx q[1];\nh q[1];\nh q[0];\nrz(-0.8464673161506653) q[0];\nrx(1.1739349365234375) q[0];\nrz(-0.523086428642273) q[0];\nrz(2.5763111114501953) q[1];\nrx(1.130021095275879) q[1];\nrz(-1.120652675628662) q[1];\nrz(0.016987789422273636) q[2];\nrx(-1.4241678714752197) q[2];\nrz(3.3255317211151123) q[2];\nh q[0];\ncx q[1],q[0];\nh q[0];\nh q[0];\nh q[0];\nrz(2.4697139263153076) q[0];\nrx(0.6668000221252441) q[0];\nrz(-3.559279680252075) q[0];\nrz(-0.8424802422523499) q[1];\nrx(3.063565731048584) q[1];\nrz(1.316652536392212) q[1];\nrz(-1.146060585975647) q[2];\nrx(1.6898157596588135) q[2];\nrz(-0.9921655654907227) q[2];"}