{"seed": 3792, "fidelity": 0.9870761036872864, "pqc_params": [[[-1.6746591329574585, -2.2439463138580322, -1.5139425992965698], [-3.778334379196167, -2.435481071472168, 0.5231397747993469], [-2.89846134185791, -2.0912442207336426, 0.9374608397483826]], [[0.48997560143470764, 0.343176931142807, -0.8291726112365723], [2.966356039047241, 0.31005653738975525, 2.8492705821990967], [-1.0504990816116333, 1.340958595275879, -3.7210991382598877]], [[-3.101750135421753, -0.8449755311012268, -1.9748319387435913], [-2.134913682937622, -2.5773448944091797, 2.3490874767303467], [0.5697214007377625, -2.433020830154419, 1.737257719039917]], [[-0.33889520168304443, 1.2036893367767334, -0.09042350947856903], [2.970982074737549, -0.7145020365715027, -3.0897059440612793], [3.517369270324707, 2.041395902633667, -1.4738353490829468]]], "base_circuit_tokens": [["h", [1], []], ["h", [2], []], ["h", [2], []], ["h", [2], []], ["h", [1], []], ["cx", [1, 0], []], ["x", [0], []], ["h", [0], []], ["h", [0], []], ["x", [1], []], ["x", [1], []], ["h", [0], []], ["h", [0], []], ["x", [0], []], ["cx", [1, 0], []], ["h", [1], []], ["h", [2], []], ["h", [2], []], ["h", [2], []], ["h", [1], []]], "pqc_circuit_tokens": [["h", [1], []], ["h", [2], []], ["h", [2], []], ["h", [2], []], ["h", [1], []], ["rz", [0], [-1.6746591329574585]], ["rx", [0], [-2.2439463138580322]], ["rz", [0], [-1.5139425992965698]], ["rz", [1], [-3.778334379196167]], ["rx", [1], [-2.435481071472168]], ["rz", [1], [0.5231397747993469]], ["rz", [2], [-2.89846134185791]], ["rx", [2], [-2.0912442207336426]], ["rz", [2], [0.9374608397483826]], ["cx", [1, 0], []], ["x", [0], []], ["h", [0], []], ["h", [0], []], ["x", [1], []], ["rz", [0], [0.48997560143470764]], ["rx", [0], [0.343176931142807]], ["rz", [0], [-0.8291726112365723]], ["rz", [1], [2.966356039047241]], ["rx", [1], [0.31005653738975525]], ["rz", [1], [2.8492705821990967]], ["rz", [2], [-1.0504990816116333]], ["rx", [2], [1.340958595275879]], ["rz", [2], [-3.7210991382598877]], ["x", [1], []], ["h", [0], []], ["h", [0], []], ["x", [0], []], ["cx", [1, 0], []], ["rz", [0], [-3.101750135421753]], ["rx", [0], [-0.8449755311012268]], ["rz", [0], [-1.9748319387435913]], ["rz", [1], [-2.134913682937622]], ["rx", [1], [-2.5773448944091797]], ["rz", [1], [2.3490874767303467]], ["rz", [2], [0.5697214007377625]], ["rx", [2], [-2.433020830154419]], ["rz", [2], [1.737257719039917]], ["h", [1], []], ["h", [2], []], ["h", [2], []], ["h", [2], []], ["h", [1], []], ["rz", [0], [-0.33889520168304443]], ["rx", [0], [1.2036893367767334]], ["rz", [0], [-0.09042350947856903]], ["rz", [1], [2.970982074737549]], ["rx", [1], [-0.7145020365715027]], ["rz", [1], [-3.0897059440612793]], ["rz", [2], [3.517369270324707]], ["rx", [2], [2.041395902633667]], ["rz", [2], [-1.4738353490829468]]], "base_circuit_qasm": "OPENQASM 2.0;\ninclude \"qelib1.inc\";\nqreg q[3];\nh q[1];\nh q[2];\nh q[2];\nh q[2];\nh q[1];\ncx q[1],q[0];\nx q[0];\nh q[0];\nh q[0];\nx q[1];\nx q[1];\nh q[0];\nh q[0];\nx q[0];\ncx q[1],q[0];\nh q[1];\nh q[2];\nh q[2];\nh q[2];\nh q[1];", "pqc_circuit_qasm": "OPENQASM 2.0;\ninclude \"qelib1.inc\";\nqreg q[3];\nh q[1];\nh q[2];\nh q[2];\nh q[2];\nh q[1];\nrz(-1.6746591329574585) q[0];\nrx(-2.2439463138580322) q[0];\nrz(-1.5139425992965698) q[0];\nrz(-3.778334379196167) q[1];\nrx(-2.435481071472168) q[1];\nrz(0.5231397747993469) q[1];\nrz(-2.89846134185791) q[2];\nrx(-2.0912442207336426) q[2];\nrz(0.9374608397483826) q[2];\ncx q[1],q[0];\nx q[0];\nh q[0];\nh q[0];\nx q[1];\nrz(0.48997560143470764) q[0];\nrx(0.343176931142807) q[0];\nrz(-0.8291726112365723) q[0];\nrz(2.966356039047241) q[1];\nrx(0.31005653738975525) q[1];\nrz(2.8492705821990967) q[1];\nrz(-1.0504990816116333) q[2];\nrx(1.340958595275879) q[2];\nrz(-3.7210991382598877) q[2];\nx q[1];\nh q[0];\nh q[0];\nx q[0];\ncx q[1],q[0];\nrz(-3.101750135421753) q[0];\nrx(-0.8449755311012268) q[0];\nrz(-1.9748319387435913) q[0];\nrz(-2.134913682937622) q[1];\nrx(-2.5773448944091797) q[1];\nrz(2.3490874767303467) q[1];\nrz(0.5697214007377625) q[2];\nrx(-2.433020830154419) q[2];\nrz(1.737257719039917) q[2];\nh q[1];\nh q[2];\nh q[2];\nh q[2];\nh q[1];\nrz(-0.33889520168304443) q[0];\nrx(1.2036893367767334) q[0];\nrz(-0.09042350947856903) q[0];\nrz(2.970982074737549) q[1];\nrx(-0.7145020365715027) q[1];\nrz(-3.0897059440612793) q[1];\nrz(3.517369270324707) q[2];\nrx(2.041395902633667) q[2];\nrz(-1.4738353490829468) q[2];"}