{"seed": 3800, "fidelity": 0.9763026237487793, "pqc_params": [[[1.697214126586914, 2.353606700897217, -0.28253695368766785], [-0.8124585151672363, -2.8507983684539795, -2.174311876296997], [-1.7196736335754395, 0.3261933922767639, 3.0382916927337646]], [[2.72267484664917, 0.11270743608474731, -2.8462743759155273], [-0.8060219883918762, -0.08206909149885178, 0.31969091296195984], [-0.7178301811218262, -0.3810361921787262, 0.6215682029724121]], [[3.1913962364196777, 2.4116158485412598, 0.926179826259613], [0.8628699779510498, -0.4322274923324585, -2.8078370094299316], [-0.7962646484375, 0.034584611654281616, 0.7582406997680664]], [[2.0255379676818848, 3.111703872680664, 2.1331324577331543], [2.4792397022247314, 3.245455741882324, -0.5587561130523682], [0.49221664667129517, -0.09737498313188553, 0.43692269921302795]]], "base_circuit_tokens": [["h", [0], []], ["cx", [2, 1], []], ["h", [1], []], ["cx", [0, 1], []], ["h", [1], []], ["x", [1], []], ["h", [2], []], ["cx", [1, 2], []], ["x", [2], []], ["cx", [2, 0], []], ["cx", [2, 0], []], ["x", [2], []], ["cx", [1, 2], []], ["h", [2], []], ["x", [1], []], ["h", [1], []], ["cx", [0, 1], []], ["h", [1], []], ["cx", [2, 1], []], ["h", [0], []]], "pqc_circuit_tokens": [["h", [0], []], ["cx", [2, 1], []], ["h", [1], []], ["cx", [0, 1], []], ["h", [1], []], ["rz", [0], [1.697214126586914]], ["rx", [0], [2.353606700897217]], ["rz", [0], [-0.28253695368766785]], ["rz", [1], [-0.8124585151672363]], ["rx", [1], [-2.8507983684539795]], ["rz", [1], [-2.174311876296997]], ["rz", [2], [-1.7196736335754395]], ["rx", [2], [0.3261933922767639]], ["rz", [2], [3.0382916927337646]], ["x", [1], []], ["h", [2], []], ["cx", [1, 2], []], ["x", [2], []], ["cx", [2, 0], []], ["rz", [0], [2.72267484664917]], ["rx", [0], [0.11270743608474731]], ["rz", [0], [-2.8462743759155273]], ["rz", [1], [-0.8060219883918762]], ["rx", [1], [-0.08206909149885178]], ["rz", [1], [0.31969091296195984]], ["rz", [2], [-0.7178301811218262]], ["rx", [2], [-0.3810361921787262]], ["rz", [2], [0.6215682029724121]], ["cx", [2, 0], []], ["x", [2], []], ["cx", [1, 2], []], ["h", [2], []], ["x", [1], []], ["rz", [0], [3.1913962364196777]], ["rx", [0], [2.4116158485412598]], ["rz", [0], [0.926179826259613]], ["rz", [1], [0.8628699779510498]], ["rx", [1], [-0.4322274923324585]], ["rz", [1], [-2.8078370094299316]], ["rz", [2], [-0.7962646484375]], ["rx", [2], [0.034584611654281616]], ["rz", [2], [0.7582406997680664]], ["h", [1], []], ["cx", [0, 1], []], ["h", [1], []], ["cx", [2, 1], []], ["h", [0], []], ["rz", [0], [2.0255379676818848]], ["rx", [0], [3.111703872680664]], ["rz", [0], [2.1331324577331543]], ["rz", [1], [2.4792397022247314]], ["rx", [1], [3.245455741882324]], ["rz", [1], [-0.5587561130523682]], ["rz", [2], [0.49221664667129517]], ["rx", [2], [-0.09737498313188553]], ["rz", [2], [0.43692269921302795]]], "base_circuit_qasm": "OPENQASM 2.0;\ninclude \"qelib1.inc\";\nqreg q[3];\nh q[0];\ncx q[2],q[1];\nh q[1];\ncx q[0],q[1];\nh q[1];\nx q[1];\nh q[2];\ncx q[1],q[2];\nx q[2];\ncx q[2],q[0];\ncx q[2],q[0];\nx q[2];\ncx q[1],q[2];\nh q[2];\nx q[1];\nh q[1];\ncx q[0],q[1];\nh q[1];\ncx q[2],q[1];\nh q[0];", "pqc_circuit_qasm": "OPENQASM 2.0;\ninclude \"qelib1.inc\";\nqreg q[3];\nh q[0];\ncx q[2],q[1];\nh q[1];\ncx q[0],q[1];\nh q[1];\nrz(1.697214126586914) q[0];\nrx(2.353606700897217) q[0];\nrz(-0.28253695368766785) q[0];\nrz(-0.8124585151672363) q[1];\nrx(-2.8507983684539795) q[1];\nrz(-2.174311876296997) q[1];\nrz(-1.7196736335754395) q[2];\nrx(0.3261933922767639) q[2];\nrz(3.0382916927337646) q[2];\nx q[1];\nh q[2];\ncx q[1],q[2];\nx q[2];\ncx q[2],q[0];\nrz(2.72267484664917) q[0];\nrx(0.11270743608474731) q[0];\nrz(-2.8462743759155273) q[0];\nrz(-0.8060219883918762) q[1];\nrx(-0.08206909149885178) q[1];\nrz(0.31969091296195984) q[1];\nrz(-0.7178301811218262) q[2];\nrx(-0.3810361921787262) q[2];\nrz(0.6215682029724121) q[2];\ncx q[2],q[0];\nx q[2];\ncx q[1],q[2];\nh q[2];\nx q[1];\nrz(3.1913962364196777) q[0];\nrx(2.4116158485412598) q[0];\nrz(0.926179826259613) q[0];\nrz(0.8628699779510498) q[1];\nrx(-0.4322274923324585) q[1];\nrz(-2.8078370094299316) q[1];\nrz(-0.7962646484375) q[2];\nrx(0.034584611654281616) q[2];\nrz(0.7582406997680664) q[2];\nh q[1];\ncx q[0],q[1];\nh q[1];\ncx q[2],q[1];\nh q[0];\nrz(2.0255379676818848) q[0];\nrx(3.111703872680664) q[0];\nrz(2.1331324577331543) q[0];\nrz(2.4792397022247314) q[1];\nrx(3.245455741882324) q[1];\nrz(-0.5587561130523682) q[1];\nrz(0.49221664667129517) q[2];\nrx(-0.09737498313188553) q[2];\nrz(0.43692269921302795) q[2];"}