{"seed": 3818, "fidelity": 0.9577158093452454, "pqc_params": [[[-1.639461636543274, 2.7370669841766357, 0.6698884963989258], [2.6606314182281494, 1.4993677139282227, -0.9176499843597412], [-1.6694539785385132, 0.10126212984323502, 0.4843168556690216]], [[0.47310757637023926, -2.5308101177215576, 0.6334596276283264], [1.402333378791809, -2.86185359954834, 1.493132472038269], [1.711118221282959, 2.7186267375946045, -1.2336500883102417]], [[-2.2939577102661133, 0.4717511832714081, 1.1696277856826782], [-2.047905445098877, 0.8987314701080322, 1.8200221061706543], [-1.5347342491149902, -0.42616164684295654, -1.8573436737060547]], [[-3.2355053424835205, -2.9460811614990234, 2.5446102619171143], [1.030327558517456, 2.307969331741333, 0.1763681322336197], [0.3053879737854004, -1.0700421333312988, 1.857839584350586]]], "base_circuit_tokens": [["h", [2], []], ["x", [2], []], ["x", [0], []], ["x", [2], []], ["h", [0], []], ["h", [2], []], ["cx", [1, 0], []], ["x", [1], []], ["h", [1], []], ["x", [0], []], ["x", [0], []], ["h", [1], []], ["x", [1], []], ["cx", [1, 0], []], ["h", [2], []], ["h", [0], []], ["x", [2], []], ["x", [0], []], ["x", [2], []], ["h", [2], []]], "pqc_circuit_tokens": [["h", [2], []], ["x", [2], []], ["x", [0], []], ["x", [2], []], ["h", [0], []], ["rz", [0], [-1.639461636543274]], ["rx", [0], [2.7370669841766357]], ["rz", [0], [0.6698884963989258]], ["rz", [1], [2.6606314182281494]], ["rx", [1], [1.4993677139282227]], ["rz", [1], [-0.9176499843597412]], ["rz", [2], [-1.6694539785385132]], ["rx", [2], [0.10126212984323502]], ["rz", [2], [0.4843168556690216]], ["h", [2], []], ["cx", [1, 0], []], ["x", [1], []], ["h", [1], []], ["x", [0], []], ["rz", [0], [0.47310757637023926]], ["rx", [0], [-2.5308101177215576]], ["rz", [0], [0.6334596276283264]], ["rz", [1], [1.402333378791809]], ["rx", [1], [-2.86185359954834]], ["rz", [1], [1.493132472038269]], ["rz", [2], [1.711118221282959]], ["rx", [2], [2.7186267375946045]], ["rz", [2], [-1.2336500883102417]], ["x", [0], []], ["h", [1], []], ["x", [1], []], ["cx", [1, 0], []], ["h", [2], []], ["rz", [0], [-2.2939577102661133]], ["rx", [0], [0.4717511832714081]], ["rz", [0], [1.1696277856826782]], ["rz", [1], [-2.047905445098877]], ["rx", [1], [0.8987314701080322]], ["rz", [1], [1.8200221061706543]], ["rz", [2], [-1.5347342491149902]], ["rx", [2], [-0.42616164684295654]], ["rz", [2], [-1.8573436737060547]], ["h", [0], []], ["x", [2], []], ["x", [0], []], ["x", [2], []], ["h", [2], []], ["rz", [0], [-3.2355053424835205]], ["rx", [0], [-2.9460811614990234]], ["rz", [0], [2.5446102619171143]], ["rz", [1], [1.030327558517456]], ["rx", [1], [2.307969331741333]], ["rz", [1], [0.1763681322336197]], ["rz", [2], [0.3053879737854004]], ["rx", [2], [-1.0700421333312988]], ["rz", [2], [1.857839584350586]]], "base_circuit_qasm": "OPENQASM 2.0;\ninclude \"qelib1.inc\";\nqreg q[3];\nh q[2];\nx q[2];\nx q[0];\nx q[2];\nh q[0];\nh q[2];\ncx q[1],q[0];\nx q[1];\nh q[1];\nx q[0];\nx q[0];\nh q[1];\nx q[1];\ncx q[1],q[0];\nh q[2];\nh q[0];\nx q[2];\nx q[0];\nx q[2];\nh q[2];", "pqc_circuit_qasm": "OPENQASM 2.0;\ninclude \"qelib1.inc\";\nqreg q[3];\nh q[2];\nx q[2];\nx q[0];\nx q[2];\nh q[0];\nrz(-1.639461636543274) q[0];\nrx(2.7370669841766357) q[0];\nrz(0.6698884963989258) q[0];\nrz(2.6606314182281494) q[1];\nrx(1.4993677139282227) q[1];\nrz(-0.9176499843597412) q[1];\nrz(-1.6694539785385132) q[2];\nrx(0.10126212984323502) q[2];\nrz(0.4843168556690216) q[2];\nh q[2];\ncx q[1],q[0];\nx q[1];\nh q[1];\nx q[0];\nrz(0.47310757637023926) q[0];\nrx(-2.5308101177215576) q[0];\nrz(0.6334596276283264) q[0];\nrz(1.402333378791809) q[1];\nrx(-2.86185359954834) q[1];\nrz(1.493132472038269) q[1];\nrz(1.711118221282959) q[2];\nrx(2.7186267375946045) q[2];\nrz(-1.2336500883102417) q[2];\nx q[0];\nh q[1];\nx q[1];\ncx q[1],q[0];\nh q[2];\nrz(-2.2939577102661133) q[0];\nrx(0.4717511832714081) q[0];\nrz(1.1696277856826782) q[0];\nrz(-2.047905445098877) q[1];\nrx(0.8987314701080322) q[1];\nrz(1.8200221061706543) q[1];\nrz(-1.5347342491149902) q[2];\nrx(-0.42616164684295654) q[2];\nrz(-1.8573436737060547) q[2];\nh q[0];\nx q[2];\nx q[0];\nx q[2];\nh q[2];\nrz(-3.2355053424835205) q[0];\nrx(-2.9460811614990234) q[0];\nrz(2.5446102619171143) q[0];\nrz(1.030327558517456) q[1];\nrx(2.307969331741333) q[1];\nrz(0.1763681322336197) q[1];\nrz(0.3053879737854004) q[2];\nrx(-1.0700421333312988) q[2];\nrz(1.857839584350586) q[2];"}