{"seed": 382, "fidelity": 0.9857729077339172, "pqc_params": [[[2.666837453842163, -2.0687296390533447, 0.12889760732650757], [-2.323265790939331, 0.8144692778587341, 0.06711505353450775], [2.486008405685425, 1.4981285333633423, -1.242049217224121]], [[-0.04931214451789856, -3.2791543006896973, -2.393587112426758], [0.80713951587677, 0.06842779368162155, 1.8701002597808838], [-2.0839908123016357, -3.0947067737579346, -2.9234166145324707]], [[0.31980374455451965, -2.65700364112854, -0.023250889033079147], [-0.19012989103794098, 3.939267635345459, 0.10449809581041336], [-0.6126748323440552, -0.7498674392700195, -0.4356176257133484]], [[1.00792396068573, -0.08432566374540329, 1.5307642221450806], [-2.148890733718872, 0.22144247591495514, 0.9089438319206238], [2.553905963897705, -0.5218837261199951, 2.087362289428711]]], "base_circuit_tokens": [["h", [2], []], ["h", [0], []], ["h", [2], []], ["cx", [1, 0], []], ["h", [2], []], ["cx", [2, 0], []], ["h", [1], []], ["cx", [1, 0], []], ["h", [1], []], ["h", [0], []], ["h", [0], []], ["h", [1], []], ["cx", [1, 0], []], ["h", [1], []], ["cx", [2, 0], []], ["h", [2], []], ["cx", [1, 0], []], ["h", [2], []], ["h", [0], []], ["h", [2], []]], "pqc_circuit_tokens": [["h", [2], []], ["h", [0], []], ["h", [2], []], ["cx", [1, 0], []], ["h", [2], []], ["rz", [0], [2.666837453842163]], ["rx", [0], [-2.0687296390533447]], ["rz", [0], [0.12889760732650757]], ["rz", [1], [-2.323265790939331]], ["rx", [1], [0.8144692778587341]], ["rz", [1], [0.06711505353450775]], ["rz", [2], [2.486008405685425]], ["rx", [2], [1.4981285333633423]], ["rz", [2], [-1.242049217224121]], ["cx", [2, 0], []], ["h", [1], []], ["cx", [1, 0], []], ["h", [1], []], ["h", [0], []], ["rz", [0], [-0.04931214451789856]], ["rx", [0], [-3.2791543006896973]], ["rz", [0], [-2.393587112426758]], ["rz", [1], [0.80713951587677]], ["rx", [1], [0.06842779368162155]], ["rz", [1], [1.8701002597808838]], ["rz", [2], [-2.0839908123016357]], ["rx", [2], [-3.0947067737579346]], ["rz", [2], [-2.9234166145324707]], ["h", [0], []], ["h", [1], []], ["cx", [1, 0], []], ["h", [1], []], ["cx", [2, 0], []], ["rz", [0], [0.31980374455451965]], ["rx", [0], [-2.65700364112854]], ["rz", [0], [-0.023250889033079147]], ["rz", [1], [-0.19012989103794098]], ["rx", [1], [3.939267635345459]], ["rz", [1], [0.10449809581041336]], ["rz", [2], [-0.6126748323440552]], ["rx", [2], [-0.7498674392700195]], ["rz", [2], [-0.4356176257133484]], ["h", [2], []], ["cx", [1, 0], []], ["h", [2], []], ["h", [0], []], ["h", [2], []], ["rz", [0], [1.00792396068573]], ["rx", [0], [-0.08432566374540329]], ["rz", [0], [1.5307642221450806]], ["rz", [1], [-2.148890733718872]], ["rx", [1], [0.22144247591495514]], ["rz", [1], [0.9089438319206238]], ["rz", [2], [2.553905963897705]], ["rx", [2], [-0.5218837261199951]], ["rz", [2], [2.087362289428711]]], "base_circuit_qasm": "OPENQASM 2.0;\ninclude \"qelib1.inc\";\nqreg q[3];\nh q[2];\nh q[0];\nh q[2];\ncx q[1],q[0];\nh q[2];\ncx q[2],q[0];\nh q[1];\ncx q[1],q[0];\nh q[1];\nh q[0];\nh q[0];\nh q[1];\ncx q[1],q[0];\nh q[1];\ncx q[2],q[0];\nh q[2];\ncx q[1],q[0];\nh q[2];\nh q[0];\nh q[2];", "pqc_circuit_qasm": "OPENQASM 2.0;\ninclude \"qelib1.inc\";\nqreg q[3];\nh q[2];\nh q[0];\nh q[2];\ncx q[1],q[0];\nh q[2];\nrz(2.666837453842163) q[0];\nrx(-2.0687296390533447) q[0];\nrz(0.12889760732650757) q[0];\nrz(-2.323265790939331) q[1];\nrx(0.8144692778587341) q[1];\nrz(0.06711505353450775) q[1];\nrz(2.486008405685425) q[2];\nrx(1.4981285333633423) q[2];\nrz(-1.242049217224121) q[2];\ncx q[2],q[0];\nh q[1];\ncx q[1],q[0];\nh q[1];\nh q[0];\nrz(-0.04931214451789856) q[0];\nrx(-3.2791543006896973) q[0];\nrz(-2.393587112426758) q[0];\nrz(0.80713951587677) q[1];\nrx(0.06842779368162155) q[1];\nrz(1.8701002597808838) q[1];\nrz(-2.0839908123016357) q[2];\nrx(-3.0947067737579346) q[2];\nrz(-2.9234166145324707) q[2];\nh q[0];\nh q[1];\ncx q[1],q[0];\nh q[1];\ncx q[2],q[0];\nrz(0.31980374455451965) q[0];\nrx(-2.65700364112854) q[0];\nrz(-0.023250889033079147) q[0];\nrz(-0.19012989103794098) q[1];\nrx(3.939267635345459) q[1];\nrz(0.10449809581041336) q[1];\nrz(-0.6126748323440552) q[2];\nrx(-0.7498674392700195) q[2];\nrz(-0.4356176257133484) q[2];\nh q[2];\ncx q[1],q[0];\nh q[2];\nh q[0];\nh q[2];\nrz(1.00792396068573) q[0];\nrx(-0.08432566374540329) q[0];\nrz(1.5307642221450806) q[0];\nrz(-2.148890733718872) q[1];\nrx(0.22144247591495514) q[1];\nrz(0.9089438319206238) q[1];\nrz(2.553905963897705) q[2];\nrx(-0.5218837261199951) q[2];\nrz(2.087362289428711) q[2];"}