{"seed": 3835, "fidelity": 0.9998599290847778, "pqc_params": [[[2.724055290222168, -0.9938492178916931, 0.08521264791488647], [3.1614089012145996, -0.6259101033210754, -2.0964815616607666], [-3.322618246078491, 0.3477586507797241, -2.31294846534729]], [[-1.883442759513855, -1.131563663482666, -1.6284825801849365], [-2.8758113384246826, -2.4716596603393555, 0.9744836091995239], [0.8317152857780457, -3.4215188026428223, 2.4891886711120605]], [[1.087237000465393, -1.1619793176651, 2.8040292263031006], [1.8894665241241455, -3.0508439540863037, 3.1486387252807617], [-2.403926372528076, 2.9885952472686768, -1.3644452095031738]], [[-0.37538236379623413, 1.9916012287139893, -0.8214964866638184], [-1.401015281677246, -0.4352495074272156, 1.9889088869094849], [2.1484692096710205, -1.8124966621398926, -2.369670867919922]]], "base_circuit_tokens": [["x", [1], []], ["h", [0], []], ["x", [2], []], ["h", [1], []], ["h", [2], []], ["h", [1], []], ["h", [1], []], ["x", [0], []], ["h", [2], []], ["x", [1], []], ["x", [1], []], ["h", [2], []], ["x", [0], []], ["h", [1], []], ["h", [1], []], ["h", [2], []], ["h", [1], []], ["x", [2], []], ["h", [0], []], ["x", [1], []]], "pqc_circuit_tokens": [["x", [1], []], ["h", [0], []], ["x", [2], []], ["h", [1], []], ["h", [2], []], ["rz", [0], [2.724055290222168]], ["rx", [0], [-0.9938492178916931]], ["rz", [0], [0.08521264791488647]], ["rz", [1], [3.1614089012145996]], ["rx", [1], [-0.6259101033210754]], ["rz", [1], [-2.0964815616607666]], ["rz", [2], [-3.322618246078491]], ["rx", [2], [0.3477586507797241]], ["rz", [2], [-2.31294846534729]], ["h", [1], []], ["h", [1], []], ["x", [0], []], ["h", [2], []], ["x", [1], []], ["rz", [0], [-1.883442759513855]], ["rx", [0], [-1.131563663482666]], ["rz", [0], [-1.6284825801849365]], ["rz", [1], [-2.8758113384246826]], ["rx", [1], [-2.4716596603393555]], ["rz", [1], [0.9744836091995239]], ["rz", [2], [0.8317152857780457]], ["rx", [2], [-3.4215188026428223]], ["rz", [2], [2.4891886711120605]], ["x", [1], []], ["h", [2], []], ["x", [0], []], ["h", [1], []], ["h", [1], []], ["rz", [0], [1.087237000465393]], ["rx", [0], [-1.1619793176651]], ["rz", [0], [2.8040292263031006]], ["rz", [1], [1.8894665241241455]], ["rx", [1], [-3.0508439540863037]], ["rz", [1], [3.1486387252807617]], ["rz", [2], [-2.403926372528076]], ["rx", [2], [2.9885952472686768]], ["rz", [2], [-1.3644452095031738]], ["h", [2], []], ["h", [1], []], ["x", [2], []], ["h", [0], []], ["x", [1], []], ["rz", [0], [-0.37538236379623413]], ["rx", [0], [1.9916012287139893]], ["rz", [0], [-0.8214964866638184]], ["rz", [1], [-1.401015281677246]], ["rx", [1], [-0.4352495074272156]], ["rz", [1], [1.9889088869094849]], ["rz", [2], [2.1484692096710205]], ["rx", [2], [-1.8124966621398926]], ["rz", [2], [-2.369670867919922]]], "base_circuit_qasm": "OPENQASM 2.0;\ninclude \"qelib1.inc\";\nqreg q[3];\nx q[1];\nh q[0];\nx q[2];\nh q[1];\nh q[2];\nh q[1];\nh q[1];\nx q[0];\nh q[2];\nx q[1];\nx q[1];\nh q[2];\nx q[0];\nh q[1];\nh q[1];\nh q[2];\nh q[1];\nx q[2];\nh q[0];\nx q[1];", "pqc_circuit_qasm": "OPENQASM 2.0;\ninclude \"qelib1.inc\";\nqreg q[3];\nx q[1];\nh q[0];\nx q[2];\nh q[1];\nh q[2];\nrz(2.724055290222168) q[0];\nrx(-0.9938492178916931) q[0];\nrz(0.08521264791488647) q[0];\nrz(3.1614089012145996) q[1];\nrx(-0.6259101033210754) q[1];\nrz(-2.0964815616607666) q[1];\nrz(-3.322618246078491) q[2];\nrx(0.3477586507797241) q[2];\nrz(-2.31294846534729) q[2];\nh q[1];\nh q[1];\nx q[0];\nh q[2];\nx q[1];\nrz(-1.883442759513855) q[0];\nrx(-1.131563663482666) q[0];\nrz(-1.6284825801849365) q[0];\nrz(-2.8758113384246826) q[1];\nrx(-2.4716596603393555) q[1];\nrz(0.9744836091995239) q[1];\nrz(0.8317152857780457) q[2];\nrx(-3.4215188026428223) q[2];\nrz(2.4891886711120605) q[2];\nx q[1];\nh q[2];\nx q[0];\nh q[1];\nh q[1];\nrz(1.087237000465393) q[0];\nrx(-1.1619793176651) q[0];\nrz(2.8040292263031006) q[0];\nrz(1.8894665241241455) q[1];\nrx(-3.0508439540863037) q[1];\nrz(3.1486387252807617) q[1];\nrz(-2.403926372528076) q[2];\nrx(2.9885952472686768) q[2];\nrz(-1.3644452095031738) q[2];\nh q[2];\nh q[1];\nx q[2];\nh q[0];\nx q[1];\nrz(-0.37538236379623413) q[0];\nrx(1.9916012287139893) q[0];\nrz(-0.8214964866638184) q[0];\nrz(-1.401015281677246) q[1];\nrx(-0.4352495074272156) q[1];\nrz(1.9889088869094849) q[1];\nrz(2.1484692096710205) q[2];\nrx(-1.8124966621398926) q[2];\nrz(-2.369670867919922) q[2];"}