{"seed": 3836, "fidelity": 0.9843457341194153, "pqc_params": [[[-2.120926856994629, -1.0584255456924438, -2.9687693119049072], [0.5953163504600525, 0.012448017485439777, 1.1649881601333618], [1.42762291431427, -2.0864434242248535, 0.9814910292625427]], [[1.1770185232162476, -2.7770071029663086, -2.6331300735473633], [-1.0604028701782227, -0.489318311214447, 0.5473896861076355], [-0.41715341806411743, 1.2553571462631226, -1.6840616464614868]], [[-2.6614410877227783, 1.1751105785369873, 1.178000807762146], [-2.333094596862793, 2.434227228164673, 0.04166899621486664], [0.2929683029651642, -0.6895922422409058, -2.626873731613159]], [[-2.1239631175994873, 0.07649421691894531, -1.3446601629257202], [-3.3625643253326416, -2.790433168411255, -0.11209609359502792], [2.2467916011810303, -3.1372900009155273, -0.809077799320221]]], "base_circuit_tokens": [["cx", [1, 2], []], ["x", [0], []], ["cx", [0, 1], []], ["h", [0], []], ["h", [0], []], ["h", [2], []], ["x", [2], []], ["x", [1], []], ["h", [0], []], ["x", [2], []], ["x", [2], []], ["h", [0], []], ["x", [1], []], ["x", [2], []], ["h", [2], []], ["h", [0], []], ["h", [0], []], ["cx", [0, 1], []], ["x", [0], []], ["cx", [1, 2], []]], "pqc_circuit_tokens": [["cx", [1, 2], []], ["x", [0], []], ["cx", [0, 1], []], ["h", [0], []], ["h", [0], []], ["rz", [0], [-2.120926856994629]], ["rx", [0], [-1.0584255456924438]], ["rz", [0], [-2.9687693119049072]], ["rz", [1], [0.5953163504600525]], ["rx", [1], [0.012448017485439777]], ["rz", [1], [1.1649881601333618]], ["rz", [2], [1.42762291431427]], ["rx", [2], [-2.0864434242248535]], ["rz", [2], [0.9814910292625427]], ["h", [2], []], ["x", [2], []], ["x", [1], []], ["h", [0], []], ["x", [2], []], ["rz", [0], [1.1770185232162476]], ["rx", [0], [-2.7770071029663086]], ["rz", [0], [-2.6331300735473633]], ["rz", [1], [-1.0604028701782227]], ["rx", [1], [-0.489318311214447]], ["rz", [1], [0.5473896861076355]], ["rz", [2], [-0.41715341806411743]], ["rx", [2], [1.2553571462631226]], ["rz", [2], [-1.6840616464614868]], ["x", [2], []], ["h", [0], []], ["x", [1], []], ["x", [2], []], ["h", [2], []], ["rz", [0], [-2.6614410877227783]], ["rx", [0], [1.1751105785369873]], ["rz", [0], [1.178000807762146]], ["rz", [1], [-2.333094596862793]], ["rx", [1], [2.434227228164673]], ["rz", [1], [0.04166899621486664]], ["rz", [2], [0.2929683029651642]], ["rx", [2], [-0.6895922422409058]], ["rz", [2], [-2.626873731613159]], ["h", [0], []], ["h", [0], []], ["cx", [0, 1], []], ["x", [0], []], ["cx", [1, 2], []], ["rz", [0], [-2.1239631175994873]], ["rx", [0], [0.07649421691894531]], ["rz", [0], [-1.3446601629257202]], ["rz", [1], [-3.3625643253326416]], ["rx", [1], [-2.790433168411255]], ["rz", [1], [-0.11209609359502792]], ["rz", [2], [2.2467916011810303]], ["rx", [2], [-3.1372900009155273]], ["rz", [2], [-0.809077799320221]]], "base_circuit_qasm": "OPENQASM 2.0;\ninclude \"qelib1.inc\";\nqreg q[3];\ncx q[1],q[2];\nx q[0];\ncx q[0],q[1];\nh q[0];\nh q[0];\nh q[2];\nx q[2];\nx q[1];\nh q[0];\nx q[2];\nx q[2];\nh q[0];\nx q[1];\nx q[2];\nh q[2];\nh q[0];\nh q[0];\ncx q[0],q[1];\nx q[0];\ncx q[1],q[2];", "pqc_circuit_qasm": "OPENQASM 2.0;\ninclude \"qelib1.inc\";\nqreg q[3];\ncx q[1],q[2];\nx q[0];\ncx q[0],q[1];\nh q[0];\nh q[0];\nrz(-2.120926856994629) q[0];\nrx(-1.0584255456924438) q[0];\nrz(-2.9687693119049072) q[0];\nrz(0.5953163504600525) q[1];\nrx(0.012448017485439777) q[1];\nrz(1.1649881601333618) q[1];\nrz(1.42762291431427) q[2];\nrx(-2.0864434242248535) q[2];\nrz(0.9814910292625427) q[2];\nh q[2];\nx q[2];\nx q[1];\nh q[0];\nx q[2];\nrz(1.1770185232162476) q[0];\nrx(-2.7770071029663086) q[0];\nrz(-2.6331300735473633) q[0];\nrz(-1.0604028701782227) q[1];\nrx(-0.489318311214447) q[1];\nrz(0.5473896861076355) q[1];\nrz(-0.41715341806411743) q[2];\nrx(1.2553571462631226) q[2];\nrz(-1.6840616464614868) q[2];\nx q[2];\nh q[0];\nx q[1];\nx q[2];\nh q[2];\nrz(-2.6614410877227783) q[0];\nrx(1.1751105785369873) q[0];\nrz(1.178000807762146) q[0];\nrz(-2.333094596862793) q[1];\nrx(2.434227228164673) q[1];\nrz(0.04166899621486664) q[1];\nrz(0.2929683029651642) q[2];\nrx(-0.6895922422409058) q[2];\nrz(-2.626873731613159) q[2];\nh q[0];\nh q[0];\ncx q[0],q[1];\nx q[0];\ncx q[1],q[2];\nrz(-2.1239631175994873) q[0];\nrx(0.07649421691894531) q[0];\nrz(-1.3446601629257202) q[0];\nrz(-3.3625643253326416) q[1];\nrx(-2.790433168411255) q[1];\nrz(-0.11209609359502792) q[1];\nrz(2.2467916011810303) q[2];\nrx(-3.1372900009155273) q[2];\nrz(-0.809077799320221) q[2];"}