{"seed": 386, "fidelity": 0.9970138669013977, "pqc_params": [[[1.8676214218139648, 1.184272050857544, -1.9266457557678223], [3.095633029937744, 2.067145824432373, 2.8155264854431152], [1.113821268081665, 0.2743297517299652, -2.0386509895324707]], [[-1.8145474195480347, 0.011780185624957085, 1.0964065790176392], [2.4482171535491943, -2.4010188579559326, -2.200000286102295], [0.020980099216103554, -3.24588680267334, -3.027312755584717]], [[2.189725637435913, -1.1202824115753174, 1.257470965385437], [2.3042209148406982, 0.8884029984474182, -2.799105644226074], [-1.9709264039993286, -2.6981818675994873, 2.6160387992858887]], [[-0.795628011226654, -3.139721393585205, 2.4439024925231934], [-2.9794631004333496, -0.9397604465484619, 0.1390943080186844], [1.0931305885314941, 0.004335157107561827, -0.6321832537651062]]], "base_circuit_tokens": [["x", [0], []], ["x", [2], []], ["x", [1], []], ["h", [1], []], ["cx", [1, 0], []], ["h", [1], []], ["cx", [0, 2], []], ["h", [2], []], ["cx", [0, 2], []], ["x", [2], []], ["x", [2], []], ["cx", [0, 2], []], ["h", [2], []], ["cx", [0, 2], []], ["h", [1], []], ["cx", [1, 0], []], ["h", [1], []], ["x", [1], []], ["x", [2], []], ["x", [0], []]], "pqc_circuit_tokens": [["x", [0], []], ["x", [2], []], ["x", [1], []], ["h", [1], []], ["cx", [1, 0], []], ["rz", [0], [1.8676214218139648]], ["rx", [0], [1.184272050857544]], ["rz", [0], [-1.9266457557678223]], ["rz", [1], [3.095633029937744]], ["rx", [1], [2.067145824432373]], ["rz", [1], [2.8155264854431152]], ["rz", [2], [1.113821268081665]], ["rx", [2], [0.2743297517299652]], ["rz", [2], [-2.0386509895324707]], ["h", [1], []], ["cx", [0, 2], []], ["h", [2], []], ["cx", [0, 2], []], ["x", [2], []], ["rz", [0], [-1.8145474195480347]], ["rx", [0], [0.011780185624957085]], ["rz", [0], [1.0964065790176392]], ["rz", [1], [2.4482171535491943]], ["rx", [1], [-2.4010188579559326]], ["rz", [1], [-2.200000286102295]], ["rz", [2], [0.020980099216103554]], ["rx", [2], [-3.24588680267334]], ["rz", [2], [-3.027312755584717]], ["x", [2], []], ["cx", [0, 2], []], ["h", [2], []], ["cx", [0, 2], []], ["h", [1], []], ["rz", [0], [2.189725637435913]], ["rx", [0], [-1.1202824115753174]], ["rz", [0], [1.257470965385437]], ["rz", [1], [2.3042209148406982]], ["rx", [1], [0.8884029984474182]], ["rz", [1], [-2.799105644226074]], ["rz", [2], [-1.9709264039993286]], ["rx", [2], [-2.6981818675994873]], ["rz", [2], [2.6160387992858887]], ["cx", [1, 0], []], ["h", [1], []], ["x", [1], []], ["x", [2], []], ["x", [0], []], ["rz", [0], [-0.795628011226654]], ["rx", [0], [-3.139721393585205]], ["rz", [0], [2.4439024925231934]], ["rz", [1], [-2.9794631004333496]], ["rx", [1], [-0.9397604465484619]], ["rz", [1], [0.1390943080186844]], ["rz", [2], [1.0931305885314941]], ["rx", [2], [0.004335157107561827]], ["rz", [2], [-0.6321832537651062]]], "base_circuit_qasm": "OPENQASM 2.0;\ninclude \"qelib1.inc\";\nqreg q[3];\nx q[0];\nx q[2];\nx q[1];\nh q[1];\ncx q[1],q[0];\nh q[1];\ncx q[0],q[2];\nh q[2];\ncx q[0],q[2];\nx q[2];\nx q[2];\ncx q[0],q[2];\nh q[2];\ncx q[0],q[2];\nh q[1];\ncx q[1],q[0];\nh q[1];\nx q[1];\nx q[2];\nx q[0];", "pqc_circuit_qasm": "OPENQASM 2.0;\ninclude \"qelib1.inc\";\nqreg q[3];\nx q[0];\nx q[2];\nx q[1];\nh q[1];\ncx q[1],q[0];\nrz(1.8676214218139648) q[0];\nrx(1.184272050857544) q[0];\nrz(-1.9266457557678223) q[0];\nrz(3.095633029937744) q[1];\nrx(2.067145824432373) q[1];\nrz(2.8155264854431152) q[1];\nrz(1.113821268081665) q[2];\nrx(0.2743297517299652) q[2];\nrz(-2.0386509895324707) q[2];\nh q[1];\ncx q[0],q[2];\nh q[2];\ncx q[0],q[2];\nx q[2];\nrz(-1.8145474195480347) q[0];\nrx(0.011780185624957085) q[0];\nrz(1.0964065790176392) q[0];\nrz(2.4482171535491943) q[1];\nrx(-2.4010188579559326) q[1];\nrz(-2.200000286102295) q[1];\nrz(0.020980099216103554) q[2];\nrx(-3.24588680267334) q[2];\nrz(-3.027312755584717) q[2];\nx q[2];\ncx q[0],q[2];\nh q[2];\ncx q[0],q[2];\nh q[1];\nrz(2.189725637435913) q[0];\nrx(-1.1202824115753174) q[0];\nrz(1.257470965385437) q[0];\nrz(2.3042209148406982) q[1];\nrx(0.8884029984474182) q[1];\nrz(-2.799105644226074) q[1];\nrz(-1.9709264039993286) q[2];\nrx(-2.6981818675994873) q[2];\nrz(2.6160387992858887) q[2];\ncx q[1],q[0];\nh q[1];\nx q[1];\nx q[2];\nx q[0];\nrz(-0.795628011226654) q[0];\nrx(-3.139721393585205) q[0];\nrz(2.4439024925231934) q[0];\nrz(-2.9794631004333496) q[1];\nrx(-0.9397604465484619) q[1];\nrz(0.1390943080186844) q[1];\nrz(1.0931305885314941) q[2];\nrx(0.004335157107561827) q[2];\nrz(-0.6321832537651062) q[2];"}