{"seed": 3865, "fidelity": 0.9997478723526001, "pqc_params": [[[0.958798885345459, -1.2160260677337646, 1.4095697402954102], [1.0102730989456177, -0.25417718291282654, -0.2186172902584076], [-0.12564411759376526, 1.6749223470687866, 0.4980529546737671]], [[-1.5037370920181274, -2.981553554534912, 0.9499273300170898], [3.3552818298339844, 0.773764431476593, 0.9513901472091675], [-2.1569483280181885, -2.0386788845062256, -2.713264226913452]], [[3.0782971382141113, 3.3789639472961426, -1.5602298974990845], [0.9800383448600769, 1.7824658155441284, 1.709699273109436], [0.414640873670578, 0.7047073245048523, 1.2525979280471802]], [[3.0410690307617188, -1.004050850868225, 3.1417574882507324], [3.4332685470581055, -1.4020932912826538, -0.10008764266967773], [3.0304312705993652, 0.11372427642345428, 3.285539150238037]]], "base_circuit_tokens": [["h", [1], []], ["cx", [2, 0], []], ["x", [2], []], ["x", [0], []], ["h", [1], []], ["x", [2], []], ["x", [2], []], ["h", [2], []], ["h", [2], []], ["h", [0], []], ["h", [0], []], ["h", [2], []], ["h", [2], []], ["x", [2], []], ["x", [2], []], ["h", [1], []], ["x", [0], []], ["x", [2], []], ["cx", [2, 0], []], ["h", [1], []]], "pqc_circuit_tokens": [["h", [1], []], ["cx", [2, 0], []], ["x", [2], []], ["x", [0], []], ["h", [1], []], ["rz", [0], [0.958798885345459]], ["rx", [0], [-1.2160260677337646]], ["rz", [0], [1.4095697402954102]], ["rz", [1], [1.0102730989456177]], ["rx", [1], [-0.25417718291282654]], ["rz", [1], [-0.2186172902584076]], ["rz", [2], [-0.12564411759376526]], ["rx", [2], [1.6749223470687866]], ["rz", [2], [0.4980529546737671]], ["x", [2], []], ["x", [2], []], ["h", [2], []], ["h", [2], []], ["h", [0], []], ["rz", [0], [-1.5037370920181274]], ["rx", [0], [-2.981553554534912]], ["rz", [0], [0.9499273300170898]], ["rz", [1], [3.3552818298339844]], ["rx", [1], [0.773764431476593]], ["rz", [1], [0.9513901472091675]], ["rz", [2], [-2.1569483280181885]], ["rx", [2], [-2.0386788845062256]], ["rz", [2], [-2.713264226913452]], ["h", [0], []], ["h", [2], []], ["h", [2], []], ["x", [2], []], ["x", [2], []], ["rz", [0], [3.0782971382141113]], ["rx", [0], [3.3789639472961426]], ["rz", [0], [-1.5602298974990845]], ["rz", [1], [0.9800383448600769]], ["rx", [1], [1.7824658155441284]], ["rz", [1], [1.709699273109436]], ["rz", [2], [0.414640873670578]], ["rx", [2], [0.7047073245048523]], ["rz", [2], [1.2525979280471802]], ["h", [1], []], ["x", [0], []], ["x", [2], []], ["cx", [2, 0], []], ["h", [1], []], ["rz", [0], [3.0410690307617188]], ["rx", [0], [-1.004050850868225]], ["rz", [0], [3.1417574882507324]], ["rz", [1], [3.4332685470581055]], ["rx", [1], [-1.4020932912826538]], ["rz", [1], [-0.10008764266967773]], ["rz", [2], [3.0304312705993652]], ["rx", [2], [0.11372427642345428]], ["rz", [2], [3.285539150238037]]], "base_circuit_qasm": "OPENQASM 2.0;\ninclude \"qelib1.inc\";\nqreg q[3];\nh q[1];\ncx q[2],q[0];\nx q[2];\nx q[0];\nh q[1];\nx q[2];\nx q[2];\nh q[2];\nh q[2];\nh q[0];\nh q[0];\nh q[2];\nh q[2];\nx q[2];\nx q[2];\nh q[1];\nx q[0];\nx q[2];\ncx q[2],q[0];\nh q[1];", "pqc_circuit_qasm": "OPENQASM 2.0;\ninclude \"qelib1.inc\";\nqreg q[3];\nh q[1];\ncx q[2],q[0];\nx q[2];\nx q[0];\nh q[1];\nrz(0.958798885345459) q[0];\nrx(-1.2160260677337646) q[0];\nrz(1.4095697402954102) q[0];\nrz(1.0102730989456177) q[1];\nrx(-0.25417718291282654) q[1];\nrz(-0.2186172902584076) q[1];\nrz(-0.12564411759376526) q[2];\nrx(1.6749223470687866) q[2];\nrz(0.4980529546737671) q[2];\nx q[2];\nx q[2];\nh q[2];\nh q[2];\nh q[0];\nrz(-1.5037370920181274) q[0];\nrx(-2.981553554534912) q[0];\nrz(0.9499273300170898) q[0];\nrz(3.3552818298339844) q[1];\nrx(0.773764431476593) q[1];\nrz(0.9513901472091675) q[1];\nrz(-2.1569483280181885) q[2];\nrx(-2.0386788845062256) q[2];\nrz(-2.713264226913452) q[2];\nh q[0];\nh q[2];\nh q[2];\nx q[2];\nx q[2];\nrz(3.0782971382141113) q[0];\nrx(3.3789639472961426) q[0];\nrz(-1.5602298974990845) q[0];\nrz(0.9800383448600769) q[1];\nrx(1.7824658155441284) q[1];\nrz(1.709699273109436) q[1];\nrz(0.414640873670578) q[2];\nrx(0.7047073245048523) q[2];\nrz(1.2525979280471802) q[2];\nh q[1];\nx q[0];\nx q[2];\ncx q[2],q[0];\nh q[1];\nrz(3.0410690307617188) q[0];\nrx(-1.004050850868225) q[0];\nrz(3.1417574882507324) q[0];\nrz(3.4332685470581055) q[1];\nrx(-1.4020932912826538) q[1];\nrz(-0.10008764266967773) q[1];\nrz(3.0304312705993652) q[2];\nrx(0.11372427642345428) q[2];\nrz(3.285539150238037) q[2];"}