{"seed": 387, "fidelity": 0.9610463976860046, "pqc_params": [[[2.5184736251831055, -1.0347087383270264, 1.599579930305481], [-1.6528321504592896, -0.8763247132301331, 0.05227367579936981], [-1.906947374343872, 0.6959819793701172, -1.1409051418304443]], [[-0.9584121704101562, 3.030973196029663, 1.5833299160003662], [1.1847202777862549, -2.5071864128112793, -2.539379835128784], [-1.8343706130981445, 3.1767513751983643, 1.411610722541809]], [[1.2235385179519653, 1.1844642162322998, -2.366610288619995], [-0.3797547519207001, -3.3714070320129395, 0.6466231942176819], [1.4830639362335205, 0.6723609566688538, -1.983655571937561]], [[2.1887588500976562, -0.07804930955171585, -2.524984121322632], [-0.03543631359934807, -0.23527361452579498, -3.235714912414551], [-2.0566251277923584, 0.07096390426158905, 1.3810094594955444]]], "base_circuit_tokens": [["h", [0], []], ["h", [2], []], ["cx", [1, 2], []], ["cx", [0, 2], []], ["h", [2], []], ["h", [2], []], ["cx", [2, 0], []], ["h", [1], []], ["x", [2], []], ["h", [0], []], ["h", [0], []], ["x", [2], []], ["h", [1], []], ["cx", [2, 0], []], ["h", [2], []], ["h", [2], []], ["cx", [0, 2], []], ["cx", [1, 2], []], ["h", [2], []], ["h", [0], []]], "pqc_circuit_tokens": [["h", [0], []], ["h", [2], []], ["cx", [1, 2], []], ["cx", [0, 2], []], ["h", [2], []], ["rz", [0], [2.5184736251831055]], ["rx", [0], [-1.0347087383270264]], ["rz", [0], [1.599579930305481]], ["rz", [1], [-1.6528321504592896]], ["rx", [1], [-0.8763247132301331]], ["rz", [1], [0.05227367579936981]], ["rz", [2], [-1.906947374343872]], ["rx", [2], [0.6959819793701172]], ["rz", [2], [-1.1409051418304443]], ["h", [2], []], ["cx", [2, 0], []], ["h", [1], []], ["x", [2], []], ["h", [0], []], ["rz", [0], [-0.9584121704101562]], ["rx", [0], [3.030973196029663]], ["rz", [0], [1.5833299160003662]], ["rz", [1], [1.1847202777862549]], ["rx", [1], [-2.5071864128112793]], ["rz", [1], [-2.539379835128784]], ["rz", [2], [-1.8343706130981445]], ["rx", [2], [3.1767513751983643]], ["rz", [2], [1.411610722541809]], ["h", [0], []], ["x", [2], []], ["h", [1], []], ["cx", [2, 0], []], ["h", [2], []], ["rz", [0], [1.2235385179519653]], ["rx", [0], [1.1844642162322998]], ["rz", [0], [-2.366610288619995]], ["rz", [1], [-0.3797547519207001]], ["rx", [1], [-3.3714070320129395]], ["rz", [1], [0.6466231942176819]], ["rz", [2], [1.4830639362335205]], ["rx", [2], [0.6723609566688538]], ["rz", [2], [-1.983655571937561]], ["h", [2], []], ["cx", [0, 2], []], ["cx", [1, 2], []], ["h", [2], []], ["h", [0], []], ["rz", [0], [2.1887588500976562]], ["rx", [0], [-0.07804930955171585]], ["rz", [0], [-2.524984121322632]], ["rz", [1], [-0.03543631359934807]], ["rx", [1], [-0.23527361452579498]], ["rz", [1], [-3.235714912414551]], ["rz", [2], [-2.0566251277923584]], ["rx", [2], [0.07096390426158905]], ["rz", [2], [1.3810094594955444]]], "base_circuit_qasm": "OPENQASM 2.0;\ninclude \"qelib1.inc\";\nqreg q[3];\nh q[0];\nh q[2];\ncx q[1],q[2];\ncx q[0],q[2];\nh q[2];\nh q[2];\ncx q[2],q[0];\nh q[1];\nx q[2];\nh q[0];\nh q[0];\nx q[2];\nh q[1];\ncx q[2],q[0];\nh q[2];\nh q[2];\ncx q[0],q[2];\ncx q[1],q[2];\nh q[2];\nh q[0];", "pqc_circuit_qasm": "OPENQASM 2.0;\ninclude \"qelib1.inc\";\nqreg q[3];\nh q[0];\nh q[2];\ncx q[1],q[2];\ncx q[0],q[2];\nh q[2];\nrz(2.5184736251831055) q[0];\nrx(-1.0347087383270264) q[0];\nrz(1.599579930305481) q[0];\nrz(-1.6528321504592896) q[1];\nrx(-0.8763247132301331) q[1];\nrz(0.05227367579936981) q[1];\nrz(-1.906947374343872) q[2];\nrx(0.6959819793701172) q[2];\nrz(-1.1409051418304443) q[2];\nh q[2];\ncx q[2],q[0];\nh q[1];\nx q[2];\nh q[0];\nrz(-0.9584121704101562) q[0];\nrx(3.030973196029663) q[0];\nrz(1.5833299160003662) q[0];\nrz(1.1847202777862549) q[1];\nrx(-2.5071864128112793) q[1];\nrz(-2.539379835128784) q[1];\nrz(-1.8343706130981445) q[2];\nrx(3.1767513751983643) q[2];\nrz(1.411610722541809) q[2];\nh q[0];\nx q[2];\nh q[1];\ncx q[2],q[0];\nh q[2];\nrz(1.2235385179519653) q[0];\nrx(1.1844642162322998) q[0];\nrz(-2.366610288619995) q[0];\nrz(-0.3797547519207001) q[1];\nrx(-3.3714070320129395) q[1];\nrz(0.6466231942176819) q[1];\nrz(1.4830639362335205) q[2];\nrx(0.6723609566688538) q[2];\nrz(-1.983655571937561) q[2];\nh q[2];\ncx q[0],q[2];\ncx q[1],q[2];\nh q[2];\nh q[0];\nrz(2.1887588500976562) q[0];\nrx(-0.07804930955171585) q[0];\nrz(-2.524984121322632) q[0];\nrz(-0.03543631359934807) q[1];\nrx(-0.23527361452579498) q[1];\nrz(-3.235714912414551) q[1];\nrz(-2.0566251277923584) q[2];\nrx(0.07096390426158905) q[2];\nrz(1.3810094594955444) q[2];"}