{"seed": 3872, "fidelity": 0.9987907409667969, "pqc_params": [[[-0.19605353474617004, -3.188488721847534, -1.3142393827438354], [0.31619638204574585, 0.1528022438287735, -0.7139468193054199], [-1.40896475315094, -1.883184552192688, 1.0464948415756226]], [[-3.0592360496520996, 0.11063433438539505, 2.2951478958129883], [2.4655120372772217, 3.1642439365386963, 2.567629337310791], [3.2859346866607666, 3.2817907333374023, 0.9046933650970459]], [[1.1342295408248901, 2.5650060176849365, 0.3586975038051605], [1.197056770324707, 2.8360583782196045, 2.6052393913269043], [-0.8613936901092529, 1.871939778327942, 2.812507152557373]], [[-0.4988071322441101, 0.02622772380709648, 3.330531597137451], [0.44426703453063965, -0.21114809811115265, 1.2024118900299072], [-1.552029013633728, -0.43655821681022644, 0.6068687438964844]]], "base_circuit_tokens": [["cx", [0, 1], []], ["cx", [1, 0], []], ["h", [0], []], ["x", [1], []], ["h", [0], []], ["x", [1], []], ["x", [1], []], ["cx", [2, 1], []], ["cx", [1, 2], []], ["cx", [0, 1], []], ["cx", [0, 1], []], ["cx", [1, 2], []], ["cx", [2, 1], []], ["x", [1], []], ["x", [1], []], ["h", [0], []], ["x", [1], []], ["h", [0], []], ["cx", [1, 0], []], ["cx", [0, 1], []]], "pqc_circuit_tokens": [["cx", [0, 1], []], ["cx", [1, 0], []], ["h", [0], []], ["x", [1], []], ["h", [0], []], ["rz", [0], [-0.19605353474617004]], ["rx", [0], [-3.188488721847534]], ["rz", [0], [-1.3142393827438354]], ["rz", [1], [0.31619638204574585]], ["rx", [1], [0.1528022438287735]], ["rz", [1], [-0.7139468193054199]], ["rz", [2], [-1.40896475315094]], ["rx", [2], [-1.883184552192688]], ["rz", [2], [1.0464948415756226]], ["x", [1], []], ["x", [1], []], ["cx", [2, 1], []], ["cx", [1, 2], []], ["cx", [0, 1], []], ["rz", [0], [-3.0592360496520996]], ["rx", [0], [0.11063433438539505]], ["rz", [0], [2.2951478958129883]], ["rz", [1], [2.4655120372772217]], ["rx", [1], [3.1642439365386963]], ["rz", [1], [2.567629337310791]], ["rz", [2], [3.2859346866607666]], ["rx", [2], [3.2817907333374023]], ["rz", [2], [0.9046933650970459]], ["cx", [0, 1], []], ["cx", [1, 2], []], ["cx", [2, 1], []], ["x", [1], []], ["x", [1], []], ["rz", [0], [1.1342295408248901]], ["rx", [0], [2.5650060176849365]], ["rz", [0], [0.3586975038051605]], ["rz", [1], [1.197056770324707]], ["rx", [1], [2.8360583782196045]], ["rz", [1], [2.6052393913269043]], ["rz", [2], [-0.8613936901092529]], ["rx", [2], [1.871939778327942]], ["rz", [2], [2.812507152557373]], ["h", [0], []], ["x", [1], []], ["h", [0], []], ["cx", [1, 0], []], ["cx", [0, 1], []], ["rz", [0], [-0.4988071322441101]], ["rx", [0], [0.02622772380709648]], ["rz", [0], [3.330531597137451]], ["rz", [1], [0.44426703453063965]], ["rx", [1], [-0.21114809811115265]], ["rz", [1], [1.2024118900299072]], ["rz", [2], [-1.552029013633728]], ["rx", [2], [-0.43655821681022644]], ["rz", [2], [0.6068687438964844]]], "base_circuit_qasm": "OPENQASM 2.0;\ninclude \"qelib1.inc\";\nqreg q[3];\ncx q[0],q[1];\ncx q[1],q[0];\nh q[0];\nx q[1];\nh q[0];\nx q[1];\nx q[1];\ncx q[2],q[1];\ncx q[1],q[2];\ncx q[0],q[1];\ncx q[0],q[1];\ncx q[1],q[2];\ncx q[2],q[1];\nx q[1];\nx q[1];\nh q[0];\nx q[1];\nh q[0];\ncx q[1],q[0];\ncx q[0],q[1];", "pqc_circuit_qasm": "OPENQASM 2.0;\ninclude \"qelib1.inc\";\nqreg q[3];\ncx q[0],q[1];\ncx q[1],q[0];\nh q[0];\nx q[1];\nh q[0];\nrz(-0.19605353474617004) q[0];\nrx(-3.188488721847534) q[0];\nrz(-1.3142393827438354) q[0];\nrz(0.31619638204574585) q[1];\nrx(0.1528022438287735) q[1];\nrz(-0.7139468193054199) q[1];\nrz(-1.40896475315094) q[2];\nrx(-1.883184552192688) q[2];\nrz(1.0464948415756226) q[2];\nx q[1];\nx q[1];\ncx q[2],q[1];\ncx q[1],q[2];\ncx q[0],q[1];\nrz(-3.0592360496520996) q[0];\nrx(0.11063433438539505) q[0];\nrz(2.2951478958129883) q[0];\nrz(2.4655120372772217) q[1];\nrx(3.1642439365386963) q[1];\nrz(2.567629337310791) q[1];\nrz(3.2859346866607666) q[2];\nrx(3.2817907333374023) q[2];\nrz(0.9046933650970459) q[2];\ncx q[0],q[1];\ncx q[1],q[2];\ncx q[2],q[1];\nx q[1];\nx q[1];\nrz(1.1342295408248901) q[0];\nrx(2.5650060176849365) q[0];\nrz(0.3586975038051605) q[0];\nrz(1.197056770324707) q[1];\nrx(2.8360583782196045) q[1];\nrz(2.6052393913269043) q[1];\nrz(-0.8613936901092529) q[2];\nrx(1.871939778327942) q[2];\nrz(2.812507152557373) q[2];\nh q[0];\nx q[1];\nh q[0];\ncx q[1],q[0];\ncx q[0],q[1];\nrz(-0.4988071322441101) q[0];\nrx(0.02622772380709648) q[0];\nrz(3.330531597137451) q[0];\nrz(0.44426703453063965) q[1];\nrx(-0.21114809811115265) q[1];\nrz(1.2024118900299072) q[1];\nrz(-1.552029013633728) q[2];\nrx(-0.43655821681022644) q[2];\nrz(0.6068687438964844) q[2];"}