{"seed": 3879, "fidelity": 0.9904662370681763, "pqc_params": [[[-0.16582457721233368, -0.35873299837112427, -1.6020915508270264], [-1.9822481870651245, -0.35872524976730347, 1.7105191946029663], [0.06033138558268547, -0.8779277205467224, 0.22345922887325287]], [[1.8870481252670288, -3.056586980819702, 1.9992918968200684], [-1.720220923423767, 0.0369216650724411, -1.9406991004943848], [-0.19366876780986786, 0.5530829429626465, -3.057185649871826]], [[1.3352075815200806, -0.34490129351615906, -0.7859297394752502], [2.5795419216156006, 0.8311282992362976, 1.6783885955810547], [1.4742116928100586, -0.12495928257703781, 0.33384984731674194]], [[0.3872756361961365, -2.860217809677124, 0.5300265550613403], [1.0493742227554321, -2.1531217098236084, 2.6820950508117676], [3.0471479892730713, -1.4676841497421265, 0.07080190628767014]]], "base_circuit_tokens": [["cx", [0, 2], []], ["cx", [0, 2], []], ["h", [2], []], ["x", [0], []], ["h", [0], []], ["x", [2], []], ["cx", [1, 2], []], ["cx", [0, 1], []], ["h", [0], []], ["h", [1], []], ["h", [1], []], ["h", [0], []], ["cx", [0, 1], []], ["cx", [1, 2], []], ["x", [2], []], ["h", [0], []], ["x", [0], []], ["h", [2], []], ["cx", [0, 2], []], ["cx", [0, 2], []]], "pqc_circuit_tokens": [["cx", [0, 2], []], ["cx", [0, 2], []], ["h", [2], []], ["x", [0], []], ["h", [0], []], ["rz", [0], [-0.16582457721233368]], ["rx", [0], [-0.35873299837112427]], ["rz", [0], [-1.6020915508270264]], ["rz", [1], [-1.9822481870651245]], ["rx", [1], [-0.35872524976730347]], ["rz", [1], [1.7105191946029663]], ["rz", [2], [0.06033138558268547]], ["rx", [2], [-0.8779277205467224]], ["rz", [2], [0.22345922887325287]], ["x", [2], []], ["cx", [1, 2], []], ["cx", [0, 1], []], ["h", [0], []], ["h", [1], []], ["rz", [0], [1.8870481252670288]], ["rx", [0], [-3.056586980819702]], ["rz", [0], [1.9992918968200684]], ["rz", [1], [-1.720220923423767]], ["rx", [1], [0.0369216650724411]], ["rz", [1], [-1.9406991004943848]], ["rz", [2], [-0.19366876780986786]], ["rx", [2], [0.5530829429626465]], ["rz", [2], [-3.057185649871826]], ["h", [1], []], ["h", [0], []], ["cx", [0, 1], []], ["cx", [1, 2], []], ["x", [2], []], ["rz", [0], [1.3352075815200806]], ["rx", [0], [-0.34490129351615906]], ["rz", [0], [-0.7859297394752502]], ["rz", [1], [2.5795419216156006]], ["rx", [1], [0.8311282992362976]], ["rz", [1], [1.6783885955810547]], ["rz", [2], [1.4742116928100586]], ["rx", [2], [-0.12495928257703781]], ["rz", [2], [0.33384984731674194]], ["h", [0], []], ["x", [0], []], ["h", [2], []], ["cx", [0, 2], []], ["cx", [0, 2], []], ["rz", [0], [0.3872756361961365]], ["rx", [0], [-2.860217809677124]], ["rz", [0], [0.5300265550613403]], ["rz", [1], [1.0493742227554321]], ["rx", [1], [-2.1531217098236084]], ["rz", [1], [2.6820950508117676]], ["rz", [2], [3.0471479892730713]], ["rx", [2], [-1.4676841497421265]], ["rz", [2], [0.07080190628767014]]], "base_circuit_qasm": "OPENQASM 2.0;\ninclude \"qelib1.inc\";\nqreg q[3];\ncx q[0],q[2];\ncx q[0],q[2];\nh q[2];\nx q[0];\nh q[0];\nx q[2];\ncx q[1],q[2];\ncx q[0],q[1];\nh q[0];\nh q[1];\nh q[1];\nh q[0];\ncx q[0],q[1];\ncx q[1],q[2];\nx q[2];\nh q[0];\nx q[0];\nh q[2];\ncx q[0],q[2];\ncx q[0],q[2];", "pqc_circuit_qasm": "OPENQASM 2.0;\ninclude \"qelib1.inc\";\nqreg q[3];\ncx q[0],q[2];\ncx q[0],q[2];\nh q[2];\nx q[0];\nh q[0];\nrz(-0.16582457721233368) q[0];\nrx(-0.35873299837112427) q[0];\nrz(-1.6020915508270264) q[0];\nrz(-1.9822481870651245) q[1];\nrx(-0.35872524976730347) q[1];\nrz(1.7105191946029663) q[1];\nrz(0.06033138558268547) q[2];\nrx(-0.8779277205467224) q[2];\nrz(0.22345922887325287) q[2];\nx q[2];\ncx q[1],q[2];\ncx q[0],q[1];\nh q[0];\nh q[1];\nrz(1.8870481252670288) q[0];\nrx(-3.056586980819702) q[0];\nrz(1.9992918968200684) q[0];\nrz(-1.720220923423767) q[1];\nrx(0.0369216650724411) q[1];\nrz(-1.9406991004943848) q[1];\nrz(-0.19366876780986786) q[2];\nrx(0.5530829429626465) q[2];\nrz(-3.057185649871826) q[2];\nh q[1];\nh q[0];\ncx q[0],q[1];\ncx q[1],q[2];\nx q[2];\nrz(1.3352075815200806) q[0];\nrx(-0.34490129351615906) q[0];\nrz(-0.7859297394752502) q[0];\nrz(2.5795419216156006) q[1];\nrx(0.8311282992362976) q[1];\nrz(1.6783885955810547) q[1];\nrz(1.4742116928100586) q[2];\nrx(-0.12495928257703781) q[2];\nrz(0.33384984731674194) q[2];\nh q[0];\nx q[0];\nh q[2];\ncx q[0],q[2];\ncx q[0],q[2];\nrz(0.3872756361961365) q[0];\nrx(-2.860217809677124) q[0];\nrz(0.5300265550613403) q[0];\nrz(1.0493742227554321) q[1];\nrx(-2.1531217098236084) q[1];\nrz(2.6820950508117676) q[1];\nrz(3.0471479892730713) q[2];\nrx(-1.4676841497421265) q[2];\nrz(0.07080190628767014) q[2];"}