{"seed": 3888, "fidelity": 0.9962540864944458, "pqc_params": [[[-2.051313877105713, 1.601928472518921, 2.1491448879241943], [-2.4912121295928955, -0.034992117434740067, 1.2930885553359985], [-1.1360002756118774, -0.7957265973091125, 2.564901113510132]], [[-0.9260150790214539, -3.1313037872314453, 2.326996326446533], [-1.2561631202697754, -0.04324508458375931, 2.6369035243988037], [0.2688314914703369, -0.6071056723594666, 1.361963152885437]], [[-1.8453218936920166, 2.9953742027282715, -2.3460586071014404], [-0.36907440423965454, 1.2720295190811157, 1.2921180725097656], [-0.8638995885848999, 0.17925696074962616, -2.3891806602478027]], [[0.9948050379753113, -1.675765872001648, 1.5062084197998047], [0.7653475403785706, -0.14414067566394806, 1.826452374458313], [-0.5037674903869629, 2.628227710723877, -0.09059258550405502]]], "base_circuit_tokens": [["cx", [2, 1], []], ["cx", [2, 1], []], ["h", [2], []], ["cx", [1, 2], []], ["h", [0], []], ["x", [2], []], ["x", [0], []], ["h", [1], []], ["x", [0], []], ["cx", [1, 0], []], ["cx", [1, 0], []], ["x", [0], []], ["h", [1], []], ["x", [0], []], ["x", [2], []], ["h", [0], []], ["cx", [1, 2], []], ["h", [2], []], ["cx", [2, 1], []], ["cx", [2, 1], []]], "pqc_circuit_tokens": [["cx", [2, 1], []], ["cx", [2, 1], []], ["h", [2], []], ["cx", [1, 2], []], ["h", [0], []], ["rz", [0], [-2.051313877105713]], ["rx", [0], [1.601928472518921]], ["rz", [0], [2.1491448879241943]], ["rz", [1], [-2.4912121295928955]], ["rx", [1], [-0.034992117434740067]], ["rz", [1], [1.2930885553359985]], ["rz", [2], [-1.1360002756118774]], ["rx", [2], [-0.7957265973091125]], ["rz", [2], [2.564901113510132]], ["x", [2], []], ["x", [0], []], ["h", [1], []], ["x", [0], []], ["cx", [1, 0], []], ["rz", [0], [-0.9260150790214539]], ["rx", [0], [-3.1313037872314453]], ["rz", [0], [2.326996326446533]], ["rz", [1], [-1.2561631202697754]], ["rx", [1], [-0.04324508458375931]], ["rz", [1], [2.6369035243988037]], ["rz", [2], [0.2688314914703369]], ["rx", [2], [-0.6071056723594666]], ["rz", [2], [1.361963152885437]], ["cx", [1, 0], []], ["x", [0], []], ["h", [1], []], ["x", [0], []], ["x", [2], []], ["rz", [0], [-1.8453218936920166]], ["rx", [0], [2.9953742027282715]], ["rz", [0], [-2.3460586071014404]], ["rz", [1], [-0.36907440423965454]], ["rx", [1], [1.2720295190811157]], ["rz", [1], [1.2921180725097656]], ["rz", [2], [-0.8638995885848999]], ["rx", [2], [0.17925696074962616]], ["rz", [2], [-2.3891806602478027]], ["h", [0], []], ["cx", [1, 2], []], ["h", [2], []], ["cx", [2, 1], []], ["cx", [2, 1], []], ["rz", [0], [0.9948050379753113]], ["rx", [0], [-1.675765872001648]], ["rz", [0], [1.5062084197998047]], ["rz", [1], [0.7653475403785706]], ["rx", [1], [-0.14414067566394806]], ["rz", [1], [1.826452374458313]], ["rz", [2], [-0.5037674903869629]], ["rx", [2], [2.628227710723877]], ["rz", [2], [-0.09059258550405502]]], "base_circuit_qasm": "OPENQASM 2.0;\ninclude \"qelib1.inc\";\nqreg q[3];\ncx q[2],q[1];\ncx q[2],q[1];\nh q[2];\ncx q[1],q[2];\nh q[0];\nx q[2];\nx q[0];\nh q[1];\nx q[0];\ncx q[1],q[0];\ncx q[1],q[0];\nx q[0];\nh q[1];\nx q[0];\nx q[2];\nh q[0];\ncx q[1],q[2];\nh q[2];\ncx q[2],q[1];\ncx q[2],q[1];", "pqc_circuit_qasm": "OPENQASM 2.0;\ninclude \"qelib1.inc\";\nqreg q[3];\ncx q[2],q[1];\ncx q[2],q[1];\nh q[2];\ncx q[1],q[2];\nh q[0];\nrz(-2.051313877105713) q[0];\nrx(1.601928472518921) q[0];\nrz(2.1491448879241943) q[0];\nrz(-2.4912121295928955) q[1];\nrx(-0.034992117434740067) q[1];\nrz(1.2930885553359985) q[1];\nrz(-1.1360002756118774) q[2];\nrx(-0.7957265973091125) q[2];\nrz(2.564901113510132) q[2];\nx q[2];\nx q[0];\nh q[1];\nx q[0];\ncx q[1],q[0];\nrz(-0.9260150790214539) q[0];\nrx(-3.1313037872314453) q[0];\nrz(2.326996326446533) q[0];\nrz(-1.2561631202697754) q[1];\nrx(-0.04324508458375931) q[1];\nrz(2.6369035243988037) q[1];\nrz(0.2688314914703369) q[2];\nrx(-0.6071056723594666) q[2];\nrz(1.361963152885437) q[2];\ncx q[1],q[0];\nx q[0];\nh q[1];\nx q[0];\nx q[2];\nrz(-1.8453218936920166) q[0];\nrx(2.9953742027282715) q[0];\nrz(-2.3460586071014404) q[0];\nrz(-0.36907440423965454) q[1];\nrx(1.2720295190811157) q[1];\nrz(1.2921180725097656) q[1];\nrz(-0.8638995885848999) q[2];\nrx(0.17925696074962616) q[2];\nrz(-2.3891806602478027) q[2];\nh q[0];\ncx q[1],q[2];\nh q[2];\ncx q[2],q[1];\ncx q[2],q[1];\nrz(0.9948050379753113) q[0];\nrx(-1.675765872001648) q[0];\nrz(1.5062084197998047) q[0];\nrz(0.7653475403785706) q[1];\nrx(-0.14414067566394806) q[1];\nrz(1.826452374458313) q[1];\nrz(-0.5037674903869629) q[2];\nrx(2.628227710723877) q[2];\nrz(-0.09059258550405502) q[2];"}