{"seed": 3891, "fidelity": 0.9934486746788025, "pqc_params": [[[0.9252175688743591, -0.3923605680465698, 0.8332366347312927], [2.695007562637329, -3.3890161514282227, 0.5280983448028564], [0.07001546025276184, 1.6018110513687134, -1.8724472522735596]], [[0.02010713703930378, -1.6722756624221802, -1.7559016942977905], [1.6539767980575562, -3.5422441959381104, -0.7752478122711182], [1.8270155191421509, -1.4830811023712158, -3.2483222484588623]], [[-0.17858052253723145, -1.5144308805465698, -2.1481356620788574], [3.399054765701294, 2.5716941356658936, 0.22745279967784882], [-3.507786989212036, 1.883162498474121, 2.4553513526916504]], [[-2.1944241523742676, -2.8000783920288086, -1.9548585414886475], [-0.618474543094635, -1.7427935600280762, -2.710202932357788], [-0.6272156834602356, 0.37592723965644836, -0.06508079171180725]]], "base_circuit_tokens": [["x", [0], []], ["x", [1], []], ["cx", [1, 0], []], ["h", [0], []], ["h", [1], []], ["cx", [1, 0], []], ["h", [1], []], ["h", [0], []], ["h", [2], []], ["h", [1], []], ["h", [1], []], ["h", [2], []], ["h", [0], []], ["h", [1], []], ["cx", [1, 0], []], ["h", [1], []], ["h", [0], []], ["cx", [1, 0], []], ["x", [1], []], ["x", [0], []]], "pqc_circuit_tokens": [["x", [0], []], ["x", [1], []], ["cx", [1, 0], []], ["h", [0], []], ["h", [1], []], ["rz", [0], [0.9252175688743591]], ["rx", [0], [-0.3923605680465698]], ["rz", [0], [0.8332366347312927]], ["rz", [1], [2.695007562637329]], ["rx", [1], [-3.3890161514282227]], ["rz", [1], [0.5280983448028564]], ["rz", [2], [0.07001546025276184]], ["rx", [2], [1.6018110513687134]], ["rz", [2], [-1.8724472522735596]], ["cx", [1, 0], []], ["h", [1], []], ["h", [0], []], ["h", [2], []], ["h", [1], []], ["rz", [0], [0.02010713703930378]], ["rx", [0], [-1.6722756624221802]], ["rz", [0], [-1.7559016942977905]], ["rz", [1], [1.6539767980575562]], ["rx", [1], [-3.5422441959381104]], ["rz", [1], [-0.7752478122711182]], ["rz", [2], [1.8270155191421509]], ["rx", [2], [-1.4830811023712158]], ["rz", [2], [-3.2483222484588623]], ["h", [1], []], ["h", [2], []], ["h", [0], []], ["h", [1], []], ["cx", [1, 0], []], ["rz", [0], [-0.17858052253723145]], ["rx", [0], [-1.5144308805465698]], ["rz", [0], [-2.1481356620788574]], ["rz", [1], [3.399054765701294]], ["rx", [1], [2.5716941356658936]], ["rz", [1], [0.22745279967784882]], ["rz", [2], [-3.507786989212036]], ["rx", [2], [1.883162498474121]], ["rz", [2], [2.4553513526916504]], ["h", [1], []], ["h", [0], []], ["cx", [1, 0], []], ["x", [1], []], ["x", [0], []], ["rz", [0], [-2.1944241523742676]], ["rx", [0], [-2.8000783920288086]], ["rz", [0], [-1.9548585414886475]], ["rz", [1], [-0.618474543094635]], ["rx", [1], [-1.7427935600280762]], ["rz", [1], [-2.710202932357788]], ["rz", [2], [-0.6272156834602356]], ["rx", [2], [0.37592723965644836]], ["rz", [2], [-0.06508079171180725]]], "base_circuit_qasm": "OPENQASM 2.0;\ninclude \"qelib1.inc\";\nqreg q[3];\nx q[0];\nx q[1];\ncx q[1],q[0];\nh q[0];\nh q[1];\ncx q[1],q[0];\nh q[1];\nh q[0];\nh q[2];\nh q[1];\nh q[1];\nh q[2];\nh q[0];\nh q[1];\ncx q[1],q[0];\nh q[1];\nh q[0];\ncx q[1],q[0];\nx q[1];\nx q[0];", "pqc_circuit_qasm": "OPENQASM 2.0;\ninclude \"qelib1.inc\";\nqreg q[3];\nx q[0];\nx q[1];\ncx q[1],q[0];\nh q[0];\nh q[1];\nrz(0.9252175688743591) q[0];\nrx(-0.3923605680465698) q[0];\nrz(0.8332366347312927) q[0];\nrz(2.695007562637329) q[1];\nrx(-3.3890161514282227) q[1];\nrz(0.5280983448028564) q[1];\nrz(0.07001546025276184) q[2];\nrx(1.6018110513687134) q[2];\nrz(-1.8724472522735596) q[2];\ncx q[1],q[0];\nh q[1];\nh q[0];\nh q[2];\nh q[1];\nrz(0.02010713703930378) q[0];\nrx(-1.6722756624221802) q[0];\nrz(-1.7559016942977905) q[0];\nrz(1.6539767980575562) q[1];\nrx(-3.5422441959381104) q[1];\nrz(-0.7752478122711182) q[1];\nrz(1.8270155191421509) q[2];\nrx(-1.4830811023712158) q[2];\nrz(-3.2483222484588623) q[2];\nh q[1];\nh q[2];\nh q[0];\nh q[1];\ncx q[1],q[0];\nrz(-0.17858052253723145) q[0];\nrx(-1.5144308805465698) q[0];\nrz(-2.1481356620788574) q[0];\nrz(3.399054765701294) q[1];\nrx(2.5716941356658936) q[1];\nrz(0.22745279967784882) q[1];\nrz(-3.507786989212036) q[2];\nrx(1.883162498474121) q[2];\nrz(2.4553513526916504) q[2];\nh q[1];\nh q[0];\ncx q[1],q[0];\nx q[1];\nx q[0];\nrz(-2.1944241523742676) q[0];\nrx(-2.8000783920288086) q[0];\nrz(-1.9548585414886475) q[0];\nrz(-0.618474543094635) q[1];\nrx(-1.7427935600280762) q[1];\nrz(-2.710202932357788) q[1];\nrz(-0.6272156834602356) q[2];\nrx(0.37592723965644836) q[2];\nrz(-0.06508079171180725) q[2];"}