{"seed": 3914, "fidelity": 0.952285885810852, "pqc_params": [[[-0.9778242111206055, 1.5088896751403809, -0.6167594790458679], [-1.8349634408950806, 1.5836970806121826, -1.4583145380020142], [-1.8173121213912964, 2.521258592605591, -1.1795682907104492]], [[-3.629289150238037, 2.173863410949707, 2.735248565673828], [-2.4740514755249023, -0.3717288672924042, 0.15073145925998688], [3.2371723651885986, -2.7611501216888428, 2.4661014080047607]], [[-1.1833478212356567, -2.3613951206207275, -2.6729576587677], [1.3063712120056152, 1.8279175758361816, -1.3518974781036377], [2.224896192550659, -0.8188037872314453, -2.826866388320923]], [[1.588932752609253, -2.262324094772339, 3.5640435218811035], [-0.14773212373256683, 3.0365498065948486, 1.930188536643982], [1.9786262512207031, -0.06732723861932755, 1.244318962097168]]], "base_circuit_tokens": [["x", [2], []], ["cx", [1, 2], []], ["h", [1], []], ["x", [1], []], ["h", [1], []], ["cx", [1, 0], []], ["cx", [0, 1], []], ["h", [0], []], ["h", [2], []], ["h", [0], []], ["h", [0], []], ["h", [2], []], ["h", [0], []], ["cx", [0, 1], []], ["cx", [1, 0], []], ["h", [1], []], ["x", [1], []], ["h", [1], []], ["cx", [1, 2], []], ["x", [2], []]], "pqc_circuit_tokens": [["x", [2], []], ["cx", [1, 2], []], ["h", [1], []], ["x", [1], []], ["h", [1], []], ["rz", [0], [-0.9778242111206055]], ["rx", [0], [1.5088896751403809]], ["rz", [0], [-0.6167594790458679]], ["rz", [1], [-1.8349634408950806]], ["rx", [1], [1.5836970806121826]], ["rz", [1], [-1.4583145380020142]], ["rz", [2], [-1.8173121213912964]], ["rx", [2], [2.521258592605591]], ["rz", [2], [-1.1795682907104492]], ["cx", [1, 0], []], ["cx", [0, 1], []], ["h", [0], []], ["h", [2], []], ["h", [0], []], ["rz", [0], [-3.629289150238037]], ["rx", [0], [2.173863410949707]], ["rz", [0], [2.735248565673828]], ["rz", [1], [-2.4740514755249023]], ["rx", [1], [-0.3717288672924042]], ["rz", [1], [0.15073145925998688]], ["rz", [2], [3.2371723651885986]], ["rx", [2], [-2.7611501216888428]], ["rz", [2], [2.4661014080047607]], ["h", [0], []], ["h", [2], []], ["h", [0], []], ["cx", [0, 1], []], ["cx", [1, 0], []], ["rz", [0], [-1.1833478212356567]], ["rx", [0], [-2.3613951206207275]], ["rz", [0], [-2.6729576587677]], ["rz", [1], [1.3063712120056152]], ["rx", [1], [1.8279175758361816]], ["rz", [1], [-1.3518974781036377]], ["rz", [2], [2.224896192550659]], ["rx", [2], [-0.8188037872314453]], ["rz", [2], [-2.826866388320923]], ["h", [1], []], ["x", [1], []], ["h", [1], []], ["cx", [1, 2], []], ["x", [2], []], ["rz", [0], [1.588932752609253]], ["rx", [0], [-2.262324094772339]], ["rz", [0], [3.5640435218811035]], ["rz", [1], [-0.14773212373256683]], ["rx", [1], [3.0365498065948486]], ["rz", [1], [1.930188536643982]], ["rz", [2], [1.9786262512207031]], ["rx", [2], [-0.06732723861932755]], ["rz", [2], [1.244318962097168]]], "base_circuit_qasm": "OPENQASM 2.0;\ninclude \"qelib1.inc\";\nqreg q[3];\nx q[2];\ncx q[1],q[2];\nh q[1];\nx q[1];\nh q[1];\ncx q[1],q[0];\ncx q[0],q[1];\nh q[0];\nh q[2];\nh q[0];\nh q[0];\nh q[2];\nh q[0];\ncx q[0],q[1];\ncx q[1],q[0];\nh q[1];\nx q[1];\nh q[1];\ncx q[1],q[2];\nx q[2];", "pqc_circuit_qasm": "OPENQASM 2.0;\ninclude \"qelib1.inc\";\nqreg q[3];\nx q[2];\ncx q[1],q[2];\nh q[1];\nx q[1];\nh q[1];\nrz(-0.9778242111206055) q[0];\nrx(1.5088896751403809) q[0];\nrz(-0.6167594790458679) q[0];\nrz(-1.8349634408950806) q[1];\nrx(1.5836970806121826) q[1];\nrz(-1.4583145380020142) q[1];\nrz(-1.8173121213912964) q[2];\nrx(2.521258592605591) q[2];\nrz(-1.1795682907104492) q[2];\ncx q[1],q[0];\ncx q[0],q[1];\nh q[0];\nh q[2];\nh q[0];\nrz(-3.629289150238037) q[0];\nrx(2.173863410949707) q[0];\nrz(2.735248565673828) q[0];\nrz(-2.4740514755249023) q[1];\nrx(-0.3717288672924042) q[1];\nrz(0.15073145925998688) q[1];\nrz(3.2371723651885986) q[2];\nrx(-2.7611501216888428) q[2];\nrz(2.4661014080047607) q[2];\nh q[0];\nh q[2];\nh q[0];\ncx q[0],q[1];\ncx q[1],q[0];\nrz(-1.1833478212356567) q[0];\nrx(-2.3613951206207275) q[0];\nrz(-2.6729576587677) q[0];\nrz(1.3063712120056152) q[1];\nrx(1.8279175758361816) q[1];\nrz(-1.3518974781036377) q[1];\nrz(2.224896192550659) q[2];\nrx(-0.8188037872314453) q[2];\nrz(-2.826866388320923) q[2];\nh q[1];\nx q[1];\nh q[1];\ncx q[1],q[2];\nx q[2];\nrz(1.588932752609253) q[0];\nrx(-2.262324094772339) q[0];\nrz(3.5640435218811035) q[0];\nrz(-0.14773212373256683) q[1];\nrx(3.0365498065948486) q[1];\nrz(1.930188536643982) q[1];\nrz(1.9786262512207031) q[2];\nrx(-0.06732723861932755) q[2];\nrz(1.244318962097168) q[2];"}