{"seed": 3927, "fidelity": 0.998568058013916, "pqc_params": [[[2.916733503341675, 0.8018898367881775, -3.0063962936401367], [1.9219626188278198, 0.15822899341583252, -3.59627103805542], [-0.8655336499214172, 0.05838587507605553, -0.29132142663002014]], [[-3.231839418411255, -0.10361805558204651, -1.013344168663025], [-1.0298120975494385, -2.4154605865478516, -1.1327630281448364], [0.07791377604007721, 0.40253838896751404, -0.9405913949012756]], [[0.032554324716329575, -0.7214515209197998, -0.13007067143917084], [0.022597428411245346, -0.2416488081216812, -2.419606924057007], [-0.14581483602523804, -2.653632402420044, -1.8228707313537598]], [[-0.6108341217041016, -3.042858600616455, -0.4009637236595154], [0.5992802977561951, 0.8005425930023193, -3.267282485961914], [2.2616028785705566, 0.0828290656208992, 0.582298219203949]]], "base_circuit_tokens": [["x", [0], []], ["h", [2], []], ["h", [1], []], ["h", [0], []], ["cx", [1, 0], []], ["cx", [1, 0], []], ["h", [0], []], ["x", [2], []], ["h", [2], []], ["h", [0], []], ["h", [0], []], ["h", [2], []], ["x", [2], []], ["h", [0], []], ["cx", [1, 0], []], ["cx", [1, 0], []], ["h", [0], []], ["h", [1], []], ["h", [2], []], ["x", [0], []]], "pqc_circuit_tokens": [["x", [0], []], ["h", [2], []], ["h", [1], []], ["h", [0], []], ["cx", [1, 0], []], ["rz", [0], [2.916733503341675]], ["rx", [0], [0.8018898367881775]], ["rz", [0], [-3.0063962936401367]], ["rz", [1], [1.9219626188278198]], ["rx", [1], [0.15822899341583252]], ["rz", [1], [-3.59627103805542]], ["rz", [2], [-0.8655336499214172]], ["rx", [2], [0.05838587507605553]], ["rz", [2], [-0.29132142663002014]], ["cx", [1, 0], []], ["h", [0], []], ["x", [2], []], ["h", [2], []], ["h", [0], []], ["rz", [0], [-3.231839418411255]], ["rx", [0], [-0.10361805558204651]], ["rz", [0], [-1.013344168663025]], ["rz", [1], [-1.0298120975494385]], ["rx", [1], [-2.4154605865478516]], ["rz", [1], [-1.1327630281448364]], ["rz", [2], [0.07791377604007721]], ["rx", [2], [0.40253838896751404]], ["rz", [2], [-0.9405913949012756]], ["h", [0], []], ["h", [2], []], ["x", [2], []], ["h", [0], []], ["cx", [1, 0], []], ["rz", [0], [0.032554324716329575]], ["rx", [0], [-0.7214515209197998]], ["rz", [0], [-0.13007067143917084]], ["rz", [1], [0.022597428411245346]], ["rx", [1], [-0.2416488081216812]], ["rz", [1], [-2.419606924057007]], ["rz", [2], [-0.14581483602523804]], ["rx", [2], [-2.653632402420044]], ["rz", [2], [-1.8228707313537598]], ["cx", [1, 0], []], ["h", [0], []], ["h", [1], []], ["h", [2], []], ["x", [0], []], ["rz", [0], [-0.6108341217041016]], ["rx", [0], [-3.042858600616455]], ["rz", [0], [-0.4009637236595154]], ["rz", [1], [0.5992802977561951]], ["rx", [1], [0.8005425930023193]], ["rz", [1], [-3.267282485961914]], ["rz", [2], [2.2616028785705566]], ["rx", [2], [0.0828290656208992]], ["rz", [2], [0.582298219203949]]], "base_circuit_qasm": "OPENQASM 2.0;\ninclude \"qelib1.inc\";\nqreg q[3];\nx q[0];\nh q[2];\nh q[1];\nh q[0];\ncx q[1],q[0];\ncx q[1],q[0];\nh q[0];\nx q[2];\nh q[2];\nh q[0];\nh q[0];\nh q[2];\nx q[2];\nh q[0];\ncx q[1],q[0];\ncx q[1],q[0];\nh q[0];\nh q[1];\nh q[2];\nx q[0];", "pqc_circuit_qasm": "OPENQASM 2.0;\ninclude \"qelib1.inc\";\nqreg q[3];\nx q[0];\nh q[2];\nh q[1];\nh q[0];\ncx q[1],q[0];\nrz(2.916733503341675) q[0];\nrx(0.8018898367881775) q[0];\nrz(-3.0063962936401367) q[0];\nrz(1.9219626188278198) q[1];\nrx(0.15822899341583252) q[1];\nrz(-3.59627103805542) q[1];\nrz(-0.8655336499214172) q[2];\nrx(0.05838587507605553) q[2];\nrz(-0.29132142663002014) q[2];\ncx q[1],q[0];\nh q[0];\nx q[2];\nh q[2];\nh q[0];\nrz(-3.231839418411255) q[0];\nrx(-0.10361805558204651) q[0];\nrz(-1.013344168663025) q[0];\nrz(-1.0298120975494385) q[1];\nrx(-2.4154605865478516) q[1];\nrz(-1.1327630281448364) q[1];\nrz(0.07791377604007721) q[2];\nrx(0.40253838896751404) q[2];\nrz(-0.9405913949012756) q[2];\nh q[0];\nh q[2];\nx q[2];\nh q[0];\ncx q[1],q[0];\nrz(0.032554324716329575) q[0];\nrx(-0.7214515209197998) q[0];\nrz(-0.13007067143917084) q[0];\nrz(0.022597428411245346) q[1];\nrx(-0.2416488081216812) q[1];\nrz(-2.419606924057007) q[1];\nrz(-0.14581483602523804) q[2];\nrx(-2.653632402420044) q[2];\nrz(-1.8228707313537598) q[2];\ncx q[1],q[0];\nh q[0];\nh q[1];\nh q[2];\nx q[0];\nrz(-0.6108341217041016) q[0];\nrx(-3.042858600616455) q[0];\nrz(-0.4009637236595154) q[0];\nrz(0.5992802977561951) q[1];\nrx(0.8005425930023193) q[1];\nrz(-3.267282485961914) q[1];\nrz(2.2616028785705566) q[2];\nrx(0.0828290656208992) q[2];\nrz(0.582298219203949) q[2];"}