{"seed": 3934, "fidelity": 0.9817779660224915, "pqc_params": [[[-3.2083852291107178, -1.627570390701294, 2.448655366897583], [2.5578064918518066, -2.397891044616699, -2.1620912551879883], [2.8851969242095947, -1.3803651332855225, 0.28619465231895447]], [[1.3494012355804443, -0.01996086724102497, -1.3007662296295166], [-1.5968397855758667, -1.7801090478897095, 3.4233808517456055], [2.5900468826293945, -2.94691801071167, 0.7898896336555481]], [[2.2274837493896484, 2.1108853816986084, 2.767507553100586], [-3.196242094039917, -1.31083345413208, 2.83701753616333], [-0.581418514251709, 1.6455307006835938, 0.8093741536140442]], [[1.3350439071655273, -0.002921931678429246, 1.7091330289840698], [-0.9892377257347107, -3.203026294708252, -0.8811148405075073], [-2.130662441253662, 0.3910124599933624, 1.838288426399231]]], "base_circuit_tokens": [["cx", [1, 0], []], ["h", [0], []], ["cx", [0, 1], []], ["h", [1], []], ["cx", [0, 1], []], ["h", [0], []], ["h", [2], []], ["x", [1], []], ["cx", [0, 2], []], ["h", [2], []], ["h", [2], []], ["cx", [0, 2], []], ["x", [1], []], ["h", [2], []], ["h", [0], []], ["cx", [0, 1], []], ["h", [1], []], ["cx", [0, 1], []], ["h", [0], []], ["cx", [1, 0], []]], "pqc_circuit_tokens": [["cx", [1, 0], []], ["h", [0], []], ["cx", [0, 1], []], ["h", [1], []], ["cx", [0, 1], []], ["rz", [0], [-3.2083852291107178]], ["rx", [0], [-1.627570390701294]], ["rz", [0], [2.448655366897583]], ["rz", [1], [2.5578064918518066]], ["rx", [1], [-2.397891044616699]], ["rz", [1], [-2.1620912551879883]], ["rz", [2], [2.8851969242095947]], ["rx", [2], [-1.3803651332855225]], ["rz", [2], [0.28619465231895447]], ["h", [0], []], ["h", [2], []], ["x", [1], []], ["cx", [0, 2], []], ["h", [2], []], ["rz", [0], [1.3494012355804443]], ["rx", [0], [-0.01996086724102497]], ["rz", [0], [-1.3007662296295166]], ["rz", [1], [-1.5968397855758667]], ["rx", [1], [-1.7801090478897095]], ["rz", [1], [3.4233808517456055]], ["rz", [2], [2.5900468826293945]], ["rx", [2], [-2.94691801071167]], ["rz", [2], [0.7898896336555481]], ["h", [2], []], ["cx", [0, 2], []], ["x", [1], []], ["h", [2], []], ["h", [0], []], ["rz", [0], [2.2274837493896484]], ["rx", [0], [2.1108853816986084]], ["rz", [0], [2.767507553100586]], ["rz", [1], [-3.196242094039917]], ["rx", [1], [-1.31083345413208]], ["rz", [1], [2.83701753616333]], ["rz", [2], [-0.581418514251709]], ["rx", [2], [1.6455307006835938]], ["rz", [2], [0.8093741536140442]], ["cx", [0, 1], []], ["h", [1], []], ["cx", [0, 1], []], ["h", [0], []], ["cx", [1, 0], []], ["rz", [0], [1.3350439071655273]], ["rx", [0], [-0.002921931678429246]], ["rz", [0], [1.7091330289840698]], ["rz", [1], [-0.9892377257347107]], ["rx", [1], [-3.203026294708252]], ["rz", [1], [-0.8811148405075073]], ["rz", [2], [-2.130662441253662]], ["rx", [2], [0.3910124599933624]], ["rz", [2], [1.838288426399231]]], "base_circuit_qasm": "OPENQASM 2.0;\ninclude \"qelib1.inc\";\nqreg q[3];\ncx q[1],q[0];\nh q[0];\ncx q[0],q[1];\nh q[1];\ncx q[0],q[1];\nh q[0];\nh q[2];\nx q[1];\ncx q[0],q[2];\nh q[2];\nh q[2];\ncx q[0],q[2];\nx q[1];\nh q[2];\nh q[0];\ncx q[0],q[1];\nh q[1];\ncx q[0],q[1];\nh q[0];\ncx q[1],q[0];", "pqc_circuit_qasm": "OPENQASM 2.0;\ninclude \"qelib1.inc\";\nqreg q[3];\ncx q[1],q[0];\nh q[0];\ncx q[0],q[1];\nh q[1];\ncx q[0],q[1];\nrz(-3.2083852291107178) q[0];\nrx(-1.627570390701294) q[0];\nrz(2.448655366897583) q[0];\nrz(2.5578064918518066) q[1];\nrx(-2.397891044616699) q[1];\nrz(-2.1620912551879883) q[1];\nrz(2.8851969242095947) q[2];\nrx(-1.3803651332855225) q[2];\nrz(0.28619465231895447) q[2];\nh q[0];\nh q[2];\nx q[1];\ncx q[0],q[2];\nh q[2];\nrz(1.3494012355804443) q[0];\nrx(-0.01996086724102497) q[0];\nrz(-1.3007662296295166) q[0];\nrz(-1.5968397855758667) q[1];\nrx(-1.7801090478897095) q[1];\nrz(3.4233808517456055) q[1];\nrz(2.5900468826293945) q[2];\nrx(-2.94691801071167) q[2];\nrz(0.7898896336555481) q[2];\nh q[2];\ncx q[0],q[2];\nx q[1];\nh q[2];\nh q[0];\nrz(2.2274837493896484) q[0];\nrx(2.1108853816986084) q[0];\nrz(2.767507553100586) q[0];\nrz(-3.196242094039917) q[1];\nrx(-1.31083345413208) q[1];\nrz(2.83701753616333) q[1];\nrz(-0.581418514251709) q[2];\nrx(1.6455307006835938) q[2];\nrz(0.8093741536140442) q[2];\ncx q[0],q[1];\nh q[1];\ncx q[0],q[1];\nh q[0];\ncx q[1],q[0];\nrz(1.3350439071655273) q[0];\nrx(-0.002921931678429246) q[0];\nrz(1.7091330289840698) q[0];\nrz(-0.9892377257347107) q[1];\nrx(-3.203026294708252) q[1];\nrz(-0.8811148405075073) q[1];\nrz(-2.130662441253662) q[2];\nrx(0.3910124599933624) q[2];\nrz(1.838288426399231) q[2];"}