{"seed": 3945, "fidelity": 0.9791684150695801, "pqc_params": [[[1.174644112586975, 2.8375558853149414, -0.5102541446685791], [-0.39237162470817566, 0.9267717599868774, -0.17954257130622864], [-1.0820451974868774, 0.320728063583374, 0.09848813712596893]], [[0.49673259258270264, -0.30152803659439087, 0.2756038010120392], [-1.2584168910980225, 3.0204453468322754, 1.8707904815673828], [-2.4682345390319824, -1.0400662422180176, 0.7826403379440308]], [[-1.5802302360534668, -3.0491793155670166, 0.5206934213638306], [3.219496488571167, -0.721497654914856, -0.4680488407611847], [0.700968861579895, -3.56978440284729, -0.20091988146305084]], [[-0.21645869314670563, -0.5146118998527527, -1.7664010524749756], [-1.2362480163574219, -3.4078009128570557, -1.1784756183624268], [-0.22814340889453888, -1.7953078746795654, -0.13373471796512604]]], "base_circuit_tokens": [["x", [0], []], ["cx", [0, 2], []], ["cx", [0, 2], []], ["cx", [0, 2], []], ["x", [0], []], ["h", [0], []], ["h", [1], []], ["x", [1], []], ["h", [0], []], ["h", [2], []], ["h", [2], []], ["h", [0], []], ["x", [1], []], ["h", [1], []], ["h", [0], []], ["x", [0], []], ["cx", [0, 2], []], ["cx", [0, 2], []], ["cx", [0, 2], []], ["x", [0], []]], "pqc_circuit_tokens": [["x", [0], []], ["cx", [0, 2], []], ["cx", [0, 2], []], ["cx", [0, 2], []], ["x", [0], []], ["rz", [0], [1.174644112586975]], ["rx", [0], [2.8375558853149414]], ["rz", [0], [-0.5102541446685791]], ["rz", [1], [-0.39237162470817566]], ["rx", [1], [0.9267717599868774]], ["rz", [1], [-0.17954257130622864]], ["rz", [2], [-1.0820451974868774]], ["rx", [2], [0.320728063583374]], ["rz", [2], [0.09848813712596893]], ["h", [0], []], ["h", [1], []], ["x", [1], []], ["h", [0], []], ["h", [2], []], ["rz", [0], [0.49673259258270264]], ["rx", [0], [-0.30152803659439087]], ["rz", [0], [0.2756038010120392]], ["rz", [1], [-1.2584168910980225]], ["rx", [1], [3.0204453468322754]], ["rz", [1], [1.8707904815673828]], ["rz", [2], [-2.4682345390319824]], ["rx", [2], [-1.0400662422180176]], ["rz", [2], [0.7826403379440308]], ["h", [2], []], ["h", [0], []], ["x", [1], []], ["h", [1], []], ["h", [0], []], ["rz", [0], [-1.5802302360534668]], ["rx", [0], [-3.0491793155670166]], ["rz", [0], [0.5206934213638306]], ["rz", [1], [3.219496488571167]], ["rx", [1], [-0.721497654914856]], ["rz", [1], [-0.4680488407611847]], ["rz", [2], [0.700968861579895]], ["rx", [2], [-3.56978440284729]], ["rz", [2], [-0.20091988146305084]], ["x", [0], []], ["cx", [0, 2], []], ["cx", [0, 2], []], ["cx", [0, 2], []], ["x", [0], []], ["rz", [0], [-0.21645869314670563]], ["rx", [0], [-0.5146118998527527]], ["rz", [0], [-1.7664010524749756]], ["rz", [1], [-1.2362480163574219]], ["rx", [1], [-3.4078009128570557]], ["rz", [1], [-1.1784756183624268]], ["rz", [2], [-0.22814340889453888]], ["rx", [2], [-1.7953078746795654]], ["rz", [2], [-0.13373471796512604]]], "base_circuit_qasm": "OPENQASM 2.0;\ninclude \"qelib1.inc\";\nqreg q[3];\nx q[0];\ncx q[0],q[2];\ncx q[0],q[2];\ncx q[0],q[2];\nx q[0];\nh q[0];\nh q[1];\nx q[1];\nh q[0];\nh q[2];\nh q[2];\nh q[0];\nx q[1];\nh q[1];\nh q[0];\nx q[0];\ncx q[0],q[2];\ncx q[0],q[2];\ncx q[0],q[2];\nx q[0];", "pqc_circuit_qasm": "OPENQASM 2.0;\ninclude \"qelib1.inc\";\nqreg q[3];\nx q[0];\ncx q[0],q[2];\ncx q[0],q[2];\ncx q[0],q[2];\nx q[0];\nrz(1.174644112586975) q[0];\nrx(2.8375558853149414) q[0];\nrz(-0.5102541446685791) q[0];\nrz(-0.39237162470817566) q[1];\nrx(0.9267717599868774) q[1];\nrz(-0.17954257130622864) q[1];\nrz(-1.0820451974868774) q[2];\nrx(0.320728063583374) q[2];\nrz(0.09848813712596893) q[2];\nh q[0];\nh q[1];\nx q[1];\nh q[0];\nh q[2];\nrz(0.49673259258270264) q[0];\nrx(-0.30152803659439087) q[0];\nrz(0.2756038010120392) q[0];\nrz(-1.2584168910980225) q[1];\nrx(3.0204453468322754) q[1];\nrz(1.8707904815673828) q[1];\nrz(-2.4682345390319824) q[2];\nrx(-1.0400662422180176) q[2];\nrz(0.7826403379440308) q[2];\nh q[2];\nh q[0];\nx q[1];\nh q[1];\nh q[0];\nrz(-1.5802302360534668) q[0];\nrx(-3.0491793155670166) q[0];\nrz(0.5206934213638306) q[0];\nrz(3.219496488571167) q[1];\nrx(-0.721497654914856) q[1];\nrz(-0.4680488407611847) q[1];\nrz(0.700968861579895) q[2];\nrx(-3.56978440284729) q[2];\nrz(-0.20091988146305084) q[2];\nx q[0];\ncx q[0],q[2];\ncx q[0],q[2];\ncx q[0],q[2];\nx q[0];\nrz(-0.21645869314670563) q[0];\nrx(-0.5146118998527527) q[0];\nrz(-1.7664010524749756) q[0];\nrz(-1.2362480163574219) q[1];\nrx(-3.4078009128570557) q[1];\nrz(-1.1784756183624268) q[1];\nrz(-0.22814340889453888) q[2];\nrx(-1.7953078746795654) q[2];\nrz(-0.13373471796512604) q[2];"}