{"seed": 3967, "fidelity": 0.9993996620178223, "pqc_params": [[[1.012813925743103, 1.982670783996582, -0.41400977969169617], [-1.0614745616912842, 1.2361184358596802, 1.1357313394546509], [-1.652578592300415, -2.1277527809143066, -2.6064703464508057]], [[-1.3495837450027466, 2.1378331184387207, -0.8355972766876221], [-0.1792321503162384, -2.5233347415924072, 2.9403421878814697], [1.0023695230484009, -1.4192308187484741, -2.41880202293396]], [[-0.7283638715744019, 0.44382745027542114, -0.8939083814620972], [-2.1512298583984375, -1.6263457536697388, -2.670565605163574], [1.97394859790802, -2.5417697429656982, 2.016395330429077]], [[-1.5376300811767578, 0.8338527083396912, 2.566857099533081], [-0.19189517199993134, -0.968411922454834, 3.0115039348602295], [-0.11959642171859741, -3.6689453125, 0.1460326761007309]]], "base_circuit_tokens": [["x", [2], []], ["h", [1], []], ["h", [2], []], ["x", [0], []], ["cx", [1, 2], []], ["h", [1], []], ["h", [2], []], ["h", [2], []], ["h", [1], []], ["h", [2], []], ["h", [2], []], ["h", [1], []], ["h", [2], []], ["h", [2], []], ["h", [1], []], ["cx", [1, 2], []], ["x", [0], []], ["h", [2], []], ["h", [1], []], ["x", [2], []]], "pqc_circuit_tokens": [["x", [2], []], ["h", [1], []], ["h", [2], []], ["x", [0], []], ["cx", [1, 2], []], ["rz", [0], [1.012813925743103]], ["rx", [0], [1.982670783996582]], ["rz", [0], [-0.41400977969169617]], ["rz", [1], [-1.0614745616912842]], ["rx", [1], [1.2361184358596802]], ["rz", [1], [1.1357313394546509]], ["rz", [2], [-1.652578592300415]], ["rx", [2], [-2.1277527809143066]], ["rz", [2], [-2.6064703464508057]], ["h", [1], []], ["h", [2], []], ["h", [2], []], ["h", [1], []], ["h", [2], []], ["rz", [0], [-1.3495837450027466]], ["rx", [0], [2.1378331184387207]], ["rz", [0], [-0.8355972766876221]], ["rz", [1], [-0.1792321503162384]], ["rx", [1], [-2.5233347415924072]], ["rz", [1], [2.9403421878814697]], ["rz", [2], [1.0023695230484009]], ["rx", [2], [-1.4192308187484741]], ["rz", [2], [-2.41880202293396]], ["h", [2], []], ["h", [1], []], ["h", [2], []], ["h", [2], []], ["h", [1], []], ["rz", [0], [-0.7283638715744019]], ["rx", [0], [0.44382745027542114]], ["rz", [0], [-0.8939083814620972]], ["rz", [1], [-2.1512298583984375]], ["rx", [1], [-1.6263457536697388]], ["rz", [1], [-2.670565605163574]], ["rz", [2], [1.97394859790802]], ["rx", [2], [-2.5417697429656982]], ["rz", [2], [2.016395330429077]], ["cx", [1, 2], []], ["x", [0], []], ["h", [2], []], ["h", [1], []], ["x", [2], []], ["rz", [0], [-1.5376300811767578]], ["rx", [0], [0.8338527083396912]], ["rz", [0], [2.566857099533081]], ["rz", [1], [-0.19189517199993134]], ["rx", [1], [-0.968411922454834]], ["rz", [1], [3.0115039348602295]], ["rz", [2], [-0.11959642171859741]], ["rx", [2], [-3.6689453125]], ["rz", [2], [0.1460326761007309]]], "base_circuit_qasm": "OPENQASM 2.0;\ninclude \"qelib1.inc\";\nqreg q[3];\nx q[2];\nh q[1];\nh q[2];\nx q[0];\ncx q[1],q[2];\nh q[1];\nh q[2];\nh q[2];\nh q[1];\nh q[2];\nh q[2];\nh q[1];\nh q[2];\nh q[2];\nh q[1];\ncx q[1],q[2];\nx q[0];\nh q[2];\nh q[1];\nx q[2];", "pqc_circuit_qasm": "OPENQASM 2.0;\ninclude \"qelib1.inc\";\nqreg q[3];\nx q[2];\nh q[1];\nh q[2];\nx q[0];\ncx q[1],q[2];\nrz(1.012813925743103) q[0];\nrx(1.982670783996582) q[0];\nrz(-0.41400977969169617) q[0];\nrz(-1.0614745616912842) q[1];\nrx(1.2361184358596802) q[1];\nrz(1.1357313394546509) q[1];\nrz(-1.652578592300415) q[2];\nrx(-2.1277527809143066) q[2];\nrz(-2.6064703464508057) q[2];\nh q[1];\nh q[2];\nh q[2];\nh q[1];\nh q[2];\nrz(-1.3495837450027466) q[0];\nrx(2.1378331184387207) q[0];\nrz(-0.8355972766876221) q[0];\nrz(-0.1792321503162384) q[1];\nrx(-2.5233347415924072) q[1];\nrz(2.9403421878814697) q[1];\nrz(1.0023695230484009) q[2];\nrx(-1.4192308187484741) q[2];\nrz(-2.41880202293396) q[2];\nh q[2];\nh q[1];\nh q[2];\nh q[2];\nh q[1];\nrz(-0.7283638715744019) q[0];\nrx(0.44382745027542114) q[0];\nrz(-0.8939083814620972) q[0];\nrz(-2.1512298583984375) q[1];\nrx(-1.6263457536697388) q[1];\nrz(-2.670565605163574) q[1];\nrz(1.97394859790802) q[2];\nrx(-2.5417697429656982) q[2];\nrz(2.016395330429077) q[2];\ncx q[1],q[2];\nx q[0];\nh q[2];\nh q[1];\nx q[2];\nrz(-1.5376300811767578) q[0];\nrx(0.8338527083396912) q[0];\nrz(2.566857099533081) q[0];\nrz(-0.19189517199993134) q[1];\nrx(-0.968411922454834) q[1];\nrz(3.0115039348602295) q[1];\nrz(-0.11959642171859741) q[2];\nrx(-3.6689453125) q[2];\nrz(0.1460326761007309) q[2];"}