{"seed": 3975, "fidelity": 0.9991220831871033, "pqc_params": [[[-0.883786678314209, -0.886635959148407, -1.9883900880813599], [-1.357631802558899, 2.5016682147979736, 1.1024999618530273], [1.5286834239959717, -2.0818228721618652, -3.118774652481079]], [[-2.4785478115081787, 3.442709445953369, -1.2754461765289307], [-0.6967321038246155, -0.09060239046812057, -2.3676538467407227], [2.4832756519317627, -3.139392137527466, 2.589790105819702]], [[0.27506667375564575, -0.48367270827293396, 1.1886169910430908], [-1.2921689748764038, -3.657423496246338, -1.5163781642913818], [0.030719254165887833, 1.9257105588912964, -0.4687407314777374]], [[0.4584517776966095, -1.8802049160003662, 1.9165663719177246], [0.6159482002258301, 3.150338649749756, -1.1774626970291138], [1.868807315826416, -1.364552617073059, 2.593264579772949]]], "base_circuit_tokens": [["h", [2], []], ["h", [2], []], ["h", [0], []], ["h", [2], []], ["x", [1], []], ["h", [1], []], ["x", [0], []], ["cx", [1, 2], []], ["h", [0], []], ["x", [0], []], ["x", [0], []], ["h", [0], []], ["cx", [1, 2], []], ["x", [0], []], ["h", [1], []], ["x", [1], []], ["h", [2], []], ["h", [0], []], ["h", [2], []], ["h", [2], []]], "pqc_circuit_tokens": [["h", [2], []], ["h", [2], []], ["h", [0], []], ["h", [2], []], ["x", [1], []], ["rz", [0], [-0.883786678314209]], ["rx", [0], [-0.886635959148407]], ["rz", [0], [-1.9883900880813599]], ["rz", [1], [-1.357631802558899]], ["rx", [1], [2.5016682147979736]], ["rz", [1], [1.1024999618530273]], ["rz", [2], [1.5286834239959717]], ["rx", [2], [-2.0818228721618652]], ["rz", [2], [-3.118774652481079]], ["h", [1], []], ["x", [0], []], ["cx", [1, 2], []], ["h", [0], []], ["x", [0], []], ["rz", [0], [-2.4785478115081787]], ["rx", [0], [3.442709445953369]], ["rz", [0], [-1.2754461765289307]], ["rz", [1], [-0.6967321038246155]], ["rx", [1], [-0.09060239046812057]], ["rz", [1], [-2.3676538467407227]], ["rz", [2], [2.4832756519317627]], ["rx", [2], [-3.139392137527466]], ["rz", [2], [2.589790105819702]], ["x", [0], []], ["h", [0], []], ["cx", [1, 2], []], ["x", [0], []], ["h", [1], []], ["rz", [0], [0.27506667375564575]], ["rx", [0], [-0.48367270827293396]], ["rz", [0], [1.1886169910430908]], ["rz", [1], [-1.2921689748764038]], ["rx", [1], [-3.657423496246338]], ["rz", [1], [-1.5163781642913818]], ["rz", [2], [0.030719254165887833]], ["rx", [2], [1.9257105588912964]], ["rz", [2], [-0.4687407314777374]], ["x", [1], []], ["h", [2], []], ["h", [0], []], ["h", [2], []], ["h", [2], []], ["rz", [0], [0.4584517776966095]], ["rx", [0], [-1.8802049160003662]], ["rz", [0], [1.9165663719177246]], ["rz", [1], [0.6159482002258301]], ["rx", [1], [3.150338649749756]], ["rz", [1], [-1.1774626970291138]], ["rz", [2], [1.868807315826416]], ["rx", [2], [-1.364552617073059]], ["rz", [2], [2.593264579772949]]], "base_circuit_qasm": "OPENQASM 2.0;\ninclude \"qelib1.inc\";\nqreg q[3];\nh q[2];\nh q[2];\nh q[0];\nh q[2];\nx q[1];\nh q[1];\nx q[0];\ncx q[1],q[2];\nh q[0];\nx q[0];\nx q[0];\nh q[0];\ncx q[1],q[2];\nx q[0];\nh q[1];\nx q[1];\nh q[2];\nh q[0];\nh q[2];\nh q[2];", "pqc_circuit_qasm": "OPENQASM 2.0;\ninclude \"qelib1.inc\";\nqreg q[3];\nh q[2];\nh q[2];\nh q[0];\nh q[2];\nx q[1];\nrz(-0.883786678314209) q[0];\nrx(-0.886635959148407) q[0];\nrz(-1.9883900880813599) q[0];\nrz(-1.357631802558899) q[1];\nrx(2.5016682147979736) q[1];\nrz(1.1024999618530273) q[1];\nrz(1.5286834239959717) q[2];\nrx(-2.0818228721618652) q[2];\nrz(-3.118774652481079) q[2];\nh q[1];\nx q[0];\ncx q[1],q[2];\nh q[0];\nx q[0];\nrz(-2.4785478115081787) q[0];\nrx(3.442709445953369) q[0];\nrz(-1.2754461765289307) q[0];\nrz(-0.6967321038246155) q[1];\nrx(-0.09060239046812057) q[1];\nrz(-2.3676538467407227) q[1];\nrz(2.4832756519317627) q[2];\nrx(-3.139392137527466) q[2];\nrz(2.589790105819702) q[2];\nx q[0];\nh q[0];\ncx q[1],q[2];\nx q[0];\nh q[1];\nrz(0.27506667375564575) q[0];\nrx(-0.48367270827293396) q[0];\nrz(1.1886169910430908) q[0];\nrz(-1.2921689748764038) q[1];\nrx(-3.657423496246338) q[1];\nrz(-1.5163781642913818) q[1];\nrz(0.030719254165887833) q[2];\nrx(1.9257105588912964) q[2];\nrz(-0.4687407314777374) q[2];\nx q[1];\nh q[2];\nh q[0];\nh q[2];\nh q[2];\nrz(0.4584517776966095) q[0];\nrx(-1.8802049160003662) q[0];\nrz(1.9165663719177246) q[0];\nrz(0.6159482002258301) q[1];\nrx(3.150338649749756) q[1];\nrz(-1.1774626970291138) q[1];\nrz(1.868807315826416) q[2];\nrx(-1.364552617073059) q[2];\nrz(2.593264579772949) q[2];"}