{"seed": 4000, "fidelity": 0.9952083826065063, "pqc_params": [[[2.876521587371826, -1.6431512832641602, 0.09918844699859619], [1.178560495376587, -2.4339427947998047, -1.8942586183547974], [1.0357275009155273, 1.0432555675506592, -2.628182888031006]], [[-0.28929224610328674, 1.0600210428237915, 0.6350855231285095], [-3.0291829109191895, 2.67622447013855, 2.0455448627471924], [-0.8498371243476868, -2.1792116165161133, 0.12941792607307434]], [[1.2998367547988892, 1.5469015836715698, 2.191439151763916], [1.4117803573608398, -2.7564704418182373, -2.666966676712036], [1.73193359375, -0.2569718360900879, -0.8989284038543701]], [[-0.13541783392429352, -0.5979275703430176, -0.7255396842956543], [-0.059231579303741455, -0.5460692048072815, -3.3983612060546875], [1.856938123703003, 0.12704119086265564, 1.1540446281433105]]], "base_circuit_tokens": [["h", [1], []], ["h", [0], []], ["h", [0], []], ["cx", [1, 2], []], ["x", [0], []], ["x", [0], []], ["h", [0], []], ["x", [1], []], ["h", [1], []], ["h", [1], []], ["h", [1], []], ["h", [1], []], ["x", [1], []], ["h", [0], []], ["x", [0], []], ["x", [0], []], ["cx", [1, 2], []], ["h", [0], []], ["h", [0], []], ["h", [1], []]], "pqc_circuit_tokens": [["h", [1], []], ["h", [0], []], ["h", [0], []], ["cx", [1, 2], []], ["x", [0], []], ["rz", [0], [2.876521587371826]], ["rx", [0], [-1.6431512832641602]], ["rz", [0], [0.09918844699859619]], ["rz", [1], [1.178560495376587]], ["rx", [1], [-2.4339427947998047]], ["rz", [1], [-1.8942586183547974]], ["rz", [2], [1.0357275009155273]], ["rx", [2], [1.0432555675506592]], ["rz", [2], [-2.628182888031006]], ["x", [0], []], ["h", [0], []], ["x", [1], []], ["h", [1], []], ["h", [1], []], ["rz", [0], [-0.28929224610328674]], ["rx", [0], [1.0600210428237915]], ["rz", [0], [0.6350855231285095]], ["rz", [1], [-3.0291829109191895]], ["rx", [1], [2.67622447013855]], ["rz", [1], [2.0455448627471924]], ["rz", [2], [-0.8498371243476868]], ["rx", [2], [-2.1792116165161133]], ["rz", [2], [0.12941792607307434]], ["h", [1], []], ["h", [1], []], ["x", [1], []], ["h", [0], []], ["x", [0], []], ["rz", [0], [1.2998367547988892]], ["rx", [0], [1.5469015836715698]], ["rz", [0], [2.191439151763916]], ["rz", [1], [1.4117803573608398]], ["rx", [1], [-2.7564704418182373]], ["rz", [1], [-2.666966676712036]], ["rz", [2], [1.73193359375]], ["rx", [2], [-0.2569718360900879]], ["rz", [2], [-0.8989284038543701]], ["x", [0], []], ["cx", [1, 2], []], ["h", [0], []], ["h", [0], []], ["h", [1], []], ["rz", [0], [-0.13541783392429352]], ["rx", [0], [-0.5979275703430176]], ["rz", [0], [-0.7255396842956543]], ["rz", [1], [-0.059231579303741455]], ["rx", [1], [-0.5460692048072815]], ["rz", [1], [-3.3983612060546875]], ["rz", [2], [1.856938123703003]], ["rx", [2], [0.12704119086265564]], ["rz", [2], [1.1540446281433105]]], "base_circuit_qasm": "OPENQASM 2.0;\ninclude \"qelib1.inc\";\nqreg q[3];\nh q[1];\nh q[0];\nh q[0];\ncx q[1],q[2];\nx q[0];\nx q[0];\nh q[0];\nx q[1];\nh q[1];\nh q[1];\nh q[1];\nh q[1];\nx q[1];\nh q[0];\nx q[0];\nx q[0];\ncx q[1],q[2];\nh q[0];\nh q[0];\nh q[1];", "pqc_circuit_qasm": "OPENQASM 2.0;\ninclude \"qelib1.inc\";\nqreg q[3];\nh q[1];\nh q[0];\nh q[0];\ncx q[1],q[2];\nx q[0];\nrz(2.876521587371826) q[0];\nrx(-1.6431512832641602) q[0];\nrz(0.09918844699859619) q[0];\nrz(1.178560495376587) q[1];\nrx(-2.4339427947998047) q[1];\nrz(-1.8942586183547974) q[1];\nrz(1.0357275009155273) q[2];\nrx(1.0432555675506592) q[2];\nrz(-2.628182888031006) q[2];\nx q[0];\nh q[0];\nx q[1];\nh q[1];\nh q[1];\nrz(-0.28929224610328674) q[0];\nrx(1.0600210428237915) q[0];\nrz(0.6350855231285095) q[0];\nrz(-3.0291829109191895) q[1];\nrx(2.67622447013855) q[1];\nrz(2.0455448627471924) q[1];\nrz(-0.8498371243476868) q[2];\nrx(-2.1792116165161133) q[2];\nrz(0.12941792607307434) q[2];\nh q[1];\nh q[1];\nx q[1];\nh q[0];\nx q[0];\nrz(1.2998367547988892) q[0];\nrx(1.5469015836715698) q[0];\nrz(2.191439151763916) q[0];\nrz(1.4117803573608398) q[1];\nrx(-2.7564704418182373) q[1];\nrz(-2.666966676712036) q[1];\nrz(1.73193359375) q[2];\nrx(-0.2569718360900879) q[2];\nrz(-0.8989284038543701) q[2];\nx q[0];\ncx q[1],q[2];\nh q[0];\nh q[0];\nh q[1];\nrz(-0.13541783392429352) q[0];\nrx(-0.5979275703430176) q[0];\nrz(-0.7255396842956543) q[0];\nrz(-0.059231579303741455) q[1];\nrx(-0.5460692048072815) q[1];\nrz(-3.3983612060546875) q[1];\nrz(1.856938123703003) q[2];\nrx(0.12704119086265564) q[2];\nrz(1.1540446281433105) q[2];"}