{"seed": 4020, "fidelity": 0.9722204208374023, "pqc_params": [[[-2.668348789215088, 2.9661169052124023, -0.6158900260925293], [2.0661284923553467, 0.8957341313362122, 1.5635483264923096], [-3.573403835296631, -0.08274086564779282, 1.8101351261138916]], [[2.950190544128418, -3.0412566661834717, -1.3489084243774414], [-2.9732894897460938, 2.363115072250366, 0.00024173964629881084], [-0.4078543484210968, -1.9188462495803833, 2.2635865211486816]], [[-3.1943838596343994, -2.5489895343780518, 2.5103163719177246], [2.7401204109191895, -2.498783826828003, 1.1212502717971802], [1.72802734375, 1.7030906677246094, 1.007878065109253]], [[0.23866617679595947, 0.44892165064811707, -0.6945529580116272], [-1.1374197006225586, -0.07184136658906937, -1.9161297082901], [-1.1808290481567383, -3.1757540702819824, 0.5919926762580872]]], "base_circuit_tokens": [["h", [0], []], ["h", [1], []], ["cx", [2, 0], []], ["h", [2], []], ["cx", [0, 1], []], ["h", [1], []], ["x", [0], []], ["h", [0], []], ["h", [0], []], ["cx", [0, 2], []], ["cx", [0, 2], []], ["h", [0], []], ["h", [0], []], ["x", [0], []], ["h", [1], []], ["cx", [0, 1], []], ["h", [2], []], ["cx", [2, 0], []], ["h", [1], []], ["h", [0], []]], "pqc_circuit_tokens": [["h", [0], []], ["h", [1], []], ["cx", [2, 0], []], ["h", [2], []], ["cx", [0, 1], []], ["rz", [0], [-2.668348789215088]], ["rx", [0], [2.9661169052124023]], ["rz", [0], [-0.6158900260925293]], ["rz", [1], [2.0661284923553467]], ["rx", [1], [0.8957341313362122]], ["rz", [1], [1.5635483264923096]], ["rz", [2], [-3.573403835296631]], ["rx", [2], [-0.08274086564779282]], ["rz", [2], [1.8101351261138916]], ["h", [1], []], ["x", [0], []], ["h", [0], []], ["h", [0], []], ["cx", [0, 2], []], ["rz", [0], [2.950190544128418]], ["rx", [0], [-3.0412566661834717]], ["rz", [0], [-1.3489084243774414]], ["rz", [1], [-2.9732894897460938]], ["rx", [1], [2.363115072250366]], ["rz", [1], [0.00024173964629881084]], ["rz", [2], [-0.4078543484210968]], ["rx", [2], [-1.9188462495803833]], ["rz", [2], [2.2635865211486816]], ["cx", [0, 2], []], ["h", [0], []], ["h", [0], []], ["x", [0], []], ["h", [1], []], ["rz", [0], [-3.1943838596343994]], ["rx", [0], [-2.5489895343780518]], ["rz", [0], [2.5103163719177246]], ["rz", [1], [2.7401204109191895]], ["rx", [1], [-2.498783826828003]], ["rz", [1], [1.1212502717971802]], ["rz", [2], [1.72802734375]], ["rx", [2], [1.7030906677246094]], ["rz", [2], [1.007878065109253]], ["cx", [0, 1], []], ["h", [2], []], ["cx", [2, 0], []], ["h", [1], []], ["h", [0], []], ["rz", [0], [0.23866617679595947]], ["rx", [0], [0.44892165064811707]], ["rz", [0], [-0.6945529580116272]], ["rz", [1], [-1.1374197006225586]], ["rx", [1], [-0.07184136658906937]], ["rz", [1], [-1.9161297082901]], ["rz", [2], [-1.1808290481567383]], ["rx", [2], [-3.1757540702819824]], ["rz", [2], [0.5919926762580872]]], "base_circuit_qasm": "OPENQASM 2.0;\ninclude \"qelib1.inc\";\nqreg q[3];\nh q[0];\nh q[1];\ncx q[2],q[0];\nh q[2];\ncx q[0],q[1];\nh q[1];\nx q[0];\nh q[0];\nh q[0];\ncx q[0],q[2];\ncx q[0],q[2];\nh q[0];\nh q[0];\nx q[0];\nh q[1];\ncx q[0],q[1];\nh q[2];\ncx q[2],q[0];\nh q[1];\nh q[0];", "pqc_circuit_qasm": "OPENQASM 2.0;\ninclude \"qelib1.inc\";\nqreg q[3];\nh q[0];\nh q[1];\ncx q[2],q[0];\nh q[2];\ncx q[0],q[1];\nrz(-2.668348789215088) q[0];\nrx(2.9661169052124023) q[0];\nrz(-0.6158900260925293) q[0];\nrz(2.0661284923553467) q[1];\nrx(0.8957341313362122) q[1];\nrz(1.5635483264923096) q[1];\nrz(-3.573403835296631) q[2];\nrx(-0.08274086564779282) q[2];\nrz(1.8101351261138916) q[2];\nh q[1];\nx q[0];\nh q[0];\nh q[0];\ncx q[0],q[2];\nrz(2.950190544128418) q[0];\nrx(-3.0412566661834717) q[0];\nrz(-1.3489084243774414) q[0];\nrz(-2.9732894897460938) q[1];\nrx(2.363115072250366) q[1];\nrz(0.00024173964629881084) q[1];\nrz(-0.4078543484210968) q[2];\nrx(-1.9188462495803833) q[2];\nrz(2.2635865211486816) q[2];\ncx q[0],q[2];\nh q[0];\nh q[0];\nx q[0];\nh q[1];\nrz(-3.1943838596343994) q[0];\nrx(-2.5489895343780518) q[0];\nrz(2.5103163719177246) q[0];\nrz(2.7401204109191895) q[1];\nrx(-2.498783826828003) q[1];\nrz(1.1212502717971802) q[1];\nrz(1.72802734375) q[2];\nrx(1.7030906677246094) q[2];\nrz(1.007878065109253) q[2];\ncx q[0],q[1];\nh q[2];\ncx q[2],q[0];\nh q[1];\nh q[0];\nrz(0.23866617679595947) q[0];\nrx(0.44892165064811707) q[0];\nrz(-0.6945529580116272) q[0];\nrz(-1.1374197006225586) q[1];\nrx(-0.07184136658906937) q[1];\nrz(-1.9161297082901) q[1];\nrz(-1.1808290481567383) q[2];\nrx(-3.1757540702819824) q[2];\nrz(0.5919926762580872) q[2];"}