{"seed": 404, "fidelity": 0.9503368735313416, "pqc_params": [[[-1.184838891029358, -2.100429058074951, 0.36139559745788574], [3.5589215755462646, 2.097489356994629, 2.4133284091949463], [1.035488247871399, -1.2689684629440308, -1.3566057682037354]], [[0.3565794825553894, 0.25633010268211365, 2.8855652809143066], [0.5352721810340881, 1.3664848804473877, -0.9932593107223511], [0.943556010723114, 2.6148455142974854, 1.299727439880371]], [[-2.749133825302124, -2.811095714569092, -0.2888055145740509], [-2.0531909465789795, -1.4193665981292725, -1.605325698852539], [0.550704300403595, -2.8716659545898438, -0.9424863457679749]], [[-0.5128143429756165, 1.1259461641311646, -1.248689889907837], [2.6361989974975586, 2.2100443840026855, 2.22662615776062], [-2.4075732231140137, 0.729900062084198, -2.6267826557159424]]], "base_circuit_tokens": [["h", [1], []], ["h", [0], []], ["h", [2], []], ["h", [0], []], ["x", [0], []], ["h", [2], []], ["h", [2], []], ["h", [2], []], ["cx", [2, 0], []], ["x", [0], []], ["x", [0], []], ["cx", [2, 0], []], ["h", [2], []], ["h", [2], []], ["h", [2], []], ["x", [0], []], ["h", [0], []], ["h", [2], []], ["h", [0], []], ["h", [1], []]], "pqc_circuit_tokens": [["h", [1], []], ["h", [0], []], ["h", [2], []], ["h", [0], []], ["x", [0], []], ["rz", [0], [-1.184838891029358]], ["rx", [0], [-2.100429058074951]], ["rz", [0], [0.36139559745788574]], ["rz", [1], [3.5589215755462646]], ["rx", [1], [2.097489356994629]], ["rz", [1], [2.4133284091949463]], ["rz", [2], [1.035488247871399]], ["rx", [2], [-1.2689684629440308]], ["rz", [2], [-1.3566057682037354]], ["h", [2], []], ["h", [2], []], ["h", [2], []], ["cx", [2, 0], []], ["x", [0], []], ["rz", [0], [0.3565794825553894]], ["rx", [0], [0.25633010268211365]], ["rz", [0], [2.8855652809143066]], ["rz", [1], [0.5352721810340881]], ["rx", [1], [1.3664848804473877]], ["rz", [1], [-0.9932593107223511]], ["rz", [2], [0.943556010723114]], ["rx", [2], [2.6148455142974854]], ["rz", [2], [1.299727439880371]], ["x", [0], []], ["cx", [2, 0], []], ["h", [2], []], ["h", [2], []], ["h", [2], []], ["rz", [0], [-2.749133825302124]], ["rx", [0], [-2.811095714569092]], ["rz", [0], [-0.2888055145740509]], ["rz", [1], [-2.0531909465789795]], ["rx", [1], [-1.4193665981292725]], ["rz", [1], [-1.605325698852539]], ["rz", [2], [0.550704300403595]], ["rx", [2], [-2.8716659545898438]], ["rz", [2], [-0.9424863457679749]], ["x", [0], []], ["h", [0], []], ["h", [2], []], ["h", [0], []], ["h", [1], []], ["rz", [0], [-0.5128143429756165]], ["rx", [0], [1.1259461641311646]], ["rz", [0], [-1.248689889907837]], ["rz", [1], [2.6361989974975586]], ["rx", [1], [2.2100443840026855]], ["rz", [1], [2.22662615776062]], ["rz", [2], [-2.4075732231140137]], ["rx", [2], [0.729900062084198]], ["rz", [2], [-2.6267826557159424]]], "base_circuit_qasm": "OPENQASM 2.0;\ninclude \"qelib1.inc\";\nqreg q[3];\nh q[1];\nh q[0];\nh q[2];\nh q[0];\nx q[0];\nh q[2];\nh q[2];\nh q[2];\ncx q[2],q[0];\nx q[0];\nx q[0];\ncx q[2],q[0];\nh q[2];\nh q[2];\nh q[2];\nx q[0];\nh q[0];\nh q[2];\nh q[0];\nh q[1];", "pqc_circuit_qasm": "OPENQASM 2.0;\ninclude \"qelib1.inc\";\nqreg q[3];\nh q[1];\nh q[0];\nh q[2];\nh q[0];\nx q[0];\nrz(-1.184838891029358) q[0];\nrx(-2.100429058074951) q[0];\nrz(0.36139559745788574) q[0];\nrz(3.5589215755462646) q[1];\nrx(2.097489356994629) q[1];\nrz(2.4133284091949463) q[1];\nrz(1.035488247871399) q[2];\nrx(-1.2689684629440308) q[2];\nrz(-1.3566057682037354) q[2];\nh q[2];\nh q[2];\nh q[2];\ncx q[2],q[0];\nx q[0];\nrz(0.3565794825553894) q[0];\nrx(0.25633010268211365) q[0];\nrz(2.8855652809143066) q[0];\nrz(0.5352721810340881) q[1];\nrx(1.3664848804473877) q[1];\nrz(-0.9932593107223511) q[1];\nrz(0.943556010723114) q[2];\nrx(2.6148455142974854) q[2];\nrz(1.299727439880371) q[2];\nx q[0];\ncx q[2],q[0];\nh q[2];\nh q[2];\nh q[2];\nrz(-2.749133825302124) q[0];\nrx(-2.811095714569092) q[0];\nrz(-0.2888055145740509) q[0];\nrz(-2.0531909465789795) q[1];\nrx(-1.4193665981292725) q[1];\nrz(-1.605325698852539) q[1];\nrz(0.550704300403595) q[2];\nrx(-2.8716659545898438) q[2];\nrz(-0.9424863457679749) q[2];\nx q[0];\nh q[0];\nh q[2];\nh q[0];\nh q[1];\nrz(-0.5128143429756165) q[0];\nrx(1.1259461641311646) q[0];\nrz(-1.248689889907837) q[0];\nrz(2.6361989974975586) q[1];\nrx(2.2100443840026855) q[1];\nrz(2.22662615776062) q[1];\nrz(-2.4075732231140137) q[2];\nrx(0.729900062084198) q[2];\nrz(-2.6267826557159424) q[2];"}