{"seed": 4049, "fidelity": 0.9990086555480957, "pqc_params": [[[-2.0932674407958984, 3.095064878463745, 0.16545945405960083], [2.60115909576416, -2.4057421684265137, -2.8099710941314697], [1.0484169721603394, -1.115957260131836, 1.2272533178329468]], [[1.7995681762695312, 0.3576667904853821, 2.363887310028076], [-0.040349073708057404, -2.2566139698028564, -1.896491289138794], [-3.2158994674682617, 1.5658893585205078, -2.574486494064331]], [[1.1542963981628418, -3.0212595462799072, 1.4372862577438354], [-1.6935118436813354, 0.2869696617126465, 1.1005781888961792], [2.3798909187316895, 1.7577253580093384, 2.4376068115234375]], [[0.013489787466824055, 3.044398307800293, -3.0177581310272217], [2.584954023361206, 0.09875394403934479, -2.9020602703094482], [-2.892939329147339, -3.035235643386841, -2.5522260665893555]]], "base_circuit_tokens": [["cx", [1, 0], []], ["x", [0], []], ["h", [0], []], ["cx", [2, 0], []], ["cx", [0, 1], []], ["h", [2], []], ["h", [0], []], ["h", [2], []], ["h", [0], []], ["x", [2], []], ["x", [2], []], ["h", [0], []], ["h", [2], []], ["h", [0], []], ["h", [2], []], ["cx", [0, 1], []], ["cx", [2, 0], []], ["h", [0], []], ["x", [0], []], ["cx", [1, 0], []]], "pqc_circuit_tokens": [["cx", [1, 0], []], ["x", [0], []], ["h", [0], []], ["cx", [2, 0], []], ["cx", [0, 1], []], ["rz", [0], [-2.0932674407958984]], ["rx", [0], [3.095064878463745]], ["rz", [0], [0.16545945405960083]], ["rz", [1], [2.60115909576416]], ["rx", [1], [-2.4057421684265137]], ["rz", [1], [-2.8099710941314697]], ["rz", [2], [1.0484169721603394]], ["rx", [2], [-1.115957260131836]], ["rz", [2], [1.2272533178329468]], ["h", [2], []], ["h", [0], []], ["h", [2], []], ["h", [0], []], ["x", [2], []], ["rz", [0], [1.7995681762695312]], ["rx", [0], [0.3576667904853821]], ["rz", [0], [2.363887310028076]], ["rz", [1], [-0.040349073708057404]], ["rx", [1], [-2.2566139698028564]], ["rz", [1], [-1.896491289138794]], ["rz", [2], [-3.2158994674682617]], ["rx", [2], [1.5658893585205078]], ["rz", [2], [-2.574486494064331]], ["x", [2], []], ["h", [0], []], ["h", [2], []], ["h", [0], []], ["h", [2], []], ["rz", [0], [1.1542963981628418]], ["rx", [0], [-3.0212595462799072]], ["rz", [0], [1.4372862577438354]], ["rz", [1], [-1.6935118436813354]], ["rx", [1], [0.2869696617126465]], ["rz", [1], [1.1005781888961792]], ["rz", [2], [2.3798909187316895]], ["rx", [2], [1.7577253580093384]], ["rz", [2], [2.4376068115234375]], ["cx", [0, 1], []], ["cx", [2, 0], []], ["h", [0], []], ["x", [0], []], ["cx", [1, 0], []], ["rz", [0], [0.013489787466824055]], ["rx", [0], [3.044398307800293]], ["rz", [0], [-3.0177581310272217]], ["rz", [1], [2.584954023361206]], ["rx", [1], [0.09875394403934479]], ["rz", [1], [-2.9020602703094482]], ["rz", [2], [-2.892939329147339]], ["rx", [2], [-3.035235643386841]], ["rz", [2], [-2.5522260665893555]]], "base_circuit_qasm": "OPENQASM 2.0;\ninclude \"qelib1.inc\";\nqreg q[3];\ncx q[1],q[0];\nx q[0];\nh q[0];\ncx q[2],q[0];\ncx q[0],q[1];\nh q[2];\nh q[0];\nh q[2];\nh q[0];\nx q[2];\nx q[2];\nh q[0];\nh q[2];\nh q[0];\nh q[2];\ncx q[0],q[1];\ncx q[2],q[0];\nh q[0];\nx q[0];\ncx q[1],q[0];", "pqc_circuit_qasm": "OPENQASM 2.0;\ninclude \"qelib1.inc\";\nqreg q[3];\ncx q[1],q[0];\nx q[0];\nh q[0];\ncx q[2],q[0];\ncx q[0],q[1];\nrz(-2.0932674407958984) q[0];\nrx(3.095064878463745) q[0];\nrz(0.16545945405960083) q[0];\nrz(2.60115909576416) q[1];\nrx(-2.4057421684265137) q[1];\nrz(-2.8099710941314697) q[1];\nrz(1.0484169721603394) q[2];\nrx(-1.115957260131836) q[2];\nrz(1.2272533178329468) q[2];\nh q[2];\nh q[0];\nh q[2];\nh q[0];\nx q[2];\nrz(1.7995681762695312) q[0];\nrx(0.3576667904853821) q[0];\nrz(2.363887310028076) q[0];\nrz(-0.040349073708057404) q[1];\nrx(-2.2566139698028564) q[1];\nrz(-1.896491289138794) q[1];\nrz(-3.2158994674682617) q[2];\nrx(1.5658893585205078) q[2];\nrz(-2.574486494064331) q[2];\nx q[2];\nh q[0];\nh q[2];\nh q[0];\nh q[2];\nrz(1.1542963981628418) q[0];\nrx(-3.0212595462799072) q[0];\nrz(1.4372862577438354) q[0];\nrz(-1.6935118436813354) q[1];\nrx(0.2869696617126465) q[1];\nrz(1.1005781888961792) q[1];\nrz(2.3798909187316895) q[2];\nrx(1.7577253580093384) q[2];\nrz(2.4376068115234375) q[2];\ncx q[0],q[1];\ncx q[2],q[0];\nh q[0];\nx q[0];\ncx q[1],q[0];\nrz(0.013489787466824055) q[0];\nrx(3.044398307800293) q[0];\nrz(-3.0177581310272217) q[0];\nrz(2.584954023361206) q[1];\nrx(0.09875394403934479) q[1];\nrz(-2.9020602703094482) q[1];\nrz(-2.892939329147339) q[2];\nrx(-3.035235643386841) q[2];\nrz(-2.5522260665893555) q[2];"}