{"seed": 4078, "fidelity": 0.9906443953514099, "pqc_params": [[[-1.1612293720245361, -1.5942012071609497, -1.2916263341903687], [-2.27116060256958, -3.1957757472991943, -1.8763326406478882], [0.7605292201042175, 2.1088809967041016, 0.6313554644584656]], [[-2.8154807090759277, -3.0442488193511963, -0.4909190833568573], [3.014317512512207, 1.9499424695968628, 0.03688865527510643], [1.6665196418762207, 3.1671862602233887, 1.856276512145996]], [[1.0632840394973755, 0.40591761469841003, -3.2933874130249023], [1.5531775951385498, -1.626936674118042, -2.9540083408355713], [2.4854087829589844, -1.9664931297302246, 2.1936817169189453]], [[1.0587588548660278, 0.37871053814888, 0.554757297039032], [-0.15510253608226776, -1.5184043645858765, -3.0787813663482666], [2.234567880630493, 0.06661227345466614, 1.9596326351165771]]], "base_circuit_tokens": [["cx", [2, 1], []], ["x", [1], []], ["cx", [2, 1], []], ["h", [0], []], ["h", [2], []], ["h", [1], []], ["cx", [2, 1], []], ["cx", [2, 0], []], ["x", [1], []], ["h", [0], []], ["h", [0], []], ["x", [1], []], ["cx", [2, 0], []], ["cx", [2, 1], []], ["h", [1], []], ["h", [2], []], ["h", [0], []], ["cx", [2, 1], []], ["x", [1], []], ["cx", [2, 1], []]], "pqc_circuit_tokens": [["cx", [2, 1], []], ["x", [1], []], ["cx", [2, 1], []], ["h", [0], []], ["h", [2], []], ["rz", [0], [-1.1612293720245361]], ["rx", [0], [-1.5942012071609497]], ["rz", [0], [-1.2916263341903687]], ["rz", [1], [-2.27116060256958]], ["rx", [1], [-3.1957757472991943]], ["rz", [1], [-1.8763326406478882]], ["rz", [2], [0.7605292201042175]], ["rx", [2], [2.1088809967041016]], ["rz", [2], [0.6313554644584656]], ["h", [1], []], ["cx", [2, 1], []], ["cx", [2, 0], []], ["x", [1], []], ["h", [0], []], ["rz", [0], [-2.8154807090759277]], ["rx", [0], [-3.0442488193511963]], ["rz", [0], [-0.4909190833568573]], ["rz", [1], [3.014317512512207]], ["rx", [1], [1.9499424695968628]], ["rz", [1], [0.03688865527510643]], ["rz", [2], [1.6665196418762207]], ["rx", [2], [3.1671862602233887]], ["rz", [2], [1.856276512145996]], ["h", [0], []], ["x", [1], []], ["cx", [2, 0], []], ["cx", [2, 1], []], ["h", [1], []], ["rz", [0], [1.0632840394973755]], ["rx", [0], [0.40591761469841003]], ["rz", [0], [-3.2933874130249023]], ["rz", [1], [1.5531775951385498]], ["rx", [1], [-1.626936674118042]], ["rz", [1], [-2.9540083408355713]], ["rz", [2], [2.4854087829589844]], ["rx", [2], [-1.9664931297302246]], ["rz", [2], [2.1936817169189453]], ["h", [2], []], ["h", [0], []], ["cx", [2, 1], []], ["x", [1], []], ["cx", [2, 1], []], ["rz", [0], [1.0587588548660278]], ["rx", [0], [0.37871053814888]], ["rz", [0], [0.554757297039032]], ["rz", [1], [-0.15510253608226776]], ["rx", [1], [-1.5184043645858765]], ["rz", [1], [-3.0787813663482666]], ["rz", [2], [2.234567880630493]], ["rx", [2], [0.06661227345466614]], ["rz", [2], [1.9596326351165771]]], "base_circuit_qasm": "OPENQASM 2.0;\ninclude \"qelib1.inc\";\nqreg q[3];\ncx q[2],q[1];\nx q[1];\ncx q[2],q[1];\nh q[0];\nh q[2];\nh q[1];\ncx q[2],q[1];\ncx q[2],q[0];\nx q[1];\nh q[0];\nh q[0];\nx q[1];\ncx q[2],q[0];\ncx q[2],q[1];\nh q[1];\nh q[2];\nh q[0];\ncx q[2],q[1];\nx q[1];\ncx q[2],q[1];", "pqc_circuit_qasm": "OPENQASM 2.0;\ninclude \"qelib1.inc\";\nqreg q[3];\ncx q[2],q[1];\nx q[1];\ncx q[2],q[1];\nh q[0];\nh q[2];\nrz(-1.1612293720245361) q[0];\nrx(-1.5942012071609497) q[0];\nrz(-1.2916263341903687) q[0];\nrz(-2.27116060256958) q[1];\nrx(-3.1957757472991943) q[1];\nrz(-1.8763326406478882) q[1];\nrz(0.7605292201042175) q[2];\nrx(2.1088809967041016) q[2];\nrz(0.6313554644584656) q[2];\nh q[1];\ncx q[2],q[1];\ncx q[2],q[0];\nx q[1];\nh q[0];\nrz(-2.8154807090759277) q[0];\nrx(-3.0442488193511963) q[0];\nrz(-0.4909190833568573) q[0];\nrz(3.014317512512207) q[1];\nrx(1.9499424695968628) q[1];\nrz(0.03688865527510643) q[1];\nrz(1.6665196418762207) q[2];\nrx(3.1671862602233887) q[2];\nrz(1.856276512145996) q[2];\nh q[0];\nx q[1];\ncx q[2],q[0];\ncx q[2],q[1];\nh q[1];\nrz(1.0632840394973755) q[0];\nrx(0.40591761469841003) q[0];\nrz(-3.2933874130249023) q[0];\nrz(1.5531775951385498) q[1];\nrx(-1.626936674118042) q[1];\nrz(-2.9540083408355713) q[1];\nrz(2.4854087829589844) q[2];\nrx(-1.9664931297302246) q[2];\nrz(2.1936817169189453) q[2];\nh q[2];\nh q[0];\ncx q[2],q[1];\nx q[1];\ncx q[2],q[1];\nrz(1.0587588548660278) q[0];\nrx(0.37871053814888) q[0];\nrz(0.554757297039032) q[0];\nrz(-0.15510253608226776) q[1];\nrx(-1.5184043645858765) q[1];\nrz(-3.0787813663482666) q[1];\nrz(2.234567880630493) q[2];\nrx(0.06661227345466614) q[2];\nrz(1.9596326351165771) q[2];"}