{"seed": 4116, "fidelity": 0.9685928225517273, "pqc_params": [[[-1.3112303018569946, 2.6001811027526855, -2.3946421146392822], [-2.048388957977295, -0.500011682510376, -0.16166017949581146], [-2.4148168563842773, 3.4052696228027344, -2.6880431175231934]], [[-2.0723037719726562, -2.678652286529541, -1.6795392036437988], [-0.5813418626785278, 2.650812864303589, 1.6714105606079102], [2.1036925315856934, 3.2012624740600586, 2.979597330093384]], [[-1.8766182661056519, -0.1607580929994583, -3.2186191082000732], [-2.157888889312744, -0.5002931952476501, -2.4611051082611084], [1.4072703123092651, -3.699512481689453, -0.5773680806159973]], [[-2.6289381980895996, -2.8409805297851562, 0.7387526035308838], [-0.4714665710926056, 2.410278558731079, 0.10564295202493668], [-0.6482385993003845, -0.11322535574436188, -3.000674247741699]]], "base_circuit_tokens": [["h", [1], []], ["cx", [2, 1], []], ["cx", [1, 2], []], ["cx", [1, 2], []], ["cx", [0, 2], []], ["cx", [2, 1], []], ["h", [1], []], ["x", [1], []], ["x", [1], []], ["h", [0], []], ["h", [0], []], ["x", [1], []], ["x", [1], []], ["h", [1], []], ["cx", [2, 1], []], ["cx", [0, 2], []], ["cx", [1, 2], []], ["cx", [1, 2], []], ["cx", [2, 1], []], ["h", [1], []]], "pqc_circuit_tokens": [["h", [1], []], ["cx", [2, 1], []], ["cx", [1, 2], []], ["cx", [1, 2], []], ["cx", [0, 2], []], ["rz", [0], [-1.3112303018569946]], ["rx", [0], [2.6001811027526855]], ["rz", [0], [-2.3946421146392822]], ["rz", [1], [-2.048388957977295]], ["rx", [1], [-0.500011682510376]], ["rz", [1], [-0.16166017949581146]], ["rz", [2], [-2.4148168563842773]], ["rx", [2], [3.4052696228027344]], ["rz", [2], [-2.6880431175231934]], ["cx", [2, 1], []], ["h", [1], []], ["x", [1], []], ["x", [1], []], ["h", [0], []], ["rz", [0], [-2.0723037719726562]], ["rx", [0], [-2.678652286529541]], ["rz", [0], [-1.6795392036437988]], ["rz", [1], [-0.5813418626785278]], ["rx", [1], [2.650812864303589]], ["rz", [1], [1.6714105606079102]], ["rz", [2], [2.1036925315856934]], ["rx", [2], [3.2012624740600586]], ["rz", [2], [2.979597330093384]], ["h", [0], []], ["x", [1], []], ["x", [1], []], ["h", [1], []], ["cx", [2, 1], []], ["rz", [0], [-1.8766182661056519]], ["rx", [0], [-0.1607580929994583]], ["rz", [0], [-3.2186191082000732]], ["rz", [1], [-2.157888889312744]], ["rx", [1], [-0.5002931952476501]], ["rz", [1], [-2.4611051082611084]], ["rz", [2], [1.4072703123092651]], ["rx", [2], [-3.699512481689453]], ["rz", [2], [-0.5773680806159973]], ["cx", [0, 2], []], ["cx", [1, 2], []], ["cx", [1, 2], []], ["cx", [2, 1], []], ["h", [1], []], ["rz", [0], [-2.6289381980895996]], ["rx", [0], [-2.8409805297851562]], ["rz", [0], [0.7387526035308838]], ["rz", [1], [-0.4714665710926056]], ["rx", [1], [2.410278558731079]], ["rz", [1], [0.10564295202493668]], ["rz", [2], [-0.6482385993003845]], ["rx", [2], [-0.11322535574436188]], ["rz", [2], [-3.000674247741699]]], "base_circuit_qasm": "OPENQASM 2.0;\ninclude \"qelib1.inc\";\nqreg q[3];\nh q[1];\ncx q[2],q[1];\ncx q[1],q[2];\ncx q[1],q[2];\ncx q[0],q[2];\ncx q[2],q[1];\nh q[1];\nx q[1];\nx q[1];\nh q[0];\nh q[0];\nx q[1];\nx q[1];\nh q[1];\ncx q[2],q[1];\ncx q[0],q[2];\ncx q[1],q[2];\ncx q[1],q[2];\ncx q[2],q[1];\nh q[1];", "pqc_circuit_qasm": "OPENQASM 2.0;\ninclude \"qelib1.inc\";\nqreg q[3];\nh q[1];\ncx q[2],q[1];\ncx q[1],q[2];\ncx q[1],q[2];\ncx q[0],q[2];\nrz(-1.3112303018569946) q[0];\nrx(2.6001811027526855) q[0];\nrz(-2.3946421146392822) q[0];\nrz(-2.048388957977295) q[1];\nrx(-0.500011682510376) q[1];\nrz(-0.16166017949581146) q[1];\nrz(-2.4148168563842773) q[2];\nrx(3.4052696228027344) q[2];\nrz(-2.6880431175231934) q[2];\ncx q[2],q[1];\nh q[1];\nx q[1];\nx q[1];\nh q[0];\nrz(-2.0723037719726562) q[0];\nrx(-2.678652286529541) q[0];\nrz(-1.6795392036437988) q[0];\nrz(-0.5813418626785278) q[1];\nrx(2.650812864303589) q[1];\nrz(1.6714105606079102) q[1];\nrz(2.1036925315856934) q[2];\nrx(3.2012624740600586) q[2];\nrz(2.979597330093384) q[2];\nh q[0];\nx q[1];\nx q[1];\nh q[1];\ncx q[2],q[1];\nrz(-1.8766182661056519) q[0];\nrx(-0.1607580929994583) q[0];\nrz(-3.2186191082000732) q[0];\nrz(-2.157888889312744) q[1];\nrx(-0.5002931952476501) q[1];\nrz(-2.4611051082611084) q[1];\nrz(1.4072703123092651) q[2];\nrx(-3.699512481689453) q[2];\nrz(-0.5773680806159973) q[2];\ncx q[0],q[2];\ncx q[1],q[2];\ncx q[1],q[2];\ncx q[2],q[1];\nh q[1];\nrz(-2.6289381980895996) q[0];\nrx(-2.8409805297851562) q[0];\nrz(0.7387526035308838) q[0];\nrz(-0.4714665710926056) q[1];\nrx(2.410278558731079) q[1];\nrz(0.10564295202493668) q[1];\nrz(-0.6482385993003845) q[2];\nrx(-0.11322535574436188) q[2];\nrz(-3.000674247741699) q[2];"}