{"seed": 4135, "fidelity": 0.9792012572288513, "pqc_params": [[[-2.086277484893799, 0.6805324554443359, -0.8586916327476501], [-2.305485963821411, 3.1557626724243164, -2.3747336864471436], [0.07875513285398483, 2.0519163608551025, 0.7237251400947571]], [[0.2056995928287506, -3.4349429607391357, 0.31017789244651794], [1.4653034210205078, -0.013530639931559563, -1.5764198303222656], [-2.041247844696045, 0.036233872175216675, 1.5556039810180664]], [[-2.1412007808685303, 2.7717936038970947, 1.3080884218215942], [-3.3688905239105225, 0.7311360239982605, -0.27154016494750977], [2.8127121925354004, 1.5487390756607056, -0.1797349900007248]], [[-2.7372243404388428, 3.4505255222320557, 0.7963564991950989], [2.826491117477417, 0.0813441053032875, -3.1309633255004883], [0.2608601152896881, 2.710291624069214, 1.081596851348877]]], "base_circuit_tokens": [["h", [1], []], ["x", [2], []], ["h", [2], []], ["cx", [1, 2], []], ["x", [0], []], ["h", [0], []], ["h", [1], []], ["h", [1], []], ["cx", [0, 1], []], ["cx", [2, 0], []], ["cx", [2, 0], []], ["cx", [0, 1], []], ["h", [1], []], ["h", [1], []], ["h", [0], []], ["x", [0], []], ["cx", [1, 2], []], ["h", [2], []], ["x", [2], []], ["h", [1], []]], "pqc_circuit_tokens": [["h", [1], []], ["x", [2], []], ["h", [2], []], ["cx", [1, 2], []], ["x", [0], []], ["rz", [0], [-2.086277484893799]], ["rx", [0], [0.6805324554443359]], ["rz", [0], [-0.8586916327476501]], ["rz", [1], [-2.305485963821411]], ["rx", [1], [3.1557626724243164]], ["rz", [1], [-2.3747336864471436]], ["rz", [2], [0.07875513285398483]], ["rx", [2], [2.0519163608551025]], ["rz", [2], [0.7237251400947571]], ["h", [0], []], ["h", [1], []], ["h", [1], []], ["cx", [0, 1], []], ["cx", [2, 0], []], ["rz", [0], [0.2056995928287506]], ["rx", [0], [-3.4349429607391357]], ["rz", [0], [0.31017789244651794]], ["rz", [1], [1.4653034210205078]], ["rx", [1], [-0.013530639931559563]], ["rz", [1], [-1.5764198303222656]], ["rz", [2], [-2.041247844696045]], ["rx", [2], [0.036233872175216675]], ["rz", [2], [1.5556039810180664]], ["cx", [2, 0], []], ["cx", [0, 1], []], ["h", [1], []], ["h", [1], []], ["h", [0], []], ["rz", [0], [-2.1412007808685303]], ["rx", [0], [2.7717936038970947]], ["rz", [0], [1.3080884218215942]], ["rz", [1], [-3.3688905239105225]], ["rx", [1], [0.7311360239982605]], ["rz", [1], [-0.27154016494750977]], ["rz", [2], [2.8127121925354004]], ["rx", [2], [1.5487390756607056]], ["rz", [2], [-0.1797349900007248]], ["x", [0], []], ["cx", [1, 2], []], ["h", [2], []], ["x", [2], []], ["h", [1], []], ["rz", [0], [-2.7372243404388428]], ["rx", [0], [3.4505255222320557]], ["rz", [0], [0.7963564991950989]], ["rz", [1], [2.826491117477417]], ["rx", [1], [0.0813441053032875]], ["rz", [1], [-3.1309633255004883]], ["rz", [2], [0.2608601152896881]], ["rx", [2], [2.710291624069214]], ["rz", [2], [1.081596851348877]]], "base_circuit_qasm": "OPENQASM 2.0;\ninclude \"qelib1.inc\";\nqreg q[3];\nh q[1];\nx q[2];\nh q[2];\ncx q[1],q[2];\nx q[0];\nh q[0];\nh q[1];\nh q[1];\ncx q[0],q[1];\ncx q[2],q[0];\ncx q[2],q[0];\ncx q[0],q[1];\nh q[1];\nh q[1];\nh q[0];\nx q[0];\ncx q[1],q[2];\nh q[2];\nx q[2];\nh q[1];", "pqc_circuit_qasm": "OPENQASM 2.0;\ninclude \"qelib1.inc\";\nqreg q[3];\nh q[1];\nx q[2];\nh q[2];\ncx q[1],q[2];\nx q[0];\nrz(-2.086277484893799) q[0];\nrx(0.6805324554443359) q[0];\nrz(-0.8586916327476501) q[0];\nrz(-2.305485963821411) q[1];\nrx(3.1557626724243164) q[1];\nrz(-2.3747336864471436) q[1];\nrz(0.07875513285398483) q[2];\nrx(2.0519163608551025) q[2];\nrz(0.7237251400947571) q[2];\nh q[0];\nh q[1];\nh q[1];\ncx q[0],q[1];\ncx q[2],q[0];\nrz(0.2056995928287506) q[0];\nrx(-3.4349429607391357) q[0];\nrz(0.31017789244651794) q[0];\nrz(1.4653034210205078) q[1];\nrx(-0.013530639931559563) q[1];\nrz(-1.5764198303222656) q[1];\nrz(-2.041247844696045) q[2];\nrx(0.036233872175216675) q[2];\nrz(1.5556039810180664) q[2];\ncx q[2],q[0];\ncx q[0],q[1];\nh q[1];\nh q[1];\nh q[0];\nrz(-2.1412007808685303) q[0];\nrx(2.7717936038970947) q[0];\nrz(1.3080884218215942) q[0];\nrz(-3.3688905239105225) q[1];\nrx(0.7311360239982605) q[1];\nrz(-0.27154016494750977) q[1];\nrz(2.8127121925354004) q[2];\nrx(1.5487390756607056) q[2];\nrz(-0.1797349900007248) q[2];\nx q[0];\ncx q[1],q[2];\nh q[2];\nx q[2];\nh q[1];\nrz(-2.7372243404388428) q[0];\nrx(3.4505255222320557) q[0];\nrz(0.7963564991950989) q[0];\nrz(2.826491117477417) q[1];\nrx(0.0813441053032875) q[1];\nrz(-3.1309633255004883) q[1];\nrz(0.2608601152896881) q[2];\nrx(2.710291624069214) q[2];\nrz(1.081596851348877) q[2];"}