{"seed": 4148, "fidelity": 0.9878061413764954, "pqc_params": [[[-2.3579366207122803, 1.4783763885498047, -2.53654146194458], [1.08145272731781, 3.5399413108825684, -1.995018720626831], [-2.4189910888671875, -2.3313755989074707, -1.622256875038147]], [[-0.4290073812007904, -1.5067942142486572, -2.3676342964172363], [-0.07271118462085724, -3.230294942855835, 0.3840492069721222], [1.4721405506134033, 3.0974929332733154, 1.576149582862854]], [[-2.0325794219970703, -2.59255313873291, 3.3641369342803955], [1.277150273323059, -2.7683093547821045, -1.7945871353149414], [0.806359052658081, -0.7995654940605164, 0.7648946642875671]], [[-2.993955373764038, 0.32727673649787903, -2.406315803527832], [0.028459329158067703, 0.3327696919441223, 2.7791430950164795], [0.08104069530963898, 3.026224374771118, -3.225090265274048]]], "base_circuit_tokens": [["h", [2], []], ["h", [1], []], ["cx", [0, 2], []], ["x", [2], []], ["h", [2], []], ["h", [2], []], ["h", [0], []], ["x", [2], []], ["cx", [1, 2], []], ["h", [0], []], ["h", [0], []], ["cx", [1, 2], []], ["x", [2], []], ["h", [0], []], ["h", [2], []], ["h", [2], []], ["x", [2], []], ["cx", [0, 2], []], ["h", [1], []], ["h", [2], []]], "pqc_circuit_tokens": [["h", [2], []], ["h", [1], []], ["cx", [0, 2], []], ["x", [2], []], ["h", [2], []], ["rz", [0], [-2.3579366207122803]], ["rx", [0], [1.4783763885498047]], ["rz", [0], [-2.53654146194458]], ["rz", [1], [1.08145272731781]], ["rx", [1], [3.5399413108825684]], ["rz", [1], [-1.995018720626831]], ["rz", [2], [-2.4189910888671875]], ["rx", [2], [-2.3313755989074707]], ["rz", [2], [-1.622256875038147]], ["h", [2], []], ["h", [0], []], ["x", [2], []], ["cx", [1, 2], []], ["h", [0], []], ["rz", [0], [-0.4290073812007904]], ["rx", [0], [-1.5067942142486572]], ["rz", [0], [-2.3676342964172363]], ["rz", [1], [-0.07271118462085724]], ["rx", [1], [-3.230294942855835]], ["rz", [1], [0.3840492069721222]], ["rz", [2], [1.4721405506134033]], ["rx", [2], [3.0974929332733154]], ["rz", [2], [1.576149582862854]], ["h", [0], []], ["cx", [1, 2], []], ["x", [2], []], ["h", [0], []], ["h", [2], []], ["rz", [0], [-2.0325794219970703]], ["rx", [0], [-2.59255313873291]], ["rz", [0], [3.3641369342803955]], ["rz", [1], [1.277150273323059]], ["rx", [1], [-2.7683093547821045]], ["rz", [1], [-1.7945871353149414]], ["rz", [2], [0.806359052658081]], ["rx", [2], [-0.7995654940605164]], ["rz", [2], [0.7648946642875671]], ["h", [2], []], ["x", [2], []], ["cx", [0, 2], []], ["h", [1], []], ["h", [2], []], ["rz", [0], [-2.993955373764038]], ["rx", [0], [0.32727673649787903]], ["rz", [0], [-2.406315803527832]], ["rz", [1], [0.028459329158067703]], ["rx", [1], [0.3327696919441223]], ["rz", [1], [2.7791430950164795]], ["rz", [2], [0.08104069530963898]], ["rx", [2], [3.026224374771118]], ["rz", [2], [-3.225090265274048]]], "base_circuit_qasm": "OPENQASM 2.0;\ninclude \"qelib1.inc\";\nqreg q[3];\nh q[2];\nh q[1];\ncx q[0],q[2];\nx q[2];\nh q[2];\nh q[2];\nh q[0];\nx q[2];\ncx q[1],q[2];\nh q[0];\nh q[0];\ncx q[1],q[2];\nx q[2];\nh q[0];\nh q[2];\nh q[2];\nx q[2];\ncx q[0],q[2];\nh q[1];\nh q[2];", "pqc_circuit_qasm": "OPENQASM 2.0;\ninclude \"qelib1.inc\";\nqreg q[3];\nh q[2];\nh q[1];\ncx q[0],q[2];\nx q[2];\nh q[2];\nrz(-2.3579366207122803) q[0];\nrx(1.4783763885498047) q[0];\nrz(-2.53654146194458) q[0];\nrz(1.08145272731781) q[1];\nrx(3.5399413108825684) q[1];\nrz(-1.995018720626831) q[1];\nrz(-2.4189910888671875) q[2];\nrx(-2.3313755989074707) q[2];\nrz(-1.622256875038147) q[2];\nh q[2];\nh q[0];\nx q[2];\ncx q[1],q[2];\nh q[0];\nrz(-0.4290073812007904) q[0];\nrx(-1.5067942142486572) q[0];\nrz(-2.3676342964172363) q[0];\nrz(-0.07271118462085724) q[1];\nrx(-3.230294942855835) q[1];\nrz(0.3840492069721222) q[1];\nrz(1.4721405506134033) q[2];\nrx(3.0974929332733154) q[2];\nrz(1.576149582862854) q[2];\nh q[0];\ncx q[1],q[2];\nx q[2];\nh q[0];\nh q[2];\nrz(-2.0325794219970703) q[0];\nrx(-2.59255313873291) q[0];\nrz(3.3641369342803955) q[0];\nrz(1.277150273323059) q[1];\nrx(-2.7683093547821045) q[1];\nrz(-1.7945871353149414) q[1];\nrz(0.806359052658081) q[2];\nrx(-0.7995654940605164) q[2];\nrz(0.7648946642875671) q[2];\nh q[2];\nx q[2];\ncx q[0],q[2];\nh q[1];\nh q[2];\nrz(-2.993955373764038) q[0];\nrx(0.32727673649787903) q[0];\nrz(-2.406315803527832) q[0];\nrz(0.028459329158067703) q[1];\nrx(0.3327696919441223) q[1];\nrz(2.7791430950164795) q[1];\nrz(0.08104069530963898) q[2];\nrx(3.026224374771118) q[2];\nrz(-3.225090265274048) q[2];"}