{"seed": 4153, "fidelity": 0.9890325665473938, "pqc_params": [[[-1.1539077758789062, 1.5704681873321533, -0.8503425717353821], [1.9882142543792725, 0.4224393963813782, 1.263587474822998], [2.4706897735595703, 2.624476194381714, -1.974320650100708]], [[0.5394952893257141, 3.4231014251708984, -1.8534595966339111], [2.177227735519409, 2.1797354221343994, -0.8027478456497192], [-2.4067673683166504, -0.9073582887649536, -2.989694833755493]], [[1.9833987951278687, 2.114428758621216, 0.6889552474021912], [1.0606318712234497, -2.2705326080322266, -1.0488349199295044], [1.0594128370285034, 0.12968380749225616, 0.6969621181488037]], [[0.8585072755813599, 0.24809060990810394, -0.9704172015190125], [-0.19051606953144073, -3.4681196212768555, -0.09213677793741226], [0.6623311042785645, -2.3322064876556396, -0.837100625038147]]], "base_circuit_tokens": [["h", [1], []], ["h", [1], []], ["h", [1], []], ["x", [1], []], ["cx", [1, 0], []], ["x", [1], []], ["h", [1], []], ["h", [0], []], ["h", [0], []], ["h", [0], []], ["h", [0], []], ["h", [0], []], ["h", [0], []], ["h", [1], []], ["x", [1], []], ["cx", [1, 0], []], ["x", [1], []], ["h", [1], []], ["h", [1], []], ["h", [1], []]], "pqc_circuit_tokens": [["h", [1], []], ["h", [1], []], ["h", [1], []], ["x", [1], []], ["cx", [1, 0], []], ["rz", [0], [-1.1539077758789062]], ["rx", [0], [1.5704681873321533]], ["rz", [0], [-0.8503425717353821]], ["rz", [1], [1.9882142543792725]], ["rx", [1], [0.4224393963813782]], ["rz", [1], [1.263587474822998]], ["rz", [2], [2.4706897735595703]], ["rx", [2], [2.624476194381714]], ["rz", [2], [-1.974320650100708]], ["x", [1], []], ["h", [1], []], ["h", [0], []], ["h", [0], []], ["h", [0], []], ["rz", [0], [0.5394952893257141]], ["rx", [0], [3.4231014251708984]], ["rz", [0], [-1.8534595966339111]], ["rz", [1], [2.177227735519409]], ["rx", [1], [2.1797354221343994]], ["rz", [1], [-0.8027478456497192]], ["rz", [2], [-2.4067673683166504]], ["rx", [2], [-0.9073582887649536]], ["rz", [2], [-2.989694833755493]], ["h", [0], []], ["h", [0], []], ["h", [0], []], ["h", [1], []], ["x", [1], []], ["rz", [0], [1.9833987951278687]], ["rx", [0], [2.114428758621216]], ["rz", [0], [0.6889552474021912]], ["rz", [1], [1.0606318712234497]], ["rx", [1], [-2.2705326080322266]], ["rz", [1], [-1.0488349199295044]], ["rz", [2], [1.0594128370285034]], ["rx", [2], [0.12968380749225616]], ["rz", [2], [0.6969621181488037]], ["cx", [1, 0], []], ["x", [1], []], ["h", [1], []], ["h", [1], []], ["h", [1], []], ["rz", [0], [0.8585072755813599]], ["rx", [0], [0.24809060990810394]], ["rz", [0], [-0.9704172015190125]], ["rz", [1], [-0.19051606953144073]], ["rx", [1], [-3.4681196212768555]], ["rz", [1], [-0.09213677793741226]], ["rz", [2], [0.6623311042785645]], ["rx", [2], [-2.3322064876556396]], ["rz", [2], [-0.837100625038147]]], "base_circuit_qasm": "OPENQASM 2.0;\ninclude \"qelib1.inc\";\nqreg q[3];\nh q[1];\nh q[1];\nh q[1];\nx q[1];\ncx q[1],q[0];\nx q[1];\nh q[1];\nh q[0];\nh q[0];\nh q[0];\nh q[0];\nh q[0];\nh q[0];\nh q[1];\nx q[1];\ncx q[1],q[0];\nx q[1];\nh q[1];\nh q[1];\nh q[1];", "pqc_circuit_qasm": "OPENQASM 2.0;\ninclude \"qelib1.inc\";\nqreg q[3];\nh q[1];\nh q[1];\nh q[1];\nx q[1];\ncx q[1],q[0];\nrz(-1.1539077758789062) q[0];\nrx(1.5704681873321533) q[0];\nrz(-0.8503425717353821) q[0];\nrz(1.9882142543792725) q[1];\nrx(0.4224393963813782) q[1];\nrz(1.263587474822998) q[1];\nrz(2.4706897735595703) q[2];\nrx(2.624476194381714) q[2];\nrz(-1.974320650100708) q[2];\nx q[1];\nh q[1];\nh q[0];\nh q[0];\nh q[0];\nrz(0.5394952893257141) q[0];\nrx(3.4231014251708984) q[0];\nrz(-1.8534595966339111) q[0];\nrz(2.177227735519409) q[1];\nrx(2.1797354221343994) q[1];\nrz(-0.8027478456497192) q[1];\nrz(-2.4067673683166504) q[2];\nrx(-0.9073582887649536) q[2];\nrz(-2.989694833755493) q[2];\nh q[0];\nh q[0];\nh q[0];\nh q[1];\nx q[1];\nrz(1.9833987951278687) q[0];\nrx(2.114428758621216) q[0];\nrz(0.6889552474021912) q[0];\nrz(1.0606318712234497) q[1];\nrx(-2.2705326080322266) q[1];\nrz(-1.0488349199295044) q[1];\nrz(1.0594128370285034) q[2];\nrx(0.12968380749225616) q[2];\nrz(0.6969621181488037) q[2];\ncx q[1],q[0];\nx q[1];\nh q[1];\nh q[1];\nh q[1];\nrz(0.8585072755813599) q[0];\nrx(0.24809060990810394) q[0];\nrz(-0.9704172015190125) q[0];\nrz(-0.19051606953144073) q[1];\nrx(-3.4681196212768555) q[1];\nrz(-0.09213677793741226) q[1];\nrz(0.6623311042785645) q[2];\nrx(-2.3322064876556396) q[2];\nrz(-0.837100625038147) q[2];"}