{"seed": 4156, "fidelity": 0.996856153011322, "pqc_params": [[[1.241559624671936, -2.7553164958953857, 2.8417439460754395], [-1.7194985151290894, 1.7623735666275024, 0.13887770473957062], [1.8004376888275146, -1.3495240211486816, -1.8241013288497925]], [[-0.00784278754144907, 3.00132155418396, 2.233994722366333], [-1.2630454301834106, -3.2818069458007812, 0.0893329605460167], [0.09839800745248795, 2.4230539798736572, 3.3199281692504883]], [[-0.3377009630203247, -1.1311980485916138, -0.968548595905304], [1.1471842527389526, 1.3163557052612305, -2.178223133087158], [1.0533205270767212, 2.621440887451172, -0.5798448920249939]], [[2.730708599090576, -3.337681293487549, 0.2954769432544708], [-1.0727436542510986, 3.1144187450408936, -0.9673822522163391], [0.15095758438110352, -0.109663225710392, 1.5409307479858398]]], "base_circuit_tokens": [["x", [1], []], ["cx", [2, 1], []], ["x", [1], []], ["h", [2], []], ["h", [1], []], ["h", [2], []], ["cx", [0, 2], []], ["cx", [2, 0], []], ["x", [1], []], ["x", [2], []], ["x", [2], []], ["x", [1], []], ["cx", [2, 0], []], ["cx", [0, 2], []], ["h", [2], []], ["h", [1], []], ["h", [2], []], ["x", [1], []], ["cx", [2, 1], []], ["x", [1], []]], "pqc_circuit_tokens": [["x", [1], []], ["cx", [2, 1], []], ["x", [1], []], ["h", [2], []], ["h", [1], []], ["rz", [0], [1.241559624671936]], ["rx", [0], [-2.7553164958953857]], ["rz", [0], [2.8417439460754395]], ["rz", [1], [-1.7194985151290894]], ["rx", [1], [1.7623735666275024]], ["rz", [1], [0.13887770473957062]], ["rz", [2], [1.8004376888275146]], ["rx", [2], [-1.3495240211486816]], ["rz", [2], [-1.8241013288497925]], ["h", [2], []], ["cx", [0, 2], []], ["cx", [2, 0], []], ["x", [1], []], ["x", [2], []], ["rz", [0], [-0.00784278754144907]], ["rx", [0], [3.00132155418396]], ["rz", [0], [2.233994722366333]], ["rz", [1], [-1.2630454301834106]], ["rx", [1], [-3.2818069458007812]], ["rz", [1], [0.0893329605460167]], ["rz", [2], [0.09839800745248795]], ["rx", [2], [2.4230539798736572]], ["rz", [2], [3.3199281692504883]], ["x", [2], []], ["x", [1], []], ["cx", [2, 0], []], ["cx", [0, 2], []], ["h", [2], []], ["rz", [0], [-0.3377009630203247]], ["rx", [0], [-1.1311980485916138]], ["rz", [0], [-0.968548595905304]], ["rz", [1], [1.1471842527389526]], ["rx", [1], [1.3163557052612305]], ["rz", [1], [-2.178223133087158]], ["rz", [2], [1.0533205270767212]], ["rx", [2], [2.621440887451172]], ["rz", [2], [-0.5798448920249939]], ["h", [1], []], ["h", [2], []], ["x", [1], []], ["cx", [2, 1], []], ["x", [1], []], ["rz", [0], [2.730708599090576]], ["rx", [0], [-3.337681293487549]], ["rz", [0], [0.2954769432544708]], ["rz", [1], [-1.0727436542510986]], ["rx", [1], [3.1144187450408936]], ["rz", [1], [-0.9673822522163391]], ["rz", [2], [0.15095758438110352]], ["rx", [2], [-0.109663225710392]], ["rz", [2], [1.5409307479858398]]], "base_circuit_qasm": "OPENQASM 2.0;\ninclude \"qelib1.inc\";\nqreg q[3];\nx q[1];\ncx q[2],q[1];\nx q[1];\nh q[2];\nh q[1];\nh q[2];\ncx q[0],q[2];\ncx q[2],q[0];\nx q[1];\nx q[2];\nx q[2];\nx q[1];\ncx q[2],q[0];\ncx q[0],q[2];\nh q[2];\nh q[1];\nh q[2];\nx q[1];\ncx q[2],q[1];\nx q[1];", "pqc_circuit_qasm": "OPENQASM 2.0;\ninclude \"qelib1.inc\";\nqreg q[3];\nx q[1];\ncx q[2],q[1];\nx q[1];\nh q[2];\nh q[1];\nrz(1.241559624671936) q[0];\nrx(-2.7553164958953857) q[0];\nrz(2.8417439460754395) q[0];\nrz(-1.7194985151290894) q[1];\nrx(1.7623735666275024) q[1];\nrz(0.13887770473957062) q[1];\nrz(1.8004376888275146) q[2];\nrx(-1.3495240211486816) q[2];\nrz(-1.8241013288497925) q[2];\nh q[2];\ncx q[0],q[2];\ncx q[2],q[0];\nx q[1];\nx q[2];\nrz(-0.00784278754144907) q[0];\nrx(3.00132155418396) q[0];\nrz(2.233994722366333) q[0];\nrz(-1.2630454301834106) q[1];\nrx(-3.2818069458007812) q[1];\nrz(0.0893329605460167) q[1];\nrz(0.09839800745248795) q[2];\nrx(2.4230539798736572) q[2];\nrz(3.3199281692504883) q[2];\nx q[2];\nx q[1];\ncx q[2],q[0];\ncx q[0],q[2];\nh q[2];\nrz(-0.3377009630203247) q[0];\nrx(-1.1311980485916138) q[0];\nrz(-0.968548595905304) q[0];\nrz(1.1471842527389526) q[1];\nrx(1.3163557052612305) q[1];\nrz(-2.178223133087158) q[1];\nrz(1.0533205270767212) q[2];\nrx(2.621440887451172) q[2];\nrz(-0.5798448920249939) q[2];\nh q[1];\nh q[2];\nx q[1];\ncx q[2],q[1];\nx q[1];\nrz(2.730708599090576) q[0];\nrx(-3.337681293487549) q[0];\nrz(0.2954769432544708) q[0];\nrz(-1.0727436542510986) q[1];\nrx(3.1144187450408936) q[1];\nrz(-0.9673822522163391) q[1];\nrz(0.15095758438110352) q[2];\nrx(-0.109663225710392) q[2];\nrz(1.5409307479858398) q[2];"}