{"seed": 4168, "fidelity": 0.9997619986534119, "pqc_params": [[[3.3598098754882812, 0.2878691852092743, -0.36626002192497253], [-0.9666252136230469, 1.3502135276794434, -0.03007039614021778], [0.28587818145751953, 3.090693473815918, -2.6603786945343018]], [[2.513997793197632, 0.7014836072921753, -0.8436835408210754], [1.4249719381332397, 0.24479898810386658, -1.837687373161316], [-3.215251922607422, -1.7227599620819092, -3.1512534618377686]], [[0.38520482182502747, -1.6606136560440063, 1.5121300220489502], [-1.495059609413147, -1.1090891361236572, 0.9525229334831238], [-0.11456504464149475, -1.392604947090149, -3.233335018157959]], [[-2.678847312927246, -0.5892812609672546, -1.658621072769165], [-3.186978340148926, 1.3892337083816528, -2.8694984912872314], [2.6676573753356934, 0.08293156325817108, 0.6315538287162781]]], "base_circuit_tokens": [["h", [0], []], ["cx", [2, 1], []], ["h", [0], []], ["x", [1], []], ["h", [2], []], ["h", [0], []], ["h", [1], []], ["h", [1], []], ["cx", [1, 2], []], ["h", [1], []], ["h", [1], []], ["cx", [1, 2], []], ["h", [1], []], ["h", [1], []], ["h", [0], []], ["h", [2], []], ["x", [1], []], ["h", [0], []], ["cx", [2, 1], []], ["h", [0], []]], "pqc_circuit_tokens": [["h", [0], []], ["cx", [2, 1], []], ["h", [0], []], ["x", [1], []], ["h", [2], []], ["rz", [0], [3.3598098754882812]], ["rx", [0], [0.2878691852092743]], ["rz", [0], [-0.36626002192497253]], ["rz", [1], [-0.9666252136230469]], ["rx", [1], [1.3502135276794434]], ["rz", [1], [-0.03007039614021778]], ["rz", [2], [0.28587818145751953]], ["rx", [2], [3.090693473815918]], ["rz", [2], [-2.6603786945343018]], ["h", [0], []], ["h", [1], []], ["h", [1], []], ["cx", [1, 2], []], ["h", [1], []], ["rz", [0], [2.513997793197632]], ["rx", [0], [0.7014836072921753]], ["rz", [0], [-0.8436835408210754]], ["rz", [1], [1.4249719381332397]], ["rx", [1], [0.24479898810386658]], ["rz", [1], [-1.837687373161316]], ["rz", [2], [-3.215251922607422]], ["rx", [2], [-1.7227599620819092]], ["rz", [2], [-3.1512534618377686]], ["h", [1], []], ["cx", [1, 2], []], ["h", [1], []], ["h", [1], []], ["h", [0], []], ["rz", [0], [0.38520482182502747]], ["rx", [0], [-1.6606136560440063]], ["rz", [0], [1.5121300220489502]], ["rz", [1], [-1.495059609413147]], ["rx", [1], [-1.1090891361236572]], ["rz", [1], [0.9525229334831238]], ["rz", [2], [-0.11456504464149475]], ["rx", [2], [-1.392604947090149]], ["rz", [2], [-3.233335018157959]], ["h", [2], []], ["x", [1], []], ["h", [0], []], ["cx", [2, 1], []], ["h", [0], []], ["rz", [0], [-2.678847312927246]], ["rx", [0], [-0.5892812609672546]], ["rz", [0], [-1.658621072769165]], ["rz", [1], [-3.186978340148926]], ["rx", [1], [1.3892337083816528]], ["rz", [1], [-2.8694984912872314]], ["rz", [2], [2.6676573753356934]], ["rx", [2], [0.08293156325817108]], ["rz", [2], [0.6315538287162781]]], "base_circuit_qasm": "OPENQASM 2.0;\ninclude \"qelib1.inc\";\nqreg q[3];\nh q[0];\ncx q[2],q[1];\nh q[0];\nx q[1];\nh q[2];\nh q[0];\nh q[1];\nh q[1];\ncx q[1],q[2];\nh q[1];\nh q[1];\ncx q[1],q[2];\nh q[1];\nh q[1];\nh q[0];\nh q[2];\nx q[1];\nh q[0];\ncx q[2],q[1];\nh q[0];", "pqc_circuit_qasm": "OPENQASM 2.0;\ninclude \"qelib1.inc\";\nqreg q[3];\nh q[0];\ncx q[2],q[1];\nh q[0];\nx q[1];\nh q[2];\nrz(3.3598098754882812) q[0];\nrx(0.2878691852092743) q[0];\nrz(-0.36626002192497253) q[0];\nrz(-0.9666252136230469) q[1];\nrx(1.3502135276794434) q[1];\nrz(-0.03007039614021778) q[1];\nrz(0.28587818145751953) q[2];\nrx(3.090693473815918) q[2];\nrz(-2.6603786945343018) q[2];\nh q[0];\nh q[1];\nh q[1];\ncx q[1],q[2];\nh q[1];\nrz(2.513997793197632) q[0];\nrx(0.7014836072921753) q[0];\nrz(-0.8436835408210754) q[0];\nrz(1.4249719381332397) q[1];\nrx(0.24479898810386658) q[1];\nrz(-1.837687373161316) q[1];\nrz(-3.215251922607422) q[2];\nrx(-1.7227599620819092) q[2];\nrz(-3.1512534618377686) q[2];\nh q[1];\ncx q[1],q[2];\nh q[1];\nh q[1];\nh q[0];\nrz(0.38520482182502747) q[0];\nrx(-1.6606136560440063) q[0];\nrz(1.5121300220489502) q[0];\nrz(-1.495059609413147) q[1];\nrx(-1.1090891361236572) q[1];\nrz(0.9525229334831238) q[1];\nrz(-0.11456504464149475) q[2];\nrx(-1.392604947090149) q[2];\nrz(-3.233335018157959) q[2];\nh q[2];\nx q[1];\nh q[0];\ncx q[2],q[1];\nh q[0];\nrz(-2.678847312927246) q[0];\nrx(-0.5892812609672546) q[0];\nrz(-1.658621072769165) q[0];\nrz(-3.186978340148926) q[1];\nrx(1.3892337083816528) q[1];\nrz(-2.8694984912872314) q[1];\nrz(2.6676573753356934) q[2];\nrx(0.08293156325817108) q[2];\nrz(0.6315538287162781) q[2];"}