{"seed": 417, "fidelity": 0.9841117262840271, "pqc_params": [[[1.678481101989746, -1.2736345529556274, -0.28760647773742676], [-0.5875637531280518, -3.051358699798584, -0.6481906771659851], [0.9664110541343689, 2.674245834350586, -1.297166109085083]], [[3.0399842262268066, -1.6954753398895264, 3.1446468830108643], [0.22768987715244293, 3.0511515140533447, 0.9493701457977295], [1.4577139616012573, 0.2948085367679596, -0.5141470432281494]], [[0.8892903923988342, 0.8444334268569946, 0.9866347312927246], [-2.729233741760254, 3.149848222732544, 3.1467361450195312], [-0.9457087516784668, -2.882554531097412, 0.7895129919052124]], [[-1.1748313903808594, -3.0851240158081055, 2.7094228267669678], [0.433115690946579, -0.10217820852994919, -1.6104413270950317], [-2.8346478939056396, -2.9159600734710693, 0.4011680483818054]]], "base_circuit_tokens": [["cx", [0, 2], []], ["cx", [1, 2], []], ["x", [0], []], ["h", [1], []], ["h", [0], []], ["x", [1], []], ["h", [1], []], ["h", [0], []], ["h", [1], []], ["cx", [1, 0], []], ["cx", [1, 0], []], ["h", [1], []], ["h", [0], []], ["h", [1], []], ["x", [1], []], ["h", [0], []], ["h", [1], []], ["x", [0], []], ["cx", [1, 2], []], ["cx", [0, 2], []]], "pqc_circuit_tokens": [["cx", [0, 2], []], ["cx", [1, 2], []], ["x", [0], []], ["h", [1], []], ["h", [0], []], ["rz", [0], [1.678481101989746]], ["rx", [0], [-1.2736345529556274]], ["rz", [0], [-0.28760647773742676]], ["rz", [1], [-0.5875637531280518]], ["rx", [1], [-3.051358699798584]], ["rz", [1], [-0.6481906771659851]], ["rz", [2], [0.9664110541343689]], ["rx", [2], [2.674245834350586]], ["rz", [2], [-1.297166109085083]], ["x", [1], []], ["h", [1], []], ["h", [0], []], ["h", [1], []], ["cx", [1, 0], []], ["rz", [0], [3.0399842262268066]], ["rx", [0], [-1.6954753398895264]], ["rz", [0], [3.1446468830108643]], ["rz", [1], [0.22768987715244293]], ["rx", [1], [3.0511515140533447]], ["rz", [1], [0.9493701457977295]], ["rz", [2], [1.4577139616012573]], ["rx", [2], [0.2948085367679596]], ["rz", [2], [-0.5141470432281494]], ["cx", [1, 0], []], ["h", [1], []], ["h", [0], []], ["h", [1], []], ["x", [1], []], ["rz", [0], [0.8892903923988342]], ["rx", [0], [0.8444334268569946]], ["rz", [0], [0.9866347312927246]], ["rz", [1], [-2.729233741760254]], ["rx", [1], [3.149848222732544]], ["rz", [1], [3.1467361450195312]], ["rz", [2], [-0.9457087516784668]], ["rx", [2], [-2.882554531097412]], ["rz", [2], [0.7895129919052124]], ["h", [0], []], ["h", [1], []], ["x", [0], []], ["cx", [1, 2], []], ["cx", [0, 2], []], ["rz", [0], [-1.1748313903808594]], ["rx", [0], [-3.0851240158081055]], ["rz", [0], [2.7094228267669678]], ["rz", [1], [0.433115690946579]], ["rx", [1], [-0.10217820852994919]], ["rz", [1], [-1.6104413270950317]], ["rz", [2], [-2.8346478939056396]], ["rx", [2], [-2.9159600734710693]], ["rz", [2], [0.4011680483818054]]], "base_circuit_qasm": "OPENQASM 2.0;\ninclude \"qelib1.inc\";\nqreg q[3];\ncx q[0],q[2];\ncx q[1],q[2];\nx q[0];\nh q[1];\nh q[0];\nx q[1];\nh q[1];\nh q[0];\nh q[1];\ncx q[1],q[0];\ncx q[1],q[0];\nh q[1];\nh q[0];\nh q[1];\nx q[1];\nh q[0];\nh q[1];\nx q[0];\ncx q[1],q[2];\ncx q[0],q[2];", "pqc_circuit_qasm": "OPENQASM 2.0;\ninclude \"qelib1.inc\";\nqreg q[3];\ncx q[0],q[2];\ncx q[1],q[2];\nx q[0];\nh q[1];\nh q[0];\nrz(1.678481101989746) q[0];\nrx(-1.2736345529556274) q[0];\nrz(-0.28760647773742676) q[0];\nrz(-0.5875637531280518) q[1];\nrx(-3.051358699798584) q[1];\nrz(-0.6481906771659851) q[1];\nrz(0.9664110541343689) q[2];\nrx(2.674245834350586) q[2];\nrz(-1.297166109085083) q[2];\nx q[1];\nh q[1];\nh q[0];\nh q[1];\ncx q[1],q[0];\nrz(3.0399842262268066) q[0];\nrx(-1.6954753398895264) q[0];\nrz(3.1446468830108643) q[0];\nrz(0.22768987715244293) q[1];\nrx(3.0511515140533447) q[1];\nrz(0.9493701457977295) q[1];\nrz(1.4577139616012573) q[2];\nrx(0.2948085367679596) q[2];\nrz(-0.5141470432281494) q[2];\ncx q[1],q[0];\nh q[1];\nh q[0];\nh q[1];\nx q[1];\nrz(0.8892903923988342) q[0];\nrx(0.8444334268569946) q[0];\nrz(0.9866347312927246) q[0];\nrz(-2.729233741760254) q[1];\nrx(3.149848222732544) q[1];\nrz(3.1467361450195312) q[1];\nrz(-0.9457087516784668) q[2];\nrx(-2.882554531097412) q[2];\nrz(0.7895129919052124) q[2];\nh q[0];\nh q[1];\nx q[0];\ncx q[1],q[2];\ncx q[0],q[2];\nrz(-1.1748313903808594) q[0];\nrx(-3.0851240158081055) q[0];\nrz(2.7094228267669678) q[0];\nrz(0.433115690946579) q[1];\nrx(-0.10217820852994919) q[1];\nrz(-1.6104413270950317) q[1];\nrz(-2.8346478939056396) q[2];\nrx(-2.9159600734710693) q[2];\nrz(0.4011680483818054) q[2];"}