{"seed": 4177, "fidelity": 0.9999083876609802, "pqc_params": [[[-1.1392650604248047, -1.71259343624115, -0.1977972686290741], [-1.5123584270477295, -0.11476043611764908, -0.6266778707504272], [2.521308422088623, -0.7358472347259521, 1.8662980794906616]], [[-1.6350688934326172, -2.6859421730041504, 2.4662017822265625], [1.635953426361084, 3.266242265701294, -1.881879448890686], [-2.4615418910980225, 2.1405937671661377, 0.4923684298992157]], [[2.2076876163482666, -2.011889696121216, -2.444732904434204], [-2.1787593364715576, 0.2750317454338074, -0.3385719358921051], [-2.723360061645508, 1.729687213897705, -0.3588847219944]], [[2.064089059829712, 1.2908490896224976, 1.8758301734924316], [-1.5675616264343262, 3.475466728210449, 1.957213282585144], [-2.9316439628601074, -2.4615843296051025, 0.8610720038414001]]], "base_circuit_tokens": [["h", [1], []], ["h", [2], []], ["h", [1], []], ["h", [1], []], ["h", [0], []], ["x", [2], []], ["h", [0], []], ["h", [2], []], ["x", [1], []], ["h", [1], []], ["h", [1], []], ["x", [1], []], ["h", [2], []], ["h", [0], []], ["x", [2], []], ["h", [0], []], ["h", [1], []], ["h", [1], []], ["h", [2], []], ["h", [1], []]], "pqc_circuit_tokens": [["h", [1], []], ["h", [2], []], ["h", [1], []], ["h", [1], []], ["h", [0], []], ["rz", [0], [-1.1392650604248047]], ["rx", [0], [-1.71259343624115]], ["rz", [0], [-0.1977972686290741]], ["rz", [1], [-1.5123584270477295]], ["rx", [1], [-0.11476043611764908]], ["rz", [1], [-0.6266778707504272]], ["rz", [2], [2.521308422088623]], ["rx", [2], [-0.7358472347259521]], ["rz", [2], [1.8662980794906616]], ["x", [2], []], ["h", [0], []], ["h", [2], []], ["x", [1], []], ["h", [1], []], ["rz", [0], [-1.6350688934326172]], ["rx", [0], [-2.6859421730041504]], ["rz", [0], [2.4662017822265625]], ["rz", [1], [1.635953426361084]], ["rx", [1], [3.266242265701294]], ["rz", [1], [-1.881879448890686]], ["rz", [2], [-2.4615418910980225]], ["rx", [2], [2.1405937671661377]], ["rz", [2], [0.4923684298992157]], ["h", [1], []], ["x", [1], []], ["h", [2], []], ["h", [0], []], ["x", [2], []], ["rz", [0], [2.2076876163482666]], ["rx", [0], [-2.011889696121216]], ["rz", [0], [-2.444732904434204]], ["rz", [1], [-2.1787593364715576]], ["rx", [1], [0.2750317454338074]], ["rz", [1], [-0.3385719358921051]], ["rz", [2], [-2.723360061645508]], ["rx", [2], [1.729687213897705]], ["rz", [2], [-0.3588847219944]], ["h", [0], []], ["h", [1], []], ["h", [1], []], ["h", [2], []], ["h", [1], []], ["rz", [0], [2.064089059829712]], ["rx", [0], [1.2908490896224976]], ["rz", [0], [1.8758301734924316]], ["rz", [1], [-1.5675616264343262]], ["rx", [1], [3.475466728210449]], ["rz", [1], [1.957213282585144]], ["rz", [2], [-2.9316439628601074]], ["rx", [2], [-2.4615843296051025]], ["rz", [2], [0.8610720038414001]]], "base_circuit_qasm": "OPENQASM 2.0;\ninclude \"qelib1.inc\";\nqreg q[3];\nh q[1];\nh q[2];\nh q[1];\nh q[1];\nh q[0];\nx q[2];\nh q[0];\nh q[2];\nx q[1];\nh q[1];\nh q[1];\nx q[1];\nh q[2];\nh q[0];\nx q[2];\nh q[0];\nh q[1];\nh q[1];\nh q[2];\nh q[1];", "pqc_circuit_qasm": "OPENQASM 2.0;\ninclude \"qelib1.inc\";\nqreg q[3];\nh q[1];\nh q[2];\nh q[1];\nh q[1];\nh q[0];\nrz(-1.1392650604248047) q[0];\nrx(-1.71259343624115) q[0];\nrz(-0.1977972686290741) q[0];\nrz(-1.5123584270477295) q[1];\nrx(-0.11476043611764908) q[1];\nrz(-0.6266778707504272) q[1];\nrz(2.521308422088623) q[2];\nrx(-0.7358472347259521) q[2];\nrz(1.8662980794906616) q[2];\nx q[2];\nh q[0];\nh q[2];\nx q[1];\nh q[1];\nrz(-1.6350688934326172) q[0];\nrx(-2.6859421730041504) q[0];\nrz(2.4662017822265625) q[0];\nrz(1.635953426361084) q[1];\nrx(3.266242265701294) q[1];\nrz(-1.881879448890686) q[1];\nrz(-2.4615418910980225) q[2];\nrx(2.1405937671661377) q[2];\nrz(0.4923684298992157) q[2];\nh q[1];\nx q[1];\nh q[2];\nh q[0];\nx q[2];\nrz(2.2076876163482666) q[0];\nrx(-2.011889696121216) q[0];\nrz(-2.444732904434204) q[0];\nrz(-2.1787593364715576) q[1];\nrx(0.2750317454338074) q[1];\nrz(-0.3385719358921051) q[1];\nrz(-2.723360061645508) q[2];\nrx(1.729687213897705) q[2];\nrz(-0.3588847219944) q[2];\nh q[0];\nh q[1];\nh q[1];\nh q[2];\nh q[1];\nrz(2.064089059829712) q[0];\nrx(1.2908490896224976) q[0];\nrz(1.8758301734924316) q[0];\nrz(-1.5675616264343262) q[1];\nrx(3.475466728210449) q[1];\nrz(1.957213282585144) q[1];\nrz(-2.9316439628601074) q[2];\nrx(-2.4615843296051025) q[2];\nrz(0.8610720038414001) q[2];"}