{"seed": 4184, "fidelity": 0.9990087747573853, "pqc_params": [[[-0.00605647312477231, -0.49149832129478455, 1.539042592048645], [1.9215322732925415, -0.9181697964668274, 0.2641810476779938], [0.5849352478981018, 2.2599709033966064, 0.5857264995574951]], [[1.071502447128296, 0.001525035360828042, -1.1787649393081665], [-0.18880726397037506, 2.5709681510925293, -0.09177025407552719], [2.810983419418335, 3.386396646499634, -2.0567688941955566]], [[-1.9053781032562256, -3.306840658187866, -1.7678430080413818], [-2.28505802154541, -3.494307041168213, -0.1630270928144455], [-1.51539945602417, -3.7318625450134277, -2.589369535446167]], [[3.252380132675171, 0.4425719082355499, 1.121677279472351], [-1.6066358089447021, -0.5930896401405334, -1.5429309606552124], [-1.6846349239349365, 0.32335126399993896, -1.3477154970169067]]], "base_circuit_tokens": [["x", [2], []], ["h", [0], []], ["h", [1], []], ["h", [0], []], ["h", [2], []], ["cx", [2, 1], []], ["cx", [1, 0], []], ["h", [1], []], ["x", [2], []], ["h", [1], []], ["h", [1], []], ["x", [2], []], ["h", [1], []], ["cx", [1, 0], []], ["cx", [2, 1], []], ["h", [2], []], ["h", [0], []], ["h", [1], []], ["h", [0], []], ["x", [2], []]], "pqc_circuit_tokens": [["x", [2], []], ["h", [0], []], ["h", [1], []], ["h", [0], []], ["h", [2], []], ["rz", [0], [-0.00605647312477231]], ["rx", [0], [-0.49149832129478455]], ["rz", [0], [1.539042592048645]], ["rz", [1], [1.9215322732925415]], ["rx", [1], [-0.9181697964668274]], ["rz", [1], [0.2641810476779938]], ["rz", [2], [0.5849352478981018]], ["rx", [2], [2.2599709033966064]], ["rz", [2], [0.5857264995574951]], ["cx", [2, 1], []], ["cx", [1, 0], []], ["h", [1], []], ["x", [2], []], ["h", [1], []], ["rz", [0], [1.071502447128296]], ["rx", [0], [0.001525035360828042]], ["rz", [0], [-1.1787649393081665]], ["rz", [1], [-0.18880726397037506]], ["rx", [1], [2.5709681510925293]], ["rz", [1], [-0.09177025407552719]], ["rz", [2], [2.810983419418335]], ["rx", [2], [3.386396646499634]], ["rz", [2], [-2.0567688941955566]], ["h", [1], []], ["x", [2], []], ["h", [1], []], ["cx", [1, 0], []], ["cx", [2, 1], []], ["rz", [0], [-1.9053781032562256]], ["rx", [0], [-3.306840658187866]], ["rz", [0], [-1.7678430080413818]], ["rz", [1], [-2.28505802154541]], ["rx", [1], [-3.494307041168213]], ["rz", [1], [-0.1630270928144455]], ["rz", [2], [-1.51539945602417]], ["rx", [2], [-3.7318625450134277]], ["rz", [2], [-2.589369535446167]], ["h", [2], []], ["h", [0], []], ["h", [1], []], ["h", [0], []], ["x", [2], []], ["rz", [0], [3.252380132675171]], ["rx", [0], [0.4425719082355499]], ["rz", [0], [1.121677279472351]], ["rz", [1], [-1.6066358089447021]], ["rx", [1], [-0.5930896401405334]], ["rz", [1], [-1.5429309606552124]], ["rz", [2], [-1.6846349239349365]], ["rx", [2], [0.32335126399993896]], ["rz", [2], [-1.3477154970169067]]], "base_circuit_qasm": "OPENQASM 2.0;\ninclude \"qelib1.inc\";\nqreg q[3];\nx q[2];\nh q[0];\nh q[1];\nh q[0];\nh q[2];\ncx q[2],q[1];\ncx q[1],q[0];\nh q[1];\nx q[2];\nh q[1];\nh q[1];\nx q[2];\nh q[1];\ncx q[1],q[0];\ncx q[2],q[1];\nh q[2];\nh q[0];\nh q[1];\nh q[0];\nx q[2];", "pqc_circuit_qasm": "OPENQASM 2.0;\ninclude \"qelib1.inc\";\nqreg q[3];\nx q[2];\nh q[0];\nh q[1];\nh q[0];\nh q[2];\nrz(-0.00605647312477231) q[0];\nrx(-0.49149832129478455) q[0];\nrz(1.539042592048645) q[0];\nrz(1.9215322732925415) q[1];\nrx(-0.9181697964668274) q[1];\nrz(0.2641810476779938) q[1];\nrz(0.5849352478981018) q[2];\nrx(2.2599709033966064) q[2];\nrz(0.5857264995574951) q[2];\ncx q[2],q[1];\ncx q[1],q[0];\nh q[1];\nx q[2];\nh q[1];\nrz(1.071502447128296) q[0];\nrx(0.001525035360828042) q[0];\nrz(-1.1787649393081665) q[0];\nrz(-0.18880726397037506) q[1];\nrx(2.5709681510925293) q[1];\nrz(-0.09177025407552719) q[1];\nrz(2.810983419418335) q[2];\nrx(3.386396646499634) q[2];\nrz(-2.0567688941955566) q[2];\nh q[1];\nx q[2];\nh q[1];\ncx q[1],q[0];\ncx q[2],q[1];\nrz(-1.9053781032562256) q[0];\nrx(-3.306840658187866) q[0];\nrz(-1.7678430080413818) q[0];\nrz(-2.28505802154541) q[1];\nrx(-3.494307041168213) q[1];\nrz(-0.1630270928144455) q[1];\nrz(-1.51539945602417) q[2];\nrx(-3.7318625450134277) q[2];\nrz(-2.589369535446167) q[2];\nh q[2];\nh q[0];\nh q[1];\nh q[0];\nx q[2];\nrz(3.252380132675171) q[0];\nrx(0.4425719082355499) q[0];\nrz(1.121677279472351) q[0];\nrz(-1.6066358089447021) q[1];\nrx(-0.5930896401405334) q[1];\nrz(-1.5429309606552124) q[1];\nrz(-1.6846349239349365) q[2];\nrx(0.32335126399993896) q[2];\nrz(-1.3477154970169067) q[2];"}