{"seed": 4207, "fidelity": 0.9887226223945618, "pqc_params": [[[-0.5234717130661011, 1.1308404207229614, 0.7780486345291138], [0.10336411744356155, 2.6541099548339844, -2.6290805339813232], [2.651956796646118, -3.1626322269439697, -0.07092086970806122]], [[0.6118630170822144, 3.066786527633667, -0.5889766812324524], [0.7328396439552307, -1.221652626991272, 2.2179322242736816], [-1.0918773412704468, 3.1430344581604004, -0.9945884346961975]], [[0.8305014967918396, 0.008872314356267452, 1.8734146356582642], [1.5344194173812866, -2.2774221897125244, -1.324710726737976], [2.4938273429870605, -0.2651188373565674, 0.4896925687789917]], [[-1.4004709720611572, -0.23854853212833405, -0.9656569361686707], [1.3118562698364258, -0.01975085400044918, 1.5237623453140259], [2.36828351020813, 0.2081158459186554, -2.3541386127471924]]], "base_circuit_tokens": [["h", [2], []], ["h", [1], []], ["cx", [1, 2], []], ["h", [0], []], ["x", [2], []], ["x", [0], []], ["h", [1], []], ["h", [0], []], ["x", [2], []], ["cx", [0, 2], []], ["cx", [0, 2], []], ["x", [2], []], ["h", [0], []], ["h", [1], []], ["x", [0], []], ["x", [2], []], ["h", [0], []], ["cx", [1, 2], []], ["h", [1], []], ["h", [2], []]], "pqc_circuit_tokens": [["h", [2], []], ["h", [1], []], ["cx", [1, 2], []], ["h", [0], []], ["x", [2], []], ["rz", [0], [-0.5234717130661011]], ["rx", [0], [1.1308404207229614]], ["rz", [0], [0.7780486345291138]], ["rz", [1], [0.10336411744356155]], ["rx", [1], [2.6541099548339844]], ["rz", [1], [-2.6290805339813232]], ["rz", [2], [2.651956796646118]], ["rx", [2], [-3.1626322269439697]], ["rz", [2], [-0.07092086970806122]], ["x", [0], []], ["h", [1], []], ["h", [0], []], ["x", [2], []], ["cx", [0, 2], []], ["rz", [0], [0.6118630170822144]], ["rx", [0], [3.066786527633667]], ["rz", [0], [-0.5889766812324524]], ["rz", [1], [0.7328396439552307]], ["rx", [1], [-1.221652626991272]], ["rz", [1], [2.2179322242736816]], ["rz", [2], [-1.0918773412704468]], ["rx", [2], [3.1430344581604004]], ["rz", [2], [-0.9945884346961975]], ["cx", [0, 2], []], ["x", [2], []], ["h", [0], []], ["h", [1], []], ["x", [0], []], ["rz", [0], [0.8305014967918396]], ["rx", [0], [0.008872314356267452]], ["rz", [0], [1.8734146356582642]], ["rz", [1], [1.5344194173812866]], ["rx", [1], [-2.2774221897125244]], ["rz", [1], [-1.324710726737976]], ["rz", [2], [2.4938273429870605]], ["rx", [2], [-0.2651188373565674]], ["rz", [2], [0.4896925687789917]], ["x", [2], []], ["h", [0], []], ["cx", [1, 2], []], ["h", [1], []], ["h", [2], []], ["rz", [0], [-1.4004709720611572]], ["rx", [0], [-0.23854853212833405]], ["rz", [0], [-0.9656569361686707]], ["rz", [1], [1.3118562698364258]], ["rx", [1], [-0.01975085400044918]], ["rz", [1], [1.5237623453140259]], ["rz", [2], [2.36828351020813]], ["rx", [2], [0.2081158459186554]], ["rz", [2], [-2.3541386127471924]]], "base_circuit_qasm": "OPENQASM 2.0;\ninclude \"qelib1.inc\";\nqreg q[3];\nh q[2];\nh q[1];\ncx q[1],q[2];\nh q[0];\nx q[2];\nx q[0];\nh q[1];\nh q[0];\nx q[2];\ncx q[0],q[2];\ncx q[0],q[2];\nx q[2];\nh q[0];\nh q[1];\nx q[0];\nx q[2];\nh q[0];\ncx q[1],q[2];\nh q[1];\nh q[2];", "pqc_circuit_qasm": "OPENQASM 2.0;\ninclude \"qelib1.inc\";\nqreg q[3];\nh q[2];\nh q[1];\ncx q[1],q[2];\nh q[0];\nx q[2];\nrz(-0.5234717130661011) q[0];\nrx(1.1308404207229614) q[0];\nrz(0.7780486345291138) q[0];\nrz(0.10336411744356155) q[1];\nrx(2.6541099548339844) q[1];\nrz(-2.6290805339813232) q[1];\nrz(2.651956796646118) q[2];\nrx(-3.1626322269439697) q[2];\nrz(-0.07092086970806122) q[2];\nx q[0];\nh q[1];\nh q[0];\nx q[2];\ncx q[0],q[2];\nrz(0.6118630170822144) q[0];\nrx(3.066786527633667) q[0];\nrz(-0.5889766812324524) q[0];\nrz(0.7328396439552307) q[1];\nrx(-1.221652626991272) q[1];\nrz(2.2179322242736816) q[1];\nrz(-1.0918773412704468) q[2];\nrx(3.1430344581604004) q[2];\nrz(-0.9945884346961975) q[2];\ncx q[0],q[2];\nx q[2];\nh q[0];\nh q[1];\nx q[0];\nrz(0.8305014967918396) q[0];\nrx(0.008872314356267452) q[0];\nrz(1.8734146356582642) q[0];\nrz(1.5344194173812866) q[1];\nrx(-2.2774221897125244) q[1];\nrz(-1.324710726737976) q[1];\nrz(2.4938273429870605) q[2];\nrx(-0.2651188373565674) q[2];\nrz(0.4896925687789917) q[2];\nx q[2];\nh q[0];\ncx q[1],q[2];\nh q[1];\nh q[2];\nrz(-1.4004709720611572) q[0];\nrx(-0.23854853212833405) q[0];\nrz(-0.9656569361686707) q[0];\nrz(1.3118562698364258) q[1];\nrx(-0.01975085400044918) q[1];\nrz(1.5237623453140259) q[1];\nrz(2.36828351020813) q[2];\nrx(0.2081158459186554) q[2];\nrz(-2.3541386127471924) q[2];"}