{"seed": 4215, "fidelity": 0.9844681024551392, "pqc_params": [[[-3.344470977783203, -3.8736765384674072, -1.3126906156539917], [2.2482638359069824, 1.787013053894043, 0.5496988296508789], [2.0319066047668457, 2.589040517807007, 1.182539701461792]], [[-1.0223389863967896, 0.000194141422980465, 0.9241870045661926], [0.6847639679908752, 2.224931240081787, 2.207976818084717], [-2.268139600753784, -3.087817668914795, -1.2047230005264282]], [[-2.7482247352600098, 3.102733612060547, -0.22553475201129913], [-2.459662675857544, 0.11102981865406036, -0.8388256430625916], [-0.9450306296348572, 3.0238237380981445, -1.6138197183609009]], [[-0.06652672588825226, 0.8771076798439026, 2.7306771278381348], [-2.808605194091797, 0.08799002319574356, 2.5069825649261475], [-1.5749961137771606, -1.1269205808639526, -2.2016263008117676]]], "base_circuit_tokens": [["x", [2], []], ["h", [0], []], ["h", [0], []], ["h", [1], []], ["cx", [1, 0], []], ["h", [0], []], ["h", [2], []], ["h", [1], []], ["x", [0], []], ["cx", [2, 0], []], ["cx", [2, 0], []], ["x", [0], []], ["h", [1], []], ["h", [2], []], ["h", [0], []], ["cx", [1, 0], []], ["h", [1], []], ["h", [0], []], ["h", [0], []], ["x", [2], []]], "pqc_circuit_tokens": [["x", [2], []], ["h", [0], []], ["h", [0], []], ["h", [1], []], ["cx", [1, 0], []], ["rz", [0], [-3.344470977783203]], ["rx", [0], [-3.8736765384674072]], ["rz", [0], [-1.3126906156539917]], ["rz", [1], [2.2482638359069824]], ["rx", [1], [1.787013053894043]], ["rz", [1], [0.5496988296508789]], ["rz", [2], [2.0319066047668457]], ["rx", [2], [2.589040517807007]], ["rz", [2], [1.182539701461792]], ["h", [0], []], ["h", [2], []], ["h", [1], []], ["x", [0], []], ["cx", [2, 0], []], ["rz", [0], [-1.0223389863967896]], ["rx", [0], [0.000194141422980465]], ["rz", [0], [0.9241870045661926]], ["rz", [1], [0.6847639679908752]], ["rx", [1], [2.224931240081787]], ["rz", [1], [2.207976818084717]], ["rz", [2], [-2.268139600753784]], ["rx", [2], [-3.087817668914795]], ["rz", [2], [-1.2047230005264282]], ["cx", [2, 0], []], ["x", [0], []], ["h", [1], []], ["h", [2], []], ["h", [0], []], ["rz", [0], [-2.7482247352600098]], ["rx", [0], [3.102733612060547]], ["rz", [0], [-0.22553475201129913]], ["rz", [1], [-2.459662675857544]], ["rx", [1], [0.11102981865406036]], ["rz", [1], [-0.8388256430625916]], ["rz", [2], [-0.9450306296348572]], ["rx", [2], [3.0238237380981445]], ["rz", [2], [-1.6138197183609009]], ["cx", [1, 0], []], ["h", [1], []], ["h", [0], []], ["h", [0], []], ["x", [2], []], ["rz", [0], [-0.06652672588825226]], ["rx", [0], [0.8771076798439026]], ["rz", [0], [2.7306771278381348]], ["rz", [1], [-2.808605194091797]], ["rx", [1], [0.08799002319574356]], ["rz", [1], [2.5069825649261475]], ["rz", [2], [-1.5749961137771606]], ["rx", [2], [-1.1269205808639526]], ["rz", [2], [-2.2016263008117676]]], "base_circuit_qasm": "OPENQASM 2.0;\ninclude \"qelib1.inc\";\nqreg q[3];\nx q[2];\nh q[0];\nh q[0];\nh q[1];\ncx q[1],q[0];\nh q[0];\nh q[2];\nh q[1];\nx q[0];\ncx q[2],q[0];\ncx q[2],q[0];\nx q[0];\nh q[1];\nh q[2];\nh q[0];\ncx q[1],q[0];\nh q[1];\nh q[0];\nh q[0];\nx q[2];", "pqc_circuit_qasm": "OPENQASM 2.0;\ninclude \"qelib1.inc\";\nqreg q[3];\nx q[2];\nh q[0];\nh q[0];\nh q[1];\ncx q[1],q[0];\nrz(-3.344470977783203) q[0];\nrx(-3.8736765384674072) q[0];\nrz(-1.3126906156539917) q[0];\nrz(2.2482638359069824) q[1];\nrx(1.787013053894043) q[1];\nrz(0.5496988296508789) q[1];\nrz(2.0319066047668457) q[2];\nrx(2.589040517807007) q[2];\nrz(1.182539701461792) q[2];\nh q[0];\nh q[2];\nh q[1];\nx q[0];\ncx q[2],q[0];\nrz(-1.0223389863967896) q[0];\nrx(0.000194141422980465) q[0];\nrz(0.9241870045661926) q[0];\nrz(0.6847639679908752) q[1];\nrx(2.224931240081787) q[1];\nrz(2.207976818084717) q[1];\nrz(-2.268139600753784) q[2];\nrx(-3.087817668914795) q[2];\nrz(-1.2047230005264282) q[2];\ncx q[2],q[0];\nx q[0];\nh q[1];\nh q[2];\nh q[0];\nrz(-2.7482247352600098) q[0];\nrx(3.102733612060547) q[0];\nrz(-0.22553475201129913) q[0];\nrz(-2.459662675857544) q[1];\nrx(0.11102981865406036) q[1];\nrz(-0.8388256430625916) q[1];\nrz(-0.9450306296348572) q[2];\nrx(3.0238237380981445) q[2];\nrz(-1.6138197183609009) q[2];\ncx q[1],q[0];\nh q[1];\nh q[0];\nh q[0];\nx q[2];\nrz(-0.06652672588825226) q[0];\nrx(0.8771076798439026) q[0];\nrz(2.7306771278381348) q[0];\nrz(-2.808605194091797) q[1];\nrx(0.08799002319574356) q[1];\nrz(2.5069825649261475) q[1];\nrz(-1.5749961137771606) q[2];\nrx(-1.1269205808639526) q[2];\nrz(-2.2016263008117676) q[2];"}