{"seed": 4242, "fidelity": 0.9929879307746887, "pqc_params": [[[1.6002626419067383, -0.5249764919281006, 1.520633578300476], [2.688386917114258, -2.6108529567718506, 1.5366878509521484], [-1.1210960149765015, -1.1727166175842285, -2.7978389263153076]], [[1.8056727647781372, 3.1188995838165283, -0.6295642852783203], [1.2677220106124878, 3.108583450317383, 1.850191354751587], [2.6572887897491455, 1.2489830255508423, -2.6832568645477295]], [[-1.3590028285980225, -0.511789083480835, -3.2118537425994873], [1.0305734872817993, 0.2796112895011902, 0.259817510843277], [-0.6809799671173096, 2.526496171951294, 1.2713871002197266]], [[-1.560770869255066, -2.892230749130249, -1.8170890808105469], [-4.639055252075195, -0.007316663861274719, -1.7148277759552002], [-0.9068676233291626, -0.07189087569713593, 3.293560028076172]]], "base_circuit_tokens": [["cx", [2, 1], []], ["h", [0], []], ["h", [0], []], ["h", [0], []], ["h", [2], []], ["h", [0], []], ["h", [0], []], ["cx", [1, 0], []], ["h", [0], []], ["x", [2], []], ["x", [2], []], ["h", [0], []], ["cx", [1, 0], []], ["h", [0], []], ["h", [0], []], ["h", [2], []], ["h", [0], []], ["h", [0], []], ["h", [0], []], ["cx", [2, 1], []]], "pqc_circuit_tokens": [["cx", [2, 1], []], ["h", [0], []], ["h", [0], []], ["h", [0], []], ["h", [2], []], ["rz", [0], [1.6002626419067383]], ["rx", [0], [-0.5249764919281006]], ["rz", [0], [1.520633578300476]], ["rz", [1], [2.688386917114258]], ["rx", [1], [-2.6108529567718506]], ["rz", [1], [1.5366878509521484]], ["rz", [2], [-1.1210960149765015]], ["rx", [2], [-1.1727166175842285]], ["rz", [2], [-2.7978389263153076]], ["h", [0], []], ["h", [0], []], ["cx", [1, 0], []], ["h", [0], []], ["x", [2], []], ["rz", [0], [1.8056727647781372]], ["rx", [0], [3.1188995838165283]], ["rz", [0], [-0.6295642852783203]], ["rz", [1], [1.2677220106124878]], ["rx", [1], [3.108583450317383]], ["rz", [1], [1.850191354751587]], ["rz", [2], [2.6572887897491455]], ["rx", [2], [1.2489830255508423]], ["rz", [2], [-2.6832568645477295]], ["x", [2], []], ["h", [0], []], ["cx", [1, 0], []], ["h", [0], []], ["h", [0], []], ["rz", [0], [-1.3590028285980225]], ["rx", [0], [-0.511789083480835]], ["rz", [0], [-3.2118537425994873]], ["rz", [1], [1.0305734872817993]], ["rx", [1], [0.2796112895011902]], ["rz", [1], [0.259817510843277]], ["rz", [2], [-0.6809799671173096]], ["rx", [2], [2.526496171951294]], ["rz", [2], [1.2713871002197266]], ["h", [2], []], ["h", [0], []], ["h", [0], []], ["h", [0], []], ["cx", [2, 1], []], ["rz", [0], [-1.560770869255066]], ["rx", [0], [-2.892230749130249]], ["rz", [0], [-1.8170890808105469]], ["rz", [1], [-4.639055252075195]], ["rx", [1], [-0.007316663861274719]], ["rz", [1], [-1.7148277759552002]], ["rz", [2], [-0.9068676233291626]], ["rx", [2], [-0.07189087569713593]], ["rz", [2], [3.293560028076172]]], "base_circuit_qasm": "OPENQASM 2.0;\ninclude \"qelib1.inc\";\nqreg q[3];\ncx q[2],q[1];\nh q[0];\nh q[0];\nh q[0];\nh q[2];\nh q[0];\nh q[0];\ncx q[1],q[0];\nh q[0];\nx q[2];\nx q[2];\nh q[0];\ncx q[1],q[0];\nh q[0];\nh q[0];\nh q[2];\nh q[0];\nh q[0];\nh q[0];\ncx q[2],q[1];", "pqc_circuit_qasm": "OPENQASM 2.0;\ninclude \"qelib1.inc\";\nqreg q[3];\ncx q[2],q[1];\nh q[0];\nh q[0];\nh q[0];\nh q[2];\nrz(1.6002626419067383) q[0];\nrx(-0.5249764919281006) q[0];\nrz(1.520633578300476) q[0];\nrz(2.688386917114258) q[1];\nrx(-2.6108529567718506) q[1];\nrz(1.5366878509521484) q[1];\nrz(-1.1210960149765015) q[2];\nrx(-1.1727166175842285) q[2];\nrz(-2.7978389263153076) q[2];\nh q[0];\nh q[0];\ncx q[1],q[0];\nh q[0];\nx q[2];\nrz(1.8056727647781372) q[0];\nrx(3.1188995838165283) q[0];\nrz(-0.6295642852783203) q[0];\nrz(1.2677220106124878) q[1];\nrx(3.108583450317383) q[1];\nrz(1.850191354751587) q[1];\nrz(2.6572887897491455) q[2];\nrx(1.2489830255508423) q[2];\nrz(-2.6832568645477295) q[2];\nx q[2];\nh q[0];\ncx q[1],q[0];\nh q[0];\nh q[0];\nrz(-1.3590028285980225) q[0];\nrx(-0.511789083480835) q[0];\nrz(-3.2118537425994873) q[0];\nrz(1.0305734872817993) q[1];\nrx(0.2796112895011902) q[1];\nrz(0.259817510843277) q[1];\nrz(-0.6809799671173096) q[2];\nrx(2.526496171951294) q[2];\nrz(1.2713871002197266) q[2];\nh q[2];\nh q[0];\nh q[0];\nh q[0];\ncx q[2],q[1];\nrz(-1.560770869255066) q[0];\nrx(-2.892230749130249) q[0];\nrz(-1.8170890808105469) q[0];\nrz(-4.639055252075195) q[1];\nrx(-0.007316663861274719) q[1];\nrz(-1.7148277759552002) q[1];\nrz(-0.9068676233291626) q[2];\nrx(-0.07189087569713593) q[2];\nrz(3.293560028076172) q[2];"}