{"seed": 426, "fidelity": 0.9791906476020813, "pqc_params": [[[-1.7110008001327515, 0.8092759847640991, 1.3148605823516846], [-1.8777551651000977, 0.1828668862581253, -1.4460638761520386], [-3.4197516441345215, 1.8543764352798462, 2.1727259159088135]], [[-0.09993889182806015, 0.8706614375114441, -3.1334073543548584], [-2.360865592956543, 0.20359545946121216, 2.2597010135650635], [-2.5255043506622314, 0.08205199986696243, -0.9189664125442505]], [[-0.44550034403800964, -2.265066385269165, -1.7744213342666626], [-0.7056699991226196, 2.638460636138916, -0.28649938106536865], [1.7427040338516235, 0.3900771737098694, -0.7615118622779846]], [[2.763014793395996, -2.562819719314575, -1.5861351490020752], [-2.97833251953125, 0.5173417925834656, 2.656337261199951], [-0.4026018977165222, 2.006965398788452, 2.875854969024658]]], "base_circuit_tokens": [["h", [2], []], ["x", [2], []], ["h", [1], []], ["h", [2], []], ["cx", [1, 2], []], ["h", [1], []], ["x", [1], []], ["x", [1], []], ["cx", [1, 0], []], ["cx", [2, 1], []], ["cx", [2, 1], []], ["cx", [1, 0], []], ["x", [1], []], ["x", [1], []], ["h", [1], []], ["cx", [1, 2], []], ["h", [2], []], ["h", [1], []], ["x", [2], []], ["h", [2], []]], "pqc_circuit_tokens": [["h", [2], []], ["x", [2], []], ["h", [1], []], ["h", [2], []], ["cx", [1, 2], []], ["rz", [0], [-1.7110008001327515]], ["rx", [0], [0.8092759847640991]], ["rz", [0], [1.3148605823516846]], ["rz", [1], [-1.8777551651000977]], ["rx", [1], [0.1828668862581253]], ["rz", [1], [-1.4460638761520386]], ["rz", [2], [-3.4197516441345215]], ["rx", [2], [1.8543764352798462]], ["rz", [2], [2.1727259159088135]], ["h", [1], []], ["x", [1], []], ["x", [1], []], ["cx", [1, 0], []], ["cx", [2, 1], []], ["rz", [0], [-0.09993889182806015]], ["rx", [0], [0.8706614375114441]], ["rz", [0], [-3.1334073543548584]], ["rz", [1], [-2.360865592956543]], ["rx", [1], [0.20359545946121216]], ["rz", [1], [2.2597010135650635]], ["rz", [2], [-2.5255043506622314]], ["rx", [2], [0.08205199986696243]], ["rz", [2], [-0.9189664125442505]], ["cx", [2, 1], []], ["cx", [1, 0], []], ["x", [1], []], ["x", [1], []], ["h", [1], []], ["rz", [0], [-0.44550034403800964]], ["rx", [0], [-2.265066385269165]], ["rz", [0], [-1.7744213342666626]], ["rz", [1], [-0.7056699991226196]], ["rx", [1], [2.638460636138916]], ["rz", [1], [-0.28649938106536865]], ["rz", [2], [1.7427040338516235]], ["rx", [2], [0.3900771737098694]], ["rz", [2], [-0.7615118622779846]], ["cx", [1, 2], []], ["h", [2], []], ["h", [1], []], ["x", [2], []], ["h", [2], []], ["rz", [0], [2.763014793395996]], ["rx", [0], [-2.562819719314575]], ["rz", [0], [-1.5861351490020752]], ["rz", [1], [-2.97833251953125]], ["rx", [1], [0.5173417925834656]], ["rz", [1], [2.656337261199951]], ["rz", [2], [-0.4026018977165222]], ["rx", [2], [2.006965398788452]], ["rz", [2], [2.875854969024658]]], "base_circuit_qasm": "OPENQASM 2.0;\ninclude \"qelib1.inc\";\nqreg q[3];\nh q[2];\nx q[2];\nh q[1];\nh q[2];\ncx q[1],q[2];\nh q[1];\nx q[1];\nx q[1];\ncx q[1],q[0];\ncx q[2],q[1];\ncx q[2],q[1];\ncx q[1],q[0];\nx q[1];\nx q[1];\nh q[1];\ncx q[1],q[2];\nh q[2];\nh q[1];\nx q[2];\nh q[2];", "pqc_circuit_qasm": "OPENQASM 2.0;\ninclude \"qelib1.inc\";\nqreg q[3];\nh q[2];\nx q[2];\nh q[1];\nh q[2];\ncx q[1],q[2];\nrz(-1.7110008001327515) q[0];\nrx(0.8092759847640991) q[0];\nrz(1.3148605823516846) q[0];\nrz(-1.8777551651000977) q[1];\nrx(0.1828668862581253) q[1];\nrz(-1.4460638761520386) q[1];\nrz(-3.4197516441345215) q[2];\nrx(1.8543764352798462) q[2];\nrz(2.1727259159088135) q[2];\nh q[1];\nx q[1];\nx q[1];\ncx q[1],q[0];\ncx q[2],q[1];\nrz(-0.09993889182806015) q[0];\nrx(0.8706614375114441) q[0];\nrz(-3.1334073543548584) q[0];\nrz(-2.360865592956543) q[1];\nrx(0.20359545946121216) q[1];\nrz(2.2597010135650635) q[1];\nrz(-2.5255043506622314) q[2];\nrx(0.08205199986696243) q[2];\nrz(-0.9189664125442505) q[2];\ncx q[2],q[1];\ncx q[1],q[0];\nx q[1];\nx q[1];\nh q[1];\nrz(-0.44550034403800964) q[0];\nrx(-2.265066385269165) q[0];\nrz(-1.7744213342666626) q[0];\nrz(-0.7056699991226196) q[1];\nrx(2.638460636138916) q[1];\nrz(-0.28649938106536865) q[1];\nrz(1.7427040338516235) q[2];\nrx(0.3900771737098694) q[2];\nrz(-0.7615118622779846) q[2];\ncx q[1],q[2];\nh q[2];\nh q[1];\nx q[2];\nh q[2];\nrz(2.763014793395996) q[0];\nrx(-2.562819719314575) q[0];\nrz(-1.5861351490020752) q[0];\nrz(-2.97833251953125) q[1];\nrx(0.5173417925834656) q[1];\nrz(2.656337261199951) q[1];\nrz(-0.4026018977165222) q[2];\nrx(2.006965398788452) q[2];\nrz(2.875854969024658) q[2];"}