{"seed": 4275, "fidelity": 0.9887245297431946, "pqc_params": [[[-2.7160565853118896, 0.3724539279937744, -1.9488909244537354], [0.6684244871139526, 1.9186204671859741, 0.4590453505516052], [-2.031672954559326, 2.114210605621338, -2.2021214962005615]], [[-2.079355239868164, 0.021044407039880753, 1.5588279962539673], [0.569415271282196, -3.3588292598724365, 1.0883922576904297], [-1.1379101276397705, -0.18455100059509277, 1.5453919172286987]], [[3.364293098449707, 3.692960023880005, 2.2651185989379883], [-3.013899087905884, -1.3526489734649658, -0.16362793743610382], [1.9725419282913208, 0.8891375660896301, 2.536452054977417]], [[-1.7758492231369019, -3.1402575969696045, -1.6734352111816406], [2.3182454109191895, 1.6267316341400146, -3.310957670211792], [0.12377963960170746, 3.0350799560546875, -1.460867166519165]]], "base_circuit_tokens": [["h", [1], []], ["cx", [2, 0], []], ["h", [0], []], ["h", [1], []], ["x", [0], []], ["h", [1], []], ["cx", [1, 0], []], ["h", [0], []], ["h", [0], []], ["x", [1], []], ["x", [1], []], ["h", [0], []], ["h", [0], []], ["cx", [1, 0], []], ["h", [1], []], ["x", [0], []], ["h", [1], []], ["h", [0], []], ["cx", [2, 0], []], ["h", [1], []]], "pqc_circuit_tokens": [["h", [1], []], ["cx", [2, 0], []], ["h", [0], []], ["h", [1], []], ["x", [0], []], ["rz", [0], [-2.7160565853118896]], ["rx", [0], [0.3724539279937744]], ["rz", [0], [-1.9488909244537354]], ["rz", [1], [0.6684244871139526]], ["rx", [1], [1.9186204671859741]], ["rz", [1], [0.4590453505516052]], ["rz", [2], [-2.031672954559326]], ["rx", [2], [2.114210605621338]], ["rz", [2], [-2.2021214962005615]], ["h", [1], []], ["cx", [1, 0], []], ["h", [0], []], ["h", [0], []], ["x", [1], []], ["rz", [0], [-2.079355239868164]], ["rx", [0], [0.021044407039880753]], ["rz", [0], [1.5588279962539673]], ["rz", [1], [0.569415271282196]], ["rx", [1], [-3.3588292598724365]], ["rz", [1], [1.0883922576904297]], ["rz", [2], [-1.1379101276397705]], ["rx", [2], [-0.18455100059509277]], ["rz", [2], [1.5453919172286987]], ["x", [1], []], ["h", [0], []], ["h", [0], []], ["cx", [1, 0], []], ["h", [1], []], ["rz", [0], [3.364293098449707]], ["rx", [0], [3.692960023880005]], ["rz", [0], [2.2651185989379883]], ["rz", [1], [-3.013899087905884]], ["rx", [1], [-1.3526489734649658]], ["rz", [1], [-0.16362793743610382]], ["rz", [2], [1.9725419282913208]], ["rx", [2], [0.8891375660896301]], ["rz", [2], [2.536452054977417]], ["x", [0], []], ["h", [1], []], ["h", [0], []], ["cx", [2, 0], []], ["h", [1], []], ["rz", [0], [-1.7758492231369019]], ["rx", [0], [-3.1402575969696045]], ["rz", [0], [-1.6734352111816406]], ["rz", [1], [2.3182454109191895]], ["rx", [1], [1.6267316341400146]], ["rz", [1], [-3.310957670211792]], ["rz", [2], [0.12377963960170746]], ["rx", [2], [3.0350799560546875]], ["rz", [2], [-1.460867166519165]]], "base_circuit_qasm": "OPENQASM 2.0;\ninclude \"qelib1.inc\";\nqreg q[3];\nh q[1];\ncx q[2],q[0];\nh q[0];\nh q[1];\nx q[0];\nh q[1];\ncx q[1],q[0];\nh q[0];\nh q[0];\nx q[1];\nx q[1];\nh q[0];\nh q[0];\ncx q[1],q[0];\nh q[1];\nx q[0];\nh q[1];\nh q[0];\ncx q[2],q[0];\nh q[1];", "pqc_circuit_qasm": "OPENQASM 2.0;\ninclude \"qelib1.inc\";\nqreg q[3];\nh q[1];\ncx q[2],q[0];\nh q[0];\nh q[1];\nx q[0];\nrz(-2.7160565853118896) q[0];\nrx(0.3724539279937744) q[0];\nrz(-1.9488909244537354) q[0];\nrz(0.6684244871139526) q[1];\nrx(1.9186204671859741) q[1];\nrz(0.4590453505516052) q[1];\nrz(-2.031672954559326) q[2];\nrx(2.114210605621338) q[2];\nrz(-2.2021214962005615) q[2];\nh q[1];\ncx q[1],q[0];\nh q[0];\nh q[0];\nx q[1];\nrz(-2.079355239868164) q[0];\nrx(0.021044407039880753) q[0];\nrz(1.5588279962539673) q[0];\nrz(0.569415271282196) q[1];\nrx(-3.3588292598724365) q[1];\nrz(1.0883922576904297) q[1];\nrz(-1.1379101276397705) q[2];\nrx(-0.18455100059509277) q[2];\nrz(1.5453919172286987) q[2];\nx q[1];\nh q[0];\nh q[0];\ncx q[1],q[0];\nh q[1];\nrz(3.364293098449707) q[0];\nrx(3.692960023880005) q[0];\nrz(2.2651185989379883) q[0];\nrz(-3.013899087905884) q[1];\nrx(-1.3526489734649658) q[1];\nrz(-0.16362793743610382) q[1];\nrz(1.9725419282913208) q[2];\nrx(0.8891375660896301) q[2];\nrz(2.536452054977417) q[2];\nx q[0];\nh q[1];\nh q[0];\ncx q[2],q[0];\nh q[1];\nrz(-1.7758492231369019) q[0];\nrx(-3.1402575969696045) q[0];\nrz(-1.6734352111816406) q[0];\nrz(2.3182454109191895) q[1];\nrx(1.6267316341400146) q[1];\nrz(-3.310957670211792) q[1];\nrz(0.12377963960170746) q[2];\nrx(3.0350799560546875) q[2];\nrz(-1.460867166519165) q[2];"}