{"seed": 4288, "fidelity": 0.9998319745063782, "pqc_params": [[[-0.7470715045928955, 1.7333025932312012, -2.308034658432007], [-3.0841026306152344, -1.0467092990875244, 2.3711071014404297], [0.6671887040138245, 0.31069186329841614, 0.14444635808467865]], [[-2.709747552871704, 0.0001419349282514304, -0.5395908951759338], [1.5234166383743286, 3.4319276809692383, 1.702881932258606], [-0.39139947295188904, 0.12155352532863617, -3.0536561012268066]], [[1.3267991542816162, 0.3248943090438843, -3.2304680347442627], [-1.5988091230392456, 2.807269811630249, -2.7463507652282715], [1.1281198263168335, 1.2754876613616943, -3.14569354057312]], [[-0.9587292075157166, -1.0200499296188354, -2.9399728775024414], [1.006771206855774, 1.3155322074890137, 2.9462366104125977], [-2.990543842315674, 2.0289535522460938, -2.889667510986328]]], "base_circuit_tokens": [["h", [0], []], ["x", [1], []], ["h", [0], []], ["h", [0], []], ["h", [0], []], ["h", [0], []], ["cx", [2, 0], []], ["h", [2], []], ["h", [1], []], ["h", [1], []], ["h", [1], []], ["h", [1], []], ["h", [2], []], ["cx", [2, 0], []], ["h", [0], []], ["h", [0], []], ["h", [0], []], ["h", [0], []], ["x", [1], []], ["h", [0], []]], "pqc_circuit_tokens": [["h", [0], []], ["x", [1], []], ["h", [0], []], ["h", [0], []], ["h", [0], []], ["rz", [0], [-0.7470715045928955]], ["rx", [0], [1.7333025932312012]], ["rz", [0], [-2.308034658432007]], ["rz", [1], [-3.0841026306152344]], ["rx", [1], [-1.0467092990875244]], ["rz", [1], [2.3711071014404297]], ["rz", [2], [0.6671887040138245]], ["rx", [2], [0.31069186329841614]], ["rz", [2], [0.14444635808467865]], ["h", [0], []], ["cx", [2, 0], []], ["h", [2], []], ["h", [1], []], ["h", [1], []], ["rz", [0], [-2.709747552871704]], ["rx", [0], [0.0001419349282514304]], ["rz", [0], [-0.5395908951759338]], ["rz", [1], [1.5234166383743286]], ["rx", [1], [3.4319276809692383]], ["rz", [1], [1.702881932258606]], ["rz", [2], [-0.39139947295188904]], ["rx", [2], [0.12155352532863617]], ["rz", [2], [-3.0536561012268066]], ["h", [1], []], ["h", [1], []], ["h", [2], []], ["cx", [2, 0], []], ["h", [0], []], ["rz", [0], [1.3267991542816162]], ["rx", [0], [0.3248943090438843]], ["rz", [0], [-3.2304680347442627]], ["rz", [1], [-1.5988091230392456]], ["rx", [1], [2.807269811630249]], ["rz", [1], [-2.7463507652282715]], ["rz", [2], [1.1281198263168335]], ["rx", [2], [1.2754876613616943]], ["rz", [2], [-3.14569354057312]], ["h", [0], []], ["h", [0], []], ["h", [0], []], ["x", [1], []], ["h", [0], []], ["rz", [0], [-0.9587292075157166]], ["rx", [0], [-1.0200499296188354]], ["rz", [0], [-2.9399728775024414]], ["rz", [1], [1.006771206855774]], ["rx", [1], [1.3155322074890137]], ["rz", [1], [2.9462366104125977]], ["rz", [2], [-2.990543842315674]], ["rx", [2], [2.0289535522460938]], ["rz", [2], [-2.889667510986328]]], "base_circuit_qasm": "OPENQASM 2.0;\ninclude \"qelib1.inc\";\nqreg q[3];\nh q[0];\nx q[1];\nh q[0];\nh q[0];\nh q[0];\nh q[0];\ncx q[2],q[0];\nh q[2];\nh q[1];\nh q[1];\nh q[1];\nh q[1];\nh q[2];\ncx q[2],q[0];\nh q[0];\nh q[0];\nh q[0];\nh q[0];\nx q[1];\nh q[0];", "pqc_circuit_qasm": "OPENQASM 2.0;\ninclude \"qelib1.inc\";\nqreg q[3];\nh q[0];\nx q[1];\nh q[0];\nh q[0];\nh q[0];\nrz(-0.7470715045928955) q[0];\nrx(1.7333025932312012) q[0];\nrz(-2.308034658432007) q[0];\nrz(-3.0841026306152344) q[1];\nrx(-1.0467092990875244) q[1];\nrz(2.3711071014404297) q[1];\nrz(0.6671887040138245) q[2];\nrx(0.31069186329841614) q[2];\nrz(0.14444635808467865) q[2];\nh q[0];\ncx q[2],q[0];\nh q[2];\nh q[1];\nh q[1];\nrz(-2.709747552871704) q[0];\nrx(0.0001419349282514304) q[0];\nrz(-0.5395908951759338) q[0];\nrz(1.5234166383743286) q[1];\nrx(3.4319276809692383) q[1];\nrz(1.702881932258606) q[1];\nrz(-0.39139947295188904) q[2];\nrx(0.12155352532863617) q[2];\nrz(-3.0536561012268066) q[2];\nh q[1];\nh q[1];\nh q[2];\ncx q[2],q[0];\nh q[0];\nrz(1.3267991542816162) q[0];\nrx(0.3248943090438843) q[0];\nrz(-3.2304680347442627) q[0];\nrz(-1.5988091230392456) q[1];\nrx(2.807269811630249) q[1];\nrz(-2.7463507652282715) q[1];\nrz(1.1281198263168335) q[2];\nrx(1.2754876613616943) q[2];\nrz(-3.14569354057312) q[2];\nh q[0];\nh q[0];\nh q[0];\nx q[1];\nh q[0];\nrz(-0.9587292075157166) q[0];\nrx(-1.0200499296188354) q[0];\nrz(-2.9399728775024414) q[0];\nrz(1.006771206855774) q[1];\nrx(1.3155322074890137) q[1];\nrz(2.9462366104125977) q[1];\nrz(-2.990543842315674) q[2];\nrx(2.0289535522460938) q[2];\nrz(-2.889667510986328) q[2];"}