{"seed": 4293, "fidelity": 0.994013249874115, "pqc_params": [[[-2.293928384780884, -2.5442991256713867, 1.3642622232437134], [-0.3794851303100586, -0.6954159736633301, 0.8098548054695129], [1.9585596323013306, 2.941507577896118, 2.057922840118408]], [[-1.4019192457199097, -3.172280788421631, 2.6946194171905518], [1.2483141422271729, 2.021888017654419, -1.9984948635101318], [0.47829172015190125, 2.8672354221343994, 0.14010870456695557]], [[0.02052004262804985, 1.4048458337783813, -0.4144427180290222], [-0.31500527262687683, 1.4284268617630005, 2.580216407775879], [0.22234050929546356, 1.5215364694595337, 3.3869588375091553]], [[-1.9858192205429077, -0.5572055578231812, 3.2913565635681152], [-0.7946404814720154, 1.554585576057434, 1.0807135105133057], [2.644724130630493, 0.27544713020324707, -1.3643699884414673]]], "base_circuit_tokens": [["x", [0], []], ["x", [1], []], ["h", [2], []], ["x", [0], []], ["h", [1], []], ["h", [2], []], ["h", [0], []], ["x", [1], []], ["cx", [0, 2], []], ["h", [2], []], ["h", [2], []], ["cx", [0, 2], []], ["x", [1], []], ["h", [0], []], ["h", [2], []], ["h", [1], []], ["x", [0], []], ["h", [2], []], ["x", [1], []], ["x", [0], []]], "pqc_circuit_tokens": [["x", [0], []], ["x", [1], []], ["h", [2], []], ["x", [0], []], ["h", [1], []], ["rz", [0], [-2.293928384780884]], ["rx", [0], [-2.5442991256713867]], ["rz", [0], [1.3642622232437134]], ["rz", [1], [-0.3794851303100586]], ["rx", [1], [-0.6954159736633301]], ["rz", [1], [0.8098548054695129]], ["rz", [2], [1.9585596323013306]], ["rx", [2], [2.941507577896118]], ["rz", [2], [2.057922840118408]], ["h", [2], []], ["h", [0], []], ["x", [1], []], ["cx", [0, 2], []], ["h", [2], []], ["rz", [0], [-1.4019192457199097]], ["rx", [0], [-3.172280788421631]], ["rz", [0], [2.6946194171905518]], ["rz", [1], [1.2483141422271729]], ["rx", [1], [2.021888017654419]], ["rz", [1], [-1.9984948635101318]], ["rz", [2], [0.47829172015190125]], ["rx", [2], [2.8672354221343994]], ["rz", [2], [0.14010870456695557]], ["h", [2], []], ["cx", [0, 2], []], ["x", [1], []], ["h", [0], []], ["h", [2], []], ["rz", [0], [0.02052004262804985]], ["rx", [0], [1.4048458337783813]], ["rz", [0], [-0.4144427180290222]], ["rz", [1], [-0.31500527262687683]], ["rx", [1], [1.4284268617630005]], ["rz", [1], [2.580216407775879]], ["rz", [2], [0.22234050929546356]], ["rx", [2], [1.5215364694595337]], ["rz", [2], [3.3869588375091553]], ["h", [1], []], ["x", [0], []], ["h", [2], []], ["x", [1], []], ["x", [0], []], ["rz", [0], [-1.9858192205429077]], ["rx", [0], [-0.5572055578231812]], ["rz", [0], [3.2913565635681152]], ["rz", [1], [-0.7946404814720154]], ["rx", [1], [1.554585576057434]], ["rz", [1], [1.0807135105133057]], ["rz", [2], [2.644724130630493]], ["rx", [2], [0.27544713020324707]], ["rz", [2], [-1.3643699884414673]]], "base_circuit_qasm": "OPENQASM 2.0;\ninclude \"qelib1.inc\";\nqreg q[3];\nx q[0];\nx q[1];\nh q[2];\nx q[0];\nh q[1];\nh q[2];\nh q[0];\nx q[1];\ncx q[0],q[2];\nh q[2];\nh q[2];\ncx q[0],q[2];\nx q[1];\nh q[0];\nh q[2];\nh q[1];\nx q[0];\nh q[2];\nx q[1];\nx q[0];", "pqc_circuit_qasm": "OPENQASM 2.0;\ninclude \"qelib1.inc\";\nqreg q[3];\nx q[0];\nx q[1];\nh q[2];\nx q[0];\nh q[1];\nrz(-2.293928384780884) q[0];\nrx(-2.5442991256713867) q[0];\nrz(1.3642622232437134) q[0];\nrz(-0.3794851303100586) q[1];\nrx(-0.6954159736633301) q[1];\nrz(0.8098548054695129) q[1];\nrz(1.9585596323013306) q[2];\nrx(2.941507577896118) q[2];\nrz(2.057922840118408) q[2];\nh q[2];\nh q[0];\nx q[1];\ncx q[0],q[2];\nh q[2];\nrz(-1.4019192457199097) q[0];\nrx(-3.172280788421631) q[0];\nrz(2.6946194171905518) q[0];\nrz(1.2483141422271729) q[1];\nrx(2.021888017654419) q[1];\nrz(-1.9984948635101318) q[1];\nrz(0.47829172015190125) q[2];\nrx(2.8672354221343994) q[2];\nrz(0.14010870456695557) q[2];\nh q[2];\ncx q[0],q[2];\nx q[1];\nh q[0];\nh q[2];\nrz(0.02052004262804985) q[0];\nrx(1.4048458337783813) q[0];\nrz(-0.4144427180290222) q[0];\nrz(-0.31500527262687683) q[1];\nrx(1.4284268617630005) q[1];\nrz(2.580216407775879) q[1];\nrz(0.22234050929546356) q[2];\nrx(1.5215364694595337) q[2];\nrz(3.3869588375091553) q[2];\nh q[1];\nx q[0];\nh q[2];\nx q[1];\nx q[0];\nrz(-1.9858192205429077) q[0];\nrx(-0.5572055578231812) q[0];\nrz(3.2913565635681152) q[0];\nrz(-0.7946404814720154) q[1];\nrx(1.554585576057434) q[1];\nrz(1.0807135105133057) q[1];\nrz(2.644724130630493) q[2];\nrx(0.27544713020324707) q[2];\nrz(-1.3643699884414673) q[2];"}