{"seed": 4312, "fidelity": 0.9905409216880798, "pqc_params": [[[-1.2606227397918701, -1.9577776193618774, -1.0415751934051514], [-0.84151691198349, 1.229947566986084, -0.1901075541973114], [0.9689947962760925, 1.5428224802017212, 0.03697375953197479]], [[-0.28158822655677795, -0.3669796884059906, 0.16540102660655975], [0.08845192939043045, 2.9470136165618896, -3.1696364879608154], [-1.255500316619873, 3.1620686054229736, 1.9683626890182495]], [[-1.0750702619552612, 1.1736910343170166, 1.9486228227615356], [2.533477783203125, -1.2392486333847046, 2.394442319869995], [-0.4659246802330017, -0.2602328360080719, 2.776975631713867]], [[2.645646095275879, 0.4857543110847473, 2.5696427822113037], [1.9438096284866333, -3.1430063247680664, -1.08832848072052], [0.8266031742095947, -1.917066216468811, 2.122648239135742]]], "base_circuit_tokens": [["cx", [2, 0], []], ["cx", [2, 0], []], ["cx", [0, 1], []], ["h", [2], []], ["h", [1], []], ["h", [2], []], ["x", [1], []], ["x", [2], []], ["cx", [0, 2], []], ["cx", [1, 0], []], ["cx", [1, 0], []], ["cx", [0, 2], []], ["x", [2], []], ["x", [1], []], ["h", [2], []], ["h", [1], []], ["h", [2], []], ["cx", [0, 1], []], ["cx", [2, 0], []], ["cx", [2, 0], []]], "pqc_circuit_tokens": [["cx", [2, 0], []], ["cx", [2, 0], []], ["cx", [0, 1], []], ["h", [2], []], ["h", [1], []], ["rz", [0], [-1.2606227397918701]], ["rx", [0], [-1.9577776193618774]], ["rz", [0], [-1.0415751934051514]], ["rz", [1], [-0.84151691198349]], ["rx", [1], [1.229947566986084]], ["rz", [1], [-0.1901075541973114]], ["rz", [2], [0.9689947962760925]], ["rx", [2], [1.5428224802017212]], ["rz", [2], [0.03697375953197479]], ["h", [2], []], ["x", [1], []], ["x", [2], []], ["cx", [0, 2], []], ["cx", [1, 0], []], ["rz", [0], [-0.28158822655677795]], ["rx", [0], [-0.3669796884059906]], ["rz", [0], [0.16540102660655975]], ["rz", [1], [0.08845192939043045]], ["rx", [1], [2.9470136165618896]], ["rz", [1], [-3.1696364879608154]], ["rz", [2], [-1.255500316619873]], ["rx", [2], [3.1620686054229736]], ["rz", [2], [1.9683626890182495]], ["cx", [1, 0], []], ["cx", [0, 2], []], ["x", [2], []], ["x", [1], []], ["h", [2], []], ["rz", [0], [-1.0750702619552612]], ["rx", [0], [1.1736910343170166]], ["rz", [0], [1.9486228227615356]], ["rz", [1], [2.533477783203125]], ["rx", [1], [-1.2392486333847046]], ["rz", [1], [2.394442319869995]], ["rz", [2], [-0.4659246802330017]], ["rx", [2], [-0.2602328360080719]], ["rz", [2], [2.776975631713867]], ["h", [1], []], ["h", [2], []], ["cx", [0, 1], []], ["cx", [2, 0], []], ["cx", [2, 0], []], ["rz", [0], [2.645646095275879]], ["rx", [0], [0.4857543110847473]], ["rz", [0], [2.5696427822113037]], ["rz", [1], [1.9438096284866333]], ["rx", [1], [-3.1430063247680664]], ["rz", [1], [-1.08832848072052]], ["rz", [2], [0.8266031742095947]], ["rx", [2], [-1.917066216468811]], ["rz", [2], [2.122648239135742]]], "base_circuit_qasm": "OPENQASM 2.0;\ninclude \"qelib1.inc\";\nqreg q[3];\ncx q[2],q[0];\ncx q[2],q[0];\ncx q[0],q[1];\nh q[2];\nh q[1];\nh q[2];\nx q[1];\nx q[2];\ncx q[0],q[2];\ncx q[1],q[0];\ncx q[1],q[0];\ncx q[0],q[2];\nx q[2];\nx q[1];\nh q[2];\nh q[1];\nh q[2];\ncx q[0],q[1];\ncx q[2],q[0];\ncx q[2],q[0];", "pqc_circuit_qasm": "OPENQASM 2.0;\ninclude \"qelib1.inc\";\nqreg q[3];\ncx q[2],q[0];\ncx q[2],q[0];\ncx q[0],q[1];\nh q[2];\nh q[1];\nrz(-1.2606227397918701) q[0];\nrx(-1.9577776193618774) q[0];\nrz(-1.0415751934051514) q[0];\nrz(-0.84151691198349) q[1];\nrx(1.229947566986084) q[1];\nrz(-0.1901075541973114) q[1];\nrz(0.9689947962760925) q[2];\nrx(1.5428224802017212) q[2];\nrz(0.03697375953197479) q[2];\nh q[2];\nx q[1];\nx q[2];\ncx q[0],q[2];\ncx q[1],q[0];\nrz(-0.28158822655677795) q[0];\nrx(-0.3669796884059906) q[0];\nrz(0.16540102660655975) q[0];\nrz(0.08845192939043045) q[1];\nrx(2.9470136165618896) q[1];\nrz(-3.1696364879608154) q[1];\nrz(-1.255500316619873) q[2];\nrx(3.1620686054229736) q[2];\nrz(1.9683626890182495) q[2];\ncx q[1],q[0];\ncx q[0],q[2];\nx q[2];\nx q[1];\nh q[2];\nrz(-1.0750702619552612) q[0];\nrx(1.1736910343170166) q[0];\nrz(1.9486228227615356) q[0];\nrz(2.533477783203125) q[1];\nrx(-1.2392486333847046) q[1];\nrz(2.394442319869995) q[1];\nrz(-0.4659246802330017) q[2];\nrx(-0.2602328360080719) q[2];\nrz(2.776975631713867) q[2];\nh q[1];\nh q[2];\ncx q[0],q[1];\ncx q[2],q[0];\ncx q[2],q[0];\nrz(2.645646095275879) q[0];\nrx(0.4857543110847473) q[0];\nrz(2.5696427822113037) q[0];\nrz(1.9438096284866333) q[1];\nrx(-3.1430063247680664) q[1];\nrz(-1.08832848072052) q[1];\nrz(0.8266031742095947) q[2];\nrx(-1.917066216468811) q[2];\nrz(2.122648239135742) q[2];"}