{"seed": 4313, "fidelity": 0.9980939030647278, "pqc_params": [[[-1.635572910308838, 0.4164670407772064, 2.440650224685669], [3.406263589859009, -0.5351079702377319, 2.167009115219116], [-1.954344630241394, -1.2580622434616089, -1.612498164176941]], [[0.2629084289073944, -0.8208478689193726, 2.2744736671447754], [-2.402427911758423, -2.519681453704834, -3.154508352279663], [-2.7189536094665527, 1.0771689414978027, -2.0110344886779785]], [[-1.0338250398635864, 0.2011553794145584, 0.9726290702819824], [-1.4188759326934814, -0.09833089262247086, 1.8912941217422485], [-1.0283434391021729, 1.2296324968338013, -0.6790519952774048]], [[0.5895460844039917, -3.1754024028778076, 0.9073688983917236], [-3.175257444381714, -3.039393424987793, -2.7919020652770996], [-1.6584811210632324, 2.32654070854187, -1.509533166885376]]], "base_circuit_tokens": [["h", [2], []], ["cx", [1, 2], []], ["x", [0], []], ["h", [2], []], ["cx", [1, 2], []], ["h", [0], []], ["h", [2], []], ["h", [0], []], ["h", [0], []], ["h", [2], []], ["h", [2], []], ["h", [0], []], ["h", [0], []], ["h", [2], []], ["h", [0], []], ["cx", [1, 2], []], ["h", [2], []], ["x", [0], []], ["cx", [1, 2], []], ["h", [2], []]], "pqc_circuit_tokens": [["h", [2], []], ["cx", [1, 2], []], ["x", [0], []], ["h", [2], []], ["cx", [1, 2], []], ["rz", [0], [-1.635572910308838]], ["rx", [0], [0.4164670407772064]], ["rz", [0], [2.440650224685669]], ["rz", [1], [3.406263589859009]], ["rx", [1], [-0.5351079702377319]], ["rz", [1], [2.167009115219116]], ["rz", [2], [-1.954344630241394]], ["rx", [2], [-1.2580622434616089]], ["rz", [2], [-1.612498164176941]], ["h", [0], []], ["h", [2], []], ["h", [0], []], ["h", [0], []], ["h", [2], []], ["rz", [0], [0.2629084289073944]], ["rx", [0], [-0.8208478689193726]], ["rz", [0], [2.2744736671447754]], ["rz", [1], [-2.402427911758423]], ["rx", [1], [-2.519681453704834]], ["rz", [1], [-3.154508352279663]], ["rz", [2], [-2.7189536094665527]], ["rx", [2], [1.0771689414978027]], ["rz", [2], [-2.0110344886779785]], ["h", [2], []], ["h", [0], []], ["h", [0], []], ["h", [2], []], ["h", [0], []], ["rz", [0], [-1.0338250398635864]], ["rx", [0], [0.2011553794145584]], ["rz", [0], [0.9726290702819824]], ["rz", [1], [-1.4188759326934814]], ["rx", [1], [-0.09833089262247086]], ["rz", [1], [1.8912941217422485]], ["rz", [2], [-1.0283434391021729]], ["rx", [2], [1.2296324968338013]], ["rz", [2], [-0.6790519952774048]], ["cx", [1, 2], []], ["h", [2], []], ["x", [0], []], ["cx", [1, 2], []], ["h", [2], []], ["rz", [0], [0.5895460844039917]], ["rx", [0], [-3.1754024028778076]], ["rz", [0], [0.9073688983917236]], ["rz", [1], [-3.175257444381714]], ["rx", [1], [-3.039393424987793]], ["rz", [1], [-2.7919020652770996]], ["rz", [2], [-1.6584811210632324]], ["rx", [2], [2.32654070854187]], ["rz", [2], [-1.509533166885376]]], "base_circuit_qasm": "OPENQASM 2.0;\ninclude \"qelib1.inc\";\nqreg q[3];\nh q[2];\ncx q[1],q[2];\nx q[0];\nh q[2];\ncx q[1],q[2];\nh q[0];\nh q[2];\nh q[0];\nh q[0];\nh q[2];\nh q[2];\nh q[0];\nh q[0];\nh q[2];\nh q[0];\ncx q[1],q[2];\nh q[2];\nx q[0];\ncx q[1],q[2];\nh q[2];", "pqc_circuit_qasm": "OPENQASM 2.0;\ninclude \"qelib1.inc\";\nqreg q[3];\nh q[2];\ncx q[1],q[2];\nx q[0];\nh q[2];\ncx q[1],q[2];\nrz(-1.635572910308838) q[0];\nrx(0.4164670407772064) q[0];\nrz(2.440650224685669) q[0];\nrz(3.406263589859009) q[1];\nrx(-0.5351079702377319) q[1];\nrz(2.167009115219116) q[1];\nrz(-1.954344630241394) q[2];\nrx(-1.2580622434616089) q[2];\nrz(-1.612498164176941) q[2];\nh q[0];\nh q[2];\nh q[0];\nh q[0];\nh q[2];\nrz(0.2629084289073944) q[0];\nrx(-0.8208478689193726) q[0];\nrz(2.2744736671447754) q[0];\nrz(-2.402427911758423) q[1];\nrx(-2.519681453704834) q[1];\nrz(-3.154508352279663) q[1];\nrz(-2.7189536094665527) q[2];\nrx(1.0771689414978027) q[2];\nrz(-2.0110344886779785) q[2];\nh q[2];\nh q[0];\nh q[0];\nh q[2];\nh q[0];\nrz(-1.0338250398635864) q[0];\nrx(0.2011553794145584) q[0];\nrz(0.9726290702819824) q[0];\nrz(-1.4188759326934814) q[1];\nrx(-0.09833089262247086) q[1];\nrz(1.8912941217422485) q[1];\nrz(-1.0283434391021729) q[2];\nrx(1.2296324968338013) q[2];\nrz(-0.6790519952774048) q[2];\ncx q[1],q[2];\nh q[2];\nx q[0];\ncx q[1],q[2];\nh q[2];\nrz(0.5895460844039917) q[0];\nrx(-3.1754024028778076) q[0];\nrz(0.9073688983917236) q[0];\nrz(-3.175257444381714) q[1];\nrx(-3.039393424987793) q[1];\nrz(-2.7919020652770996) q[1];\nrz(-1.6584811210632324) q[2];\nrx(2.32654070854187) q[2];\nrz(-1.509533166885376) q[2];"}