{"seed": 4319, "fidelity": 0.9988136291503906, "pqc_params": [[[-2.1844213008880615, -1.3153955936431885, -2.532186985015869], [2.7854723930358887, 2.266977548599243, 0.7881684303283691], [-1.538292646408081, 0.20234091579914093, 3.333462715148926]], [[1.3989473581314087, 2.566312313079834, 1.6443006992340088], [-1.7370381355285645, 3.1380999088287354, 1.5165423154830933], [2.80873966217041, 0.1003175601363182, -1.921176552772522]], [[-2.704791784286499, 2.062062978744507, -2.2879488468170166], [0.9979251623153687, 1.16721510887146, -3.2298333644866943], [1.7078733444213867, -0.4175039827823639, 3.6307294368743896]], [[-0.10783383250236511, -0.31490251421928406, -0.0033692470751702785], [-3.467528820037842, -2.078178882598877, 0.041927922517061234], [-2.6256494522094727, -3.0558276176452637, -2.126352310180664]]], "base_circuit_tokens": [["cx", [2, 0], []], ["x", [0], []], ["h", [1], []], ["h", [2], []], ["h", [1], []], ["h", [0], []], ["h", [0], []], ["h", [1], []], ["x", [2], []], ["cx", [2, 1], []], ["cx", [2, 1], []], ["x", [2], []], ["h", [1], []], ["h", [0], []], ["h", [0], []], ["h", [1], []], ["h", [2], []], ["h", [1], []], ["x", [0], []], ["cx", [2, 0], []]], "pqc_circuit_tokens": [["cx", [2, 0], []], ["x", [0], []], ["h", [1], []], ["h", [2], []], ["h", [1], []], ["rz", [0], [-2.1844213008880615]], ["rx", [0], [-1.3153955936431885]], ["rz", [0], [-2.532186985015869]], ["rz", [1], [2.7854723930358887]], ["rx", [1], [2.266977548599243]], ["rz", [1], [0.7881684303283691]], ["rz", [2], [-1.538292646408081]], ["rx", [2], [0.20234091579914093]], ["rz", [2], [3.333462715148926]], ["h", [0], []], ["h", [0], []], ["h", [1], []], ["x", [2], []], ["cx", [2, 1], []], ["rz", [0], [1.3989473581314087]], ["rx", [0], [2.566312313079834]], ["rz", [0], [1.6443006992340088]], ["rz", [1], [-1.7370381355285645]], ["rx", [1], [3.1380999088287354]], ["rz", [1], [1.5165423154830933]], ["rz", [2], [2.80873966217041]], ["rx", [2], [0.1003175601363182]], ["rz", [2], [-1.921176552772522]], ["cx", [2, 1], []], ["x", [2], []], ["h", [1], []], ["h", [0], []], ["h", [0], []], ["rz", [0], [-2.704791784286499]], ["rx", [0], [2.062062978744507]], ["rz", [0], [-2.2879488468170166]], ["rz", [1], [0.9979251623153687]], ["rx", [1], [1.16721510887146]], ["rz", [1], [-3.2298333644866943]], ["rz", [2], [1.7078733444213867]], ["rx", [2], [-0.4175039827823639]], ["rz", [2], [3.6307294368743896]], ["h", [1], []], ["h", [2], []], ["h", [1], []], ["x", [0], []], ["cx", [2, 0], []], ["rz", [0], [-0.10783383250236511]], ["rx", [0], [-0.31490251421928406]], ["rz", [0], [-0.0033692470751702785]], ["rz", [1], [-3.467528820037842]], ["rx", [1], [-2.078178882598877]], ["rz", [1], [0.041927922517061234]], ["rz", [2], [-2.6256494522094727]], ["rx", [2], [-3.0558276176452637]], ["rz", [2], [-2.126352310180664]]], "base_circuit_qasm": "OPENQASM 2.0;\ninclude \"qelib1.inc\";\nqreg q[3];\ncx q[2],q[0];\nx q[0];\nh q[1];\nh q[2];\nh q[1];\nh q[0];\nh q[0];\nh q[1];\nx q[2];\ncx q[2],q[1];\ncx q[2],q[1];\nx q[2];\nh q[1];\nh q[0];\nh q[0];\nh q[1];\nh q[2];\nh q[1];\nx q[0];\ncx q[2],q[0];", "pqc_circuit_qasm": "OPENQASM 2.0;\ninclude \"qelib1.inc\";\nqreg q[3];\ncx q[2],q[0];\nx q[0];\nh q[1];\nh q[2];\nh q[1];\nrz(-2.1844213008880615) q[0];\nrx(-1.3153955936431885) q[0];\nrz(-2.532186985015869) q[0];\nrz(2.7854723930358887) q[1];\nrx(2.266977548599243) q[1];\nrz(0.7881684303283691) q[1];\nrz(-1.538292646408081) q[2];\nrx(0.20234091579914093) q[2];\nrz(3.333462715148926) q[2];\nh q[0];\nh q[0];\nh q[1];\nx q[2];\ncx q[2],q[1];\nrz(1.3989473581314087) q[0];\nrx(2.566312313079834) q[0];\nrz(1.6443006992340088) q[0];\nrz(-1.7370381355285645) q[1];\nrx(3.1380999088287354) q[1];\nrz(1.5165423154830933) q[1];\nrz(2.80873966217041) q[2];\nrx(0.1003175601363182) q[2];\nrz(-1.921176552772522) q[2];\ncx q[2],q[1];\nx q[2];\nh q[1];\nh q[0];\nh q[0];\nrz(-2.704791784286499) q[0];\nrx(2.062062978744507) q[0];\nrz(-2.2879488468170166) q[0];\nrz(0.9979251623153687) q[1];\nrx(1.16721510887146) q[1];\nrz(-3.2298333644866943) q[1];\nrz(1.7078733444213867) q[2];\nrx(-0.4175039827823639) q[2];\nrz(3.6307294368743896) q[2];\nh q[1];\nh q[2];\nh q[1];\nx q[0];\ncx q[2],q[0];\nrz(-0.10783383250236511) q[0];\nrx(-0.31490251421928406) q[0];\nrz(-0.0033692470751702785) q[0];\nrz(-3.467528820037842) q[1];\nrx(-2.078178882598877) q[1];\nrz(0.041927922517061234) q[1];\nrz(-2.6256494522094727) q[2];\nrx(-3.0558276176452637) q[2];\nrz(-2.126352310180664) q[2];"}