{"seed": 4325, "fidelity": 0.9997687339782715, "pqc_params": [[[-1.9072030782699585, -0.518285870552063, 2.466203212738037], [-2.5195016860961914, -3.5460197925567627, -2.6520392894744873], [2.5117199420928955, 1.2254468202590942, -1.1138249635696411]], [[1.5892120599746704, -2.898333787918091, 2.2646214962005615], [0.22384494543075562, 2.4428598880767822, -0.05918482691049576], [2.618640184402466, 1.7640694379806519, -2.2344417572021484]], [[3.2665772438049316, -0.37030261754989624, 1.2156223058700562], [-1.8464460372924805, -0.01742350310087204, 1.4301772117614746], [0.5766236782073975, 2.883082151412964, 0.6929173469543457]], [[-2.733490228652954, -1.999390959739685, -2.7633605003356934], [-0.3920041620731354, -0.49838966131210327, -0.45605307817459106], [3.5112390518188477, -3.1424849033355713, -2.6688365936279297]]], "base_circuit_tokens": [["h", [0], []], ["h", [1], []], ["h", [1], []], ["x", [0], []], ["cx", [1, 2], []], ["h", [0], []], ["h", [0], []], ["h", [2], []], ["x", [1], []], ["h", [0], []], ["h", [0], []], ["x", [1], []], ["h", [2], []], ["h", [0], []], ["h", [0], []], ["cx", [1, 2], []], ["x", [0], []], ["h", [1], []], ["h", [1], []], ["h", [0], []]], "pqc_circuit_tokens": [["h", [0], []], ["h", [1], []], ["h", [1], []], ["x", [0], []], ["cx", [1, 2], []], ["rz", [0], [-1.9072030782699585]], ["rx", [0], [-0.518285870552063]], ["rz", [0], [2.466203212738037]], ["rz", [1], [-2.5195016860961914]], ["rx", [1], [-3.5460197925567627]], ["rz", [1], [-2.6520392894744873]], ["rz", [2], [2.5117199420928955]], ["rx", [2], [1.2254468202590942]], ["rz", [2], [-1.1138249635696411]], ["h", [0], []], ["h", [0], []], ["h", [2], []], ["x", [1], []], ["h", [0], []], ["rz", [0], [1.5892120599746704]], ["rx", [0], [-2.898333787918091]], ["rz", [0], [2.2646214962005615]], ["rz", [1], [0.22384494543075562]], ["rx", [1], [2.4428598880767822]], ["rz", [1], [-0.05918482691049576]], ["rz", [2], [2.618640184402466]], ["rx", [2], [1.7640694379806519]], ["rz", [2], [-2.2344417572021484]], ["h", [0], []], ["x", [1], []], ["h", [2], []], ["h", [0], []], ["h", [0], []], ["rz", [0], [3.2665772438049316]], ["rx", [0], [-0.37030261754989624]], ["rz", [0], [1.2156223058700562]], ["rz", [1], [-1.8464460372924805]], ["rx", [1], [-0.01742350310087204]], ["rz", [1], [1.4301772117614746]], ["rz", [2], [0.5766236782073975]], ["rx", [2], [2.883082151412964]], ["rz", [2], [0.6929173469543457]], ["cx", [1, 2], []], ["x", [0], []], ["h", [1], []], ["h", [1], []], ["h", [0], []], ["rz", [0], [-2.733490228652954]], ["rx", [0], [-1.999390959739685]], ["rz", [0], [-2.7633605003356934]], ["rz", [1], [-0.3920041620731354]], ["rx", [1], [-0.49838966131210327]], ["rz", [1], [-0.45605307817459106]], ["rz", [2], [3.5112390518188477]], ["rx", [2], [-3.1424849033355713]], ["rz", [2], [-2.6688365936279297]]], "base_circuit_qasm": "OPENQASM 2.0;\ninclude \"qelib1.inc\";\nqreg q[3];\nh q[0];\nh q[1];\nh q[1];\nx q[0];\ncx q[1],q[2];\nh q[0];\nh q[0];\nh q[2];\nx q[1];\nh q[0];\nh q[0];\nx q[1];\nh q[2];\nh q[0];\nh q[0];\ncx q[1],q[2];\nx q[0];\nh q[1];\nh q[1];\nh q[0];", "pqc_circuit_qasm": "OPENQASM 2.0;\ninclude \"qelib1.inc\";\nqreg q[3];\nh q[0];\nh q[1];\nh q[1];\nx q[0];\ncx q[1],q[2];\nrz(-1.9072030782699585) q[0];\nrx(-0.518285870552063) q[0];\nrz(2.466203212738037) q[0];\nrz(-2.5195016860961914) q[1];\nrx(-3.5460197925567627) q[1];\nrz(-2.6520392894744873) q[1];\nrz(2.5117199420928955) q[2];\nrx(1.2254468202590942) q[2];\nrz(-1.1138249635696411) q[2];\nh q[0];\nh q[0];\nh q[2];\nx q[1];\nh q[0];\nrz(1.5892120599746704) q[0];\nrx(-2.898333787918091) q[0];\nrz(2.2646214962005615) q[0];\nrz(0.22384494543075562) q[1];\nrx(2.4428598880767822) q[1];\nrz(-0.05918482691049576) q[1];\nrz(2.618640184402466) q[2];\nrx(1.7640694379806519) q[2];\nrz(-2.2344417572021484) q[2];\nh q[0];\nx q[1];\nh q[2];\nh q[0];\nh q[0];\nrz(3.2665772438049316) q[0];\nrx(-0.37030261754989624) q[0];\nrz(1.2156223058700562) q[0];\nrz(-1.8464460372924805) q[1];\nrx(-0.01742350310087204) q[1];\nrz(1.4301772117614746) q[1];\nrz(0.5766236782073975) q[2];\nrx(2.883082151412964) q[2];\nrz(0.6929173469543457) q[2];\ncx q[1],q[2];\nx q[0];\nh q[1];\nh q[1];\nh q[0];\nrz(-2.733490228652954) q[0];\nrx(-1.999390959739685) q[0];\nrz(-2.7633605003356934) q[0];\nrz(-0.3920041620731354) q[1];\nrx(-0.49838966131210327) q[1];\nrz(-0.45605307817459106) q[1];\nrz(3.5112390518188477) q[2];\nrx(-3.1424849033355713) q[2];\nrz(-2.6688365936279297) q[2];"}