{"seed": 4328, "fidelity": 0.9572123885154724, "pqc_params": [[[-1.7596957683563232, 0.44167831540107727, -1.6654155254364014], [-0.534964382648468, -0.5953016877174377, 3.487452983856201], [-0.17069818079471588, 0.3474184572696686, -0.7752600312232971]], [[-0.4007795453071594, -0.8972792625427246, -0.8399832844734192], [-0.1077144518494606, -1.008933663368225, 0.016161814332008362], [-0.9825502634048462, 3.085070848464966, 2.25504207611084]], [[-0.5995702147483826, -1.9145539999008179, 0.902478039264679], [2.0859620571136475, -0.49132290482521057, -3.1402170658111572], [-2.833198070526123, -2.833286762237549, 1.1882867813110352]], [[-2.025186538696289, -2.7519659996032715, -0.8775137662887573], [2.828335762023926, 3.3549718856811523, -0.9773231744766235], [-2.9358465671539307, 0.6403340101242065, 2.7215497493743896]]], "base_circuit_tokens": [["h", [0], []], ["h", [0], []], ["h", [0], []], ["x", [0], []], ["x", [2], []], ["cx", [2, 1], []], ["h", [0], []], ["cx", [0, 2], []], ["h", [0], []], ["h", [0], []], ["h", [0], []], ["h", [0], []], ["cx", [0, 2], []], ["h", [0], []], ["cx", [2, 1], []], ["x", [2], []], ["x", [0], []], ["h", [0], []], ["h", [0], []], ["h", [0], []]], "pqc_circuit_tokens": [["h", [0], []], ["h", [0], []], ["h", [0], []], ["x", [0], []], ["x", [2], []], ["rz", [0], [-1.7596957683563232]], ["rx", [0], [0.44167831540107727]], ["rz", [0], [-1.6654155254364014]], ["rz", [1], [-0.534964382648468]], ["rx", [1], [-0.5953016877174377]], ["rz", [1], [3.487452983856201]], ["rz", [2], [-0.17069818079471588]], ["rx", [2], [0.3474184572696686]], ["rz", [2], [-0.7752600312232971]], ["cx", [2, 1], []], ["h", [0], []], ["cx", [0, 2], []], ["h", [0], []], ["h", [0], []], ["rz", [0], [-0.4007795453071594]], ["rx", [0], [-0.8972792625427246]], ["rz", [0], [-0.8399832844734192]], ["rz", [1], [-0.1077144518494606]], ["rx", [1], [-1.008933663368225]], ["rz", [1], [0.016161814332008362]], ["rz", [2], [-0.9825502634048462]], ["rx", [2], [3.085070848464966]], ["rz", [2], [2.25504207611084]], ["h", [0], []], ["h", [0], []], ["cx", [0, 2], []], ["h", [0], []], ["cx", [2, 1], []], ["rz", [0], [-0.5995702147483826]], ["rx", [0], [-1.9145539999008179]], ["rz", [0], [0.902478039264679]], ["rz", [1], [2.0859620571136475]], ["rx", [1], [-0.49132290482521057]], ["rz", [1], [-3.1402170658111572]], ["rz", [2], [-2.833198070526123]], ["rx", [2], [-2.833286762237549]], ["rz", [2], [1.1882867813110352]], ["x", [2], []], ["x", [0], []], ["h", [0], []], ["h", [0], []], ["h", [0], []], ["rz", [0], [-2.025186538696289]], ["rx", [0], [-2.7519659996032715]], ["rz", [0], [-0.8775137662887573]], ["rz", [1], [2.828335762023926]], ["rx", [1], [3.3549718856811523]], ["rz", [1], [-0.9773231744766235]], ["rz", [2], [-2.9358465671539307]], ["rx", [2], [0.6403340101242065]], ["rz", [2], [2.7215497493743896]]], "base_circuit_qasm": "OPENQASM 2.0;\ninclude \"qelib1.inc\";\nqreg q[3];\nh q[0];\nh q[0];\nh q[0];\nx q[0];\nx q[2];\ncx q[2],q[1];\nh q[0];\ncx q[0],q[2];\nh q[0];\nh q[0];\nh q[0];\nh q[0];\ncx q[0],q[2];\nh q[0];\ncx q[2],q[1];\nx q[2];\nx q[0];\nh q[0];\nh q[0];\nh q[0];", "pqc_circuit_qasm": "OPENQASM 2.0;\ninclude \"qelib1.inc\";\nqreg q[3];\nh q[0];\nh q[0];\nh q[0];\nx q[0];\nx q[2];\nrz(-1.7596957683563232) q[0];\nrx(0.44167831540107727) q[0];\nrz(-1.6654155254364014) q[0];\nrz(-0.534964382648468) q[1];\nrx(-0.5953016877174377) q[1];\nrz(3.487452983856201) q[1];\nrz(-0.17069818079471588) q[2];\nrx(0.3474184572696686) q[2];\nrz(-0.7752600312232971) q[2];\ncx q[2],q[1];\nh q[0];\ncx q[0],q[2];\nh q[0];\nh q[0];\nrz(-0.4007795453071594) q[0];\nrx(-0.8972792625427246) q[0];\nrz(-0.8399832844734192) q[0];\nrz(-0.1077144518494606) q[1];\nrx(-1.008933663368225) q[1];\nrz(0.016161814332008362) q[1];\nrz(-0.9825502634048462) q[2];\nrx(3.085070848464966) q[2];\nrz(2.25504207611084) q[2];\nh q[0];\nh q[0];\ncx q[0],q[2];\nh q[0];\ncx q[2],q[1];\nrz(-0.5995702147483826) q[0];\nrx(-1.9145539999008179) q[0];\nrz(0.902478039264679) q[0];\nrz(2.0859620571136475) q[1];\nrx(-0.49132290482521057) q[1];\nrz(-3.1402170658111572) q[1];\nrz(-2.833198070526123) q[2];\nrx(-2.833286762237549) q[2];\nrz(1.1882867813110352) q[2];\nx q[2];\nx q[0];\nh q[0];\nh q[0];\nh q[0];\nrz(-2.025186538696289) q[0];\nrx(-2.7519659996032715) q[0];\nrz(-0.8775137662887573) q[0];\nrz(2.828335762023926) q[1];\nrx(3.3549718856811523) q[1];\nrz(-0.9773231744766235) q[1];\nrz(-2.9358465671539307) q[2];\nrx(0.6403340101242065) q[2];\nrz(2.7215497493743896) q[2];"}