{"seed": 4332, "fidelity": 0.9933831095695496, "pqc_params": [[[-1.859509825706482, 1.9165260791778564, 0.33650073409080505], [3.688579797744751, -2.7675418853759766, -2.973330020904541], [0.5527154207229614, 1.296295404434204, -1.5591994524002075]], [[-0.7541879415512085, -0.12962087988853455, 2.1174495220184326], [-0.2045370191335678, 1.5006760358810425, 0.28280311822891235], [-0.7436697483062744, -1.0393513441085815, -2.168121814727783]], [[-3.0480384826660156, -2.490246057510376, 1.3304473161697388], [0.24360547959804535, 2.7499353885650635, -1.48497474193573], [-2.0091991424560547, 2.509089469909668, 0.8333131074905396]], [[1.342339038848877, 0.08252114057540894, 1.2986425161361694], [0.710412323474884, 3.1092112064361572, 0.8285534381866455], [-0.3948858678340912, -0.04851671680808067, 1.3938796520233154]]], "base_circuit_tokens": [["x", [2], []], ["h", [1], []], ["cx", [0, 1], []], ["h", [0], []], ["cx", [0, 1], []], ["h", [2], []], ["h", [1], []], ["x", [0], []], ["h", [0], []], ["cx", [0, 1], []], ["cx", [0, 1], []], ["h", [0], []], ["x", [0], []], ["h", [1], []], ["h", [2], []], ["cx", [0, 1], []], ["h", [0], []], ["cx", [0, 1], []], ["h", [1], []], ["x", [2], []]], "pqc_circuit_tokens": [["x", [2], []], ["h", [1], []], ["cx", [0, 1], []], ["h", [0], []], ["cx", [0, 1], []], ["rz", [0], [-1.859509825706482]], ["rx", [0], [1.9165260791778564]], ["rz", [0], [0.33650073409080505]], ["rz", [1], [3.688579797744751]], ["rx", [1], [-2.7675418853759766]], ["rz", [1], [-2.973330020904541]], ["rz", [2], [0.5527154207229614]], ["rx", [2], [1.296295404434204]], ["rz", [2], [-1.5591994524002075]], ["h", [2], []], ["h", [1], []], ["x", [0], []], ["h", [0], []], ["cx", [0, 1], []], ["rz", [0], [-0.7541879415512085]], ["rx", [0], [-0.12962087988853455]], ["rz", [0], [2.1174495220184326]], ["rz", [1], [-0.2045370191335678]], ["rx", [1], [1.5006760358810425]], ["rz", [1], [0.28280311822891235]], ["rz", [2], [-0.7436697483062744]], ["rx", [2], [-1.0393513441085815]], ["rz", [2], [-2.168121814727783]], ["cx", [0, 1], []], ["h", [0], []], ["x", [0], []], ["h", [1], []], ["h", [2], []], ["rz", [0], [-3.0480384826660156]], ["rx", [0], [-2.490246057510376]], ["rz", [0], [1.3304473161697388]], ["rz", [1], [0.24360547959804535]], ["rx", [1], [2.7499353885650635]], ["rz", [1], [-1.48497474193573]], ["rz", [2], [-2.0091991424560547]], ["rx", [2], [2.509089469909668]], ["rz", [2], [0.8333131074905396]], ["cx", [0, 1], []], ["h", [0], []], ["cx", [0, 1], []], ["h", [1], []], ["x", [2], []], ["rz", [0], [1.342339038848877]], ["rx", [0], [0.08252114057540894]], ["rz", [0], [1.2986425161361694]], ["rz", [1], [0.710412323474884]], ["rx", [1], [3.1092112064361572]], ["rz", [1], [0.8285534381866455]], ["rz", [2], [-0.3948858678340912]], ["rx", [2], [-0.04851671680808067]], ["rz", [2], [1.3938796520233154]]], "base_circuit_qasm": "OPENQASM 2.0;\ninclude \"qelib1.inc\";\nqreg q[3];\nx q[2];\nh q[1];\ncx q[0],q[1];\nh q[0];\ncx q[0],q[1];\nh q[2];\nh q[1];\nx q[0];\nh q[0];\ncx q[0],q[1];\ncx q[0],q[1];\nh q[0];\nx q[0];\nh q[1];\nh q[2];\ncx q[0],q[1];\nh q[0];\ncx q[0],q[1];\nh q[1];\nx q[2];", "pqc_circuit_qasm": "OPENQASM 2.0;\ninclude \"qelib1.inc\";\nqreg q[3];\nx q[2];\nh q[1];\ncx q[0],q[1];\nh q[0];\ncx q[0],q[1];\nrz(-1.859509825706482) q[0];\nrx(1.9165260791778564) q[0];\nrz(0.33650073409080505) q[0];\nrz(3.688579797744751) q[1];\nrx(-2.7675418853759766) q[1];\nrz(-2.973330020904541) q[1];\nrz(0.5527154207229614) q[2];\nrx(1.296295404434204) q[2];\nrz(-1.5591994524002075) q[2];\nh q[2];\nh q[1];\nx q[0];\nh q[0];\ncx q[0],q[1];\nrz(-0.7541879415512085) q[0];\nrx(-0.12962087988853455) q[0];\nrz(2.1174495220184326) q[0];\nrz(-0.2045370191335678) q[1];\nrx(1.5006760358810425) q[1];\nrz(0.28280311822891235) q[1];\nrz(-0.7436697483062744) q[2];\nrx(-1.0393513441085815) q[2];\nrz(-2.168121814727783) q[2];\ncx q[0],q[1];\nh q[0];\nx q[0];\nh q[1];\nh q[2];\nrz(-3.0480384826660156) q[0];\nrx(-2.490246057510376) q[0];\nrz(1.3304473161697388) q[0];\nrz(0.24360547959804535) q[1];\nrx(2.7499353885650635) q[1];\nrz(-1.48497474193573) q[1];\nrz(-2.0091991424560547) q[2];\nrx(2.509089469909668) q[2];\nrz(0.8333131074905396) q[2];\ncx q[0],q[1];\nh q[0];\ncx q[0],q[1];\nh q[1];\nx q[2];\nrz(1.342339038848877) q[0];\nrx(0.08252114057540894) q[0];\nrz(1.2986425161361694) q[0];\nrz(0.710412323474884) q[1];\nrx(3.1092112064361572) q[1];\nrz(0.8285534381866455) q[1];\nrz(-0.3948858678340912) q[2];\nrx(-0.04851671680808067) q[2];\nrz(1.3938796520233154) q[2];"}