{"seed": 4376, "fidelity": 0.9999165534973145, "pqc_params": [[[2.5147643089294434, -1.4562002420425415, -0.1893683820962906], [3.080376625061035, -1.347165822982788, -1.4776839017868042], [-0.5983213186264038, 2.031208038330078, 0.7861027717590332]], [[1.9977710247039795, 2.0661978721618652, 1.1950563192367554], [-2.0657739639282227, 2.46822190284729, -3.4029688835144043], [-2.520963191986084, 1.0345286130905151, -1.5194225311279297]], [[0.1562240570783615, 2.9319233894348145, -0.19863060116767883], [1.9688160419464111, 3.411581516265869, 1.3246771097183228], [-2.98946475982666, 1.0796226263046265, 0.4712732434272766]], [[1.6081520318984985, -1.9780529737472534, 1.3628262281417847], [-0.3819420635700226, 1.5609712600708008, -1.6452598571777344], [-2.792362928390503, 3.245401620864868, 1.004846453666687]]], "base_circuit_tokens": [["x", [0], []], ["x", [2], []], ["x", [2], []], ["h", [1], []], ["h", [1], []], ["h", [1], []], ["h", [2], []], ["h", [0], []], ["h", [0], []], ["h", [0], []], ["h", [0], []], ["h", [0], []], ["h", [0], []], ["h", [2], []], ["h", [1], []], ["h", [1], []], ["h", [1], []], ["x", [2], []], ["x", [2], []], ["x", [0], []]], "pqc_circuit_tokens": [["x", [0], []], ["x", [2], []], ["x", [2], []], ["h", [1], []], ["h", [1], []], ["rz", [0], [2.5147643089294434]], ["rx", [0], [-1.4562002420425415]], ["rz", [0], [-0.1893683820962906]], ["rz", [1], [3.080376625061035]], ["rx", [1], [-1.347165822982788]], ["rz", [1], [-1.4776839017868042]], ["rz", [2], [-0.5983213186264038]], ["rx", [2], [2.031208038330078]], ["rz", [2], [0.7861027717590332]], ["h", [1], []], ["h", [2], []], ["h", [0], []], ["h", [0], []], ["h", [0], []], ["rz", [0], [1.9977710247039795]], ["rx", [0], [2.0661978721618652]], ["rz", [0], [1.1950563192367554]], ["rz", [1], [-2.0657739639282227]], ["rx", [1], [2.46822190284729]], ["rz", [1], [-3.4029688835144043]], ["rz", [2], [-2.520963191986084]], ["rx", [2], [1.0345286130905151]], ["rz", [2], [-1.5194225311279297]], ["h", [0], []], ["h", [0], []], ["h", [0], []], ["h", [2], []], ["h", [1], []], ["rz", [0], [0.1562240570783615]], ["rx", [0], [2.9319233894348145]], ["rz", [0], [-0.19863060116767883]], ["rz", [1], [1.9688160419464111]], ["rx", [1], [3.411581516265869]], ["rz", [1], [1.3246771097183228]], ["rz", [2], [-2.98946475982666]], ["rx", [2], [1.0796226263046265]], ["rz", [2], [0.4712732434272766]], ["h", [1], []], ["h", [1], []], ["x", [2], []], ["x", [2], []], ["x", [0], []], ["rz", [0], [1.6081520318984985]], ["rx", [0], [-1.9780529737472534]], ["rz", [0], [1.3628262281417847]], ["rz", [1], [-0.3819420635700226]], ["rx", [1], [1.5609712600708008]], ["rz", [1], [-1.6452598571777344]], ["rz", [2], [-2.792362928390503]], ["rx", [2], [3.245401620864868]], ["rz", [2], [1.004846453666687]]], "base_circuit_qasm": "OPENQASM 2.0;\ninclude \"qelib1.inc\";\nqreg q[3];\nx q[0];\nx q[2];\nx q[2];\nh q[1];\nh q[1];\nh q[1];\nh q[2];\nh q[0];\nh q[0];\nh q[0];\nh q[0];\nh q[0];\nh q[0];\nh q[2];\nh q[1];\nh q[1];\nh q[1];\nx q[2];\nx q[2];\nx q[0];", "pqc_circuit_qasm": "OPENQASM 2.0;\ninclude \"qelib1.inc\";\nqreg q[3];\nx q[0];\nx q[2];\nx q[2];\nh q[1];\nh q[1];\nrz(2.5147643089294434) q[0];\nrx(-1.4562002420425415) q[0];\nrz(-0.1893683820962906) q[0];\nrz(3.080376625061035) q[1];\nrx(-1.347165822982788) q[1];\nrz(-1.4776839017868042) q[1];\nrz(-0.5983213186264038) q[2];\nrx(2.031208038330078) q[2];\nrz(0.7861027717590332) q[2];\nh q[1];\nh q[2];\nh q[0];\nh q[0];\nh q[0];\nrz(1.9977710247039795) q[0];\nrx(2.0661978721618652) q[0];\nrz(1.1950563192367554) q[0];\nrz(-2.0657739639282227) q[1];\nrx(2.46822190284729) q[1];\nrz(-3.4029688835144043) q[1];\nrz(-2.520963191986084) q[2];\nrx(1.0345286130905151) q[2];\nrz(-1.5194225311279297) q[2];\nh q[0];\nh q[0];\nh q[0];\nh q[2];\nh q[1];\nrz(0.1562240570783615) q[0];\nrx(2.9319233894348145) q[0];\nrz(-0.19863060116767883) q[0];\nrz(1.9688160419464111) q[1];\nrx(3.411581516265869) q[1];\nrz(1.3246771097183228) q[1];\nrz(-2.98946475982666) q[2];\nrx(1.0796226263046265) q[2];\nrz(0.4712732434272766) q[2];\nh q[1];\nh q[1];\nx q[2];\nx q[2];\nx q[0];\nrz(1.6081520318984985) q[0];\nrx(-1.9780529737472534) q[0];\nrz(1.3628262281417847) q[0];\nrz(-0.3819420635700226) q[1];\nrx(1.5609712600708008) q[1];\nrz(-1.6452598571777344) q[1];\nrz(-2.792362928390503) q[2];\nrx(3.245401620864868) q[2];\nrz(1.004846453666687) q[2];"}