{"seed": 4382, "fidelity": 0.9879752397537231, "pqc_params": [[[-2.6549806594848633, 0.13273581862449646, -0.8814436197280884], [-1.7495101690292358, 3.237423896789551, -3.8480992317199707], [-1.5017080307006836, -1.0607634782791138, -0.55459064245224]], [[2.4728896617889404, 0.277807354927063, -0.025400852784514427], [-1.931382656097412, 0.002958347089588642, -1.5218650102615356], [-1.854775071144104, -1.8968552350997925, -0.712208092212677]], [[3.0426127910614014, 3.4326181411743164, -2.8243155479431152], [-1.2328083515167236, -0.21074263751506805, -0.9326441287994385], [-0.3460697531700134, -2.8695921897888184, 1.2214330434799194]], [[-0.2066529542207718, -2.949326515197754, -0.11167939007282257], [0.26829850673675537, -3.0362906455993652, -1.2834203243255615], [0.14343135058879852, 2.547023296356201, 0.6717984080314636]]], "base_circuit_tokens": [["x", [2], []], ["x", [2], []], ["cx", [2, 0], []], ["cx", [2, 1], []], ["h", [2], []], ["x", [1], []], ["cx", [1, 2], []], ["cx", [0, 1], []], ["cx", [1, 0], []], ["h", [0], []], ["h", [0], []], ["cx", [1, 0], []], ["cx", [0, 1], []], ["cx", [1, 2], []], ["x", [1], []], ["h", [2], []], ["cx", [2, 1], []], ["cx", [2, 0], []], ["x", [2], []], ["x", [2], []]], "pqc_circuit_tokens": [["x", [2], []], ["x", [2], []], ["cx", [2, 0], []], ["cx", [2, 1], []], ["h", [2], []], ["rz", [0], [-2.6549806594848633]], ["rx", [0], [0.13273581862449646]], ["rz", [0], [-0.8814436197280884]], ["rz", [1], [-1.7495101690292358]], ["rx", [1], [3.237423896789551]], ["rz", [1], [-3.8480992317199707]], ["rz", [2], [-1.5017080307006836]], ["rx", [2], [-1.0607634782791138]], ["rz", [2], [-0.55459064245224]], ["x", [1], []], ["cx", [1, 2], []], ["cx", [0, 1], []], ["cx", [1, 0], []], ["h", [0], []], ["rz", [0], [2.4728896617889404]], ["rx", [0], [0.277807354927063]], ["rz", [0], [-0.025400852784514427]], ["rz", [1], [-1.931382656097412]], ["rx", [1], [0.002958347089588642]], ["rz", [1], [-1.5218650102615356]], ["rz", [2], [-1.854775071144104]], ["rx", [2], [-1.8968552350997925]], ["rz", [2], [-0.712208092212677]], ["h", [0], []], ["cx", [1, 0], []], ["cx", [0, 1], []], ["cx", [1, 2], []], ["x", [1], []], ["rz", [0], [3.0426127910614014]], ["rx", [0], [3.4326181411743164]], ["rz", [0], [-2.8243155479431152]], ["rz", [1], [-1.2328083515167236]], ["rx", [1], [-0.21074263751506805]], ["rz", [1], [-0.9326441287994385]], ["rz", [2], [-0.3460697531700134]], ["rx", [2], [-2.8695921897888184]], ["rz", [2], [1.2214330434799194]], ["h", [2], []], ["cx", [2, 1], []], ["cx", [2, 0], []], ["x", [2], []], ["x", [2], []], ["rz", [0], [-0.2066529542207718]], ["rx", [0], [-2.949326515197754]], ["rz", [0], [-0.11167939007282257]], ["rz", [1], [0.26829850673675537]], ["rx", [1], [-3.0362906455993652]], ["rz", [1], [-1.2834203243255615]], ["rz", [2], [0.14343135058879852]], ["rx", [2], [2.547023296356201]], ["rz", [2], [0.6717984080314636]]], "base_circuit_qasm": "OPENQASM 2.0;\ninclude \"qelib1.inc\";\nqreg q[3];\nx q[2];\nx q[2];\ncx q[2],q[0];\ncx q[2],q[1];\nh q[2];\nx q[1];\ncx q[1],q[2];\ncx q[0],q[1];\ncx q[1],q[0];\nh q[0];\nh q[0];\ncx q[1],q[0];\ncx q[0],q[1];\ncx q[1],q[2];\nx q[1];\nh q[2];\ncx q[2],q[1];\ncx q[2],q[0];\nx q[2];\nx q[2];", "pqc_circuit_qasm": "OPENQASM 2.0;\ninclude \"qelib1.inc\";\nqreg q[3];\nx q[2];\nx q[2];\ncx q[2],q[0];\ncx q[2],q[1];\nh q[2];\nrz(-2.6549806594848633) q[0];\nrx(0.13273581862449646) q[0];\nrz(-0.8814436197280884) q[0];\nrz(-1.7495101690292358) q[1];\nrx(3.237423896789551) q[1];\nrz(-3.8480992317199707) q[1];\nrz(-1.5017080307006836) q[2];\nrx(-1.0607634782791138) q[2];\nrz(-0.55459064245224) q[2];\nx q[1];\ncx q[1],q[2];\ncx q[0],q[1];\ncx q[1],q[0];\nh q[0];\nrz(2.4728896617889404) q[0];\nrx(0.277807354927063) q[0];\nrz(-0.025400852784514427) q[0];\nrz(-1.931382656097412) q[1];\nrx(0.002958347089588642) q[1];\nrz(-1.5218650102615356) q[1];\nrz(-1.854775071144104) q[2];\nrx(-1.8968552350997925) q[2];\nrz(-0.712208092212677) q[2];\nh q[0];\ncx q[1],q[0];\ncx q[0],q[1];\ncx q[1],q[2];\nx q[1];\nrz(3.0426127910614014) q[0];\nrx(3.4326181411743164) q[0];\nrz(-2.8243155479431152) q[0];\nrz(-1.2328083515167236) q[1];\nrx(-0.21074263751506805) q[1];\nrz(-0.9326441287994385) q[1];\nrz(-0.3460697531700134) q[2];\nrx(-2.8695921897888184) q[2];\nrz(1.2214330434799194) q[2];\nh q[2];\ncx q[2],q[1];\ncx q[2],q[0];\nx q[2];\nx q[2];\nrz(-0.2066529542207718) q[0];\nrx(-2.949326515197754) q[0];\nrz(-0.11167939007282257) q[0];\nrz(0.26829850673675537) q[1];\nrx(-3.0362906455993652) q[1];\nrz(-1.2834203243255615) q[1];\nrz(0.14343135058879852) q[2];\nrx(2.547023296356201) q[2];\nrz(0.6717984080314636) q[2];"}