{"seed": 4394, "fidelity": 0.993208110332489, "pqc_params": [[[-0.8480343222618103, -1.3851701021194458, 2.0693740844726562], [2.3478612899780273, 0.2898639738559723, -3.2557151317596436], [1.1889647245407104, 1.8910713195800781, -1.255880355834961]], [[1.0764256715774536, 1.7545521259307861, 1.8114326000213623], [0.3306161165237427, -2.046475887298584, 0.90311598777771], [1.7743256092071533, -0.3852357268333435, 1.843705415725708]], [[-0.15840330719947815, -3.1459288597106934, 2.3882012367248535], [-0.058609236031770706, 2.3049936294555664, -1.862032175064087], [0.13106803596019745, -0.2882157266139984, -2.026556968688965]], [[2.3537142276763916, 3.1369855403900146, -0.6849538683891296], [-2.280532121658325, -3.0010907649993896, 1.4480959177017212], [0.13786792755126953, 1.0388505458831787, -1.1275228261947632]]], "base_circuit_tokens": [["cx", [2, 1], []], ["cx", [2, 1], []], ["h", [2], []], ["h", [2], []], ["cx", [1, 0], []], ["x", [2], []], ["h", [2], []], ["h", [1], []], ["x", [1], []], ["x", [1], []], ["x", [1], []], ["x", [1], []], ["h", [1], []], ["h", [2], []], ["x", [2], []], ["cx", [1, 0], []], ["h", [2], []], ["h", [2], []], ["cx", [2, 1], []], ["cx", [2, 1], []]], "pqc_circuit_tokens": [["cx", [2, 1], []], ["cx", [2, 1], []], ["h", [2], []], ["h", [2], []], ["cx", [1, 0], []], ["rz", [0], [-0.8480343222618103]], ["rx", [0], [-1.3851701021194458]], ["rz", [0], [2.0693740844726562]], ["rz", [1], [2.3478612899780273]], ["rx", [1], [0.2898639738559723]], ["rz", [1], [-3.2557151317596436]], ["rz", [2], [1.1889647245407104]], ["rx", [2], [1.8910713195800781]], ["rz", [2], [-1.255880355834961]], ["x", [2], []], ["h", [2], []], ["h", [1], []], ["x", [1], []], ["x", [1], []], ["rz", [0], [1.0764256715774536]], ["rx", [0], [1.7545521259307861]], ["rz", [0], [1.8114326000213623]], ["rz", [1], [0.3306161165237427]], ["rx", [1], [-2.046475887298584]], ["rz", [1], [0.90311598777771]], ["rz", [2], [1.7743256092071533]], ["rx", [2], [-0.3852357268333435]], ["rz", [2], [1.843705415725708]], ["x", [1], []], ["x", [1], []], ["h", [1], []], ["h", [2], []], ["x", [2], []], ["rz", [0], [-0.15840330719947815]], ["rx", [0], [-3.1459288597106934]], ["rz", [0], [2.3882012367248535]], ["rz", [1], [-0.058609236031770706]], ["rx", [1], [2.3049936294555664]], ["rz", [1], [-1.862032175064087]], ["rz", [2], [0.13106803596019745]], ["rx", [2], [-0.2882157266139984]], ["rz", [2], [-2.026556968688965]], ["cx", [1, 0], []], ["h", [2], []], ["h", [2], []], ["cx", [2, 1], []], ["cx", [2, 1], []], ["rz", [0], [2.3537142276763916]], ["rx", [0], [3.1369855403900146]], ["rz", [0], [-0.6849538683891296]], ["rz", [1], [-2.280532121658325]], ["rx", [1], [-3.0010907649993896]], ["rz", [1], [1.4480959177017212]], ["rz", [2], [0.13786792755126953]], ["rx", [2], [1.0388505458831787]], ["rz", [2], [-1.1275228261947632]]], "base_circuit_qasm": "OPENQASM 2.0;\ninclude \"qelib1.inc\";\nqreg q[3];\ncx q[2],q[1];\ncx q[2],q[1];\nh q[2];\nh q[2];\ncx q[1],q[0];\nx q[2];\nh q[2];\nh q[1];\nx q[1];\nx q[1];\nx q[1];\nx q[1];\nh q[1];\nh q[2];\nx q[2];\ncx q[1],q[0];\nh q[2];\nh q[2];\ncx q[2],q[1];\ncx q[2],q[1];", "pqc_circuit_qasm": "OPENQASM 2.0;\ninclude \"qelib1.inc\";\nqreg q[3];\ncx q[2],q[1];\ncx q[2],q[1];\nh q[2];\nh q[2];\ncx q[1],q[0];\nrz(-0.8480343222618103) q[0];\nrx(-1.3851701021194458) q[0];\nrz(2.0693740844726562) q[0];\nrz(2.3478612899780273) q[1];\nrx(0.2898639738559723) q[1];\nrz(-3.2557151317596436) q[1];\nrz(1.1889647245407104) q[2];\nrx(1.8910713195800781) q[2];\nrz(-1.255880355834961) q[2];\nx q[2];\nh q[2];\nh q[1];\nx q[1];\nx q[1];\nrz(1.0764256715774536) q[0];\nrx(1.7545521259307861) q[0];\nrz(1.8114326000213623) q[0];\nrz(0.3306161165237427) q[1];\nrx(-2.046475887298584) q[1];\nrz(0.90311598777771) q[1];\nrz(1.7743256092071533) q[2];\nrx(-0.3852357268333435) q[2];\nrz(1.843705415725708) q[2];\nx q[1];\nx q[1];\nh q[1];\nh q[2];\nx q[2];\nrz(-0.15840330719947815) q[0];\nrx(-3.1459288597106934) q[0];\nrz(2.3882012367248535) q[0];\nrz(-0.058609236031770706) q[1];\nrx(2.3049936294555664) q[1];\nrz(-1.862032175064087) q[1];\nrz(0.13106803596019745) q[2];\nrx(-0.2882157266139984) q[2];\nrz(-2.026556968688965) q[2];\ncx q[1],q[0];\nh q[2];\nh q[2];\ncx q[2],q[1];\ncx q[2],q[1];\nrz(2.3537142276763916) q[0];\nrx(3.1369855403900146) q[0];\nrz(-0.6849538683891296) q[0];\nrz(-2.280532121658325) q[1];\nrx(-3.0010907649993896) q[1];\nrz(1.4480959177017212) q[1];\nrz(0.13786792755126953) q[2];\nrx(1.0388505458831787) q[2];\nrz(-1.1275228261947632) q[2];"}