{"seed": 4399, "fidelity": 0.9997673034667969, "pqc_params": [[[-1.9741040468215942, -0.513178288936615, 0.4554145038127899], [-0.37790417671203613, 1.6819273233413696, 2.043623924255371], [-0.02634608931839466, 1.92036771774292, 0.44205713272094727]], [[1.387289047241211, 0.05133388936519623, -0.8288928866386414], [-0.985236406326294, 2.18435001373291, 1.1265796422958374], [-1.423172950744629, 1.7023037672042847, 2.922865152359009]], [[-1.984667181968689, 3.53540301322937, 1.054583191871643], [-1.9652066230773926, -2.124460458755493, -0.6605507731437683], [0.12601299583911896, -0.11078768223524094, 3.089374542236328]], [[-1.028308629989624, 3.205561399459839, -2.3374648094177246], [-0.07272078841924667, 2.556497097015381, -0.4578094184398651], [2.6780412197113037, -0.7239170670509338, -0.9163365364074707]]], "base_circuit_tokens": [["x", [2], []], ["h", [0], []], ["h", [0], []], ["h", [2], []], ["h", [2], []], ["h", [2], []], ["x", [0], []], ["x", [2], []], ["x", [1], []], ["h", [0], []], ["h", [0], []], ["x", [1], []], ["x", [2], []], ["x", [0], []], ["h", [2], []], ["h", [2], []], ["h", [2], []], ["h", [0], []], ["h", [0], []], ["x", [2], []]], "pqc_circuit_tokens": [["x", [2], []], ["h", [0], []], ["h", [0], []], ["h", [2], []], ["h", [2], []], ["rz", [0], [-1.9741040468215942]], ["rx", [0], [-0.513178288936615]], ["rz", [0], [0.4554145038127899]], ["rz", [1], [-0.37790417671203613]], ["rx", [1], [1.6819273233413696]], ["rz", [1], [2.043623924255371]], ["rz", [2], [-0.02634608931839466]], ["rx", [2], [1.92036771774292]], ["rz", [2], [0.44205713272094727]], ["h", [2], []], ["x", [0], []], ["x", [2], []], ["x", [1], []], ["h", [0], []], ["rz", [0], [1.387289047241211]], ["rx", [0], [0.05133388936519623]], ["rz", [0], [-0.8288928866386414]], ["rz", [1], [-0.985236406326294]], ["rx", [1], [2.18435001373291]], ["rz", [1], [1.1265796422958374]], ["rz", [2], [-1.423172950744629]], ["rx", [2], [1.7023037672042847]], ["rz", [2], [2.922865152359009]], ["h", [0], []], ["x", [1], []], ["x", [2], []], ["x", [0], []], ["h", [2], []], ["rz", [0], [-1.984667181968689]], ["rx", [0], [3.53540301322937]], ["rz", [0], [1.054583191871643]], ["rz", [1], [-1.9652066230773926]], ["rx", [1], [-2.124460458755493]], ["rz", [1], [-0.6605507731437683]], ["rz", [2], [0.12601299583911896]], ["rx", [2], [-0.11078768223524094]], ["rz", [2], [3.089374542236328]], ["h", [2], []], ["h", [2], []], ["h", [0], []], ["h", [0], []], ["x", [2], []], ["rz", [0], [-1.028308629989624]], ["rx", [0], [3.205561399459839]], ["rz", [0], [-2.3374648094177246]], ["rz", [1], [-0.07272078841924667]], ["rx", [1], [2.556497097015381]], ["rz", [1], [-0.4578094184398651]], ["rz", [2], [2.6780412197113037]], ["rx", [2], [-0.7239170670509338]], ["rz", [2], [-0.9163365364074707]]], "base_circuit_qasm": "OPENQASM 2.0;\ninclude \"qelib1.inc\";\nqreg q[3];\nx q[2];\nh q[0];\nh q[0];\nh q[2];\nh q[2];\nh q[2];\nx q[0];\nx q[2];\nx q[1];\nh q[0];\nh q[0];\nx q[1];\nx q[2];\nx q[0];\nh q[2];\nh q[2];\nh q[2];\nh q[0];\nh q[0];\nx q[2];", "pqc_circuit_qasm": "OPENQASM 2.0;\ninclude \"qelib1.inc\";\nqreg q[3];\nx q[2];\nh q[0];\nh q[0];\nh q[2];\nh q[2];\nrz(-1.9741040468215942) q[0];\nrx(-0.513178288936615) q[0];\nrz(0.4554145038127899) q[0];\nrz(-0.37790417671203613) q[1];\nrx(1.6819273233413696) q[1];\nrz(2.043623924255371) q[1];\nrz(-0.02634608931839466) q[2];\nrx(1.92036771774292) q[2];\nrz(0.44205713272094727) q[2];\nh q[2];\nx q[0];\nx q[2];\nx q[1];\nh q[0];\nrz(1.387289047241211) q[0];\nrx(0.05133388936519623) q[0];\nrz(-0.8288928866386414) q[0];\nrz(-0.985236406326294) q[1];\nrx(2.18435001373291) q[1];\nrz(1.1265796422958374) q[1];\nrz(-1.423172950744629) q[2];\nrx(1.7023037672042847) q[2];\nrz(2.922865152359009) q[2];\nh q[0];\nx q[1];\nx q[2];\nx q[0];\nh q[2];\nrz(-1.984667181968689) q[0];\nrx(3.53540301322937) q[0];\nrz(1.054583191871643) q[0];\nrz(-1.9652066230773926) q[1];\nrx(-2.124460458755493) q[1];\nrz(-0.6605507731437683) q[1];\nrz(0.12601299583911896) q[2];\nrx(-0.11078768223524094) q[2];\nrz(3.089374542236328) q[2];\nh q[2];\nh q[2];\nh q[0];\nh q[0];\nx q[2];\nrz(-1.028308629989624) q[0];\nrx(3.205561399459839) q[0];\nrz(-2.3374648094177246) q[0];\nrz(-0.07272078841924667) q[1];\nrx(2.556497097015381) q[1];\nrz(-0.4578094184398651) q[1];\nrz(2.6780412197113037) q[2];\nrx(-0.7239170670509338) q[2];\nrz(-0.9163365364074707) q[2];"}