{"seed": 4404, "fidelity": 0.9784489870071411, "pqc_params": [[[-2.270002603530884, 0.047282055020332336, 0.6246894598007202], [-2.176307201385498, 2.568025827407837, -3.33828067779541], [-0.4299904704093933, 1.5304900407791138, -0.6241618394851685]], [[0.03669703006744385, -0.0620492659509182, -1.7134578227996826], [-2.446497917175293, -0.17699746787548065, -1.9607820510864258], [-1.7637507915496826, 3.1264891624450684, 1.4918617010116577]], [[0.485558420419693, 2.894895553588867, 0.3846569359302521], [-1.8620691299438477, 0.6311512589454651, 2.200422525405884], [-2.6106643676757812, 3.753197193145752, -0.9398069977760315]], [[2.1190133094787598, -0.021017560735344887, 0.9208317995071411], [0.8687312602996826, 3.0908424854278564, 2.0685348510742188], [2.181234359741211, -1.635871171951294, 0.9430795907974243]]], "base_circuit_tokens": [["h", [2], []], ["h", [2], []], ["cx", [1, 0], []], ["h", [0], []], ["h", [0], []], ["cx", [1, 2], []], ["x", [0], []], ["h", [2], []], ["x", [2], []], ["cx", [0, 2], []], ["cx", [0, 2], []], ["x", [2], []], ["h", [2], []], ["x", [0], []], ["cx", [1, 2], []], ["h", [0], []], ["h", [0], []], ["cx", [1, 0], []], ["h", [2], []], ["h", [2], []]], "pqc_circuit_tokens": [["h", [2], []], ["h", [2], []], ["cx", [1, 0], []], ["h", [0], []], ["h", [0], []], ["rz", [0], [-2.270002603530884]], ["rx", [0], [0.047282055020332336]], ["rz", [0], [0.6246894598007202]], ["rz", [1], [-2.176307201385498]], ["rx", [1], [2.568025827407837]], ["rz", [1], [-3.33828067779541]], ["rz", [2], [-0.4299904704093933]], ["rx", [2], [1.5304900407791138]], ["rz", [2], [-0.6241618394851685]], ["cx", [1, 2], []], ["x", [0], []], ["h", [2], []], ["x", [2], []], ["cx", [0, 2], []], ["rz", [0], [0.03669703006744385]], ["rx", [0], [-0.0620492659509182]], ["rz", [0], [-1.7134578227996826]], ["rz", [1], [-2.446497917175293]], ["rx", [1], [-0.17699746787548065]], ["rz", [1], [-1.9607820510864258]], ["rz", [2], [-1.7637507915496826]], ["rx", [2], [3.1264891624450684]], ["rz", [2], [1.4918617010116577]], ["cx", [0, 2], []], ["x", [2], []], ["h", [2], []], ["x", [0], []], ["cx", [1, 2], []], ["rz", [0], [0.485558420419693]], ["rx", [0], [2.894895553588867]], ["rz", [0], [0.3846569359302521]], ["rz", [1], [-1.8620691299438477]], ["rx", [1], [0.6311512589454651]], ["rz", [1], [2.200422525405884]], ["rz", [2], [-2.6106643676757812]], ["rx", [2], [3.753197193145752]], ["rz", [2], [-0.9398069977760315]], ["h", [0], []], ["h", [0], []], ["cx", [1, 0], []], ["h", [2], []], ["h", [2], []], ["rz", [0], [2.1190133094787598]], ["rx", [0], [-0.021017560735344887]], ["rz", [0], [0.9208317995071411]], ["rz", [1], [0.8687312602996826]], ["rx", [1], [3.0908424854278564]], ["rz", [1], [2.0685348510742188]], ["rz", [2], [2.181234359741211]], ["rx", [2], [-1.635871171951294]], ["rz", [2], [0.9430795907974243]]], "base_circuit_qasm": "OPENQASM 2.0;\ninclude \"qelib1.inc\";\nqreg q[3];\nh q[2];\nh q[2];\ncx q[1],q[0];\nh q[0];\nh q[0];\ncx q[1],q[2];\nx q[0];\nh q[2];\nx q[2];\ncx q[0],q[2];\ncx q[0],q[2];\nx q[2];\nh q[2];\nx q[0];\ncx q[1],q[2];\nh q[0];\nh q[0];\ncx q[1],q[0];\nh q[2];\nh q[2];", "pqc_circuit_qasm": "OPENQASM 2.0;\ninclude \"qelib1.inc\";\nqreg q[3];\nh q[2];\nh q[2];\ncx q[1],q[0];\nh q[0];\nh q[0];\nrz(-2.270002603530884) q[0];\nrx(0.047282055020332336) q[0];\nrz(0.6246894598007202) q[0];\nrz(-2.176307201385498) q[1];\nrx(2.568025827407837) q[1];\nrz(-3.33828067779541) q[1];\nrz(-0.4299904704093933) q[2];\nrx(1.5304900407791138) q[2];\nrz(-0.6241618394851685) q[2];\ncx q[1],q[2];\nx q[0];\nh q[2];\nx q[2];\ncx q[0],q[2];\nrz(0.03669703006744385) q[0];\nrx(-0.0620492659509182) q[0];\nrz(-1.7134578227996826) q[0];\nrz(-2.446497917175293) q[1];\nrx(-0.17699746787548065) q[1];\nrz(-1.9607820510864258) q[1];\nrz(-1.7637507915496826) q[2];\nrx(3.1264891624450684) q[2];\nrz(1.4918617010116577) q[2];\ncx q[0],q[2];\nx q[2];\nh q[2];\nx q[0];\ncx q[1],q[2];\nrz(0.485558420419693) q[0];\nrx(2.894895553588867) q[0];\nrz(0.3846569359302521) q[0];\nrz(-1.8620691299438477) q[1];\nrx(0.6311512589454651) q[1];\nrz(2.200422525405884) q[1];\nrz(-2.6106643676757812) q[2];\nrx(3.753197193145752) q[2];\nrz(-0.9398069977760315) q[2];\nh q[0];\nh q[0];\ncx q[1],q[0];\nh q[2];\nh q[2];\nrz(2.1190133094787598) q[0];\nrx(-0.021017560735344887) q[0];\nrz(0.9208317995071411) q[0];\nrz(0.8687312602996826) q[1];\nrx(3.0908424854278564) q[1];\nrz(2.0685348510742188) q[1];\nrz(2.181234359741211) q[2];\nrx(-1.635871171951294) q[2];\nrz(0.9430795907974243) q[2];"}