{"seed": 4442, "fidelity": 0.9977394938468933, "pqc_params": [[[-1.4991390705108643, -0.39927756786346436, -0.05596866458654404], [1.1579387187957764, -3.25496768951416, 1.1433444023132324], [2.648239850997925, 2.4311065673828125, 0.010561826638877392]], [[0.7729868292808533, 0.13424928486347198, 1.4045345783233643], [1.1029659509658813, 3.1047050952911377, -1.7317488193511963], [-0.8510021567344666, -0.0012681926600635052, -2.3944337368011475]], [[1.5257257223129272, 1.7546350955963135, 0.25354236364364624], [-2.141418933868408, 3.0647451877593994, -1.9920635223388672], [-0.07934284955263138, -0.4657604396343231, 1.9892847537994385]], [[-0.6296073198318481, -1.7394694089889526, 1.740502119064331], [-0.09859907627105713, 0.1837494671344757, 2.951204538345337], [-1.8382420539855957, -0.5235092043876648, 2.6254782676696777]]], "base_circuit_tokens": [["h", [2], []], ["x", [2], []], ["h", [2], []], ["h", [1], []], ["x", [2], []], ["h", [0], []], ["h", [2], []], ["h", [0], []], ["x", [0], []], ["cx", [1, 2], []], ["cx", [1, 2], []], ["x", [0], []], ["h", [0], []], ["h", [2], []], ["h", [0], []], ["x", [2], []], ["h", [1], []], ["h", [2], []], ["x", [2], []], ["h", [2], []]], "pqc_circuit_tokens": [["h", [2], []], ["x", [2], []], ["h", [2], []], ["h", [1], []], ["x", [2], []], ["rz", [0], [-1.4991390705108643]], ["rx", [0], [-0.39927756786346436]], ["rz", [0], [-0.05596866458654404]], ["rz", [1], [1.1579387187957764]], ["rx", [1], [-3.25496768951416]], ["rz", [1], [1.1433444023132324]], ["rz", [2], [2.648239850997925]], ["rx", [2], [2.4311065673828125]], ["rz", [2], [0.010561826638877392]], ["h", [0], []], ["h", [2], []], ["h", [0], []], ["x", [0], []], ["cx", [1, 2], []], ["rz", [0], [0.7729868292808533]], ["rx", [0], [0.13424928486347198]], ["rz", [0], [1.4045345783233643]], ["rz", [1], [1.1029659509658813]], ["rx", [1], [3.1047050952911377]], ["rz", [1], [-1.7317488193511963]], ["rz", [2], [-0.8510021567344666]], ["rx", [2], [-0.0012681926600635052]], ["rz", [2], [-2.3944337368011475]], ["cx", [1, 2], []], ["x", [0], []], ["h", [0], []], ["h", [2], []], ["h", [0], []], ["rz", [0], [1.5257257223129272]], ["rx", [0], [1.7546350955963135]], ["rz", [0], [0.25354236364364624]], ["rz", [1], [-2.141418933868408]], ["rx", [1], [3.0647451877593994]], ["rz", [1], [-1.9920635223388672]], ["rz", [2], [-0.07934284955263138]], ["rx", [2], [-0.4657604396343231]], ["rz", [2], [1.9892847537994385]], ["x", [2], []], ["h", [1], []], ["h", [2], []], ["x", [2], []], ["h", [2], []], ["rz", [0], [-0.6296073198318481]], ["rx", [0], [-1.7394694089889526]], ["rz", [0], [1.740502119064331]], ["rz", [1], [-0.09859907627105713]], ["rx", [1], [0.1837494671344757]], ["rz", [1], [2.951204538345337]], ["rz", [2], [-1.8382420539855957]], ["rx", [2], [-0.5235092043876648]], ["rz", [2], [2.6254782676696777]]], "base_circuit_qasm": "OPENQASM 2.0;\ninclude \"qelib1.inc\";\nqreg q[3];\nh q[2];\nx q[2];\nh q[2];\nh q[1];\nx q[2];\nh q[0];\nh q[2];\nh q[0];\nx q[0];\ncx q[1],q[2];\ncx q[1],q[2];\nx q[0];\nh q[0];\nh q[2];\nh q[0];\nx q[2];\nh q[1];\nh q[2];\nx q[2];\nh q[2];", "pqc_circuit_qasm": "OPENQASM 2.0;\ninclude \"qelib1.inc\";\nqreg q[3];\nh q[2];\nx q[2];\nh q[2];\nh q[1];\nx q[2];\nrz(-1.4991390705108643) q[0];\nrx(-0.39927756786346436) q[0];\nrz(-0.05596866458654404) q[0];\nrz(1.1579387187957764) q[1];\nrx(-3.25496768951416) q[1];\nrz(1.1433444023132324) q[1];\nrz(2.648239850997925) q[2];\nrx(2.4311065673828125) q[2];\nrz(0.010561826638877392) q[2];\nh q[0];\nh q[2];\nh q[0];\nx q[0];\ncx q[1],q[2];\nrz(0.7729868292808533) q[0];\nrx(0.13424928486347198) q[0];\nrz(1.4045345783233643) q[0];\nrz(1.1029659509658813) q[1];\nrx(3.1047050952911377) q[1];\nrz(-1.7317488193511963) q[1];\nrz(-0.8510021567344666) q[2];\nrx(-0.0012681926600635052) q[2];\nrz(-2.3944337368011475) q[2];\ncx q[1],q[2];\nx q[0];\nh q[0];\nh q[2];\nh q[0];\nrz(1.5257257223129272) q[0];\nrx(1.7546350955963135) q[0];\nrz(0.25354236364364624) q[0];\nrz(-2.141418933868408) q[1];\nrx(3.0647451877593994) q[1];\nrz(-1.9920635223388672) q[1];\nrz(-0.07934284955263138) q[2];\nrx(-0.4657604396343231) q[2];\nrz(1.9892847537994385) q[2];\nx q[2];\nh q[1];\nh q[2];\nx q[2];\nh q[2];\nrz(-0.6296073198318481) q[0];\nrx(-1.7394694089889526) q[0];\nrz(1.740502119064331) q[0];\nrz(-0.09859907627105713) q[1];\nrx(0.1837494671344757) q[1];\nrz(2.951204538345337) q[1];\nrz(-1.8382420539855957) q[2];\nrx(-0.5235092043876648) q[2];\nrz(2.6254782676696777) q[2];"}