{"seed": 445, "fidelity": 0.9884883761405945, "pqc_params": [[[-0.5458190441131592, -2.133105516433716, 2.5683441162109375], [-2.9462592601776123, -3.0723960399627686, 1.1507569551467896], [-2.547811985015869, -0.2103945016860962, 2.2151639461517334]], [[0.20497453212738037, 0.9115991592407227, 1.2437530755996704], [-0.5924985408782959, -0.17350409924983978, -1.550588846206665], [1.4733442068099976, -2.8650104999542236, 1.244363784790039]], [[-0.2379222810268402, 0.34204569458961487, 2.982633352279663], [-0.27441471815109253, -0.18486955761909485, 0.6200504899024963], [2.72133207321167, -1.7040705680847168, 3.188803195953369]], [[-0.4265780448913574, 2.863205909729004, 0.7832655310630798], [1.0459182262420654, 2.7396183013916016, 0.36743953824043274], [-3.268165111541748, 0.5484896898269653, -3.1275508403778076]]], "base_circuit_tokens": [["x", [1], []], ["h", [1], []], ["h", [1], []], ["cx", [1, 2], []], ["cx", [0, 2], []], ["h", [2], []], ["x", [1], []], ["h", [1], []], ["cx", [1, 2], []], ["cx", [2, 1], []], ["cx", [2, 1], []], ["cx", [1, 2], []], ["h", [1], []], ["x", [1], []], ["h", [2], []], ["cx", [0, 2], []], ["cx", [1, 2], []], ["h", [1], []], ["h", [1], []], ["x", [1], []]], "pqc_circuit_tokens": [["x", [1], []], ["h", [1], []], ["h", [1], []], ["cx", [1, 2], []], ["cx", [0, 2], []], ["rz", [0], [-0.5458190441131592]], ["rx", [0], [-2.133105516433716]], ["rz", [0], [2.5683441162109375]], ["rz", [1], [-2.9462592601776123]], ["rx", [1], [-3.0723960399627686]], ["rz", [1], [1.1507569551467896]], ["rz", [2], [-2.547811985015869]], ["rx", [2], [-0.2103945016860962]], ["rz", [2], [2.2151639461517334]], ["h", [2], []], ["x", [1], []], ["h", [1], []], ["cx", [1, 2], []], ["cx", [2, 1], []], ["rz", [0], [0.20497453212738037]], ["rx", [0], [0.9115991592407227]], ["rz", [0], [1.2437530755996704]], ["rz", [1], [-0.5924985408782959]], ["rx", [1], [-0.17350409924983978]], ["rz", [1], [-1.550588846206665]], ["rz", [2], [1.4733442068099976]], ["rx", [2], [-2.8650104999542236]], ["rz", [2], [1.244363784790039]], ["cx", [2, 1], []], ["cx", [1, 2], []], ["h", [1], []], ["x", [1], []], ["h", [2], []], ["rz", [0], [-0.2379222810268402]], ["rx", [0], [0.34204569458961487]], ["rz", [0], [2.982633352279663]], ["rz", [1], [-0.27441471815109253]], ["rx", [1], [-0.18486955761909485]], ["rz", [1], [0.6200504899024963]], ["rz", [2], [2.72133207321167]], ["rx", [2], [-1.7040705680847168]], ["rz", [2], [3.188803195953369]], ["cx", [0, 2], []], ["cx", [1, 2], []], ["h", [1], []], ["h", [1], []], ["x", [1], []], ["rz", [0], [-0.4265780448913574]], ["rx", [0], [2.863205909729004]], ["rz", [0], [0.7832655310630798]], ["rz", [1], [1.0459182262420654]], ["rx", [1], [2.7396183013916016]], ["rz", [1], [0.36743953824043274]], ["rz", [2], [-3.268165111541748]], ["rx", [2], [0.5484896898269653]], ["rz", [2], [-3.1275508403778076]]], "base_circuit_qasm": "OPENQASM 2.0;\ninclude \"qelib1.inc\";\nqreg q[3];\nx q[1];\nh q[1];\nh q[1];\ncx q[1],q[2];\ncx q[0],q[2];\nh q[2];\nx q[1];\nh q[1];\ncx q[1],q[2];\ncx q[2],q[1];\ncx q[2],q[1];\ncx q[1],q[2];\nh q[1];\nx q[1];\nh q[2];\ncx q[0],q[2];\ncx q[1],q[2];\nh q[1];\nh q[1];\nx q[1];", "pqc_circuit_qasm": "OPENQASM 2.0;\ninclude \"qelib1.inc\";\nqreg q[3];\nx q[1];\nh q[1];\nh q[1];\ncx q[1],q[2];\ncx q[0],q[2];\nrz(-0.5458190441131592) q[0];\nrx(-2.133105516433716) q[0];\nrz(2.5683441162109375) q[0];\nrz(-2.9462592601776123) q[1];\nrx(-3.0723960399627686) q[1];\nrz(1.1507569551467896) q[1];\nrz(-2.547811985015869) q[2];\nrx(-0.2103945016860962) q[2];\nrz(2.2151639461517334) q[2];\nh q[2];\nx q[1];\nh q[1];\ncx q[1],q[2];\ncx q[2],q[1];\nrz(0.20497453212738037) q[0];\nrx(0.9115991592407227) q[0];\nrz(1.2437530755996704) q[0];\nrz(-0.5924985408782959) q[1];\nrx(-0.17350409924983978) q[1];\nrz(-1.550588846206665) q[1];\nrz(1.4733442068099976) q[2];\nrx(-2.8650104999542236) q[2];\nrz(1.244363784790039) q[2];\ncx q[2],q[1];\ncx q[1],q[2];\nh q[1];\nx q[1];\nh q[2];\nrz(-0.2379222810268402) q[0];\nrx(0.34204569458961487) q[0];\nrz(2.982633352279663) q[0];\nrz(-0.27441471815109253) q[1];\nrx(-0.18486955761909485) q[1];\nrz(0.6200504899024963) q[1];\nrz(2.72133207321167) q[2];\nrx(-1.7040705680847168) q[2];\nrz(3.188803195953369) q[2];\ncx q[0],q[2];\ncx q[1],q[2];\nh q[1];\nh q[1];\nx q[1];\nrz(-0.4265780448913574) q[0];\nrx(2.863205909729004) q[0];\nrz(0.7832655310630798) q[0];\nrz(1.0459182262420654) q[1];\nrx(2.7396183013916016) q[1];\nrz(0.36743953824043274) q[1];\nrz(-3.268165111541748) q[2];\nrx(0.5484896898269653) q[2];\nrz(-3.1275508403778076) q[2];"}