{"seed": 4454, "fidelity": 0.9990391731262207, "pqc_params": [[[2.2339279651641846, -2.8455216884613037, 1.5346152782440186], [1.3465685844421387, -4.136910915374756, -0.9969843626022339], [-2.3952832221984863, 1.1489911079406738, 1.906840205192566]], [[0.3365044593811035, 3.0496015548706055, -2.9540555477142334], [3.433056116104126, 3.1795356273651123, 0.3929224908351898], [1.9793572425842285, 0.17841508984565735, -0.7628704309463501]], [[-0.2571326494216919, -0.39539602398872375, -0.4941299259662628], [0.049769721925258636, -2.3475143909454346, -0.5508009791374207], [-2.299880266189575, -0.9732567071914673, 3.051025629043579]], [[-2.89400315284729, 2.6216981410980225, -1.0690944194793701], [0.6683614253997803, 2.32521915435791, -2.8859896659851074], [-2.5671889781951904, 0.31175434589385986, 2.13371205329895]]], "base_circuit_tokens": [["x", [1], []], ["h", [0], []], ["h", [0], []], ["x", [2], []], ["h", [2], []], ["cx", [1, 0], []], ["h", [1], []], ["h", [0], []], ["h", [2], []], ["x", [2], []], ["x", [2], []], ["h", [2], []], ["h", [0], []], ["h", [1], []], ["cx", [1, 0], []], ["h", [2], []], ["x", [2], []], ["h", [0], []], ["h", [0], []], ["x", [1], []]], "pqc_circuit_tokens": [["x", [1], []], ["h", [0], []], ["h", [0], []], ["x", [2], []], ["h", [2], []], ["rz", [0], [2.2339279651641846]], ["rx", [0], [-2.8455216884613037]], ["rz", [0], [1.5346152782440186]], ["rz", [1], [1.3465685844421387]], ["rx", [1], [-4.136910915374756]], ["rz", [1], [-0.9969843626022339]], ["rz", [2], [-2.3952832221984863]], ["rx", [2], [1.1489911079406738]], ["rz", [2], [1.906840205192566]], ["cx", [1, 0], []], ["h", [1], []], ["h", [0], []], ["h", [2], []], ["x", [2], []], ["rz", [0], [0.3365044593811035]], ["rx", [0], [3.0496015548706055]], ["rz", [0], [-2.9540555477142334]], ["rz", [1], [3.433056116104126]], ["rx", [1], [3.1795356273651123]], ["rz", [1], [0.3929224908351898]], ["rz", [2], [1.9793572425842285]], ["rx", [2], [0.17841508984565735]], ["rz", [2], [-0.7628704309463501]], ["x", [2], []], ["h", [2], []], ["h", [0], []], ["h", [1], []], ["cx", [1, 0], []], ["rz", [0], [-0.2571326494216919]], ["rx", [0], [-0.39539602398872375]], ["rz", [0], [-0.4941299259662628]], ["rz", [1], [0.049769721925258636]], ["rx", [1], [-2.3475143909454346]], ["rz", [1], [-0.5508009791374207]], ["rz", [2], [-2.299880266189575]], ["rx", [2], [-0.9732567071914673]], ["rz", [2], [3.051025629043579]], ["h", [2], []], ["x", [2], []], ["h", [0], []], ["h", [0], []], ["x", [1], []], ["rz", [0], [-2.89400315284729]], ["rx", [0], [2.6216981410980225]], ["rz", [0], [-1.0690944194793701]], ["rz", [1], [0.6683614253997803]], ["rx", [1], [2.32521915435791]], ["rz", [1], [-2.8859896659851074]], ["rz", [2], [-2.5671889781951904]], ["rx", [2], [0.31175434589385986]], ["rz", [2], [2.13371205329895]]], "base_circuit_qasm": "OPENQASM 2.0;\ninclude \"qelib1.inc\";\nqreg q[3];\nx q[1];\nh q[0];\nh q[0];\nx q[2];\nh q[2];\ncx q[1],q[0];\nh q[1];\nh q[0];\nh q[2];\nx q[2];\nx q[2];\nh q[2];\nh q[0];\nh q[1];\ncx q[1],q[0];\nh q[2];\nx q[2];\nh q[0];\nh q[0];\nx q[1];", "pqc_circuit_qasm": "OPENQASM 2.0;\ninclude \"qelib1.inc\";\nqreg q[3];\nx q[1];\nh q[0];\nh q[0];\nx q[2];\nh q[2];\nrz(2.2339279651641846) q[0];\nrx(-2.8455216884613037) q[0];\nrz(1.5346152782440186) q[0];\nrz(1.3465685844421387) q[1];\nrx(-4.136910915374756) q[1];\nrz(-0.9969843626022339) q[1];\nrz(-2.3952832221984863) q[2];\nrx(1.1489911079406738) q[2];\nrz(1.906840205192566) q[2];\ncx q[1],q[0];\nh q[1];\nh q[0];\nh q[2];\nx q[2];\nrz(0.3365044593811035) q[0];\nrx(3.0496015548706055) q[0];\nrz(-2.9540555477142334) q[0];\nrz(3.433056116104126) q[1];\nrx(3.1795356273651123) q[1];\nrz(0.3929224908351898) q[1];\nrz(1.9793572425842285) q[2];\nrx(0.17841508984565735) q[2];\nrz(-0.7628704309463501) q[2];\nx q[2];\nh q[2];\nh q[0];\nh q[1];\ncx q[1],q[0];\nrz(-0.2571326494216919) q[0];\nrx(-0.39539602398872375) q[0];\nrz(-0.4941299259662628) q[0];\nrz(0.049769721925258636) q[1];\nrx(-2.3475143909454346) q[1];\nrz(-0.5508009791374207) q[1];\nrz(-2.299880266189575) q[2];\nrx(-0.9732567071914673) q[2];\nrz(3.051025629043579) q[2];\nh q[2];\nx q[2];\nh q[0];\nh q[0];\nx q[1];\nrz(-2.89400315284729) q[0];\nrx(2.6216981410980225) q[0];\nrz(-1.0690944194793701) q[0];\nrz(0.6683614253997803) q[1];\nrx(2.32521915435791) q[1];\nrz(-2.8859896659851074) q[1];\nrz(-2.5671889781951904) q[2];\nrx(0.31175434589385986) q[2];\nrz(2.13371205329895) q[2];"}