{"seed": 4466, "fidelity": 0.9991300702095032, "pqc_params": [[[-1.8131780624389648, 1.6736139059066772, -1.3806722164154053], [0.9516925811767578, 2.259901523590088, -1.8565539121627808], [2.285491704940796, -1.3227030038833618, -0.43186140060424805]], [[0.6442215442657471, 1.4699212312698364, -1.1775976419448853], [-3.293224811553955, -1.985243320465088, 2.6019387245178223], [0.8060431480407715, 1.7506701946258545, -0.4459346830844879]], [[0.4483605623245239, -1.005627989768982, -3.232617139816284], [1.6893218755722046, 1.0465519428253174, 3.0152032375335693], [0.723922610282898, -0.5366755723953247, 0.16444885730743408]], [[0.39837637543678284, -0.0852731242775917, 2.637765407562256], [2.9090826511383057, 0.10335128009319305, -1.8340730667114258], [2.9441580772399902, 3.4471449851989746, -2.929835081100464]]], "base_circuit_tokens": [["h", [2], []], ["cx", [1, 0], []], ["h", [1], []], ["x", [1], []], ["cx", [0, 2], []], ["h", [2], []], ["h", [2], []], ["x", [1], []], ["h", [1], []], ["x", [0], []], ["x", [0], []], ["h", [1], []], ["x", [1], []], ["h", [2], []], ["h", [2], []], ["cx", [0, 2], []], ["x", [1], []], ["h", [1], []], ["cx", [1, 0], []], ["h", [2], []]], "pqc_circuit_tokens": [["h", [2], []], ["cx", [1, 0], []], ["h", [1], []], ["x", [1], []], ["cx", [0, 2], []], ["rz", [0], [-1.8131780624389648]], ["rx", [0], [1.6736139059066772]], ["rz", [0], [-1.3806722164154053]], ["rz", [1], [0.9516925811767578]], ["rx", [1], [2.259901523590088]], ["rz", [1], [-1.8565539121627808]], ["rz", [2], [2.285491704940796]], ["rx", [2], [-1.3227030038833618]], ["rz", [2], [-0.43186140060424805]], ["h", [2], []], ["h", [2], []], ["x", [1], []], ["h", [1], []], ["x", [0], []], ["rz", [0], [0.6442215442657471]], ["rx", [0], [1.4699212312698364]], ["rz", [0], [-1.1775976419448853]], ["rz", [1], [-3.293224811553955]], ["rx", [1], [-1.985243320465088]], ["rz", [1], [2.6019387245178223]], ["rz", [2], [0.8060431480407715]], ["rx", [2], [1.7506701946258545]], ["rz", [2], [-0.4459346830844879]], ["x", [0], []], ["h", [1], []], ["x", [1], []], ["h", [2], []], ["h", [2], []], ["rz", [0], [0.4483605623245239]], ["rx", [0], [-1.005627989768982]], ["rz", [0], [-3.232617139816284]], ["rz", [1], [1.6893218755722046]], ["rx", [1], [1.0465519428253174]], ["rz", [1], [3.0152032375335693]], ["rz", [2], [0.723922610282898]], ["rx", [2], [-0.5366755723953247]], ["rz", [2], [0.16444885730743408]], ["cx", [0, 2], []], ["x", [1], []], ["h", [1], []], ["cx", [1, 0], []], ["h", [2], []], ["rz", [0], [0.39837637543678284]], ["rx", [0], [-0.0852731242775917]], ["rz", [0], [2.637765407562256]], ["rz", [1], [2.9090826511383057]], ["rx", [1], [0.10335128009319305]], ["rz", [1], [-1.8340730667114258]], ["rz", [2], [2.9441580772399902]], ["rx", [2], [3.4471449851989746]], ["rz", [2], [-2.929835081100464]]], "base_circuit_qasm": "OPENQASM 2.0;\ninclude \"qelib1.inc\";\nqreg q[3];\nh q[2];\ncx q[1],q[0];\nh q[1];\nx q[1];\ncx q[0],q[2];\nh q[2];\nh q[2];\nx q[1];\nh q[1];\nx q[0];\nx q[0];\nh q[1];\nx q[1];\nh q[2];\nh q[2];\ncx q[0],q[2];\nx q[1];\nh q[1];\ncx q[1],q[0];\nh q[2];", "pqc_circuit_qasm": "OPENQASM 2.0;\ninclude \"qelib1.inc\";\nqreg q[3];\nh q[2];\ncx q[1],q[0];\nh q[1];\nx q[1];\ncx q[0],q[2];\nrz(-1.8131780624389648) q[0];\nrx(1.6736139059066772) q[0];\nrz(-1.3806722164154053) q[0];\nrz(0.9516925811767578) q[1];\nrx(2.259901523590088) q[1];\nrz(-1.8565539121627808) q[1];\nrz(2.285491704940796) q[2];\nrx(-1.3227030038833618) q[2];\nrz(-0.43186140060424805) q[2];\nh q[2];\nh q[2];\nx q[1];\nh q[1];\nx q[0];\nrz(0.6442215442657471) q[0];\nrx(1.4699212312698364) q[0];\nrz(-1.1775976419448853) q[0];\nrz(-3.293224811553955) q[1];\nrx(-1.985243320465088) q[1];\nrz(2.6019387245178223) q[1];\nrz(0.8060431480407715) q[2];\nrx(1.7506701946258545) q[2];\nrz(-0.4459346830844879) q[2];\nx q[0];\nh q[1];\nx q[1];\nh q[2];\nh q[2];\nrz(0.4483605623245239) q[0];\nrx(-1.005627989768982) q[0];\nrz(-3.232617139816284) q[0];\nrz(1.6893218755722046) q[1];\nrx(1.0465519428253174) q[1];\nrz(3.0152032375335693) q[1];\nrz(0.723922610282898) q[2];\nrx(-0.5366755723953247) q[2];\nrz(0.16444885730743408) q[2];\ncx q[0],q[2];\nx q[1];\nh q[1];\ncx q[1],q[0];\nh q[2];\nrz(0.39837637543678284) q[0];\nrx(-0.0852731242775917) q[0];\nrz(2.637765407562256) q[0];\nrz(2.9090826511383057) q[1];\nrx(0.10335128009319305) q[1];\nrz(-1.8340730667114258) q[1];\nrz(2.9441580772399902) q[2];\nrx(3.4471449851989746) q[2];\nrz(-2.929835081100464) q[2];"}