{"seed": 449, "fidelity": 0.9998164176940918, "pqc_params": [[[-1.6137787103652954, -3.0665159225463867, 0.9423736929893494], [1.9706330299377441, 1.2649561166763306, -2.21977162361145], [0.78324955701828, -2.01132869720459, 2.858808994293213]], [[1.263972282409668, -1.4144699573516846, -1.2444541454315186], [2.5448853969573975, 0.1197848841547966, 2.3661277294158936], [-2.217094898223877, -0.868455171585083, -1.9867721796035767]], [[-2.7702956199645996, -0.19605538249015808, 0.3827425241470337], [-1.393802523612976, 3.4354727268218994, 2.1402182579040527], [1.6427655220031738, -2.09419584274292, 0.1251230537891388]], [[2.454646110534668, -1.2990882396697998, 2.354330539703369], [1.0428261756896973, -1.7512025833129883, 3.015554666519165], [-1.0326638221740723, -1.5507433414459229, 0.7747189998626709]]], "base_circuit_tokens": [["h", [2], []], ["h", [0], []], ["h", [0], []], ["x", [1], []], ["x", [0], []], ["h", [1], []], ["h", [2], []], ["h", [1], []], ["h", [1], []], ["x", [1], []], ["x", [1], []], ["h", [1], []], ["h", [1], []], ["h", [2], []], ["h", [1], []], ["x", [0], []], ["x", [1], []], ["h", [0], []], ["h", [0], []], ["h", [2], []]], "pqc_circuit_tokens": [["h", [2], []], ["h", [0], []], ["h", [0], []], ["x", [1], []], ["x", [0], []], ["rz", [0], [-1.6137787103652954]], ["rx", [0], [-3.0665159225463867]], ["rz", [0], [0.9423736929893494]], ["rz", [1], [1.9706330299377441]], ["rx", [1], [1.2649561166763306]], ["rz", [1], [-2.21977162361145]], ["rz", [2], [0.78324955701828]], ["rx", [2], [-2.01132869720459]], ["rz", [2], [2.858808994293213]], ["h", [1], []], ["h", [2], []], ["h", [1], []], ["h", [1], []], ["x", [1], []], ["rz", [0], [1.263972282409668]], ["rx", [0], [-1.4144699573516846]], ["rz", [0], [-1.2444541454315186]], ["rz", [1], [2.5448853969573975]], ["rx", [1], [0.1197848841547966]], ["rz", [1], [2.3661277294158936]], ["rz", [2], [-2.217094898223877]], ["rx", [2], [-0.868455171585083]], ["rz", [2], [-1.9867721796035767]], ["x", [1], []], ["h", [1], []], ["h", [1], []], ["h", [2], []], ["h", [1], []], ["rz", [0], [-2.7702956199645996]], ["rx", [0], [-0.19605538249015808]], ["rz", [0], [0.3827425241470337]], ["rz", [1], [-1.393802523612976]], ["rx", [1], [3.4354727268218994]], ["rz", [1], [2.1402182579040527]], ["rz", [2], [1.6427655220031738]], ["rx", [2], [-2.09419584274292]], ["rz", [2], [0.1251230537891388]], ["x", [0], []], ["x", [1], []], ["h", [0], []], ["h", [0], []], ["h", [2], []], ["rz", [0], [2.454646110534668]], ["rx", [0], [-1.2990882396697998]], ["rz", [0], [2.354330539703369]], ["rz", [1], [1.0428261756896973]], ["rx", [1], [-1.7512025833129883]], ["rz", [1], [3.015554666519165]], ["rz", [2], [-1.0326638221740723]], ["rx", [2], [-1.5507433414459229]], ["rz", [2], [0.7747189998626709]]], "base_circuit_qasm": "OPENQASM 2.0;\ninclude \"qelib1.inc\";\nqreg q[3];\nh q[2];\nh q[0];\nh q[0];\nx q[1];\nx q[0];\nh q[1];\nh q[2];\nh q[1];\nh q[1];\nx q[1];\nx q[1];\nh q[1];\nh q[1];\nh q[2];\nh q[1];\nx q[0];\nx q[1];\nh q[0];\nh q[0];\nh q[2];", "pqc_circuit_qasm": "OPENQASM 2.0;\ninclude \"qelib1.inc\";\nqreg q[3];\nh q[2];\nh q[0];\nh q[0];\nx q[1];\nx q[0];\nrz(-1.6137787103652954) q[0];\nrx(-3.0665159225463867) q[0];\nrz(0.9423736929893494) q[0];\nrz(1.9706330299377441) q[1];\nrx(1.2649561166763306) q[1];\nrz(-2.21977162361145) q[1];\nrz(0.78324955701828) q[2];\nrx(-2.01132869720459) q[2];\nrz(2.858808994293213) q[2];\nh q[1];\nh q[2];\nh q[1];\nh q[1];\nx q[1];\nrz(1.263972282409668) q[0];\nrx(-1.4144699573516846) q[0];\nrz(-1.2444541454315186) q[0];\nrz(2.5448853969573975) q[1];\nrx(0.1197848841547966) q[1];\nrz(2.3661277294158936) q[1];\nrz(-2.217094898223877) q[2];\nrx(-0.868455171585083) q[2];\nrz(-1.9867721796035767) q[2];\nx q[1];\nh q[1];\nh q[1];\nh q[2];\nh q[1];\nrz(-2.7702956199645996) q[0];\nrx(-0.19605538249015808) q[0];\nrz(0.3827425241470337) q[0];\nrz(-1.393802523612976) q[1];\nrx(3.4354727268218994) q[1];\nrz(2.1402182579040527) q[1];\nrz(1.6427655220031738) q[2];\nrx(-2.09419584274292) q[2];\nrz(0.1251230537891388) q[2];\nx q[0];\nx q[1];\nh q[0];\nh q[0];\nh q[2];\nrz(2.454646110534668) q[0];\nrx(-1.2990882396697998) q[0];\nrz(2.354330539703369) q[0];\nrz(1.0428261756896973) q[1];\nrx(-1.7512025833129883) q[1];\nrz(3.015554666519165) q[1];\nrz(-1.0326638221740723) q[2];\nrx(-1.5507433414459229) q[2];\nrz(0.7747189998626709) q[2];"}