{"seed": 4508, "fidelity": 0.9997666478157043, "pqc_params": [[[0.7528510689735413, -2.1096725463867188, -2.071911334991455], [-0.6235631108283997, 0.8195038437843323, -2.8858466148376465], [-2.81535005569458, 1.7187492847442627, -4.0192389488220215]], [[-0.019034063443541527, -1.2010637521743774, -0.5622067451477051], [0.48749130964279175, 2.176870346069336, -0.6218528747558594], [1.775364875793457, 2.613698959350586, -0.34958210587501526]], [[2.6056578159332275, 3.0965912342071533, -1.0633907318115234], [3.3150546550750732, 1.0607765913009644, -0.6170817017555237], [2.1953752040863037, -1.2122008800506592, -0.3337774872779846]], [[-2.307840585708618, 1.7394590377807617, -2.909160614013672], [2.0389790534973145, -4.448500633239746, -4.102774143218994], [0.6574006080627441, 0.461031049489975, -0.10697463154792786]]], "base_circuit_tokens": [["h", [2], []], ["x", [2], []], ["cx", [2, 1], []], ["h", [2], []], ["h", [1], []], ["h", [1], []], ["cx", [2, 1], []], ["h", [2], []], ["x", [1], []], ["cx", [2, 1], []], ["cx", [2, 1], []], ["x", [1], []], ["h", [2], []], ["cx", [2, 1], []], ["h", [1], []], ["h", [1], []], ["h", [2], []], ["cx", [2, 1], []], ["x", [2], []], ["h", [2], []]], "pqc_circuit_tokens": [["h", [2], []], ["x", [2], []], ["cx", [2, 1], []], ["h", [2], []], ["h", [1], []], ["rz", [0], [0.7528510689735413]], ["rx", [0], [-2.1096725463867188]], ["rz", [0], [-2.071911334991455]], ["rz", [1], [-0.6235631108283997]], ["rx", [1], [0.8195038437843323]], ["rz", [1], [-2.8858466148376465]], ["rz", [2], [-2.81535005569458]], ["rx", [2], [1.7187492847442627]], ["rz", [2], [-4.0192389488220215]], ["h", [1], []], ["cx", [2, 1], []], ["h", [2], []], ["x", [1], []], ["cx", [2, 1], []], ["rz", [0], [-0.019034063443541527]], ["rx", [0], [-1.2010637521743774]], ["rz", [0], [-0.5622067451477051]], ["rz", [1], [0.48749130964279175]], ["rx", [1], [2.176870346069336]], ["rz", [1], [-0.6218528747558594]], ["rz", [2], [1.775364875793457]], ["rx", [2], [2.613698959350586]], ["rz", [2], [-0.34958210587501526]], ["cx", [2, 1], []], ["x", [1], []], ["h", [2], []], ["cx", [2, 1], []], ["h", [1], []], ["rz", [0], [2.6056578159332275]], ["rx", [0], [3.0965912342071533]], ["rz", [0], [-1.0633907318115234]], ["rz", [1], [3.3150546550750732]], ["rx", [1], [1.0607765913009644]], ["rz", [1], [-0.6170817017555237]], ["rz", [2], [2.1953752040863037]], ["rx", [2], [-1.2122008800506592]], ["rz", [2], [-0.3337774872779846]], ["h", [1], []], ["h", [2], []], ["cx", [2, 1], []], ["x", [2], []], ["h", [2], []], ["rz", [0], [-2.307840585708618]], ["rx", [0], [1.7394590377807617]], ["rz", [0], [-2.909160614013672]], ["rz", [1], [2.0389790534973145]], ["rx", [1], [-4.448500633239746]], ["rz", [1], [-4.102774143218994]], ["rz", [2], [0.6574006080627441]], ["rx", [2], [0.461031049489975]], ["rz", [2], [-0.10697463154792786]]], "base_circuit_qasm": "OPENQASM 2.0;\ninclude \"qelib1.inc\";\nqreg q[3];\nh q[2];\nx q[2];\ncx q[2],q[1];\nh q[2];\nh q[1];\nh q[1];\ncx q[2],q[1];\nh q[2];\nx q[1];\ncx q[2],q[1];\ncx q[2],q[1];\nx q[1];\nh q[2];\ncx q[2],q[1];\nh q[1];\nh q[1];\nh q[2];\ncx q[2],q[1];\nx q[2];\nh q[2];", "pqc_circuit_qasm": "OPENQASM 2.0;\ninclude \"qelib1.inc\";\nqreg q[3];\nh q[2];\nx q[2];\ncx q[2],q[1];\nh q[2];\nh q[1];\nrz(0.7528510689735413) q[0];\nrx(-2.1096725463867188) q[0];\nrz(-2.071911334991455) q[0];\nrz(-0.6235631108283997) q[1];\nrx(0.8195038437843323) q[1];\nrz(-2.8858466148376465) q[1];\nrz(-2.81535005569458) q[2];\nrx(1.7187492847442627) q[2];\nrz(-4.0192389488220215) q[2];\nh q[1];\ncx q[2],q[1];\nh q[2];\nx q[1];\ncx q[2],q[1];\nrz(-0.019034063443541527) q[0];\nrx(-1.2010637521743774) q[0];\nrz(-0.5622067451477051) q[0];\nrz(0.48749130964279175) q[1];\nrx(2.176870346069336) q[1];\nrz(-0.6218528747558594) q[1];\nrz(1.775364875793457) q[2];\nrx(2.613698959350586) q[2];\nrz(-0.34958210587501526) q[2];\ncx q[2],q[1];\nx q[1];\nh q[2];\ncx q[2],q[1];\nh q[1];\nrz(2.6056578159332275) q[0];\nrx(3.0965912342071533) q[0];\nrz(-1.0633907318115234) q[0];\nrz(3.3150546550750732) q[1];\nrx(1.0607765913009644) q[1];\nrz(-0.6170817017555237) q[1];\nrz(2.1953752040863037) q[2];\nrx(-1.2122008800506592) q[2];\nrz(-0.3337774872779846) q[2];\nh q[1];\nh q[2];\ncx q[2],q[1];\nx q[2];\nh q[2];\nrz(-2.307840585708618) q[0];\nrx(1.7394590377807617) q[0];\nrz(-2.909160614013672) q[0];\nrz(2.0389790534973145) q[1];\nrx(-4.448500633239746) q[1];\nrz(-4.102774143218994) q[1];\nrz(0.6574006080627441) q[2];\nrx(0.461031049489975) q[2];\nrz(-0.10697463154792786) q[2];"}