{"seed": 4512, "fidelity": 0.9913918375968933, "pqc_params": [[[0.5138363242149353, -0.17177394032478333, 1.9981982707977295], [-2.614490032196045, 3.2845473289489746, 0.9927265644073486], [-0.6574065685272217, -1.654616117477417, -2.7383387088775635]], [[2.129952907562256, -0.1721319556236267, -2.229407787322998], [2.3109869956970215, -3.0587828159332275, 1.168107271194458], [-0.12476448714733124, -2.882138967514038, 3.1104676723480225]], [[-0.7568070292472839, -0.2615586221218109, -2.347229480743408], [-0.425006628036499, -0.30688539147377014, 0.03857221454381943], [0.7238314151763916, -1.6344565153121948, -0.6503718495368958]], [[-1.101828694343567, -0.059336498379707336, 2.011033058166504], [-0.17877008020877838, 2.91165828704834, 3.0639052391052246], [0.8240363001823425, -1.6368058919906616, 0.843880832195282]]], "base_circuit_tokens": [["cx", [0, 1], []], ["h", [2], []], ["x", [1], []], ["cx", [2, 1], []], ["h", [1], []], ["x", [0], []], ["cx", [2, 1], []], ["h", [0], []], ["h", [2], []], ["cx", [1, 0], []], ["cx", [1, 0], []], ["h", [2], []], ["h", [0], []], ["cx", [2, 1], []], ["x", [0], []], ["h", [1], []], ["cx", [2, 1], []], ["x", [1], []], ["h", [2], []], ["cx", [0, 1], []]], "pqc_circuit_tokens": [["cx", [0, 1], []], ["h", [2], []], ["x", [1], []], ["cx", [2, 1], []], ["h", [1], []], ["rz", [0], [0.5138363242149353]], ["rx", [0], [-0.17177394032478333]], ["rz", [0], [1.9981982707977295]], ["rz", [1], [-2.614490032196045]], ["rx", [1], [3.2845473289489746]], ["rz", [1], [0.9927265644073486]], ["rz", [2], [-0.6574065685272217]], ["rx", [2], [-1.654616117477417]], ["rz", [2], [-2.7383387088775635]], ["x", [0], []], ["cx", [2, 1], []], ["h", [0], []], ["h", [2], []], ["cx", [1, 0], []], ["rz", [0], [2.129952907562256]], ["rx", [0], [-0.1721319556236267]], ["rz", [0], [-2.229407787322998]], ["rz", [1], [2.3109869956970215]], ["rx", [1], [-3.0587828159332275]], ["rz", [1], [1.168107271194458]], ["rz", [2], [-0.12476448714733124]], ["rx", [2], [-2.882138967514038]], ["rz", [2], [3.1104676723480225]], ["cx", [1, 0], []], ["h", [2], []], ["h", [0], []], ["cx", [2, 1], []], ["x", [0], []], ["rz", [0], [-0.7568070292472839]], ["rx", [0], [-0.2615586221218109]], ["rz", [0], [-2.347229480743408]], ["rz", [1], [-0.425006628036499]], ["rx", [1], [-0.30688539147377014]], ["rz", [1], [0.03857221454381943]], ["rz", [2], [0.7238314151763916]], ["rx", [2], [-1.6344565153121948]], ["rz", [2], [-0.6503718495368958]], ["h", [1], []], ["cx", [2, 1], []], ["x", [1], []], ["h", [2], []], ["cx", [0, 1], []], ["rz", [0], [-1.101828694343567]], ["rx", [0], [-0.059336498379707336]], ["rz", [0], [2.011033058166504]], ["rz", [1], [-0.17877008020877838]], ["rx", [1], [2.91165828704834]], ["rz", [1], [3.0639052391052246]], ["rz", [2], [0.8240363001823425]], ["rx", [2], [-1.6368058919906616]], ["rz", [2], [0.843880832195282]]], "base_circuit_qasm": "OPENQASM 2.0;\ninclude \"qelib1.inc\";\nqreg q[3];\ncx q[0],q[1];\nh q[2];\nx q[1];\ncx q[2],q[1];\nh q[1];\nx q[0];\ncx q[2],q[1];\nh q[0];\nh q[2];\ncx q[1],q[0];\ncx q[1],q[0];\nh q[2];\nh q[0];\ncx q[2],q[1];\nx q[0];\nh q[1];\ncx q[2],q[1];\nx q[1];\nh q[2];\ncx q[0],q[1];", "pqc_circuit_qasm": "OPENQASM 2.0;\ninclude \"qelib1.inc\";\nqreg q[3];\ncx q[0],q[1];\nh q[2];\nx q[1];\ncx q[2],q[1];\nh q[1];\nrz(0.5138363242149353) q[0];\nrx(-0.17177394032478333) q[0];\nrz(1.9981982707977295) q[0];\nrz(-2.614490032196045) q[1];\nrx(3.2845473289489746) q[1];\nrz(0.9927265644073486) q[1];\nrz(-0.6574065685272217) q[2];\nrx(-1.654616117477417) q[2];\nrz(-2.7383387088775635) q[2];\nx q[0];\ncx q[2],q[1];\nh q[0];\nh q[2];\ncx q[1],q[0];\nrz(2.129952907562256) q[0];\nrx(-0.1721319556236267) q[0];\nrz(-2.229407787322998) q[0];\nrz(2.3109869956970215) q[1];\nrx(-3.0587828159332275) q[1];\nrz(1.168107271194458) q[1];\nrz(-0.12476448714733124) q[2];\nrx(-2.882138967514038) q[2];\nrz(3.1104676723480225) q[2];\ncx q[1],q[0];\nh q[2];\nh q[0];\ncx q[2],q[1];\nx q[0];\nrz(-0.7568070292472839) q[0];\nrx(-0.2615586221218109) q[0];\nrz(-2.347229480743408) q[0];\nrz(-0.425006628036499) q[1];\nrx(-0.30688539147377014) q[1];\nrz(0.03857221454381943) q[1];\nrz(0.7238314151763916) q[2];\nrx(-1.6344565153121948) q[2];\nrz(-0.6503718495368958) q[2];\nh q[1];\ncx q[2],q[1];\nx q[1];\nh q[2];\ncx q[0],q[1];\nrz(-1.101828694343567) q[0];\nrx(-0.059336498379707336) q[0];\nrz(2.011033058166504) q[0];\nrz(-0.17877008020877838) q[1];\nrx(2.91165828704834) q[1];\nrz(3.0639052391052246) q[1];\nrz(0.8240363001823425) q[2];\nrx(-1.6368058919906616) q[2];\nrz(0.843880832195282) q[2];"}