{"seed": 4564, "fidelity": 0.9996069073677063, "pqc_params": [[[-1.222416639328003, -2.377795934677124, -0.2930745780467987], [-0.2746945023536682, -0.8207913637161255, 0.7131807208061218], [-0.5270106792449951, 2.694768190383911, 0.743671178817749]], [[-0.754676103591919, -0.5420777797698975, -0.4925348162651062], [2.3338654041290283, 1.96078622341156, -1.4502638578414917], [1.2981945276260376, 2.969271183013916, -1.7280769348144531]], [[1.6130280494689941, 0.11771700531244278, 1.3441522121429443], [3.406134605407715, 1.8144009113311768, 1.4004831314086914], [1.4534072875976562, -2.589249849319458, 0.5304286479949951]], [[-0.21384234726428986, -0.4708384871482849, -0.691782534122467], [-2.709306001663208, 2.195549249649048, 0.5326533317565918], [3.224181652069092, -2.199876308441162, -0.15392179787158966]]], "base_circuit_tokens": [["x", [2], []], ["x", [0], []], ["cx", [0, 2], []], ["h", [1], []], ["h", [1], []], ["cx", [2, 0], []], ["x", [1], []], ["h", [1], []], ["h", [1], []], ["h", [0], []], ["h", [0], []], ["h", [1], []], ["h", [1], []], ["x", [1], []], ["cx", [2, 0], []], ["h", [1], []], ["h", [1], []], ["cx", [0, 2], []], ["x", [0], []], ["x", [2], []]], "pqc_circuit_tokens": [["x", [2], []], ["x", [0], []], ["cx", [0, 2], []], ["h", [1], []], ["h", [1], []], ["rz", [0], [-1.222416639328003]], ["rx", [0], [-2.377795934677124]], ["rz", [0], [-0.2930745780467987]], ["rz", [1], [-0.2746945023536682]], ["rx", [1], [-0.8207913637161255]], ["rz", [1], [0.7131807208061218]], ["rz", [2], [-0.5270106792449951]], ["rx", [2], [2.694768190383911]], ["rz", [2], [0.743671178817749]], ["cx", [2, 0], []], ["x", [1], []], ["h", [1], []], ["h", [1], []], ["h", [0], []], ["rz", [0], [-0.754676103591919]], ["rx", [0], [-0.5420777797698975]], ["rz", [0], [-0.4925348162651062]], ["rz", [1], [2.3338654041290283]], ["rx", [1], [1.96078622341156]], ["rz", [1], [-1.4502638578414917]], ["rz", [2], [1.2981945276260376]], ["rx", [2], [2.969271183013916]], ["rz", [2], [-1.7280769348144531]], ["h", [0], []], ["h", [1], []], ["h", [1], []], ["x", [1], []], ["cx", [2, 0], []], ["rz", [0], [1.6130280494689941]], ["rx", [0], [0.11771700531244278]], ["rz", [0], [1.3441522121429443]], ["rz", [1], [3.406134605407715]], ["rx", [1], [1.8144009113311768]], ["rz", [1], [1.4004831314086914]], ["rz", [2], [1.4534072875976562]], ["rx", [2], [-2.589249849319458]], ["rz", [2], [0.5304286479949951]], ["h", [1], []], ["h", [1], []], ["cx", [0, 2], []], ["x", [0], []], ["x", [2], []], ["rz", [0], [-0.21384234726428986]], ["rx", [0], [-0.4708384871482849]], ["rz", [0], [-0.691782534122467]], ["rz", [1], [-2.709306001663208]], ["rx", [1], [2.195549249649048]], ["rz", [1], [0.5326533317565918]], ["rz", [2], [3.224181652069092]], ["rx", [2], [-2.199876308441162]], ["rz", [2], [-0.15392179787158966]]], "base_circuit_qasm": "OPENQASM 2.0;\ninclude \"qelib1.inc\";\nqreg q[3];\nx q[2];\nx q[0];\ncx q[0],q[2];\nh q[1];\nh q[1];\ncx q[2],q[0];\nx q[1];\nh q[1];\nh q[1];\nh q[0];\nh q[0];\nh q[1];\nh q[1];\nx q[1];\ncx q[2],q[0];\nh q[1];\nh q[1];\ncx q[0],q[2];\nx q[0];\nx q[2];", "pqc_circuit_qasm": "OPENQASM 2.0;\ninclude \"qelib1.inc\";\nqreg q[3];\nx q[2];\nx q[0];\ncx q[0],q[2];\nh q[1];\nh q[1];\nrz(-1.222416639328003) q[0];\nrx(-2.377795934677124) q[0];\nrz(-0.2930745780467987) q[0];\nrz(-0.2746945023536682) q[1];\nrx(-0.8207913637161255) q[1];\nrz(0.7131807208061218) q[1];\nrz(-0.5270106792449951) q[2];\nrx(2.694768190383911) q[2];\nrz(0.743671178817749) q[2];\ncx q[2],q[0];\nx q[1];\nh q[1];\nh q[1];\nh q[0];\nrz(-0.754676103591919) q[0];\nrx(-0.5420777797698975) q[0];\nrz(-0.4925348162651062) q[0];\nrz(2.3338654041290283) q[1];\nrx(1.96078622341156) q[1];\nrz(-1.4502638578414917) q[1];\nrz(1.2981945276260376) q[2];\nrx(2.969271183013916) q[2];\nrz(-1.7280769348144531) q[2];\nh q[0];\nh q[1];\nh q[1];\nx q[1];\ncx q[2],q[0];\nrz(1.6130280494689941) q[0];\nrx(0.11771700531244278) q[0];\nrz(1.3441522121429443) q[0];\nrz(3.406134605407715) q[1];\nrx(1.8144009113311768) q[1];\nrz(1.4004831314086914) q[1];\nrz(1.4534072875976562) q[2];\nrx(-2.589249849319458) q[2];\nrz(0.5304286479949951) q[2];\nh q[1];\nh q[1];\ncx q[0],q[2];\nx q[0];\nx q[2];\nrz(-0.21384234726428986) q[0];\nrx(-0.4708384871482849) q[0];\nrz(-0.691782534122467) q[0];\nrz(-2.709306001663208) q[1];\nrx(2.195549249649048) q[1];\nrz(0.5326533317565918) q[1];\nrz(3.224181652069092) q[2];\nrx(-2.199876308441162) q[2];\nrz(-0.15392179787158966) q[2];"}