{"seed": 4566, "fidelity": 0.9845909476280212, "pqc_params": [[[0.9879594445228577, 2.2907137870788574, 2.636824369430542], [1.8926517963409424, 0.4240068793296814, 1.6944477558135986], [-0.4809715449810028, -1.5035518407821655, -1.197251558303833]], [[0.8311236500740051, -0.09897582978010178, -0.6154586672782898], [-0.5627371668815613, -3.2308835983276367, 2.3890151977539062], [-0.8232390284538269, 2.7656965255737305, 2.0128414630889893]], [[-0.20471076667308807, -2.435673952102661, -1.515558123588562], [0.7525143623352051, 1.4787508249282837, 2.7318828105926514], [-1.4373910427093506, 1.5716552734375, 2.4105632305145264]], [[-0.07389120757579803, -0.40195322036743164, -0.02270248904824257], [-2.3764822483062744, -3.1146416664123535, -0.3081423342227936], [1.546856164932251, 0.006397424265742302, 1.9932183027267456]]], "base_circuit_tokens": [["cx", [2, 0], []], ["h", [1], []], ["cx", [2, 1], []], ["cx", [1, 0], []], ["cx", [1, 0], []], ["cx", [0, 1], []], ["h", [1], []], ["h", [1], []], ["h", [2], []], ["h", [1], []], ["h", [1], []], ["h", [2], []], ["h", [1], []], ["h", [1], []], ["cx", [0, 1], []], ["cx", [1, 0], []], ["cx", [1, 0], []], ["cx", [2, 1], []], ["h", [1], []], ["cx", [2, 0], []]], "pqc_circuit_tokens": [["cx", [2, 0], []], ["h", [1], []], ["cx", [2, 1], []], ["cx", [1, 0], []], ["cx", [1, 0], []], ["rz", [0], [0.9879594445228577]], ["rx", [0], [2.2907137870788574]], ["rz", [0], [2.636824369430542]], ["rz", [1], [1.8926517963409424]], ["rx", [1], [0.4240068793296814]], ["rz", [1], [1.6944477558135986]], ["rz", [2], [-0.4809715449810028]], ["rx", [2], [-1.5035518407821655]], ["rz", [2], [-1.197251558303833]], ["cx", [0, 1], []], ["h", [1], []], ["h", [1], []], ["h", [2], []], ["h", [1], []], ["rz", [0], [0.8311236500740051]], ["rx", [0], [-0.09897582978010178]], ["rz", [0], [-0.6154586672782898]], ["rz", [1], [-0.5627371668815613]], ["rx", [1], [-3.2308835983276367]], ["rz", [1], [2.3890151977539062]], ["rz", [2], [-0.8232390284538269]], ["rx", [2], [2.7656965255737305]], ["rz", [2], [2.0128414630889893]], ["h", [1], []], ["h", [2], []], ["h", [1], []], ["h", [1], []], ["cx", [0, 1], []], ["rz", [0], [-0.20471076667308807]], ["rx", [0], [-2.435673952102661]], ["rz", [0], [-1.515558123588562]], ["rz", [1], [0.7525143623352051]], ["rx", [1], [1.4787508249282837]], ["rz", [1], [2.7318828105926514]], ["rz", [2], [-1.4373910427093506]], ["rx", [2], [1.5716552734375]], ["rz", [2], [2.4105632305145264]], ["cx", [1, 0], []], ["cx", [1, 0], []], ["cx", [2, 1], []], ["h", [1], []], ["cx", [2, 0], []], ["rz", [0], [-0.07389120757579803]], ["rx", [0], [-0.40195322036743164]], ["rz", [0], [-0.02270248904824257]], ["rz", [1], [-2.3764822483062744]], ["rx", [1], [-3.1146416664123535]], ["rz", [1], [-0.3081423342227936]], ["rz", [2], [1.546856164932251]], ["rx", [2], [0.006397424265742302]], ["rz", [2], [1.9932183027267456]]], "base_circuit_qasm": "OPENQASM 2.0;\ninclude \"qelib1.inc\";\nqreg q[3];\ncx q[2],q[0];\nh q[1];\ncx q[2],q[1];\ncx q[1],q[0];\ncx q[1],q[0];\ncx q[0],q[1];\nh q[1];\nh q[1];\nh q[2];\nh q[1];\nh q[1];\nh q[2];\nh q[1];\nh q[1];\ncx q[0],q[1];\ncx q[1],q[0];\ncx q[1],q[0];\ncx q[2],q[1];\nh q[1];\ncx q[2],q[0];", "pqc_circuit_qasm": "OPENQASM 2.0;\ninclude \"qelib1.inc\";\nqreg q[3];\ncx q[2],q[0];\nh q[1];\ncx q[2],q[1];\ncx q[1],q[0];\ncx q[1],q[0];\nrz(0.9879594445228577) q[0];\nrx(2.2907137870788574) q[0];\nrz(2.636824369430542) q[0];\nrz(1.8926517963409424) q[1];\nrx(0.4240068793296814) q[1];\nrz(1.6944477558135986) q[1];\nrz(-0.4809715449810028) q[2];\nrx(-1.5035518407821655) q[2];\nrz(-1.197251558303833) q[2];\ncx q[0],q[1];\nh q[1];\nh q[1];\nh q[2];\nh q[1];\nrz(0.8311236500740051) q[0];\nrx(-0.09897582978010178) q[0];\nrz(-0.6154586672782898) q[0];\nrz(-0.5627371668815613) q[1];\nrx(-3.2308835983276367) q[1];\nrz(2.3890151977539062) q[1];\nrz(-0.8232390284538269) q[2];\nrx(2.7656965255737305) q[2];\nrz(2.0128414630889893) q[2];\nh q[1];\nh q[2];\nh q[1];\nh q[1];\ncx q[0],q[1];\nrz(-0.20471076667308807) q[0];\nrx(-2.435673952102661) q[0];\nrz(-1.515558123588562) q[0];\nrz(0.7525143623352051) q[1];\nrx(1.4787508249282837) q[1];\nrz(2.7318828105926514) q[1];\nrz(-1.4373910427093506) q[2];\nrx(1.5716552734375) q[2];\nrz(2.4105632305145264) q[2];\ncx q[1],q[0];\ncx q[1],q[0];\ncx q[2],q[1];\nh q[1];\ncx q[2],q[0];\nrz(-0.07389120757579803) q[0];\nrx(-0.40195322036743164) q[0];\nrz(-0.02270248904824257) q[0];\nrz(-2.3764822483062744) q[1];\nrx(-3.1146416664123535) q[1];\nrz(-0.3081423342227936) q[1];\nrz(1.546856164932251) q[2];\nrx(0.006397424265742302) q[2];\nrz(1.9932183027267456) q[2];"}