{"seed": 4608, "fidelity": 0.9946950078010559, "pqc_params": [[[1.7144883871078491, 0.5356912612915039, -1.0106784105300903], [-1.558980107307434, 0.6293370723724365, 2.292703628540039], [1.4133696556091309, 1.1234642267227173, 0.6244738698005676]], [[1.5733637809753418, -0.07139483839273453, -1.2828829288482666], [-1.646332859992981, 1.0113357305526733, 3.1924266815185547], [2.7291781902313232, -1.0124388933181763, -2.7360482215881348]], [[-2.684175491333008, 0.7708245515823364, -1.3016990423202515], [-2.7908473014831543, -1.7590792179107666, 0.5801350474357605], [1.2690812349319458, 0.9040058255195618, -2.2048938274383545]], [[-2.9394052028656006, -2.8975024223327637, 0.638444721698761], [1.1560758352279663, 0.07536013424396515, -4.0023016929626465], [1.3941630125045776, -0.003373515559360385, 1.6441013813018799]]], "base_circuit_tokens": [["cx", [0, 2], []], ["x", [1], []], ["h", [1], []], ["h", [0], []], ["cx", [1, 2], []], ["h", [2], []], ["h", [1], []], ["h", [2], []], ["h", [2], []], ["x", [0], []], ["x", [0], []], ["h", [2], []], ["h", [2], []], ["h", [1], []], ["h", [2], []], ["cx", [1, 2], []], ["h", [0], []], ["h", [1], []], ["x", [1], []], ["cx", [0, 2], []]], "pqc_circuit_tokens": [["cx", [0, 2], []], ["x", [1], []], ["h", [1], []], ["h", [0], []], ["cx", [1, 2], []], ["rz", [0], [1.7144883871078491]], ["rx", [0], [0.5356912612915039]], ["rz", [0], [-1.0106784105300903]], ["rz", [1], [-1.558980107307434]], ["rx", [1], [0.6293370723724365]], ["rz", [1], [2.292703628540039]], ["rz", [2], [1.4133696556091309]], ["rx", [2], [1.1234642267227173]], ["rz", [2], [0.6244738698005676]], ["h", [2], []], ["h", [1], []], ["h", [2], []], ["h", [2], []], ["x", [0], []], ["rz", [0], [1.5733637809753418]], ["rx", [0], [-0.07139483839273453]], ["rz", [0], [-1.2828829288482666]], ["rz", [1], [-1.646332859992981]], ["rx", [1], [1.0113357305526733]], ["rz", [1], [3.1924266815185547]], ["rz", [2], [2.7291781902313232]], ["rx", [2], [-1.0124388933181763]], ["rz", [2], [-2.7360482215881348]], ["x", [0], []], ["h", [2], []], ["h", [2], []], ["h", [1], []], ["h", [2], []], ["rz", [0], [-2.684175491333008]], ["rx", [0], [0.7708245515823364]], ["rz", [0], [-1.3016990423202515]], ["rz", [1], [-2.7908473014831543]], ["rx", [1], [-1.7590792179107666]], ["rz", [1], [0.5801350474357605]], ["rz", [2], [1.2690812349319458]], ["rx", [2], [0.9040058255195618]], ["rz", [2], [-2.2048938274383545]], ["cx", [1, 2], []], ["h", [0], []], ["h", [1], []], ["x", [1], []], ["cx", [0, 2], []], ["rz", [0], [-2.9394052028656006]], ["rx", [0], [-2.8975024223327637]], ["rz", [0], [0.638444721698761]], ["rz", [1], [1.1560758352279663]], ["rx", [1], [0.07536013424396515]], ["rz", [1], [-4.0023016929626465]], ["rz", [2], [1.3941630125045776]], ["rx", [2], [-0.003373515559360385]], ["rz", [2], [1.6441013813018799]]], "base_circuit_qasm": "OPENQASM 2.0;\ninclude \"qelib1.inc\";\nqreg q[3];\ncx q[0],q[2];\nx q[1];\nh q[1];\nh q[0];\ncx q[1],q[2];\nh q[2];\nh q[1];\nh q[2];\nh q[2];\nx q[0];\nx q[0];\nh q[2];\nh q[2];\nh q[1];\nh q[2];\ncx q[1],q[2];\nh q[0];\nh q[1];\nx q[1];\ncx q[0],q[2];", "pqc_circuit_qasm": "OPENQASM 2.0;\ninclude \"qelib1.inc\";\nqreg q[3];\ncx q[0],q[2];\nx q[1];\nh q[1];\nh q[0];\ncx q[1],q[2];\nrz(1.7144883871078491) q[0];\nrx(0.5356912612915039) q[0];\nrz(-1.0106784105300903) q[0];\nrz(-1.558980107307434) q[1];\nrx(0.6293370723724365) q[1];\nrz(2.292703628540039) q[1];\nrz(1.4133696556091309) q[2];\nrx(1.1234642267227173) q[2];\nrz(0.6244738698005676) q[2];\nh q[2];\nh q[1];\nh q[2];\nh q[2];\nx q[0];\nrz(1.5733637809753418) q[0];\nrx(-0.07139483839273453) q[0];\nrz(-1.2828829288482666) q[0];\nrz(-1.646332859992981) q[1];\nrx(1.0113357305526733) q[1];\nrz(3.1924266815185547) q[1];\nrz(2.7291781902313232) q[2];\nrx(-1.0124388933181763) q[2];\nrz(-2.7360482215881348) q[2];\nx q[0];\nh q[2];\nh q[2];\nh q[1];\nh q[2];\nrz(-2.684175491333008) q[0];\nrx(0.7708245515823364) q[0];\nrz(-1.3016990423202515) q[0];\nrz(-2.7908473014831543) q[1];\nrx(-1.7590792179107666) q[1];\nrz(0.5801350474357605) q[1];\nrz(1.2690812349319458) q[2];\nrx(0.9040058255195618) q[2];\nrz(-2.2048938274383545) q[2];\ncx q[1],q[2];\nh q[0];\nh q[1];\nx q[1];\ncx q[0],q[2];\nrz(-2.9394052028656006) q[0];\nrx(-2.8975024223327637) q[0];\nrz(0.638444721698761) q[0];\nrz(1.1560758352279663) q[1];\nrx(0.07536013424396515) q[1];\nrz(-4.0023016929626465) q[1];\nrz(1.3941630125045776) q[2];\nrx(-0.003373515559360385) q[2];\nrz(1.6441013813018799) q[2];"}