{"seed": 461, "fidelity": 0.9987487196922302, "pqc_params": [[[-2.3939554691314697, 1.2489981651306152, 0.3018539845943451], [-0.2162974625825882, -1.4328111410140991, 1.9452451467514038], [-1.691930890083313, -1.2841968536376953, 0.8366733193397522]], [[-2.1372461318969727, 0.8211218118667603, 1.93375825881958], [-1.415357232093811, -0.5575674772262573, -2.311948299407959], [-0.5700437426567078, -0.890292763710022, -3.23317551612854]], [[2.6223385334014893, -1.5445661544799805, -1.945017695426941], [1.9873460531234741, -1.3587929010391235, -3.3335416316986084], [2.994757890701294, -1.5799404382705688, -1.2142833471298218]], [[-0.5091341137886047, 2.6783676147460938, 0.5722663998603821], [0.5229573249816895, -3.2226223945617676, 0.6197517514228821], [-2.761220693588257, -0.042529910802841187, -0.48242995142936707]]], "base_circuit_tokens": [["x", [0], []], ["cx", [1, 2], []], ["x", [1], []], ["x", [0], []], ["cx", [0, 1], []], ["x", [1], []], ["x", [0], []], ["h", [0], []], ["h", [2], []], ["h", [1], []], ["h", [1], []], ["h", [2], []], ["h", [0], []], ["x", [0], []], ["x", [1], []], ["cx", [0, 1], []], ["x", [0], []], ["x", [1], []], ["cx", [1, 2], []], ["x", [0], []]], "pqc_circuit_tokens": [["x", [0], []], ["cx", [1, 2], []], ["x", [1], []], ["x", [0], []], ["cx", [0, 1], []], ["rz", [0], [-2.3939554691314697]], ["rx", [0], [1.2489981651306152]], ["rz", [0], [0.3018539845943451]], ["rz", [1], [-0.2162974625825882]], ["rx", [1], [-1.4328111410140991]], ["rz", [1], [1.9452451467514038]], ["rz", [2], [-1.691930890083313]], ["rx", [2], [-1.2841968536376953]], ["rz", [2], [0.8366733193397522]], ["x", [1], []], ["x", [0], []], ["h", [0], []], ["h", [2], []], ["h", [1], []], ["rz", [0], [-2.1372461318969727]], ["rx", [0], [0.8211218118667603]], ["rz", [0], [1.93375825881958]], ["rz", [1], [-1.415357232093811]], ["rx", [1], [-0.5575674772262573]], ["rz", [1], [-2.311948299407959]], ["rz", [2], [-0.5700437426567078]], ["rx", [2], [-0.890292763710022]], ["rz", [2], [-3.23317551612854]], ["h", [1], []], ["h", [2], []], ["h", [0], []], ["x", [0], []], ["x", [1], []], ["rz", [0], [2.6223385334014893]], ["rx", [0], [-1.5445661544799805]], ["rz", [0], [-1.945017695426941]], ["rz", [1], [1.9873460531234741]], ["rx", [1], [-1.3587929010391235]], ["rz", [1], [-3.3335416316986084]], ["rz", [2], [2.994757890701294]], ["rx", [2], [-1.5799404382705688]], ["rz", [2], [-1.2142833471298218]], ["cx", [0, 1], []], ["x", [0], []], ["x", [1], []], ["cx", [1, 2], []], ["x", [0], []], ["rz", [0], [-0.5091341137886047]], ["rx", [0], [2.6783676147460938]], ["rz", [0], [0.5722663998603821]], ["rz", [1], [0.5229573249816895]], ["rx", [1], [-3.2226223945617676]], ["rz", [1], [0.6197517514228821]], ["rz", [2], [-2.761220693588257]], ["rx", [2], [-0.042529910802841187]], ["rz", [2], [-0.48242995142936707]]], "base_circuit_qasm": "OPENQASM 2.0;\ninclude \"qelib1.inc\";\nqreg q[3];\nx q[0];\ncx q[1],q[2];\nx q[1];\nx q[0];\ncx q[0],q[1];\nx q[1];\nx q[0];\nh q[0];\nh q[2];\nh q[1];\nh q[1];\nh q[2];\nh q[0];\nx q[0];\nx q[1];\ncx q[0],q[1];\nx q[0];\nx q[1];\ncx q[1],q[2];\nx q[0];", "pqc_circuit_qasm": "OPENQASM 2.0;\ninclude \"qelib1.inc\";\nqreg q[3];\nx q[0];\ncx q[1],q[2];\nx q[1];\nx q[0];\ncx q[0],q[1];\nrz(-2.3939554691314697) q[0];\nrx(1.2489981651306152) q[0];\nrz(0.3018539845943451) q[0];\nrz(-0.2162974625825882) q[1];\nrx(-1.4328111410140991) q[1];\nrz(1.9452451467514038) q[1];\nrz(-1.691930890083313) q[2];\nrx(-1.2841968536376953) q[2];\nrz(0.8366733193397522) q[2];\nx q[1];\nx q[0];\nh q[0];\nh q[2];\nh q[1];\nrz(-2.1372461318969727) q[0];\nrx(0.8211218118667603) q[0];\nrz(1.93375825881958) q[0];\nrz(-1.415357232093811) q[1];\nrx(-0.5575674772262573) q[1];\nrz(-2.311948299407959) q[1];\nrz(-0.5700437426567078) q[2];\nrx(-0.890292763710022) q[2];\nrz(-3.23317551612854) q[2];\nh q[1];\nh q[2];\nh q[0];\nx q[0];\nx q[1];\nrz(2.6223385334014893) q[0];\nrx(-1.5445661544799805) q[0];\nrz(-1.945017695426941) q[0];\nrz(1.9873460531234741) q[1];\nrx(-1.3587929010391235) q[1];\nrz(-3.3335416316986084) q[1];\nrz(2.994757890701294) q[2];\nrx(-1.5799404382705688) q[2];\nrz(-1.2142833471298218) q[2];\ncx q[0],q[1];\nx q[0];\nx q[1];\ncx q[1],q[2];\nx q[0];\nrz(-0.5091341137886047) q[0];\nrx(2.6783676147460938) q[0];\nrz(0.5722663998603821) q[0];\nrz(0.5229573249816895) q[1];\nrx(-3.2226223945617676) q[1];\nrz(0.6197517514228821) q[1];\nrz(-2.761220693588257) q[2];\nrx(-0.042529910802841187) q[2];\nrz(-0.48242995142936707) q[2];"}