{"seed": 4619, "fidelity": 0.9755887985229492, "pqc_params": [[[-1.9040107727050781, 0.760222852230072, 1.034550428390503], [2.830950975418091, 1.515345573425293, -2.5282187461853027], [2.5633397102355957, -0.6504403352737427, -0.02031864784657955]], [[-2.8836963176727295, -0.3466280698776245, 2.3206753730773926], [0.17495685815811157, -3.080078363418579, 0.2839010953903198], [3.0963122844696045, 1.0089588165283203, -0.6539980173110962]], [[-2.341057062149048, 1.9934523105621338, 1.3530486822128296], [0.6937614679336548, -1.1278961896896362, -1.554374098777771], [-3.172485589981079, 1.7176769971847534, -0.2369745373725891]], [[-0.39736658334732056, 2.0403223037719727, 2.8845651149749756], [-2.008840799331665, 0.8728085160255432, -3.1086935997009277], [-2.482469320297241, 0.09241940826177597, -3.1592748165130615]]], "base_circuit_tokens": [["h", [0], []], ["x", [0], []], ["h", [0], []], ["h", [1], []], ["cx", [2, 0], []], ["x", [0], []], ["cx", [1, 2], []], ["h", [2], []], ["h", [2], []], ["h", [1], []], ["h", [1], []], ["h", [2], []], ["h", [2], []], ["cx", [1, 2], []], ["x", [0], []], ["cx", [2, 0], []], ["h", [1], []], ["h", [0], []], ["x", [0], []], ["h", [0], []]], "pqc_circuit_tokens": [["h", [0], []], ["x", [0], []], ["h", [0], []], ["h", [1], []], ["cx", [2, 0], []], ["rz", [0], [-1.9040107727050781]], ["rx", [0], [0.760222852230072]], ["rz", [0], [1.034550428390503]], ["rz", [1], [2.830950975418091]], ["rx", [1], [1.515345573425293]], ["rz", [1], [-2.5282187461853027]], ["rz", [2], [2.5633397102355957]], ["rx", [2], [-0.6504403352737427]], ["rz", [2], [-0.02031864784657955]], ["x", [0], []], ["cx", [1, 2], []], ["h", [2], []], ["h", [2], []], ["h", [1], []], ["rz", [0], [-2.8836963176727295]], ["rx", [0], [-0.3466280698776245]], ["rz", [0], [2.3206753730773926]], ["rz", [1], [0.17495685815811157]], ["rx", [1], [-3.080078363418579]], ["rz", [1], [0.2839010953903198]], ["rz", [2], [3.0963122844696045]], ["rx", [2], [1.0089588165283203]], ["rz", [2], [-0.6539980173110962]], ["h", [1], []], ["h", [2], []], ["h", [2], []], ["cx", [1, 2], []], ["x", [0], []], ["rz", [0], [-2.341057062149048]], ["rx", [0], [1.9934523105621338]], ["rz", [0], [1.3530486822128296]], ["rz", [1], [0.6937614679336548]], ["rx", [1], [-1.1278961896896362]], ["rz", [1], [-1.554374098777771]], ["rz", [2], [-3.172485589981079]], ["rx", [2], [1.7176769971847534]], ["rz", [2], [-0.2369745373725891]], ["cx", [2, 0], []], ["h", [1], []], ["h", [0], []], ["x", [0], []], ["h", [0], []], ["rz", [0], [-0.39736658334732056]], ["rx", [0], [2.0403223037719727]], ["rz", [0], [2.8845651149749756]], ["rz", [1], [-2.008840799331665]], ["rx", [1], [0.8728085160255432]], ["rz", [1], [-3.1086935997009277]], ["rz", [2], [-2.482469320297241]], ["rx", [2], [0.09241940826177597]], ["rz", [2], [-3.1592748165130615]]], "base_circuit_qasm": "OPENQASM 2.0;\ninclude \"qelib1.inc\";\nqreg q[3];\nh q[0];\nx q[0];\nh q[0];\nh q[1];\ncx q[2],q[0];\nx q[0];\ncx q[1],q[2];\nh q[2];\nh q[2];\nh q[1];\nh q[1];\nh q[2];\nh q[2];\ncx q[1],q[2];\nx q[0];\ncx q[2],q[0];\nh q[1];\nh q[0];\nx q[0];\nh q[0];", "pqc_circuit_qasm": "OPENQASM 2.0;\ninclude \"qelib1.inc\";\nqreg q[3];\nh q[0];\nx q[0];\nh q[0];\nh q[1];\ncx q[2],q[0];\nrz(-1.9040107727050781) q[0];\nrx(0.760222852230072) q[0];\nrz(1.034550428390503) q[0];\nrz(2.830950975418091) q[1];\nrx(1.515345573425293) q[1];\nrz(-2.5282187461853027) q[1];\nrz(2.5633397102355957) q[2];\nrx(-0.6504403352737427) q[2];\nrz(-0.02031864784657955) q[2];\nx q[0];\ncx q[1],q[2];\nh q[2];\nh q[2];\nh q[1];\nrz(-2.8836963176727295) q[0];\nrx(-0.3466280698776245) q[0];\nrz(2.3206753730773926) q[0];\nrz(0.17495685815811157) q[1];\nrx(-3.080078363418579) q[1];\nrz(0.2839010953903198) q[1];\nrz(3.0963122844696045) q[2];\nrx(1.0089588165283203) q[2];\nrz(-0.6539980173110962) q[2];\nh q[1];\nh q[2];\nh q[2];\ncx q[1],q[2];\nx q[0];\nrz(-2.341057062149048) q[0];\nrx(1.9934523105621338) q[0];\nrz(1.3530486822128296) q[0];\nrz(0.6937614679336548) q[1];\nrx(-1.1278961896896362) q[1];\nrz(-1.554374098777771) q[1];\nrz(-3.172485589981079) q[2];\nrx(1.7176769971847534) q[2];\nrz(-0.2369745373725891) q[2];\ncx q[2],q[0];\nh q[1];\nh q[0];\nx q[0];\nh q[0];\nrz(-0.39736658334732056) q[0];\nrx(2.0403223037719727) q[0];\nrz(2.8845651149749756) q[0];\nrz(-2.008840799331665) q[1];\nrx(0.8728085160255432) q[1];\nrz(-3.1086935997009277) q[1];\nrz(-2.482469320297241) q[2];\nrx(0.09241940826177597) q[2];\nrz(-3.1592748165130615) q[2];"}