{"seed": 4620, "fidelity": 0.9774900674819946, "pqc_params": [[[1.322804570198059, 3.1439311504364014, 1.1046230792999268], [-2.2773444652557373, 3.1144282817840576, -0.8330682516098022], [-1.6982321739196777, 3.6758668422698975, -1.4431997537612915]], [[2.726555109024048, -2.910534381866455, -3.172175407409668], [0.20128804445266724, -3.2362616062164307, -0.5544630289077759], [1.4497040510177612, 1.9536489248275757, -0.8311982154846191]], [[-0.7024522423744202, -3.254657506942749, -0.540029764175415], [2.922884702682495, -3.0009305477142334, -0.6602687239646912], [0.3232347369194031, -2.1697256565093994, 2.965089797973633]], [[-0.9328601360321045, -0.05930621176958084, -1.895581603050232], [2.421224594116211, -3.100898504257202, -0.6186472773551941], [-2.261730194091797, 1.6264100074768066, -3.6844568252563477]]], "base_circuit_tokens": [["x", [1], []], ["h", [1], []], ["x", [0], []], ["cx", [0, 2], []], ["cx", [1, 0], []], ["x", [1], []], ["cx", [1, 2], []], ["cx", [0, 2], []], ["h", [2], []], ["x", [0], []], ["x", [0], []], ["h", [2], []], ["cx", [0, 2], []], ["cx", [1, 2], []], ["x", [1], []], ["cx", [1, 0], []], ["cx", [0, 2], []], ["x", [0], []], ["h", [1], []], ["x", [1], []]], "pqc_circuit_tokens": [["x", [1], []], ["h", [1], []], ["x", [0], []], ["cx", [0, 2], []], ["cx", [1, 0], []], ["rz", [0], [1.322804570198059]], ["rx", [0], [3.1439311504364014]], ["rz", [0], [1.1046230792999268]], ["rz", [1], [-2.2773444652557373]], ["rx", [1], [3.1144282817840576]], ["rz", [1], [-0.8330682516098022]], ["rz", [2], [-1.6982321739196777]], ["rx", [2], [3.6758668422698975]], ["rz", [2], [-1.4431997537612915]], ["x", [1], []], ["cx", [1, 2], []], ["cx", [0, 2], []], ["h", [2], []], ["x", [0], []], ["rz", [0], [2.726555109024048]], ["rx", [0], [-2.910534381866455]], ["rz", [0], [-3.172175407409668]], ["rz", [1], [0.20128804445266724]], ["rx", [1], [-3.2362616062164307]], ["rz", [1], [-0.5544630289077759]], ["rz", [2], [1.4497040510177612]], ["rx", [2], [1.9536489248275757]], ["rz", [2], [-0.8311982154846191]], ["x", [0], []], ["h", [2], []], ["cx", [0, 2], []], ["cx", [1, 2], []], ["x", [1], []], ["rz", [0], [-0.7024522423744202]], ["rx", [0], [-3.254657506942749]], ["rz", [0], [-0.540029764175415]], ["rz", [1], [2.922884702682495]], ["rx", [1], [-3.0009305477142334]], ["rz", [1], [-0.6602687239646912]], ["rz", [2], [0.3232347369194031]], ["rx", [2], [-2.1697256565093994]], ["rz", [2], [2.965089797973633]], ["cx", [1, 0], []], ["cx", [0, 2], []], ["x", [0], []], ["h", [1], []], ["x", [1], []], ["rz", [0], [-0.9328601360321045]], ["rx", [0], [-0.05930621176958084]], ["rz", [0], [-1.895581603050232]], ["rz", [1], [2.421224594116211]], ["rx", [1], [-3.100898504257202]], ["rz", [1], [-0.6186472773551941]], ["rz", [2], [-2.261730194091797]], ["rx", [2], [1.6264100074768066]], ["rz", [2], [-3.6844568252563477]]], "base_circuit_qasm": "OPENQASM 2.0;\ninclude \"qelib1.inc\";\nqreg q[3];\nx q[1];\nh q[1];\nx q[0];\ncx q[0],q[2];\ncx q[1],q[0];\nx q[1];\ncx q[1],q[2];\ncx q[0],q[2];\nh q[2];\nx q[0];\nx q[0];\nh q[2];\ncx q[0],q[2];\ncx q[1],q[2];\nx q[1];\ncx q[1],q[0];\ncx q[0],q[2];\nx q[0];\nh q[1];\nx q[1];", "pqc_circuit_qasm": "OPENQASM 2.0;\ninclude \"qelib1.inc\";\nqreg q[3];\nx q[1];\nh q[1];\nx q[0];\ncx q[0],q[2];\ncx q[1],q[0];\nrz(1.322804570198059) q[0];\nrx(3.1439311504364014) q[0];\nrz(1.1046230792999268) q[0];\nrz(-2.2773444652557373) q[1];\nrx(3.1144282817840576) q[1];\nrz(-0.8330682516098022) q[1];\nrz(-1.6982321739196777) q[2];\nrx(3.6758668422698975) q[2];\nrz(-1.4431997537612915) q[2];\nx q[1];\ncx q[1],q[2];\ncx q[0],q[2];\nh q[2];\nx q[0];\nrz(2.726555109024048) q[0];\nrx(-2.910534381866455) q[0];\nrz(-3.172175407409668) q[0];\nrz(0.20128804445266724) q[1];\nrx(-3.2362616062164307) q[1];\nrz(-0.5544630289077759) q[1];\nrz(1.4497040510177612) q[2];\nrx(1.9536489248275757) q[2];\nrz(-0.8311982154846191) q[2];\nx q[0];\nh q[2];\ncx q[0],q[2];\ncx q[1],q[2];\nx q[1];\nrz(-0.7024522423744202) q[0];\nrx(-3.254657506942749) q[0];\nrz(-0.540029764175415) q[0];\nrz(2.922884702682495) q[1];\nrx(-3.0009305477142334) q[1];\nrz(-0.6602687239646912) q[1];\nrz(0.3232347369194031) q[2];\nrx(-2.1697256565093994) q[2];\nrz(2.965089797973633) q[2];\ncx q[1],q[0];\ncx q[0],q[2];\nx q[0];\nh q[1];\nx q[1];\nrz(-0.9328601360321045) q[0];\nrx(-0.05930621176958084) q[0];\nrz(-1.895581603050232) q[0];\nrz(2.421224594116211) q[1];\nrx(-3.100898504257202) q[1];\nrz(-0.6186472773551941) q[1];\nrz(-2.261730194091797) q[2];\nrx(1.6264100074768066) q[2];\nrz(-3.6844568252563477) q[2];"}