{"seed": 4635, "fidelity": 0.9939121603965759, "pqc_params": [[[-0.8237702250480652, 0.14909212291240692, -1.0802143812179565], [1.2372403144836426, -1.6568398475646973, 2.1239659786224365], [-2.6529901027679443, -1.424105167388916, 1.8630050420761108]], [[-0.18536697328090668, -2.6815857887268066, -1.6674021482467651], [0.37707841396331787, 0.2515328824520111, -0.6773491501808167], [-3.1387858390808105, 0.8325228095054626, -3.0342445373535156]], [[-1.5948162078857422, 0.5409337878227234, -1.5068494081497192], [0.6223413348197937, 1.373717188835144, -1.8834264278411865], [-2.7632882595062256, 0.5038189888000488, -1.279375433921814]], [[0.6837062835693359, 2.78568959236145, -2.828092098236084], [-2.509060859680176, 0.1479749083518982, -0.6398273706436157], [0.9366063475608826, -1.247837781906128, 1.562289834022522]]], "base_circuit_tokens": [["x", [2], []], ["h", [0], []], ["x", [2], []], ["x", [2], []], ["h", [1], []], ["h", [0], []], ["cx", [1, 2], []], ["h", [0], []], ["h", [1], []], ["x", [2], []], ["x", [2], []], ["h", [1], []], ["h", [0], []], ["cx", [1, 2], []], ["h", [0], []], ["h", [1], []], ["x", [2], []], ["x", [2], []], ["h", [0], []], ["x", [2], []]], "pqc_circuit_tokens": [["x", [2], []], ["h", [0], []], ["x", [2], []], ["x", [2], []], ["h", [1], []], ["rz", [0], [-0.8237702250480652]], ["rx", [0], [0.14909212291240692]], ["rz", [0], [-1.0802143812179565]], ["rz", [1], [1.2372403144836426]], ["rx", [1], [-1.6568398475646973]], ["rz", [1], [2.1239659786224365]], ["rz", [2], [-2.6529901027679443]], ["rx", [2], [-1.424105167388916]], ["rz", [2], [1.8630050420761108]], ["h", [0], []], ["cx", [1, 2], []], ["h", [0], []], ["h", [1], []], ["x", [2], []], ["rz", [0], [-0.18536697328090668]], ["rx", [0], [-2.6815857887268066]], ["rz", [0], [-1.6674021482467651]], ["rz", [1], [0.37707841396331787]], ["rx", [1], [0.2515328824520111]], ["rz", [1], [-0.6773491501808167]], ["rz", [2], [-3.1387858390808105]], ["rx", [2], [0.8325228095054626]], ["rz", [2], [-3.0342445373535156]], ["x", [2], []], ["h", [1], []], ["h", [0], []], ["cx", [1, 2], []], ["h", [0], []], ["rz", [0], [-1.5948162078857422]], ["rx", [0], [0.5409337878227234]], ["rz", [0], [-1.5068494081497192]], ["rz", [1], [0.6223413348197937]], ["rx", [1], [1.373717188835144]], ["rz", [1], [-1.8834264278411865]], ["rz", [2], [-2.7632882595062256]], ["rx", [2], [0.5038189888000488]], ["rz", [2], [-1.279375433921814]], ["h", [1], []], ["x", [2], []], ["x", [2], []], ["h", [0], []], ["x", [2], []], ["rz", [0], [0.6837062835693359]], ["rx", [0], [2.78568959236145]], ["rz", [0], [-2.828092098236084]], ["rz", [1], [-2.509060859680176]], ["rx", [1], [0.1479749083518982]], ["rz", [1], [-0.6398273706436157]], ["rz", [2], [0.9366063475608826]], ["rx", [2], [-1.247837781906128]], ["rz", [2], [1.562289834022522]]], "base_circuit_qasm": "OPENQASM 2.0;\ninclude \"qelib1.inc\";\nqreg q[3];\nx q[2];\nh q[0];\nx q[2];\nx q[2];\nh q[1];\nh q[0];\ncx q[1],q[2];\nh q[0];\nh q[1];\nx q[2];\nx q[2];\nh q[1];\nh q[0];\ncx q[1],q[2];\nh q[0];\nh q[1];\nx q[2];\nx q[2];\nh q[0];\nx q[2];", "pqc_circuit_qasm": "OPENQASM 2.0;\ninclude \"qelib1.inc\";\nqreg q[3];\nx q[2];\nh q[0];\nx q[2];\nx q[2];\nh q[1];\nrz(-0.8237702250480652) q[0];\nrx(0.14909212291240692) q[0];\nrz(-1.0802143812179565) q[0];\nrz(1.2372403144836426) q[1];\nrx(-1.6568398475646973) q[1];\nrz(2.1239659786224365) q[1];\nrz(-2.6529901027679443) q[2];\nrx(-1.424105167388916) q[2];\nrz(1.8630050420761108) q[2];\nh q[0];\ncx q[1],q[2];\nh q[0];\nh q[1];\nx q[2];\nrz(-0.18536697328090668) q[0];\nrx(-2.6815857887268066) q[0];\nrz(-1.6674021482467651) q[0];\nrz(0.37707841396331787) q[1];\nrx(0.2515328824520111) q[1];\nrz(-0.6773491501808167) q[1];\nrz(-3.1387858390808105) q[2];\nrx(0.8325228095054626) q[2];\nrz(-3.0342445373535156) q[2];\nx q[2];\nh q[1];\nh q[0];\ncx q[1],q[2];\nh q[0];\nrz(-1.5948162078857422) q[0];\nrx(0.5409337878227234) q[0];\nrz(-1.5068494081497192) q[0];\nrz(0.6223413348197937) q[1];\nrx(1.373717188835144) q[1];\nrz(-1.8834264278411865) q[1];\nrz(-2.7632882595062256) q[2];\nrx(0.5038189888000488) q[2];\nrz(-1.279375433921814) q[2];\nh q[1];\nx q[2];\nx q[2];\nh q[0];\nx q[2];\nrz(0.6837062835693359) q[0];\nrx(2.78568959236145) q[0];\nrz(-2.828092098236084) q[0];\nrz(-2.509060859680176) q[1];\nrx(0.1479749083518982) q[1];\nrz(-0.6398273706436157) q[1];\nrz(0.9366063475608826) q[2];\nrx(-1.247837781906128) q[2];\nrz(1.562289834022522) q[2];"}