{"seed": 4637, "fidelity": 0.9991850852966309, "pqc_params": [[[-0.061270006000995636, 2.4733939170837402, -0.5091953277587891], [1.2967668771743774, -2.037891387939453, -1.5438956022262573], [2.1702005863189697, 0.7494065165519714, 0.7164772748947144]], [[-4.052125930786133, 0.07081147283315659, -2.540419340133667], [-1.1555519104003906, -2.6013402938842773, -2.1531214714050293], [1.6289172172546387, 0.7132624387741089, -1.4802675247192383]], [[-0.29097041487693787, 3.1675212383270264, -3.281728744506836], [2.4257266521453857, 3.3951218128204346, 2.5373423099517822], [1.942718267440796, 0.44637954235076904, 0.7550283670425415]], [[3.0423905849456787, -2.060000419616699, -3.0740439891815186], [3.10176944732666, -2.7244620323181152, 1.2125498056411743], [-1.0897139310836792, -0.8169472217559814, 1.8264702558517456]]], "base_circuit_tokens": [["cx", [2, 0], []], ["h", [0], []], ["h", [0], []], ["h", [0], []], ["h", [2], []], ["x", [2], []], ["h", [0], []], ["h", [0], []], ["cx", [0, 2], []], ["h", [2], []], ["h", [2], []], ["cx", [0, 2], []], ["h", [0], []], ["h", [0], []], ["x", [2], []], ["h", [2], []], ["h", [0], []], ["h", [0], []], ["h", [0], []], ["cx", [2, 0], []]], "pqc_circuit_tokens": [["cx", [2, 0], []], ["h", [0], []], ["h", [0], []], ["h", [0], []], ["h", [2], []], ["rz", [0], [-0.061270006000995636]], ["rx", [0], [2.4733939170837402]], ["rz", [0], [-0.5091953277587891]], ["rz", [1], [1.2967668771743774]], ["rx", [1], [-2.037891387939453]], ["rz", [1], [-1.5438956022262573]], ["rz", [2], [2.1702005863189697]], ["rx", [2], [0.7494065165519714]], ["rz", [2], [0.7164772748947144]], ["x", [2], []], ["h", [0], []], ["h", [0], []], ["cx", [0, 2], []], ["h", [2], []], ["rz", [0], [-4.052125930786133]], ["rx", [0], [0.07081147283315659]], ["rz", [0], [-2.540419340133667]], ["rz", [1], [-1.1555519104003906]], ["rx", [1], [-2.6013402938842773]], ["rz", [1], [-2.1531214714050293]], ["rz", [2], [1.6289172172546387]], ["rx", [2], [0.7132624387741089]], ["rz", [2], [-1.4802675247192383]], ["h", [2], []], ["cx", [0, 2], []], ["h", [0], []], ["h", [0], []], ["x", [2], []], ["rz", [0], [-0.29097041487693787]], ["rx", [0], [3.1675212383270264]], ["rz", [0], [-3.281728744506836]], ["rz", [1], [2.4257266521453857]], ["rx", [1], [3.3951218128204346]], ["rz", [1], [2.5373423099517822]], ["rz", [2], [1.942718267440796]], ["rx", [2], [0.44637954235076904]], ["rz", [2], [0.7550283670425415]], ["h", [2], []], ["h", [0], []], ["h", [0], []], ["h", [0], []], ["cx", [2, 0], []], ["rz", [0], [3.0423905849456787]], ["rx", [0], [-2.060000419616699]], ["rz", [0], [-3.0740439891815186]], ["rz", [1], [3.10176944732666]], ["rx", [1], [-2.7244620323181152]], ["rz", [1], [1.2125498056411743]], ["rz", [2], [-1.0897139310836792]], ["rx", [2], [-0.8169472217559814]], ["rz", [2], [1.8264702558517456]]], "base_circuit_qasm": "OPENQASM 2.0;\ninclude \"qelib1.inc\";\nqreg q[3];\ncx q[2],q[0];\nh q[0];\nh q[0];\nh q[0];\nh q[2];\nx q[2];\nh q[0];\nh q[0];\ncx q[0],q[2];\nh q[2];\nh q[2];\ncx q[0],q[2];\nh q[0];\nh q[0];\nx q[2];\nh q[2];\nh q[0];\nh q[0];\nh q[0];\ncx q[2],q[0];", "pqc_circuit_qasm": "OPENQASM 2.0;\ninclude \"qelib1.inc\";\nqreg q[3];\ncx q[2],q[0];\nh q[0];\nh q[0];\nh q[0];\nh q[2];\nrz(-0.061270006000995636) q[0];\nrx(2.4733939170837402) q[0];\nrz(-0.5091953277587891) q[0];\nrz(1.2967668771743774) q[1];\nrx(-2.037891387939453) q[1];\nrz(-1.5438956022262573) q[1];\nrz(2.1702005863189697) q[2];\nrx(0.7494065165519714) q[2];\nrz(0.7164772748947144) q[2];\nx q[2];\nh q[0];\nh q[0];\ncx q[0],q[2];\nh q[2];\nrz(-4.052125930786133) q[0];\nrx(0.07081147283315659) q[0];\nrz(-2.540419340133667) q[0];\nrz(-1.1555519104003906) q[1];\nrx(-2.6013402938842773) q[1];\nrz(-2.1531214714050293) q[1];\nrz(1.6289172172546387) q[2];\nrx(0.7132624387741089) q[2];\nrz(-1.4802675247192383) q[2];\nh q[2];\ncx q[0],q[2];\nh q[0];\nh q[0];\nx q[2];\nrz(-0.29097041487693787) q[0];\nrx(3.1675212383270264) q[0];\nrz(-3.281728744506836) q[0];\nrz(2.4257266521453857) q[1];\nrx(3.3951218128204346) q[1];\nrz(2.5373423099517822) q[1];\nrz(1.942718267440796) q[2];\nrx(0.44637954235076904) q[2];\nrz(0.7550283670425415) q[2];\nh q[2];\nh q[0];\nh q[0];\nh q[0];\ncx q[2],q[0];\nrz(3.0423905849456787) q[0];\nrx(-2.060000419616699) q[0];\nrz(-3.0740439891815186) q[0];\nrz(3.10176944732666) q[1];\nrx(-2.7244620323181152) q[1];\nrz(1.2125498056411743) q[1];\nrz(-1.0897139310836792) q[2];\nrx(-0.8169472217559814) q[2];\nrz(1.8264702558517456) q[2];"}