{"seed": 4641, "fidelity": 0.9883629679679871, "pqc_params": [[[-2.4291322231292725, 1.4775532484054565, 1.685829997062683], [-0.964582622051239, 0.5831060409545898, -2.656277656555176], [-1.2853914499282837, -1.1884329319000244, 3.41667103767395]], [[-2.0008928775787354, -0.6986948251724243, 2.51932692527771], [-3.0446319580078125, -0.5866600275039673, 3.0475564002990723], [0.6839406490325928, -0.17246751487255096, -1.1803315877914429]], [[2.717665433883667, 1.6404305696487427, 1.6848337650299072], [0.32031938433647156, -1.948790431022644, 0.6691563725471497], [0.10363821685314178, 1.6607708930969238, -0.12653042376041412]], [[2.6340057849884033, 3.5782392024993896, -2.238161563873291], [-0.8133769631385803, 1.4542454481124878, 3.3506414890289307], [-0.5104313492774963, 2.8736207485198975, 0.8180278539657593]]], "base_circuit_tokens": [["x", [0], []], ["cx", [2, 1], []], ["cx", [2, 1], []], ["h", [0], []], ["cx", [2, 0], []], ["x", [2], []], ["cx", [2, 1], []], ["h", [2], []], ["h", [0], []], ["cx", [2, 1], []], ["cx", [2, 1], []], ["h", [0], []], ["h", [2], []], ["cx", [2, 1], []], ["x", [2], []], ["cx", [2, 0], []], ["h", [0], []], ["cx", [2, 1], []], ["cx", [2, 1], []], ["x", [0], []]], "pqc_circuit_tokens": [["x", [0], []], ["cx", [2, 1], []], ["cx", [2, 1], []], ["h", [0], []], ["cx", [2, 0], []], ["rz", [0], [-2.4291322231292725]], ["rx", [0], [1.4775532484054565]], ["rz", [0], [1.685829997062683]], ["rz", [1], [-0.964582622051239]], ["rx", [1], [0.5831060409545898]], ["rz", [1], [-2.656277656555176]], ["rz", [2], [-1.2853914499282837]], ["rx", [2], [-1.1884329319000244]], ["rz", [2], [3.41667103767395]], ["x", [2], []], ["cx", [2, 1], []], ["h", [2], []], ["h", [0], []], ["cx", [2, 1], []], ["rz", [0], [-2.0008928775787354]], ["rx", [0], [-0.6986948251724243]], ["rz", [0], [2.51932692527771]], ["rz", [1], [-3.0446319580078125]], ["rx", [1], [-0.5866600275039673]], ["rz", [1], [3.0475564002990723]], ["rz", [2], [0.6839406490325928]], ["rx", [2], [-0.17246751487255096]], ["rz", [2], [-1.1803315877914429]], ["cx", [2, 1], []], ["h", [0], []], ["h", [2], []], ["cx", [2, 1], []], ["x", [2], []], ["rz", [0], [2.717665433883667]], ["rx", [0], [1.6404305696487427]], ["rz", [0], [1.6848337650299072]], ["rz", [1], [0.32031938433647156]], ["rx", [1], [-1.948790431022644]], ["rz", [1], [0.6691563725471497]], ["rz", [2], [0.10363821685314178]], ["rx", [2], [1.6607708930969238]], ["rz", [2], [-0.12653042376041412]], ["cx", [2, 0], []], ["h", [0], []], ["cx", [2, 1], []], ["cx", [2, 1], []], ["x", [0], []], ["rz", [0], [2.6340057849884033]], ["rx", [0], [3.5782392024993896]], ["rz", [0], [-2.238161563873291]], ["rz", [1], [-0.8133769631385803]], ["rx", [1], [1.4542454481124878]], ["rz", [1], [3.3506414890289307]], ["rz", [2], [-0.5104313492774963]], ["rx", [2], [2.8736207485198975]], ["rz", [2], [0.8180278539657593]]], "base_circuit_qasm": "OPENQASM 2.0;\ninclude \"qelib1.inc\";\nqreg q[3];\nx q[0];\ncx q[2],q[1];\ncx q[2],q[1];\nh q[0];\ncx q[2],q[0];\nx q[2];\ncx q[2],q[1];\nh q[2];\nh q[0];\ncx q[2],q[1];\ncx q[2],q[1];\nh q[0];\nh q[2];\ncx q[2],q[1];\nx q[2];\ncx q[2],q[0];\nh q[0];\ncx q[2],q[1];\ncx q[2],q[1];\nx q[0];", "pqc_circuit_qasm": "OPENQASM 2.0;\ninclude \"qelib1.inc\";\nqreg q[3];\nx q[0];\ncx q[2],q[1];\ncx q[2],q[1];\nh q[0];\ncx q[2],q[0];\nrz(-2.4291322231292725) q[0];\nrx(1.4775532484054565) q[0];\nrz(1.685829997062683) q[0];\nrz(-0.964582622051239) q[1];\nrx(0.5831060409545898) q[1];\nrz(-2.656277656555176) q[1];\nrz(-1.2853914499282837) q[2];\nrx(-1.1884329319000244) q[2];\nrz(3.41667103767395) q[2];\nx q[2];\ncx q[2],q[1];\nh q[2];\nh q[0];\ncx q[2],q[1];\nrz(-2.0008928775787354) q[0];\nrx(-0.6986948251724243) q[0];\nrz(2.51932692527771) q[0];\nrz(-3.0446319580078125) q[1];\nrx(-0.5866600275039673) q[1];\nrz(3.0475564002990723) q[1];\nrz(0.6839406490325928) q[2];\nrx(-0.17246751487255096) q[2];\nrz(-1.1803315877914429) q[2];\ncx q[2],q[1];\nh q[0];\nh q[2];\ncx q[2],q[1];\nx q[2];\nrz(2.717665433883667) q[0];\nrx(1.6404305696487427) q[0];\nrz(1.6848337650299072) q[0];\nrz(0.32031938433647156) q[1];\nrx(-1.948790431022644) q[1];\nrz(0.6691563725471497) q[1];\nrz(0.10363821685314178) q[2];\nrx(1.6607708930969238) q[2];\nrz(-0.12653042376041412) q[2];\ncx q[2],q[0];\nh q[0];\ncx q[2],q[1];\ncx q[2],q[1];\nx q[0];\nrz(2.6340057849884033) q[0];\nrx(3.5782392024993896) q[0];\nrz(-2.238161563873291) q[0];\nrz(-0.8133769631385803) q[1];\nrx(1.4542454481124878) q[1];\nrz(3.3506414890289307) q[1];\nrz(-0.5104313492774963) q[2];\nrx(2.8736207485198975) q[2];\nrz(0.8180278539657593) q[2];"}