{"seed": 4644, "fidelity": 0.9960217475891113, "pqc_params": [[[1.3243725299835205, -0.2634252607822418, -2.9755263328552246], [1.2624328136444092, 0.9680278301239014, -2.112400531768799], [-0.878315269947052, 2.7094693183898926, -2.3735315799713135]], [[-2.467851400375366, -3.130739450454712, 3.9146180152893066], [-0.21969223022460938, -0.1954447478055954, 0.4359619915485382], [-0.9760757684707642, -0.07504592835903168, 1.5940910577774048]], [[0.47792062163352966, 2.045179843902588, 1.6091578006744385], [-1.3243556022644043, 0.5216321349143982, -2.9092297554016113], [-0.6571686863899231, 2.5901379585266113, 1.5232266187667847]], [[-2.739203453063965, -1.4062997102737427, -1.1851832866668701], [-0.5562121868133545, 1.2710773944854736, -0.37224137783050537], [-0.3932579755783081, -0.42727217078208923, -2.469815492630005]]], "base_circuit_tokens": [["h", [2], []], ["h", [0], []], ["h", [1], []], ["h", [2], []], ["x", [1], []], ["h", [2], []], ["h", [2], []], ["h", [0], []], ["cx", [1, 0], []], ["cx", [2, 0], []], ["cx", [2, 0], []], ["cx", [1, 0], []], ["h", [0], []], ["h", [2], []], ["h", [2], []], ["x", [1], []], ["h", [2], []], ["h", [1], []], ["h", [0], []], ["h", [2], []]], "pqc_circuit_tokens": [["h", [2], []], ["h", [0], []], ["h", [1], []], ["h", [2], []], ["x", [1], []], ["rz", [0], [1.3243725299835205]], ["rx", [0], [-0.2634252607822418]], ["rz", [0], [-2.9755263328552246]], ["rz", [1], [1.2624328136444092]], ["rx", [1], [0.9680278301239014]], ["rz", [1], [-2.112400531768799]], ["rz", [2], [-0.878315269947052]], ["rx", [2], [2.7094693183898926]], ["rz", [2], [-2.3735315799713135]], ["h", [2], []], ["h", [2], []], ["h", [0], []], ["cx", [1, 0], []], ["cx", [2, 0], []], ["rz", [0], [-2.467851400375366]], ["rx", [0], [-3.130739450454712]], ["rz", [0], [3.9146180152893066]], ["rz", [1], [-0.21969223022460938]], ["rx", [1], [-0.1954447478055954]], ["rz", [1], [0.4359619915485382]], ["rz", [2], [-0.9760757684707642]], ["rx", [2], [-0.07504592835903168]], ["rz", [2], [1.5940910577774048]], ["cx", [2, 0], []], ["cx", [1, 0], []], ["h", [0], []], ["h", [2], []], ["h", [2], []], ["rz", [0], [0.47792062163352966]], ["rx", [0], [2.045179843902588]], ["rz", [0], [1.6091578006744385]], ["rz", [1], [-1.3243556022644043]], ["rx", [1], [0.5216321349143982]], ["rz", [1], [-2.9092297554016113]], ["rz", [2], [-0.6571686863899231]], ["rx", [2], [2.5901379585266113]], ["rz", [2], [1.5232266187667847]], ["x", [1], []], ["h", [2], []], ["h", [1], []], ["h", [0], []], ["h", [2], []], ["rz", [0], [-2.739203453063965]], ["rx", [0], [-1.4062997102737427]], ["rz", [0], [-1.1851832866668701]], ["rz", [1], [-0.5562121868133545]], ["rx", [1], [1.2710773944854736]], ["rz", [1], [-0.37224137783050537]], ["rz", [2], [-0.3932579755783081]], ["rx", [2], [-0.42727217078208923]], ["rz", [2], [-2.469815492630005]]], "base_circuit_qasm": "OPENQASM 2.0;\ninclude \"qelib1.inc\";\nqreg q[3];\nh q[2];\nh q[0];\nh q[1];\nh q[2];\nx q[1];\nh q[2];\nh q[2];\nh q[0];\ncx q[1],q[0];\ncx q[2],q[0];\ncx q[2],q[0];\ncx q[1],q[0];\nh q[0];\nh q[2];\nh q[2];\nx q[1];\nh q[2];\nh q[1];\nh q[0];\nh q[2];", "pqc_circuit_qasm": "OPENQASM 2.0;\ninclude \"qelib1.inc\";\nqreg q[3];\nh q[2];\nh q[0];\nh q[1];\nh q[2];\nx q[1];\nrz(1.3243725299835205) q[0];\nrx(-0.2634252607822418) q[0];\nrz(-2.9755263328552246) q[0];\nrz(1.2624328136444092) q[1];\nrx(0.9680278301239014) q[1];\nrz(-2.112400531768799) q[1];\nrz(-0.878315269947052) q[2];\nrx(2.7094693183898926) q[2];\nrz(-2.3735315799713135) q[2];\nh q[2];\nh q[2];\nh q[0];\ncx q[1],q[0];\ncx q[2],q[0];\nrz(-2.467851400375366) q[0];\nrx(-3.130739450454712) q[0];\nrz(3.9146180152893066) q[0];\nrz(-0.21969223022460938) q[1];\nrx(-0.1954447478055954) q[1];\nrz(0.4359619915485382) q[1];\nrz(-0.9760757684707642) q[2];\nrx(-0.07504592835903168) q[2];\nrz(1.5940910577774048) q[2];\ncx q[2],q[0];\ncx q[1],q[0];\nh q[0];\nh q[2];\nh q[2];\nrz(0.47792062163352966) q[0];\nrx(2.045179843902588) q[0];\nrz(1.6091578006744385) q[0];\nrz(-1.3243556022644043) q[1];\nrx(0.5216321349143982) q[1];\nrz(-2.9092297554016113) q[1];\nrz(-0.6571686863899231) q[2];\nrx(2.5901379585266113) q[2];\nrz(1.5232266187667847) q[2];\nx q[1];\nh q[2];\nh q[1];\nh q[0];\nh q[2];\nrz(-2.739203453063965) q[0];\nrx(-1.4062997102737427) q[0];\nrz(-1.1851832866668701) q[0];\nrz(-0.5562121868133545) q[1];\nrx(1.2710773944854736) q[1];\nrz(-0.37224137783050537) q[1];\nrz(-0.3932579755783081) q[2];\nrx(-0.42727217078208923) q[2];\nrz(-2.469815492630005) q[2];"}