{"seed": 4655, "fidelity": 0.9873785972595215, "pqc_params": [[[2.412261486053467, 0.9254355430603027, 2.4021332263946533], [2.067485809326172, 0.6490302681922913, 0.7518783211708069], [-3.369706392288208, 1.0479201078414917, 2.3854689598083496]], [[-1.7314659357070923, 0.00048126495676115155, 1.63852858543396], [-1.3825019598007202, -0.03165208920836449, -1.41010582447052], [2.7374396324157715, 0.5140059590339661, 2.717083215713501]], [[-0.4702399969100952, -1.6102246046066284, 0.981463611125946], [0.2688480019569397, 3.101533889770508, 1.9715418815612793], [-0.47710201144218445, -1.5397393703460693, 0.9995254278182983]], [[-0.318805068731308, 1.679084062576294, 1.7502162456512451], [-2.834541082382202, -1.2284533977508545, -2.209010124206543], [1.2397452592849731, -1.4410909414291382, -0.43895086646080017]]], "base_circuit_tokens": [["h", [2], []], ["x", [2], []], ["h", [1], []], ["h", [2], []], ["h", [2], []], ["cx", [2, 0], []], ["h", [2], []], ["h", [1], []], ["cx", [1, 0], []], ["h", [2], []], ["h", [2], []], ["cx", [1, 0], []], ["h", [1], []], ["h", [2], []], ["cx", [2, 0], []], ["h", [2], []], ["h", [2], []], ["h", [1], []], ["x", [2], []], ["h", [2], []]], "pqc_circuit_tokens": [["h", [2], []], ["x", [2], []], ["h", [1], []], ["h", [2], []], ["h", [2], []], ["rz", [0], [2.412261486053467]], ["rx", [0], [0.9254355430603027]], ["rz", [0], [2.4021332263946533]], ["rz", [1], [2.067485809326172]], ["rx", [1], [0.6490302681922913]], ["rz", [1], [0.7518783211708069]], ["rz", [2], [-3.369706392288208]], ["rx", [2], [1.0479201078414917]], ["rz", [2], [2.3854689598083496]], ["cx", [2, 0], []], ["h", [2], []], ["h", [1], []], ["cx", [1, 0], []], ["h", [2], []], ["rz", [0], [-1.7314659357070923]], ["rx", [0], [0.00048126495676115155]], ["rz", [0], [1.63852858543396]], ["rz", [1], [-1.3825019598007202]], ["rx", [1], [-0.03165208920836449]], ["rz", [1], [-1.41010582447052]], ["rz", [2], [2.7374396324157715]], ["rx", [2], [0.5140059590339661]], ["rz", [2], [2.717083215713501]], ["h", [2], []], ["cx", [1, 0], []], ["h", [1], []], ["h", [2], []], ["cx", [2, 0], []], ["rz", [0], [-0.4702399969100952]], ["rx", [0], [-1.6102246046066284]], ["rz", [0], [0.981463611125946]], ["rz", [1], [0.2688480019569397]], ["rx", [1], [3.101533889770508]], ["rz", [1], [1.9715418815612793]], ["rz", [2], [-0.47710201144218445]], ["rx", [2], [-1.5397393703460693]], ["rz", [2], [0.9995254278182983]], ["h", [2], []], ["h", [2], []], ["h", [1], []], ["x", [2], []], ["h", [2], []], ["rz", [0], [-0.318805068731308]], ["rx", [0], [1.679084062576294]], ["rz", [0], [1.7502162456512451]], ["rz", [1], [-2.834541082382202]], ["rx", [1], [-1.2284533977508545]], ["rz", [1], [-2.209010124206543]], ["rz", [2], [1.2397452592849731]], ["rx", [2], [-1.4410909414291382]], ["rz", [2], [-0.43895086646080017]]], "base_circuit_qasm": "OPENQASM 2.0;\ninclude \"qelib1.inc\";\nqreg q[3];\nh q[2];\nx q[2];\nh q[1];\nh q[2];\nh q[2];\ncx q[2],q[0];\nh q[2];\nh q[1];\ncx q[1],q[0];\nh q[2];\nh q[2];\ncx q[1],q[0];\nh q[1];\nh q[2];\ncx q[2],q[0];\nh q[2];\nh q[2];\nh q[1];\nx q[2];\nh q[2];", "pqc_circuit_qasm": "OPENQASM 2.0;\ninclude \"qelib1.inc\";\nqreg q[3];\nh q[2];\nx q[2];\nh q[1];\nh q[2];\nh q[2];\nrz(2.412261486053467) q[0];\nrx(0.9254355430603027) q[0];\nrz(2.4021332263946533) q[0];\nrz(2.067485809326172) q[1];\nrx(0.6490302681922913) q[1];\nrz(0.7518783211708069) q[1];\nrz(-3.369706392288208) q[2];\nrx(1.0479201078414917) q[2];\nrz(2.3854689598083496) q[2];\ncx q[2],q[0];\nh q[2];\nh q[1];\ncx q[1],q[0];\nh q[2];\nrz(-1.7314659357070923) q[0];\nrx(0.00048126495676115155) q[0];\nrz(1.63852858543396) q[0];\nrz(-1.3825019598007202) q[1];\nrx(-0.03165208920836449) q[1];\nrz(-1.41010582447052) q[1];\nrz(2.7374396324157715) q[2];\nrx(0.5140059590339661) q[2];\nrz(2.717083215713501) q[2];\nh q[2];\ncx q[1],q[0];\nh q[1];\nh q[2];\ncx q[2],q[0];\nrz(-0.4702399969100952) q[0];\nrx(-1.6102246046066284) q[0];\nrz(0.981463611125946) q[0];\nrz(0.2688480019569397) q[1];\nrx(3.101533889770508) q[1];\nrz(1.9715418815612793) q[1];\nrz(-0.47710201144218445) q[2];\nrx(-1.5397393703460693) q[2];\nrz(0.9995254278182983) q[2];\nh q[2];\nh q[2];\nh q[1];\nx q[2];\nh q[2];\nrz(-0.318805068731308) q[0];\nrx(1.679084062576294) q[0];\nrz(1.7502162456512451) q[0];\nrz(-2.834541082382202) q[1];\nrx(-1.2284533977508545) q[1];\nrz(-2.209010124206543) q[1];\nrz(1.2397452592849731) q[2];\nrx(-1.4410909414291382) q[2];\nrz(-0.43895086646080017) q[2];"}