{"seed": 4668, "fidelity": 0.9998158812522888, "pqc_params": [[[-0.4447571635246277, 1.6950746774673462, -1.72840416431427], [-2.7705435752868652, 1.96121084690094, -1.6951066255569458], [-1.3038194179534912, 0.47139161825180054, 0.9739412665367126]], [[-2.7879531383514404, 0.16632786393165588, -0.3017183542251587], [-3.1664044857025146, 2.763131618499756, 0.2937012016773224], [-2.2163853645324707, 2.2013285160064697, 1.8422471284866333]], [[-1.3207051753997803, 1.9815471172332764, -2.235459089279175], [0.6271552443504333, -1.6571731567382812, -1.8250588178634644], [-2.938455820083618, -0.8042171001434326, 2.834932327270508]], [[0.2760842442512512, -2.8385391235351562, 0.8422334790229797], [-2.3207449913024902, 3.175626039505005, -3.055774211883545], [-0.0455024279654026, 1.8474302291870117, -1.6995197534561157]]], "base_circuit_tokens": [["h", [2], []], ["cx", [1, 0], []], ["x", [1], []], ["h", [1], []], ["h", [1], []], ["h", [1], []], ["h", [0], []], ["cx", [0, 1], []], ["h", [1], []], ["h", [2], []], ["h", [2], []], ["h", [1], []], ["cx", [0, 1], []], ["h", [0], []], ["h", [1], []], ["h", [1], []], ["h", [1], []], ["x", [1], []], ["cx", [1, 0], []], ["h", [2], []]], "pqc_circuit_tokens": [["h", [2], []], ["cx", [1, 0], []], ["x", [1], []], ["h", [1], []], ["h", [1], []], ["rz", [0], [-0.4447571635246277]], ["rx", [0], [1.6950746774673462]], ["rz", [0], [-1.72840416431427]], ["rz", [1], [-2.7705435752868652]], ["rx", [1], [1.96121084690094]], ["rz", [1], [-1.6951066255569458]], ["rz", [2], [-1.3038194179534912]], ["rx", [2], [0.47139161825180054]], ["rz", [2], [0.9739412665367126]], ["h", [1], []], ["h", [0], []], ["cx", [0, 1], []], ["h", [1], []], ["h", [2], []], ["rz", [0], [-2.7879531383514404]], ["rx", [0], [0.16632786393165588]], ["rz", [0], [-0.3017183542251587]], ["rz", [1], [-3.1664044857025146]], ["rx", [1], [2.763131618499756]], ["rz", [1], [0.2937012016773224]], ["rz", [2], [-2.2163853645324707]], ["rx", [2], [2.2013285160064697]], ["rz", [2], [1.8422471284866333]], ["h", [2], []], ["h", [1], []], ["cx", [0, 1], []], ["h", [0], []], ["h", [1], []], ["rz", [0], [-1.3207051753997803]], ["rx", [0], [1.9815471172332764]], ["rz", [0], [-2.235459089279175]], ["rz", [1], [0.6271552443504333]], ["rx", [1], [-1.6571731567382812]], ["rz", [1], [-1.8250588178634644]], ["rz", [2], [-2.938455820083618]], ["rx", [2], [-0.8042171001434326]], ["rz", [2], [2.834932327270508]], ["h", [1], []], ["h", [1], []], ["x", [1], []], ["cx", [1, 0], []], ["h", [2], []], ["rz", [0], [0.2760842442512512]], ["rx", [0], [-2.8385391235351562]], ["rz", [0], [0.8422334790229797]], ["rz", [1], [-2.3207449913024902]], ["rx", [1], [3.175626039505005]], ["rz", [1], [-3.055774211883545]], ["rz", [2], [-0.0455024279654026]], ["rx", [2], [1.8474302291870117]], ["rz", [2], [-1.6995197534561157]]], "base_circuit_qasm": "OPENQASM 2.0;\ninclude \"qelib1.inc\";\nqreg q[3];\nh q[2];\ncx q[1],q[0];\nx q[1];\nh q[1];\nh q[1];\nh q[1];\nh q[0];\ncx q[0],q[1];\nh q[1];\nh q[2];\nh q[2];\nh q[1];\ncx q[0],q[1];\nh q[0];\nh q[1];\nh q[1];\nh q[1];\nx q[1];\ncx q[1],q[0];\nh q[2];", "pqc_circuit_qasm": "OPENQASM 2.0;\ninclude \"qelib1.inc\";\nqreg q[3];\nh q[2];\ncx q[1],q[0];\nx q[1];\nh q[1];\nh q[1];\nrz(-0.4447571635246277) q[0];\nrx(1.6950746774673462) q[0];\nrz(-1.72840416431427) q[0];\nrz(-2.7705435752868652) q[1];\nrx(1.96121084690094) q[1];\nrz(-1.6951066255569458) q[1];\nrz(-1.3038194179534912) q[2];\nrx(0.47139161825180054) q[2];\nrz(0.9739412665367126) q[2];\nh q[1];\nh q[0];\ncx q[0],q[1];\nh q[1];\nh q[2];\nrz(-2.7879531383514404) q[0];\nrx(0.16632786393165588) q[0];\nrz(-0.3017183542251587) q[0];\nrz(-3.1664044857025146) q[1];\nrx(2.763131618499756) q[1];\nrz(0.2937012016773224) q[1];\nrz(-2.2163853645324707) q[2];\nrx(2.2013285160064697) q[2];\nrz(1.8422471284866333) q[2];\nh q[2];\nh q[1];\ncx q[0],q[1];\nh q[0];\nh q[1];\nrz(-1.3207051753997803) q[0];\nrx(1.9815471172332764) q[0];\nrz(-2.235459089279175) q[0];\nrz(0.6271552443504333) q[1];\nrx(-1.6571731567382812) q[1];\nrz(-1.8250588178634644) q[1];\nrz(-2.938455820083618) q[2];\nrx(-0.8042171001434326) q[2];\nrz(2.834932327270508) q[2];\nh q[1];\nh q[1];\nx q[1];\ncx q[1],q[0];\nh q[2];\nrz(0.2760842442512512) q[0];\nrx(-2.8385391235351562) q[0];\nrz(0.8422334790229797) q[0];\nrz(-2.3207449913024902) q[1];\nrx(3.175626039505005) q[1];\nrz(-3.055774211883545) q[1];\nrz(-0.0455024279654026) q[2];\nrx(1.8474302291870117) q[2];\nrz(-1.6995197534561157) q[2];"}