{"seed": 4678, "fidelity": 0.9889443516731262, "pqc_params": [[[0.6009153723716736, -0.9618757963180542, 1.6058391332626343], [-1.6442128419876099, 0.375530868768692, -2.9156079292297363], [2.7681074142456055, -2.4386069774627686, -3.2445483207702637]], [[-2.872661828994751, 2.73063063621521, 2.3739731311798096], [-2.4322285652160645, 2.689605236053467, -2.031053066253662], [2.348224639892578, 3.156893253326416, -1.083309292793274]], [[-2.4326562881469727, -0.31693971157073975, 3.242610454559326], [-1.4146125316619873, 2.6543712615966797, 0.5014503598213196], [-2.053178071975708, 2.9567153453826904, -1.9977566003799438]], [[-0.990510880947113, -3.259554147720337, 1.709574580192566], [-0.2690868079662323, -0.08482000231742859, 2.8934268951416016], [2.852518320083618, -2.657097578048706, -0.1654754877090454]]], "base_circuit_tokens": [["cx", [1, 0], []], ["cx", [1, 2], []], ["cx", [0, 1], []], ["h", [0], []], ["h", [0], []], ["x", [2], []], ["h", [1], []], ["x", [1], []], ["x", [0], []], ["h", [2], []], ["h", [2], []], ["x", [0], []], ["x", [1], []], ["h", [1], []], ["x", [2], []], ["h", [0], []], ["h", [0], []], ["cx", [0, 1], []], ["cx", [1, 2], []], ["cx", [1, 0], []]], "pqc_circuit_tokens": [["cx", [1, 0], []], ["cx", [1, 2], []], ["cx", [0, 1], []], ["h", [0], []], ["h", [0], []], ["rz", [0], [0.6009153723716736]], ["rx", [0], [-0.9618757963180542]], ["rz", [0], [1.6058391332626343]], ["rz", [1], [-1.6442128419876099]], ["rx", [1], [0.375530868768692]], ["rz", [1], [-2.9156079292297363]], ["rz", [2], [2.7681074142456055]], ["rx", [2], [-2.4386069774627686]], ["rz", [2], [-3.2445483207702637]], ["x", [2], []], ["h", [1], []], ["x", [1], []], ["x", [0], []], ["h", [2], []], ["rz", [0], [-2.872661828994751]], ["rx", [0], [2.73063063621521]], ["rz", [0], [2.3739731311798096]], ["rz", [1], [-2.4322285652160645]], ["rx", [1], [2.689605236053467]], ["rz", [1], [-2.031053066253662]], ["rz", [2], [2.348224639892578]], ["rx", [2], [3.156893253326416]], ["rz", [2], [-1.083309292793274]], ["h", [2], []], ["x", [0], []], ["x", [1], []], ["h", [1], []], ["x", [2], []], ["rz", [0], [-2.4326562881469727]], ["rx", [0], [-0.31693971157073975]], ["rz", [0], [3.242610454559326]], ["rz", [1], [-1.4146125316619873]], ["rx", [1], [2.6543712615966797]], ["rz", [1], [0.5014503598213196]], ["rz", [2], [-2.053178071975708]], ["rx", [2], [2.9567153453826904]], ["rz", [2], [-1.9977566003799438]], ["h", [0], []], ["h", [0], []], ["cx", [0, 1], []], ["cx", [1, 2], []], ["cx", [1, 0], []], ["rz", [0], [-0.990510880947113]], ["rx", [0], [-3.259554147720337]], ["rz", [0], [1.709574580192566]], ["rz", [1], [-0.2690868079662323]], ["rx", [1], [-0.08482000231742859]], ["rz", [1], [2.8934268951416016]], ["rz", [2], [2.852518320083618]], ["rx", [2], [-2.657097578048706]], ["rz", [2], [-0.1654754877090454]]], "base_circuit_qasm": "OPENQASM 2.0;\ninclude \"qelib1.inc\";\nqreg q[3];\ncx q[1],q[0];\ncx q[1],q[2];\ncx q[0],q[1];\nh q[0];\nh q[0];\nx q[2];\nh q[1];\nx q[1];\nx q[0];\nh q[2];\nh q[2];\nx q[0];\nx q[1];\nh q[1];\nx q[2];\nh q[0];\nh q[0];\ncx q[0],q[1];\ncx q[1],q[2];\ncx q[1],q[0];", "pqc_circuit_qasm": "OPENQASM 2.0;\ninclude \"qelib1.inc\";\nqreg q[3];\ncx q[1],q[0];\ncx q[1],q[2];\ncx q[0],q[1];\nh q[0];\nh q[0];\nrz(0.6009153723716736) q[0];\nrx(-0.9618757963180542) q[0];\nrz(1.6058391332626343) q[0];\nrz(-1.6442128419876099) q[1];\nrx(0.375530868768692) q[1];\nrz(-2.9156079292297363) q[1];\nrz(2.7681074142456055) q[2];\nrx(-2.4386069774627686) q[2];\nrz(-3.2445483207702637) q[2];\nx q[2];\nh q[1];\nx q[1];\nx q[0];\nh q[2];\nrz(-2.872661828994751) q[0];\nrx(2.73063063621521) q[0];\nrz(2.3739731311798096) q[0];\nrz(-2.4322285652160645) q[1];\nrx(2.689605236053467) q[1];\nrz(-2.031053066253662) q[1];\nrz(2.348224639892578) q[2];\nrx(3.156893253326416) q[2];\nrz(-1.083309292793274) q[2];\nh q[2];\nx q[0];\nx q[1];\nh q[1];\nx q[2];\nrz(-2.4326562881469727) q[0];\nrx(-0.31693971157073975) q[0];\nrz(3.242610454559326) q[0];\nrz(-1.4146125316619873) q[1];\nrx(2.6543712615966797) q[1];\nrz(0.5014503598213196) q[1];\nrz(-2.053178071975708) q[2];\nrx(2.9567153453826904) q[2];\nrz(-1.9977566003799438) q[2];\nh q[0];\nh q[0];\ncx q[0],q[1];\ncx q[1],q[2];\ncx q[1],q[0];\nrz(-0.990510880947113) q[0];\nrx(-3.259554147720337) q[0];\nrz(1.709574580192566) q[0];\nrz(-0.2690868079662323) q[1];\nrx(-0.08482000231742859) q[1];\nrz(2.8934268951416016) q[1];\nrz(2.852518320083618) q[2];\nrx(-2.657097578048706) q[2];\nrz(-0.1654754877090454) q[2];"}