{"seed": 4701, "fidelity": 0.9809989333152771, "pqc_params": [[[0.006331069394946098, 1.415818452835083, -2.307732343673706], [3.5711793899536133, -0.9726758003234863, 0.4347880780696869], [0.9836252331733704, 2.778566360473633, 0.39607179164886475]], [[0.0020619588904082775, -0.11079752445220947, -1.9766935110092163], [-1.2624256610870361, 0.016360729932785034, 2.16426420211792], [1.7765878438949585, -0.002624150365591049, -1.8719030618667603]], [[1.336804747581482, 0.5569649338722229, -0.7224303483963013], [-0.8917363882064819, -3.189720869064331, -1.3238136768341064], [0.2754838466644287, -0.026545830070972443, 2.627189874649048]], [[0.14026235044002533, -2.9790124893188477, -0.7185131311416626], [0.30051398277282715, -0.6762039065361023, 1.3887097835540771], [-3.766165256500244, 3.1228785514831543, -1.1120375394821167]]], "base_circuit_tokens": [["h", [1], []], ["h", [2], []], ["cx", [2, 1], []], ["cx", [2, 1], []], ["h", [0], []], ["cx", [1, 2], []], ["cx", [1, 2], []], ["h", [2], []], ["cx", [0, 2], []], ["cx", [1, 2], []], ["cx", [1, 2], []], ["cx", [0, 2], []], ["h", [2], []], ["cx", [1, 2], []], ["cx", [1, 2], []], ["h", [0], []], ["cx", [2, 1], []], ["cx", [2, 1], []], ["h", [2], []], ["h", [1], []]], "pqc_circuit_tokens": [["h", [1], []], ["h", [2], []], ["cx", [2, 1], []], ["cx", [2, 1], []], ["h", [0], []], ["rz", [0], [0.006331069394946098]], ["rx", [0], [1.415818452835083]], ["rz", [0], [-2.307732343673706]], ["rz", [1], [3.5711793899536133]], ["rx", [1], [-0.9726758003234863]], ["rz", [1], [0.4347880780696869]], ["rz", [2], [0.9836252331733704]], ["rx", [2], [2.778566360473633]], ["rz", [2], [0.39607179164886475]], ["cx", [1, 2], []], ["cx", [1, 2], []], ["h", [2], []], ["cx", [0, 2], []], ["cx", [1, 2], []], ["rz", [0], [0.0020619588904082775]], ["rx", [0], [-0.11079752445220947]], ["rz", [0], [-1.9766935110092163]], ["rz", [1], [-1.2624256610870361]], ["rx", [1], [0.016360729932785034]], ["rz", [1], [2.16426420211792]], ["rz", [2], [1.7765878438949585]], ["rx", [2], [-0.002624150365591049]], ["rz", [2], [-1.8719030618667603]], ["cx", [1, 2], []], ["cx", [0, 2], []], ["h", [2], []], ["cx", [1, 2], []], ["cx", [1, 2], []], ["rz", [0], [1.336804747581482]], ["rx", [0], [0.5569649338722229]], ["rz", [0], [-0.7224303483963013]], ["rz", [1], [-0.8917363882064819]], ["rx", [1], [-3.189720869064331]], ["rz", [1], [-1.3238136768341064]], ["rz", [2], [0.2754838466644287]], ["rx", [2], [-0.026545830070972443]], ["rz", [2], [2.627189874649048]], ["h", [0], []], ["cx", [2, 1], []], ["cx", [2, 1], []], ["h", [2], []], ["h", [1], []], ["rz", [0], [0.14026235044002533]], ["rx", [0], [-2.9790124893188477]], ["rz", [0], [-0.7185131311416626]], ["rz", [1], [0.30051398277282715]], ["rx", [1], [-0.6762039065361023]], ["rz", [1], [1.3887097835540771]], ["rz", [2], [-3.766165256500244]], ["rx", [2], [3.1228785514831543]], ["rz", [2], [-1.1120375394821167]]], "base_circuit_qasm": "OPENQASM 2.0;\ninclude \"qelib1.inc\";\nqreg q[3];\nh q[1];\nh q[2];\ncx q[2],q[1];\ncx q[2],q[1];\nh q[0];\ncx q[1],q[2];\ncx q[1],q[2];\nh q[2];\ncx q[0],q[2];\ncx q[1],q[2];\ncx q[1],q[2];\ncx q[0],q[2];\nh q[2];\ncx q[1],q[2];\ncx q[1],q[2];\nh q[0];\ncx q[2],q[1];\ncx q[2],q[1];\nh q[2];\nh q[1];", "pqc_circuit_qasm": "OPENQASM 2.0;\ninclude \"qelib1.inc\";\nqreg q[3];\nh q[1];\nh q[2];\ncx q[2],q[1];\ncx q[2],q[1];\nh q[0];\nrz(0.006331069394946098) q[0];\nrx(1.415818452835083) q[0];\nrz(-2.307732343673706) q[0];\nrz(3.5711793899536133) q[1];\nrx(-0.9726758003234863) q[1];\nrz(0.4347880780696869) q[1];\nrz(0.9836252331733704) q[2];\nrx(2.778566360473633) q[2];\nrz(0.39607179164886475) q[2];\ncx q[1],q[2];\ncx q[1],q[2];\nh q[2];\ncx q[0],q[2];\ncx q[1],q[2];\nrz(0.0020619588904082775) q[0];\nrx(-0.11079752445220947) q[0];\nrz(-1.9766935110092163) q[0];\nrz(-1.2624256610870361) q[1];\nrx(0.016360729932785034) q[1];\nrz(2.16426420211792) q[1];\nrz(1.7765878438949585) q[2];\nrx(-0.002624150365591049) q[2];\nrz(-1.8719030618667603) q[2];\ncx q[1],q[2];\ncx q[0],q[2];\nh q[2];\ncx q[1],q[2];\ncx q[1],q[2];\nrz(1.336804747581482) q[0];\nrx(0.5569649338722229) q[0];\nrz(-0.7224303483963013) q[0];\nrz(-0.8917363882064819) q[1];\nrx(-3.189720869064331) q[1];\nrz(-1.3238136768341064) q[1];\nrz(0.2754838466644287) q[2];\nrx(-0.026545830070972443) q[2];\nrz(2.627189874649048) q[2];\nh q[0];\ncx q[2],q[1];\ncx q[2],q[1];\nh q[2];\nh q[1];\nrz(0.14026235044002533) q[0];\nrx(-2.9790124893188477) q[0];\nrz(-0.7185131311416626) q[0];\nrz(0.30051398277282715) q[1];\nrx(-0.6762039065361023) q[1];\nrz(1.3887097835540771) q[1];\nrz(-3.766165256500244) q[2];\nrx(3.1228785514831543) q[2];\nrz(-1.1120375394821167) q[2];"}