{"seed": 4705, "fidelity": 0.9699977040290833, "pqc_params": [[[-0.4490228295326233, -0.10124515742063522, 1.1946035623550415], [1.1960636377334595, 0.36943429708480835, 2.520937442779541], [-2.511897563934326, -0.9404364824295044, -0.6606845259666443]], [[-0.11742773652076721, -2.0269527435302734, -3.137660264968872], [0.14411094784736633, -2.4737510681152344, -2.8054399490356445], [2.5648930072784424, 2.055521249771118, -3.3892412185668945]], [[-1.13456130027771, 1.2470380067825317, -2.9213240146636963], [-2.258382558822632, 2.71016526222229, 3.5498270988464355], [-2.456148862838745, 3.2708678245544434, 1.1337306499481201]], [[-1.5335285663604736, -0.3140401840209961, -0.6662086844444275], [2.7467823028564453, 0.7959232926368713, 1.1082051992416382], [-0.13471157848834991, -1.086556077003479, 0.020732121542096138]]], "base_circuit_tokens": [["x", [0], []], ["x", [0], []], ["cx", [0, 2], []], ["h", [2], []], ["h", [0], []], ["h", [0], []], ["x", [1], []], ["cx", [1, 0], []], ["h", [1], []], ["x", [2], []], ["x", [2], []], ["h", [1], []], ["cx", [1, 0], []], ["x", [1], []], ["h", [0], []], ["h", [0], []], ["h", [2], []], ["cx", [0, 2], []], ["x", [0], []], ["x", [0], []]], "pqc_circuit_tokens": [["x", [0], []], ["x", [0], []], ["cx", [0, 2], []], ["h", [2], []], ["h", [0], []], ["rz", [0], [-0.4490228295326233]], ["rx", [0], [-0.10124515742063522]], ["rz", [0], [1.1946035623550415]], ["rz", [1], [1.1960636377334595]], ["rx", [1], [0.36943429708480835]], ["rz", [1], [2.520937442779541]], ["rz", [2], [-2.511897563934326]], ["rx", [2], [-0.9404364824295044]], ["rz", [2], [-0.6606845259666443]], ["h", [0], []], ["x", [1], []], ["cx", [1, 0], []], ["h", [1], []], ["x", [2], []], ["rz", [0], [-0.11742773652076721]], ["rx", [0], [-2.0269527435302734]], ["rz", [0], [-3.137660264968872]], ["rz", [1], [0.14411094784736633]], ["rx", [1], [-2.4737510681152344]], ["rz", [1], [-2.8054399490356445]], ["rz", [2], [2.5648930072784424]], ["rx", [2], [2.055521249771118]], ["rz", [2], [-3.3892412185668945]], ["x", [2], []], ["h", [1], []], ["cx", [1, 0], []], ["x", [1], []], ["h", [0], []], ["rz", [0], [-1.13456130027771]], ["rx", [0], [1.2470380067825317]], ["rz", [0], [-2.9213240146636963]], ["rz", [1], [-2.258382558822632]], ["rx", [1], [2.71016526222229]], ["rz", [1], [3.5498270988464355]], ["rz", [2], [-2.456148862838745]], ["rx", [2], [3.2708678245544434]], ["rz", [2], [1.1337306499481201]], ["h", [0], []], ["h", [2], []], ["cx", [0, 2], []], ["x", [0], []], ["x", [0], []], ["rz", [0], [-1.5335285663604736]], ["rx", [0], [-0.3140401840209961]], ["rz", [0], [-0.6662086844444275]], ["rz", [1], [2.7467823028564453]], ["rx", [1], [0.7959232926368713]], ["rz", [1], [1.1082051992416382]], ["rz", [2], [-0.13471157848834991]], ["rx", [2], [-1.086556077003479]], ["rz", [2], [0.020732121542096138]]], "base_circuit_qasm": "OPENQASM 2.0;\ninclude \"qelib1.inc\";\nqreg q[3];\nx q[0];\nx q[0];\ncx q[0],q[2];\nh q[2];\nh q[0];\nh q[0];\nx q[1];\ncx q[1],q[0];\nh q[1];\nx q[2];\nx q[2];\nh q[1];\ncx q[1],q[0];\nx q[1];\nh q[0];\nh q[0];\nh q[2];\ncx q[0],q[2];\nx q[0];\nx q[0];", "pqc_circuit_qasm": "OPENQASM 2.0;\ninclude \"qelib1.inc\";\nqreg q[3];\nx q[0];\nx q[0];\ncx q[0],q[2];\nh q[2];\nh q[0];\nrz(-0.4490228295326233) q[0];\nrx(-0.10124515742063522) q[0];\nrz(1.1946035623550415) q[0];\nrz(1.1960636377334595) q[1];\nrx(0.36943429708480835) q[1];\nrz(2.520937442779541) q[1];\nrz(-2.511897563934326) q[2];\nrx(-0.9404364824295044) q[2];\nrz(-0.6606845259666443) q[2];\nh q[0];\nx q[1];\ncx q[1],q[0];\nh q[1];\nx q[2];\nrz(-0.11742773652076721) q[0];\nrx(-2.0269527435302734) q[0];\nrz(-3.137660264968872) q[0];\nrz(0.14411094784736633) q[1];\nrx(-2.4737510681152344) q[1];\nrz(-2.8054399490356445) q[1];\nrz(2.5648930072784424) q[2];\nrx(2.055521249771118) q[2];\nrz(-3.3892412185668945) q[2];\nx q[2];\nh q[1];\ncx q[1],q[0];\nx q[1];\nh q[0];\nrz(-1.13456130027771) q[0];\nrx(1.2470380067825317) q[0];\nrz(-2.9213240146636963) q[0];\nrz(-2.258382558822632) q[1];\nrx(2.71016526222229) q[1];\nrz(3.5498270988464355) q[1];\nrz(-2.456148862838745) q[2];\nrx(3.2708678245544434) q[2];\nrz(1.1337306499481201) q[2];\nh q[0];\nh q[2];\ncx q[0],q[2];\nx q[0];\nx q[0];\nrz(-1.5335285663604736) q[0];\nrx(-0.3140401840209961) q[0];\nrz(-0.6662086844444275) q[0];\nrz(2.7467823028564453) q[1];\nrx(0.7959232926368713) q[1];\nrz(1.1082051992416382) q[1];\nrz(-0.13471157848834991) q[2];\nrx(-1.086556077003479) q[2];\nrz(0.020732121542096138) q[2];"}