{"seed": 4732, "fidelity": 0.99961918592453, "pqc_params": [[[0.3795664310455322, 2.1158952713012695, 0.694106936454773], [0.2657643258571625, 2.561418294906616, -2.7731997966766357], [-1.6714946031570435, -1.065099835395813, -3.143634557723999]], [[-2.8606019020080566, 0.6647881865501404, -0.9911338686943054], [-3.570979595184326, -0.5606263279914856, -1.80810546875], [1.770263910293579, -0.9764171242713928, -1.0735630989074707]], [[-0.20674891769886017, -0.6465578079223633, -2.2747035026550293], [-0.9307981133460999, -0.18038958311080933, 2.1836326122283936], [1.5714197158813477, -1.3412305116653442, 1.7341099977493286]], [[-0.7745539546012878, 2.750518321990967, 1.5069067478179932], [1.498133659362793, -1.9012659788131714, -2.4084880352020264], [-3.8921773433685303, 2.112283229827881, 0.8137975335121155]]], "base_circuit_tokens": [["cx", [1, 2], []], ["h", [0], []], ["x", [2], []], ["h", [1], []], ["h", [1], []], ["x", [2], []], ["h", [2], []], ["h", [0], []], ["cx", [1, 2], []], ["h", [1], []], ["h", [1], []], ["cx", [1, 2], []], ["h", [0], []], ["h", [2], []], ["x", [2], []], ["h", [1], []], ["h", [1], []], ["x", [2], []], ["h", [0], []], ["cx", [1, 2], []]], "pqc_circuit_tokens": [["cx", [1, 2], []], ["h", [0], []], ["x", [2], []], ["h", [1], []], ["h", [1], []], ["rz", [0], [0.3795664310455322]], ["rx", [0], [2.1158952713012695]], ["rz", [0], [0.694106936454773]], ["rz", [1], [0.2657643258571625]], ["rx", [1], [2.561418294906616]], ["rz", [1], [-2.7731997966766357]], ["rz", [2], [-1.6714946031570435]], ["rx", [2], [-1.065099835395813]], ["rz", [2], [-3.143634557723999]], ["x", [2], []], ["h", [2], []], ["h", [0], []], ["cx", [1, 2], []], ["h", [1], []], ["rz", [0], [-2.8606019020080566]], ["rx", [0], [0.6647881865501404]], ["rz", [0], [-0.9911338686943054]], ["rz", [1], [-3.570979595184326]], ["rx", [1], [-0.5606263279914856]], ["rz", [1], [-1.80810546875]], ["rz", [2], [1.770263910293579]], ["rx", [2], [-0.9764171242713928]], ["rz", [2], [-1.0735630989074707]], ["h", [1], []], ["cx", [1, 2], []], ["h", [0], []], ["h", [2], []], ["x", [2], []], ["rz", [0], [-0.20674891769886017]], ["rx", [0], [-0.6465578079223633]], ["rz", [0], [-2.2747035026550293]], ["rz", [1], [-0.9307981133460999]], ["rx", [1], [-0.18038958311080933]], ["rz", [1], [2.1836326122283936]], ["rz", [2], [1.5714197158813477]], ["rx", [2], [-1.3412305116653442]], ["rz", [2], [1.7341099977493286]], ["h", [1], []], ["h", [1], []], ["x", [2], []], ["h", [0], []], ["cx", [1, 2], []], ["rz", [0], [-0.7745539546012878]], ["rx", [0], [2.750518321990967]], ["rz", [0], [1.5069067478179932]], ["rz", [1], [1.498133659362793]], ["rx", [1], [-1.9012659788131714]], ["rz", [1], [-2.4084880352020264]], ["rz", [2], [-3.8921773433685303]], ["rx", [2], [2.112283229827881]], ["rz", [2], [0.8137975335121155]]], "base_circuit_qasm": "OPENQASM 2.0;\ninclude \"qelib1.inc\";\nqreg q[3];\ncx q[1],q[2];\nh q[0];\nx q[2];\nh q[1];\nh q[1];\nx q[2];\nh q[2];\nh q[0];\ncx q[1],q[2];\nh q[1];\nh q[1];\ncx q[1],q[2];\nh q[0];\nh q[2];\nx q[2];\nh q[1];\nh q[1];\nx q[2];\nh q[0];\ncx q[1],q[2];", "pqc_circuit_qasm": "OPENQASM 2.0;\ninclude \"qelib1.inc\";\nqreg q[3];\ncx q[1],q[2];\nh q[0];\nx q[2];\nh q[1];\nh q[1];\nrz(0.3795664310455322) q[0];\nrx(2.1158952713012695) q[0];\nrz(0.694106936454773) q[0];\nrz(0.2657643258571625) q[1];\nrx(2.561418294906616) q[1];\nrz(-2.7731997966766357) q[1];\nrz(-1.6714946031570435) q[2];\nrx(-1.065099835395813) q[2];\nrz(-3.143634557723999) q[2];\nx q[2];\nh q[2];\nh q[0];\ncx q[1],q[2];\nh q[1];\nrz(-2.8606019020080566) q[0];\nrx(0.6647881865501404) q[0];\nrz(-0.9911338686943054) q[0];\nrz(-3.570979595184326) q[1];\nrx(-0.5606263279914856) q[1];\nrz(-1.80810546875) q[1];\nrz(1.770263910293579) q[2];\nrx(-0.9764171242713928) q[2];\nrz(-1.0735630989074707) q[2];\nh q[1];\ncx q[1],q[2];\nh q[0];\nh q[2];\nx q[2];\nrz(-0.20674891769886017) q[0];\nrx(-0.6465578079223633) q[0];\nrz(-2.2747035026550293) q[0];\nrz(-0.9307981133460999) q[1];\nrx(-0.18038958311080933) q[1];\nrz(2.1836326122283936) q[1];\nrz(1.5714197158813477) q[2];\nrx(-1.3412305116653442) q[2];\nrz(1.7341099977493286) q[2];\nh q[1];\nh q[1];\nx q[2];\nh q[0];\ncx q[1],q[2];\nrz(-0.7745539546012878) q[0];\nrx(2.750518321990967) q[0];\nrz(1.5069067478179932) q[0];\nrz(1.498133659362793) q[1];\nrx(-1.9012659788131714) q[1];\nrz(-2.4084880352020264) q[1];\nrz(-3.8921773433685303) q[2];\nrx(2.112283229827881) q[2];\nrz(0.8137975335121155) q[2];"}