{"seed": 4736, "fidelity": 0.9837567210197449, "pqc_params": [[[-2.910773754119873, 1.762636423110962, -0.13445554673671722], [1.3778536319732666, -1.8941750526428223, 3.269686222076416], [3.105327606201172, 0.7109951376914978, 2.481621026992798]], [[-2.6926395893096924, -1.1300548315048218, 0.28891628980636597], [1.2190048694610596, -2.0187158584594727, 1.010837435722351], [0.09313701093196869, -1.4881060123443604, -1.054200291633606]], [[1.9268646240234375, 0.38090217113494873, 1.1870421171188354], [2.1791326999664307, 0.20354072749614716, 2.808065176010132], [-0.09333094954490662, 2.894582509994507, 0.7499539852142334]], [[1.0977809429168701, 0.013819853775203228, -4.148935794830322], [-3.155999183654785, 3.1875674724578857, 1.341373085975647], [-1.5877320766448975, 1.3611329793930054, -3.0222175121307373]]], "base_circuit_tokens": [["x", [1], []], ["x", [0], []], ["cx", [1, 0], []], ["h", [1], []], ["x", [2], []], ["h", [2], []], ["x", [1], []], ["h", [2], []], ["cx", [2, 1], []], ["cx", [2, 1], []], ["cx", [2, 1], []], ["cx", [2, 1], []], ["h", [2], []], ["x", [1], []], ["h", [2], []], ["x", [2], []], ["h", [1], []], ["cx", [1, 0], []], ["x", [0], []], ["x", [1], []]], "pqc_circuit_tokens": [["x", [1], []], ["x", [0], []], ["cx", [1, 0], []], ["h", [1], []], ["x", [2], []], ["rz", [0], [-2.910773754119873]], ["rx", [0], [1.762636423110962]], ["rz", [0], [-0.13445554673671722]], ["rz", [1], [1.3778536319732666]], ["rx", [1], [-1.8941750526428223]], ["rz", [1], [3.269686222076416]], ["rz", [2], [3.105327606201172]], ["rx", [2], [0.7109951376914978]], ["rz", [2], [2.481621026992798]], ["h", [2], []], ["x", [1], []], ["h", [2], []], ["cx", [2, 1], []], ["cx", [2, 1], []], ["rz", [0], [-2.6926395893096924]], ["rx", [0], [-1.1300548315048218]], ["rz", [0], [0.28891628980636597]], ["rz", [1], [1.2190048694610596]], ["rx", [1], [-2.0187158584594727]], ["rz", [1], [1.010837435722351]], ["rz", [2], [0.09313701093196869]], ["rx", [2], [-1.4881060123443604]], ["rz", [2], [-1.054200291633606]], ["cx", [2, 1], []], ["cx", [2, 1], []], ["h", [2], []], ["x", [1], []], ["h", [2], []], ["rz", [0], [1.9268646240234375]], ["rx", [0], [0.38090217113494873]], ["rz", [0], [1.1870421171188354]], ["rz", [1], [2.1791326999664307]], ["rx", [1], [0.20354072749614716]], ["rz", [1], [2.808065176010132]], ["rz", [2], [-0.09333094954490662]], ["rx", [2], [2.894582509994507]], ["rz", [2], [0.7499539852142334]], ["x", [2], []], ["h", [1], []], ["cx", [1, 0], []], ["x", [0], []], ["x", [1], []], ["rz", [0], [1.0977809429168701]], ["rx", [0], [0.013819853775203228]], ["rz", [0], [-4.148935794830322]], ["rz", [1], [-3.155999183654785]], ["rx", [1], [3.1875674724578857]], ["rz", [1], [1.341373085975647]], ["rz", [2], [-1.5877320766448975]], ["rx", [2], [1.3611329793930054]], ["rz", [2], [-3.0222175121307373]]], "base_circuit_qasm": "OPENQASM 2.0;\ninclude \"qelib1.inc\";\nqreg q[3];\nx q[1];\nx q[0];\ncx q[1],q[0];\nh q[1];\nx q[2];\nh q[2];\nx q[1];\nh q[2];\ncx q[2],q[1];\ncx q[2],q[1];\ncx q[2],q[1];\ncx q[2],q[1];\nh q[2];\nx q[1];\nh q[2];\nx q[2];\nh q[1];\ncx q[1],q[0];\nx q[0];\nx q[1];", "pqc_circuit_qasm": "OPENQASM 2.0;\ninclude \"qelib1.inc\";\nqreg q[3];\nx q[1];\nx q[0];\ncx q[1],q[0];\nh q[1];\nx q[2];\nrz(-2.910773754119873) q[0];\nrx(1.762636423110962) q[0];\nrz(-0.13445554673671722) q[0];\nrz(1.3778536319732666) q[1];\nrx(-1.8941750526428223) q[1];\nrz(3.269686222076416) q[1];\nrz(3.105327606201172) q[2];\nrx(0.7109951376914978) q[2];\nrz(2.481621026992798) q[2];\nh q[2];\nx q[1];\nh q[2];\ncx q[2],q[1];\ncx q[2],q[1];\nrz(-2.6926395893096924) q[0];\nrx(-1.1300548315048218) q[0];\nrz(0.28891628980636597) q[0];\nrz(1.2190048694610596) q[1];\nrx(-2.0187158584594727) q[1];\nrz(1.010837435722351) q[1];\nrz(0.09313701093196869) q[2];\nrx(-1.4881060123443604) q[2];\nrz(-1.054200291633606) q[2];\ncx q[2],q[1];\ncx q[2],q[1];\nh q[2];\nx q[1];\nh q[2];\nrz(1.9268646240234375) q[0];\nrx(0.38090217113494873) q[0];\nrz(1.1870421171188354) q[0];\nrz(2.1791326999664307) q[1];\nrx(0.20354072749614716) q[1];\nrz(2.808065176010132) q[1];\nrz(-0.09333094954490662) q[2];\nrx(2.894582509994507) q[2];\nrz(0.7499539852142334) q[2];\nx q[2];\nh q[1];\ncx q[1],q[0];\nx q[0];\nx q[1];\nrz(1.0977809429168701) q[0];\nrx(0.013819853775203228) q[0];\nrz(-4.148935794830322) q[0];\nrz(-3.155999183654785) q[1];\nrx(3.1875674724578857) q[1];\nrz(1.341373085975647) q[1];\nrz(-1.5877320766448975) q[2];\nrx(1.3611329793930054) q[2];\nrz(-3.0222175121307373) q[2];"}