{"seed": 4752, "fidelity": 0.9997706413269043, "pqc_params": [[[2.4928250312805176, 0.7592459321022034, -0.30500859022140503], [-2.204448699951172, -1.5991442203521729, -0.010717119090259075], [-0.5190293788909912, -1.6654002666473389, 3.0122807025909424]], [[-1.489973783493042, 3.562884569168091, 1.7722439765930176], [-1.8043454885482788, 1.9742945432662964, 2.405006170272827], [1.2272748947143555, -2.146196126937866, -3.2282512187957764]], [[0.4307587742805481, 1.4106204509735107, 3.1034858226776123], [2.5748395919799805, -2.152101516723633, 0.5888012647628784], [1.3838766813278198, -1.7135318517684937, -1.5387885570526123]], [[-0.2716524600982666, -2.5170717239379883, 1.6588947772979736], [3.0400264263153076, 2.433713436126709, 0.0003507690562400967], [-0.1629149615764618, 3.038792371749878, -0.2978373169898987]]], "base_circuit_tokens": [["x", [0], []], ["cx", [2, 1], []], ["h", [2], []], ["x", [1], []], ["h", [2], []], ["h", [0], []], ["x", [2], []], ["h", [1], []], ["x", [0], []], ["h", [1], []], ["h", [1], []], ["x", [0], []], ["h", [1], []], ["x", [2], []], ["h", [0], []], ["h", [2], []], ["x", [1], []], ["h", [2], []], ["cx", [2, 1], []], ["x", [0], []]], "pqc_circuit_tokens": [["x", [0], []], ["cx", [2, 1], []], ["h", [2], []], ["x", [1], []], ["h", [2], []], ["rz", [0], [2.4928250312805176]], ["rx", [0], [0.7592459321022034]], ["rz", [0], [-0.30500859022140503]], ["rz", [1], [-2.204448699951172]], ["rx", [1], [-1.5991442203521729]], ["rz", [1], [-0.010717119090259075]], ["rz", [2], [-0.5190293788909912]], ["rx", [2], [-1.6654002666473389]], ["rz", [2], [3.0122807025909424]], ["h", [0], []], ["x", [2], []], ["h", [1], []], ["x", [0], []], ["h", [1], []], ["rz", [0], [-1.489973783493042]], ["rx", [0], [3.562884569168091]], ["rz", [0], [1.7722439765930176]], ["rz", [1], [-1.8043454885482788]], ["rx", [1], [1.9742945432662964]], ["rz", [1], [2.405006170272827]], ["rz", [2], [1.2272748947143555]], ["rx", [2], [-2.146196126937866]], ["rz", [2], [-3.2282512187957764]], ["h", [1], []], ["x", [0], []], ["h", [1], []], ["x", [2], []], ["h", [0], []], ["rz", [0], [0.4307587742805481]], ["rx", [0], [1.4106204509735107]], ["rz", [0], [3.1034858226776123]], ["rz", [1], [2.5748395919799805]], ["rx", [1], [-2.152101516723633]], ["rz", [1], [0.5888012647628784]], ["rz", [2], [1.3838766813278198]], ["rx", [2], [-1.7135318517684937]], ["rz", [2], [-1.5387885570526123]], ["h", [2], []], ["x", [1], []], ["h", [2], []], ["cx", [2, 1], []], ["x", [0], []], ["rz", [0], [-0.2716524600982666]], ["rx", [0], [-2.5170717239379883]], ["rz", [0], [1.6588947772979736]], ["rz", [1], [3.0400264263153076]], ["rx", [1], [2.433713436126709]], ["rz", [1], [0.0003507690562400967]], ["rz", [2], [-0.1629149615764618]], ["rx", [2], [3.038792371749878]], ["rz", [2], [-0.2978373169898987]]], "base_circuit_qasm": "OPENQASM 2.0;\ninclude \"qelib1.inc\";\nqreg q[3];\nx q[0];\ncx q[2],q[1];\nh q[2];\nx q[1];\nh q[2];\nh q[0];\nx q[2];\nh q[1];\nx q[0];\nh q[1];\nh q[1];\nx q[0];\nh q[1];\nx q[2];\nh q[0];\nh q[2];\nx q[1];\nh q[2];\ncx q[2],q[1];\nx q[0];", "pqc_circuit_qasm": "OPENQASM 2.0;\ninclude \"qelib1.inc\";\nqreg q[3];\nx q[0];\ncx q[2],q[1];\nh q[2];\nx q[1];\nh q[2];\nrz(2.4928250312805176) q[0];\nrx(0.7592459321022034) q[0];\nrz(-0.30500859022140503) q[0];\nrz(-2.204448699951172) q[1];\nrx(-1.5991442203521729) q[1];\nrz(-0.010717119090259075) q[1];\nrz(-0.5190293788909912) q[2];\nrx(-1.6654002666473389) q[2];\nrz(3.0122807025909424) q[2];\nh q[0];\nx q[2];\nh q[1];\nx q[0];\nh q[1];\nrz(-1.489973783493042) q[0];\nrx(3.562884569168091) q[0];\nrz(1.7722439765930176) q[0];\nrz(-1.8043454885482788) q[1];\nrx(1.9742945432662964) q[1];\nrz(2.405006170272827) q[1];\nrz(1.2272748947143555) q[2];\nrx(-2.146196126937866) q[2];\nrz(-3.2282512187957764) q[2];\nh q[1];\nx q[0];\nh q[1];\nx q[2];\nh q[0];\nrz(0.4307587742805481) q[0];\nrx(1.4106204509735107) q[0];\nrz(3.1034858226776123) q[0];\nrz(2.5748395919799805) q[1];\nrx(-2.152101516723633) q[1];\nrz(0.5888012647628784) q[1];\nrz(1.3838766813278198) q[2];\nrx(-1.7135318517684937) q[2];\nrz(-1.5387885570526123) q[2];\nh q[2];\nx q[1];\nh q[2];\ncx q[2],q[1];\nx q[0];\nrz(-0.2716524600982666) q[0];\nrx(-2.5170717239379883) q[0];\nrz(1.6588947772979736) q[0];\nrz(3.0400264263153076) q[1];\nrx(2.433713436126709) q[1];\nrz(0.0003507690562400967) q[1];\nrz(-0.1629149615764618) q[2];\nrx(3.038792371749878) q[2];\nrz(-0.2978373169898987) q[2];"}