{"seed": 4777, "fidelity": 0.9968129396438599, "pqc_params": [[[-1.961262822151184, -1.0495450496673584, -1.29877507686615], [0.4386964738368988, 0.4377029836177826, 1.5789940357208252], [2.5157551765441895, 1.1758044958114624, -1.8974462747573853]], [[0.07073082774877548, 0.4581986665725708, -3.304375171661377], [2.1925086975097656, 3.2075066566467285, 1.128778100013733], [-0.4296799898147583, 2.4098973274230957, -1.1664211750030518]], [[1.481541395187378, -2.248607635498047, -0.11740276962518692], [0.4481390714645386, -1.1495931148529053, -1.6012468338012695], [0.018740760162472725, -2.1302897930145264, 2.054896831512451]], [[-0.0970577672123909, 1.9203599691390991, 0.00638485187664628], [-2.1854584217071533, -2.009577989578247, -1.9749350547790527], [-2.530378580093384, 0.14746412634849548, -1.4153101444244385]]], "base_circuit_tokens": [["x", [2], []], ["x", [1], []], ["h", [1], []], ["cx", [2, 0], []], ["h", [0], []], ["x", [0], []], ["h", [0], []], ["h", [1], []], ["cx", [1, 0], []], ["x", [2], []], ["x", [2], []], ["cx", [1, 0], []], ["h", [1], []], ["h", [0], []], ["x", [0], []], ["h", [0], []], ["cx", [2, 0], []], ["h", [1], []], ["x", [1], []], ["x", [2], []]], "pqc_circuit_tokens": [["x", [2], []], ["x", [1], []], ["h", [1], []], ["cx", [2, 0], []], ["h", [0], []], ["rz", [0], [-1.961262822151184]], ["rx", [0], [-1.0495450496673584]], ["rz", [0], [-1.29877507686615]], ["rz", [1], [0.4386964738368988]], ["rx", [1], [0.4377029836177826]], ["rz", [1], [1.5789940357208252]], ["rz", [2], [2.5157551765441895]], ["rx", [2], [1.1758044958114624]], ["rz", [2], [-1.8974462747573853]], ["x", [0], []], ["h", [0], []], ["h", [1], []], ["cx", [1, 0], []], ["x", [2], []], ["rz", [0], [0.07073082774877548]], ["rx", [0], [0.4581986665725708]], ["rz", [0], [-3.304375171661377]], ["rz", [1], [2.1925086975097656]], ["rx", [1], [3.2075066566467285]], ["rz", [1], [1.128778100013733]], ["rz", [2], [-0.4296799898147583]], ["rx", [2], [2.4098973274230957]], ["rz", [2], [-1.1664211750030518]], ["x", [2], []], ["cx", [1, 0], []], ["h", [1], []], ["h", [0], []], ["x", [0], []], ["rz", [0], [1.481541395187378]], ["rx", [0], [-2.248607635498047]], ["rz", [0], [-0.11740276962518692]], ["rz", [1], [0.4481390714645386]], ["rx", [1], [-1.1495931148529053]], ["rz", [1], [-1.6012468338012695]], ["rz", [2], [0.018740760162472725]], ["rx", [2], [-2.1302897930145264]], ["rz", [2], [2.054896831512451]], ["h", [0], []], ["cx", [2, 0], []], ["h", [1], []], ["x", [1], []], ["x", [2], []], ["rz", [0], [-0.0970577672123909]], ["rx", [0], [1.9203599691390991]], ["rz", [0], [0.00638485187664628]], ["rz", [1], [-2.1854584217071533]], ["rx", [1], [-2.009577989578247]], ["rz", [1], [-1.9749350547790527]], ["rz", [2], [-2.530378580093384]], ["rx", [2], [0.14746412634849548]], ["rz", [2], [-1.4153101444244385]]], "base_circuit_qasm": "OPENQASM 2.0;\ninclude \"qelib1.inc\";\nqreg q[3];\nx q[2];\nx q[1];\nh q[1];\ncx q[2],q[0];\nh q[0];\nx q[0];\nh q[0];\nh q[1];\ncx q[1],q[0];\nx q[2];\nx q[2];\ncx q[1],q[0];\nh q[1];\nh q[0];\nx q[0];\nh q[0];\ncx q[2],q[0];\nh q[1];\nx q[1];\nx q[2];", "pqc_circuit_qasm": "OPENQASM 2.0;\ninclude \"qelib1.inc\";\nqreg q[3];\nx q[2];\nx q[1];\nh q[1];\ncx q[2],q[0];\nh q[0];\nrz(-1.961262822151184) q[0];\nrx(-1.0495450496673584) q[0];\nrz(-1.29877507686615) q[0];\nrz(0.4386964738368988) q[1];\nrx(0.4377029836177826) q[1];\nrz(1.5789940357208252) q[1];\nrz(2.5157551765441895) q[2];\nrx(1.1758044958114624) q[2];\nrz(-1.8974462747573853) q[2];\nx q[0];\nh q[0];\nh q[1];\ncx q[1],q[0];\nx q[2];\nrz(0.07073082774877548) q[0];\nrx(0.4581986665725708) q[0];\nrz(-3.304375171661377) q[0];\nrz(2.1925086975097656) q[1];\nrx(3.2075066566467285) q[1];\nrz(1.128778100013733) q[1];\nrz(-0.4296799898147583) q[2];\nrx(2.4098973274230957) q[2];\nrz(-1.1664211750030518) q[2];\nx q[2];\ncx q[1],q[0];\nh q[1];\nh q[0];\nx q[0];\nrz(1.481541395187378) q[0];\nrx(-2.248607635498047) q[0];\nrz(-0.11740276962518692) q[0];\nrz(0.4481390714645386) q[1];\nrx(-1.1495931148529053) q[1];\nrz(-1.6012468338012695) q[1];\nrz(0.018740760162472725) q[2];\nrx(-2.1302897930145264) q[2];\nrz(2.054896831512451) q[2];\nh q[0];\ncx q[2],q[0];\nh q[1];\nx q[1];\nx q[2];\nrz(-0.0970577672123909) q[0];\nrx(1.9203599691390991) q[0];\nrz(0.00638485187664628) q[0];\nrz(-2.1854584217071533) q[1];\nrx(-2.009577989578247) q[1];\nrz(-1.9749350547790527) q[1];\nrz(-2.530378580093384) q[2];\nrx(0.14746412634849548) q[2];\nrz(-1.4153101444244385) q[2];"}