{"seed": 4785, "fidelity": 0.9872699975967407, "pqc_params": [[[-3.102703332901001, -2.173643112182617, -3.120795726776123], [-0.983808696269989, -2.120218515396118, 1.5891231298446655], [3.2783477306365967, 0.2792549431324005, -0.23076018691062927]], [[3.1602065563201904, -3.0366857051849365, 0.08027192205190659], [-0.8630880117416382, 1.5915189981460571, -1.1505166292190552], [-2.074014663696289, -0.09278229624032974, -1.1110975742340088]], [[1.7732019424438477, -3.3637847900390625, 1.5536963939666748], [1.5874712467193604, -1.6335362195968628, 3.4802498817443848], [2.4779958724975586, -0.0744607225060463, 0.6187452077865601]], [[-0.37414276599884033, 2.9912238121032715, -0.41751399636268616], [1.1724646091461182, -1.5687084197998047, 2.68310284614563], [-0.3030102550983429, -3.251126766204834, 2.9165189266204834]]], "base_circuit_tokens": [["cx", [2, 0], []], ["x", [1], []], ["h", [0], []], ["x", [2], []], ["h", [0], []], ["cx", [0, 2], []], ["cx", [1, 0], []], ["cx", [2, 0], []], ["cx", [1, 0], []], ["h", [2], []], ["h", [2], []], ["cx", [1, 0], []], ["cx", [2, 0], []], ["cx", [1, 0], []], ["cx", [0, 2], []], ["h", [0], []], ["x", [2], []], ["h", [0], []], ["x", [1], []], ["cx", [2, 0], []]], "pqc_circuit_tokens": [["cx", [2, 0], []], ["x", [1], []], ["h", [0], []], ["x", [2], []], ["h", [0], []], ["rz", [0], [-3.102703332901001]], ["rx", [0], [-2.173643112182617]], ["rz", [0], [-3.120795726776123]], ["rz", [1], [-0.983808696269989]], ["rx", [1], [-2.120218515396118]], ["rz", [1], [1.5891231298446655]], ["rz", [2], [3.2783477306365967]], ["rx", [2], [0.2792549431324005]], ["rz", [2], [-0.23076018691062927]], ["cx", [0, 2], []], ["cx", [1, 0], []], ["cx", [2, 0], []], ["cx", [1, 0], []], ["h", [2], []], ["rz", [0], [3.1602065563201904]], ["rx", [0], [-3.0366857051849365]], ["rz", [0], [0.08027192205190659]], ["rz", [1], [-0.8630880117416382]], ["rx", [1], [1.5915189981460571]], ["rz", [1], [-1.1505166292190552]], ["rz", [2], [-2.074014663696289]], ["rx", [2], [-0.09278229624032974]], ["rz", [2], [-1.1110975742340088]], ["h", [2], []], ["cx", [1, 0], []], ["cx", [2, 0], []], ["cx", [1, 0], []], ["cx", [0, 2], []], ["rz", [0], [1.7732019424438477]], ["rx", [0], [-3.3637847900390625]], ["rz", [0], [1.5536963939666748]], ["rz", [1], [1.5874712467193604]], ["rx", [1], [-1.6335362195968628]], ["rz", [1], [3.4802498817443848]], ["rz", [2], [2.4779958724975586]], ["rx", [2], [-0.0744607225060463]], ["rz", [2], [0.6187452077865601]], ["h", [0], []], ["x", [2], []], ["h", [0], []], ["x", [1], []], ["cx", [2, 0], []], ["rz", [0], [-0.37414276599884033]], ["rx", [0], [2.9912238121032715]], ["rz", [0], [-0.41751399636268616]], ["rz", [1], [1.1724646091461182]], ["rx", [1], [-1.5687084197998047]], ["rz", [1], [2.68310284614563]], ["rz", [2], [-0.3030102550983429]], ["rx", [2], [-3.251126766204834]], ["rz", [2], [2.9165189266204834]]], "base_circuit_qasm": "OPENQASM 2.0;\ninclude \"qelib1.inc\";\nqreg q[3];\ncx q[2],q[0];\nx q[1];\nh q[0];\nx q[2];\nh q[0];\ncx q[0],q[2];\ncx q[1],q[0];\ncx q[2],q[0];\ncx q[1],q[0];\nh q[2];\nh q[2];\ncx q[1],q[0];\ncx q[2],q[0];\ncx q[1],q[0];\ncx q[0],q[2];\nh q[0];\nx q[2];\nh q[0];\nx q[1];\ncx q[2],q[0];", "pqc_circuit_qasm": "OPENQASM 2.0;\ninclude \"qelib1.inc\";\nqreg q[3];\ncx q[2],q[0];\nx q[1];\nh q[0];\nx q[2];\nh q[0];\nrz(-3.102703332901001) q[0];\nrx(-2.173643112182617) q[0];\nrz(-3.120795726776123) q[0];\nrz(-0.983808696269989) q[1];\nrx(-2.120218515396118) q[1];\nrz(1.5891231298446655) q[1];\nrz(3.2783477306365967) q[2];\nrx(0.2792549431324005) q[2];\nrz(-0.23076018691062927) q[2];\ncx q[0],q[2];\ncx q[1],q[0];\ncx q[2],q[0];\ncx q[1],q[0];\nh q[2];\nrz(3.1602065563201904) q[0];\nrx(-3.0366857051849365) q[0];\nrz(0.08027192205190659) q[0];\nrz(-0.8630880117416382) q[1];\nrx(1.5915189981460571) q[1];\nrz(-1.1505166292190552) q[1];\nrz(-2.074014663696289) q[2];\nrx(-0.09278229624032974) q[2];\nrz(-1.1110975742340088) q[2];\nh q[2];\ncx q[1],q[0];\ncx q[2],q[0];\ncx q[1],q[0];\ncx q[0],q[2];\nrz(1.7732019424438477) q[0];\nrx(-3.3637847900390625) q[0];\nrz(1.5536963939666748) q[0];\nrz(1.5874712467193604) q[1];\nrx(-1.6335362195968628) q[1];\nrz(3.4802498817443848) q[1];\nrz(2.4779958724975586) q[2];\nrx(-0.0744607225060463) q[2];\nrz(0.6187452077865601) q[2];\nh q[0];\nx q[2];\nh q[0];\nx q[1];\ncx q[2],q[0];\nrz(-0.37414276599884033) q[0];\nrx(2.9912238121032715) q[0];\nrz(-0.41751399636268616) q[0];\nrz(1.1724646091461182) q[1];\nrx(-1.5687084197998047) q[1];\nrz(2.68310284614563) q[1];\nrz(-0.3030102550983429) q[2];\nrx(-3.251126766204834) q[2];\nrz(2.9165189266204834) q[2];"}