{"seed": 4814, "fidelity": 0.9912120699882507, "pqc_params": [[[-3.6655025482177734, -2.2784016132354736, 0.8730801939964294], [-3.0491788387298584, 0.23868367075920105, 2.9926347732543945], [1.6243478059768677, 3.1547963619232178, -2.4296936988830566]], [[0.9043936729431152, -0.573619544506073, 1.9665406942367554], [0.19971416890621185, -3.2157864570617676, -2.8205530643463135], [-1.795369267463684, -3.1165177822113037, 1.470089316368103]], [[-2.089017391204834, -1.756986379623413, 2.7832083702087402], [2.8329548835754395, 2.1723995208740234, -0.5854747295379639], [-2.7853386402130127, 0.18735262751579285, -2.557267665863037]], [[-0.1009521558880806, 1.1068353652954102, -3.148930311203003], [0.34346845746040344, -2.1464908123016357, -0.12121210247278214], [-1.0316917896270752, 2.9530510902404785, 1.788196086883545]]], "base_circuit_tokens": [["cx", [1, 2], []], ["cx", [1, 2], []], ["x", [2], []], ["cx", [2, 0], []], ["x", [0], []], ["h", [2], []], ["cx", [1, 2], []], ["h", [0], []], ["cx", [2, 1], []], ["h", [1], []], ["h", [1], []], ["cx", [2, 1], []], ["h", [0], []], ["cx", [1, 2], []], ["h", [2], []], ["x", [0], []], ["cx", [2, 0], []], ["x", [2], []], ["cx", [1, 2], []], ["cx", [1, 2], []]], "pqc_circuit_tokens": [["cx", [1, 2], []], ["cx", [1, 2], []], ["x", [2], []], ["cx", [2, 0], []], ["x", [0], []], ["rz", [0], [-3.6655025482177734]], ["rx", [0], [-2.2784016132354736]], ["rz", [0], [0.8730801939964294]], ["rz", [1], [-3.0491788387298584]], ["rx", [1], [0.23868367075920105]], ["rz", [1], [2.9926347732543945]], ["rz", [2], [1.6243478059768677]], ["rx", [2], [3.1547963619232178]], ["rz", [2], [-2.4296936988830566]], ["h", [2], []], ["cx", [1, 2], []], ["h", [0], []], ["cx", [2, 1], []], ["h", [1], []], ["rz", [0], [0.9043936729431152]], ["rx", [0], [-0.573619544506073]], ["rz", [0], [1.9665406942367554]], ["rz", [1], [0.19971416890621185]], ["rx", [1], [-3.2157864570617676]], ["rz", [1], [-2.8205530643463135]], ["rz", [2], [-1.795369267463684]], ["rx", [2], [-3.1165177822113037]], ["rz", [2], [1.470089316368103]], ["h", [1], []], ["cx", [2, 1], []], ["h", [0], []], ["cx", [1, 2], []], ["h", [2], []], ["rz", [0], [-2.089017391204834]], ["rx", [0], [-1.756986379623413]], ["rz", [0], [2.7832083702087402]], ["rz", [1], [2.8329548835754395]], ["rx", [1], [2.1723995208740234]], ["rz", [1], [-0.5854747295379639]], ["rz", [2], [-2.7853386402130127]], ["rx", [2], [0.18735262751579285]], ["rz", [2], [-2.557267665863037]], ["x", [0], []], ["cx", [2, 0], []], ["x", [2], []], ["cx", [1, 2], []], ["cx", [1, 2], []], ["rz", [0], [-0.1009521558880806]], ["rx", [0], [1.1068353652954102]], ["rz", [0], [-3.148930311203003]], ["rz", [1], [0.34346845746040344]], ["rx", [1], [-2.1464908123016357]], ["rz", [1], [-0.12121210247278214]], ["rz", [2], [-1.0316917896270752]], ["rx", [2], [2.9530510902404785]], ["rz", [2], [1.788196086883545]]], "base_circuit_qasm": "OPENQASM 2.0;\ninclude \"qelib1.inc\";\nqreg q[3];\ncx q[1],q[2];\ncx q[1],q[2];\nx q[2];\ncx q[2],q[0];\nx q[0];\nh q[2];\ncx q[1],q[2];\nh q[0];\ncx q[2],q[1];\nh q[1];\nh q[1];\ncx q[2],q[1];\nh q[0];\ncx q[1],q[2];\nh q[2];\nx q[0];\ncx q[2],q[0];\nx q[2];\ncx q[1],q[2];\ncx q[1],q[2];", "pqc_circuit_qasm": "OPENQASM 2.0;\ninclude \"qelib1.inc\";\nqreg q[3];\ncx q[1],q[2];\ncx q[1],q[2];\nx q[2];\ncx q[2],q[0];\nx q[0];\nrz(-3.6655025482177734) q[0];\nrx(-2.2784016132354736) q[0];\nrz(0.8730801939964294) q[0];\nrz(-3.0491788387298584) q[1];\nrx(0.23868367075920105) q[1];\nrz(2.9926347732543945) q[1];\nrz(1.6243478059768677) q[2];\nrx(3.1547963619232178) q[2];\nrz(-2.4296936988830566) q[2];\nh q[2];\ncx q[1],q[2];\nh q[0];\ncx q[2],q[1];\nh q[1];\nrz(0.9043936729431152) q[0];\nrx(-0.573619544506073) q[0];\nrz(1.9665406942367554) q[0];\nrz(0.19971416890621185) q[1];\nrx(-3.2157864570617676) q[1];\nrz(-2.8205530643463135) q[1];\nrz(-1.795369267463684) q[2];\nrx(-3.1165177822113037) q[2];\nrz(1.470089316368103) q[2];\nh q[1];\ncx q[2],q[1];\nh q[0];\ncx q[1],q[2];\nh q[2];\nrz(-2.089017391204834) q[0];\nrx(-1.756986379623413) q[0];\nrz(2.7832083702087402) q[0];\nrz(2.8329548835754395) q[1];\nrx(2.1723995208740234) q[1];\nrz(-0.5854747295379639) q[1];\nrz(-2.7853386402130127) q[2];\nrx(0.18735262751579285) q[2];\nrz(-2.557267665863037) q[2];\nx q[0];\ncx q[2],q[0];\nx q[2];\ncx q[1],q[2];\ncx q[1],q[2];\nrz(-0.1009521558880806) q[0];\nrx(1.1068353652954102) q[0];\nrz(-3.148930311203003) q[0];\nrz(0.34346845746040344) q[1];\nrx(-2.1464908123016357) q[1];\nrz(-0.12121210247278214) q[1];\nrz(-1.0316917896270752) q[2];\nrx(2.9530510902404785) q[2];\nrz(1.788196086883545) q[2];"}