{"seed": 4857, "fidelity": 0.9994117021560669, "pqc_params": [[[-0.7916181683540344, 2.5614185333251953, 2.621152639389038], [-2.63592267036438, -2.166814088821411, -2.4129061698913574], [2.8110756874084473, -2.0107250213623047, -1.108288288116455]], [[-0.10245267301797867, -1.3476871252059937, 3.141420602798462], [-0.3785286545753479, 0.11308196187019348, 0.06423068046569824], [0.5670394897460938, 0.6367565989494324, -0.30130407214164734]], [[-0.4725581407546997, 2.1690597534179688, -0.2207930088043213], [0.2929482161998749, 0.3634105622768402, 0.8678483366966248], [-2.797642946243286, 1.7556647062301636, 3.342712640762329]], [[-0.37290263175964355, 3.0563735961914062, -0.27788352966308594], [-1.0607569217681885, 0.5376006364822388, 2.4715380668640137], [-2.7535760402679443, -3.0264525413513184, 0.6785950064659119]]], "base_circuit_tokens": [["x", [1], []], ["h", [2], []], ["h", [0], []], ["cx", [0, 2], []], ["x", [2], []], ["h", [1], []], ["h", [2], []], ["cx", [1, 0], []], ["h", [1], []], ["h", [2], []], ["h", [2], []], ["h", [1], []], ["cx", [1, 0], []], ["h", [2], []], ["h", [1], []], ["x", [2], []], ["cx", [0, 2], []], ["h", [0], []], ["h", [2], []], ["x", [1], []]], "pqc_circuit_tokens": [["x", [1], []], ["h", [2], []], ["h", [0], []], ["cx", [0, 2], []], ["x", [2], []], ["rz", [0], [-0.7916181683540344]], ["rx", [0], [2.5614185333251953]], ["rz", [0], [2.621152639389038]], ["rz", [1], [-2.63592267036438]], ["rx", [1], [-2.166814088821411]], ["rz", [1], [-2.4129061698913574]], ["rz", [2], [2.8110756874084473]], ["rx", [2], [-2.0107250213623047]], ["rz", [2], [-1.108288288116455]], ["h", [1], []], ["h", [2], []], ["cx", [1, 0], []], ["h", [1], []], ["h", [2], []], ["rz", [0], [-0.10245267301797867]], ["rx", [0], [-1.3476871252059937]], ["rz", [0], [3.141420602798462]], ["rz", [1], [-0.3785286545753479]], ["rx", [1], [0.11308196187019348]], ["rz", [1], [0.06423068046569824]], ["rz", [2], [0.5670394897460938]], ["rx", [2], [0.6367565989494324]], ["rz", [2], [-0.30130407214164734]], ["h", [2], []], ["h", [1], []], ["cx", [1, 0], []], ["h", [2], []], ["h", [1], []], ["rz", [0], [-0.4725581407546997]], ["rx", [0], [2.1690597534179688]], ["rz", [0], [-0.2207930088043213]], ["rz", [1], [0.2929482161998749]], ["rx", [1], [0.3634105622768402]], ["rz", [1], [0.8678483366966248]], ["rz", [2], [-2.797642946243286]], ["rx", [2], [1.7556647062301636]], ["rz", [2], [3.342712640762329]], ["x", [2], []], ["cx", [0, 2], []], ["h", [0], []], ["h", [2], []], ["x", [1], []], ["rz", [0], [-0.37290263175964355]], ["rx", [0], [3.0563735961914062]], ["rz", [0], [-0.27788352966308594]], ["rz", [1], [-1.0607569217681885]], ["rx", [1], [0.5376006364822388]], ["rz", [1], [2.4715380668640137]], ["rz", [2], [-2.7535760402679443]], ["rx", [2], [-3.0264525413513184]], ["rz", [2], [0.6785950064659119]]], "base_circuit_qasm": "OPENQASM 2.0;\ninclude \"qelib1.inc\";\nqreg q[3];\nx q[1];\nh q[2];\nh q[0];\ncx q[0],q[2];\nx q[2];\nh q[1];\nh q[2];\ncx q[1],q[0];\nh q[1];\nh q[2];\nh q[2];\nh q[1];\ncx q[1],q[0];\nh q[2];\nh q[1];\nx q[2];\ncx q[0],q[2];\nh q[0];\nh q[2];\nx q[1];", "pqc_circuit_qasm": "OPENQASM 2.0;\ninclude \"qelib1.inc\";\nqreg q[3];\nx q[1];\nh q[2];\nh q[0];\ncx q[0],q[2];\nx q[2];\nrz(-0.7916181683540344) q[0];\nrx(2.5614185333251953) q[0];\nrz(2.621152639389038) q[0];\nrz(-2.63592267036438) q[1];\nrx(-2.166814088821411) q[1];\nrz(-2.4129061698913574) q[1];\nrz(2.8110756874084473) q[2];\nrx(-2.0107250213623047) q[2];\nrz(-1.108288288116455) q[2];\nh q[1];\nh q[2];\ncx q[1],q[0];\nh q[1];\nh q[2];\nrz(-0.10245267301797867) q[0];\nrx(-1.3476871252059937) q[0];\nrz(3.141420602798462) q[0];\nrz(-0.3785286545753479) q[1];\nrx(0.11308196187019348) q[1];\nrz(0.06423068046569824) q[1];\nrz(0.5670394897460938) q[2];\nrx(0.6367565989494324) q[2];\nrz(-0.30130407214164734) q[2];\nh q[2];\nh q[1];\ncx q[1],q[0];\nh q[2];\nh q[1];\nrz(-0.4725581407546997) q[0];\nrx(2.1690597534179688) q[0];\nrz(-0.2207930088043213) q[0];\nrz(0.2929482161998749) q[1];\nrx(0.3634105622768402) q[1];\nrz(0.8678483366966248) q[1];\nrz(-2.797642946243286) q[2];\nrx(1.7556647062301636) q[2];\nrz(3.342712640762329) q[2];\nx q[2];\ncx q[0],q[2];\nh q[0];\nh q[2];\nx q[1];\nrz(-0.37290263175964355) q[0];\nrx(3.0563735961914062) q[0];\nrz(-0.27788352966308594) q[0];\nrz(-1.0607569217681885) q[1];\nrx(0.5376006364822388) q[1];\nrz(2.4715380668640137) q[1];\nrz(-2.7535760402679443) q[2];\nrx(-3.0264525413513184) q[2];\nrz(0.6785950064659119) q[2];"}