{"seed": 487, "fidelity": 0.9754320383071899, "pqc_params": [[[-1.1747711896896362, -0.5525983572006226, 1.5995365381240845], [2.918203830718994, -1.1182409524917603, -1.6259161233901978], [0.7733386754989624, 3.096597909927368, 3.6506264209747314]], [[1.8604568243026733, 0.05697675421833992, 0.9593641757965088], [-0.11999060213565826, 0.8495513796806335, -0.01723421737551689], [2.242445468902588, 0.09213974326848984, -2.578171730041504]], [[-0.27691683173179626, 0.6478039026260376, -3.897286891937256], [1.9783711433410645, -1.516191005706787, -1.445416808128357], [3.4173638820648193, 0.5345814228057861, 2.6653695106506348]], [[-0.08295514434576035, -0.1316012144088745, 2.827747106552124], [-2.423034191131592, -3.014409303665161, -1.7491707801818848], [-2.401067018508911, -0.17651566863059998, -1.0993725061416626]]], "base_circuit_tokens": [["cx", [1, 2], []], ["cx", [1, 2], []], ["x", [0], []], ["h", [0], []], ["cx", [1, 0], []], ["h", [0], []], ["cx", [0, 2], []], ["x", [1], []], ["cx", [2, 1], []], ["h", [0], []], ["h", [0], []], ["cx", [2, 1], []], ["x", [1], []], ["cx", [0, 2], []], ["h", [0], []], ["cx", [1, 0], []], ["h", [0], []], ["x", [0], []], ["cx", [1, 2], []], ["cx", [1, 2], []]], "pqc_circuit_tokens": [["cx", [1, 2], []], ["cx", [1, 2], []], ["x", [0], []], ["h", [0], []], ["cx", [1, 0], []], ["rz", [0], [-1.1747711896896362]], ["rx", [0], [-0.5525983572006226]], ["rz", [0], [1.5995365381240845]], ["rz", [1], [2.918203830718994]], ["rx", [1], [-1.1182409524917603]], ["rz", [1], [-1.6259161233901978]], ["rz", [2], [0.7733386754989624]], ["rx", [2], [3.096597909927368]], ["rz", [2], [3.6506264209747314]], ["h", [0], []], ["cx", [0, 2], []], ["x", [1], []], ["cx", [2, 1], []], ["h", [0], []], ["rz", [0], [1.8604568243026733]], ["rx", [0], [0.05697675421833992]], ["rz", [0], [0.9593641757965088]], ["rz", [1], [-0.11999060213565826]], ["rx", [1], [0.8495513796806335]], ["rz", [1], [-0.01723421737551689]], ["rz", [2], [2.242445468902588]], ["rx", [2], [0.09213974326848984]], ["rz", [2], [-2.578171730041504]], ["h", [0], []], ["cx", [2, 1], []], ["x", [1], []], ["cx", [0, 2], []], ["h", [0], []], ["rz", [0], [-0.27691683173179626]], ["rx", [0], [0.6478039026260376]], ["rz", [0], [-3.897286891937256]], ["rz", [1], [1.9783711433410645]], ["rx", [1], [-1.516191005706787]], ["rz", [1], [-1.445416808128357]], ["rz", [2], [3.4173638820648193]], ["rx", [2], [0.5345814228057861]], ["rz", [2], [2.6653695106506348]], ["cx", [1, 0], []], ["h", [0], []], ["x", [0], []], ["cx", [1, 2], []], ["cx", [1, 2], []], ["rz", [0], [-0.08295514434576035]], ["rx", [0], [-0.1316012144088745]], ["rz", [0], [2.827747106552124]], ["rz", [1], [-2.423034191131592]], ["rx", [1], [-3.014409303665161]], ["rz", [1], [-1.7491707801818848]], ["rz", [2], [-2.401067018508911]], ["rx", [2], [-0.17651566863059998]], ["rz", [2], [-1.0993725061416626]]], "base_circuit_qasm": "OPENQASM 2.0;\ninclude \"qelib1.inc\";\nqreg q[3];\ncx q[1],q[2];\ncx q[1],q[2];\nx q[0];\nh q[0];\ncx q[1],q[0];\nh q[0];\ncx q[0],q[2];\nx q[1];\ncx q[2],q[1];\nh q[0];\nh q[0];\ncx q[2],q[1];\nx q[1];\ncx q[0],q[2];\nh q[0];\ncx q[1],q[0];\nh q[0];\nx q[0];\ncx q[1],q[2];\ncx q[1],q[2];", "pqc_circuit_qasm": "OPENQASM 2.0;\ninclude \"qelib1.inc\";\nqreg q[3];\ncx q[1],q[2];\ncx q[1],q[2];\nx q[0];\nh q[0];\ncx q[1],q[0];\nrz(-1.1747711896896362) q[0];\nrx(-0.5525983572006226) q[0];\nrz(1.5995365381240845) q[0];\nrz(2.918203830718994) q[1];\nrx(-1.1182409524917603) q[1];\nrz(-1.6259161233901978) q[1];\nrz(0.7733386754989624) q[2];\nrx(3.096597909927368) q[2];\nrz(3.6506264209747314) q[2];\nh q[0];\ncx q[0],q[2];\nx q[1];\ncx q[2],q[1];\nh q[0];\nrz(1.8604568243026733) q[0];\nrx(0.05697675421833992) q[0];\nrz(0.9593641757965088) q[0];\nrz(-0.11999060213565826) q[1];\nrx(0.8495513796806335) q[1];\nrz(-0.01723421737551689) q[1];\nrz(2.242445468902588) q[2];\nrx(0.09213974326848984) q[2];\nrz(-2.578171730041504) q[2];\nh q[0];\ncx q[2],q[1];\nx q[1];\ncx q[0],q[2];\nh q[0];\nrz(-0.27691683173179626) q[0];\nrx(0.6478039026260376) q[0];\nrz(-3.897286891937256) q[0];\nrz(1.9783711433410645) q[1];\nrx(-1.516191005706787) q[1];\nrz(-1.445416808128357) q[1];\nrz(3.4173638820648193) q[2];\nrx(0.5345814228057861) q[2];\nrz(2.6653695106506348) q[2];\ncx q[1],q[0];\nh q[0];\nx q[0];\ncx q[1],q[2];\ncx q[1],q[2];\nrz(-0.08295514434576035) q[0];\nrx(-0.1316012144088745) q[0];\nrz(2.827747106552124) q[0];\nrz(-2.423034191131592) q[1];\nrx(-3.014409303665161) q[1];\nrz(-1.7491707801818848) q[1];\nrz(-2.401067018508911) q[2];\nrx(-0.17651566863059998) q[2];\nrz(-1.0993725061416626) q[2];"}