{"seed": 4872, "fidelity": 0.9881018996238708, "pqc_params": [[[-0.9348535537719727, 2.9908297061920166, 0.5734473466873169], [-0.17562903463840485, -3.278477191925049, -1.4301422834396362], [-2.340717315673828, 0.0015109997475519776, -0.043887101113796234]], [[2.3918187618255615, 1.8365159034729004, 1.5979639291763306], [2.4280238151550293, -0.0774616152048111, -1.3141757249832153], [-1.9502756595611572, -2.902561664581299, -3.7539596557617188]], [[-1.8687776327133179, 2.6506147384643555, 2.7856225967407227], [-2.8646068572998047, 1.4589427709579468, -1.3792184591293335], [-0.32661089301109314, -3.338895797729492, -1.140753984451294]], [[3.2965455055236816, 2.278688669204712, 1.9648946523666382], [-0.708152711391449, 3.0483386516571045, -0.9503856897354126], [2.594456672668457, -3.7463648319244385, -3.593339204788208]]], "base_circuit_tokens": [["h", [2], []], ["h", [2], []], ["h", [2], []], ["h", [1], []], ["cx", [2, 1], []], ["cx", [2, 1], []], ["h", [1], []], ["x", [0], []], ["h", [2], []], ["h", [2], []], ["h", [2], []], ["h", [2], []], ["x", [0], []], ["h", [1], []], ["cx", [2, 1], []], ["cx", [2, 1], []], ["h", [1], []], ["h", [2], []], ["h", [2], []], ["h", [2], []]], "pqc_circuit_tokens": [["h", [2], []], ["h", [2], []], ["h", [2], []], ["h", [1], []], ["cx", [2, 1], []], ["rz", [0], [-0.9348535537719727]], ["rx", [0], [2.9908297061920166]], ["rz", [0], [0.5734473466873169]], ["rz", [1], [-0.17562903463840485]], ["rx", [1], [-3.278477191925049]], ["rz", [1], [-1.4301422834396362]], ["rz", [2], [-2.340717315673828]], ["rx", [2], [0.0015109997475519776]], ["rz", [2], [-0.043887101113796234]], ["cx", [2, 1], []], ["h", [1], []], ["x", [0], []], ["h", [2], []], ["h", [2], []], ["rz", [0], [2.3918187618255615]], ["rx", [0], [1.8365159034729004]], ["rz", [0], [1.5979639291763306]], ["rz", [1], [2.4280238151550293]], ["rx", [1], [-0.0774616152048111]], ["rz", [1], [-1.3141757249832153]], ["rz", [2], [-1.9502756595611572]], ["rx", [2], [-2.902561664581299]], ["rz", [2], [-3.7539596557617188]], ["h", [2], []], ["h", [2], []], ["x", [0], []], ["h", [1], []], ["cx", [2, 1], []], ["rz", [0], [-1.8687776327133179]], ["rx", [0], [2.6506147384643555]], ["rz", [0], [2.7856225967407227]], ["rz", [1], [-2.8646068572998047]], ["rx", [1], [1.4589427709579468]], ["rz", [1], [-1.3792184591293335]], ["rz", [2], [-0.32661089301109314]], ["rx", [2], [-3.338895797729492]], ["rz", [2], [-1.140753984451294]], ["cx", [2, 1], []], ["h", [1], []], ["h", [2], []], ["h", [2], []], ["h", [2], []], ["rz", [0], [3.2965455055236816]], ["rx", [0], [2.278688669204712]], ["rz", [0], [1.9648946523666382]], ["rz", [1], [-0.708152711391449]], ["rx", [1], [3.0483386516571045]], ["rz", [1], [-0.9503856897354126]], ["rz", [2], [2.594456672668457]], ["rx", [2], [-3.7463648319244385]], ["rz", [2], [-3.593339204788208]]], "base_circuit_qasm": "OPENQASM 2.0;\ninclude \"qelib1.inc\";\nqreg q[3];\nh q[2];\nh q[2];\nh q[2];\nh q[1];\ncx q[2],q[1];\ncx q[2],q[1];\nh q[1];\nx q[0];\nh q[2];\nh q[2];\nh q[2];\nh q[2];\nx q[0];\nh q[1];\ncx q[2],q[1];\ncx q[2],q[1];\nh q[1];\nh q[2];\nh q[2];\nh q[2];", "pqc_circuit_qasm": "OPENQASM 2.0;\ninclude \"qelib1.inc\";\nqreg q[3];\nh q[2];\nh q[2];\nh q[2];\nh q[1];\ncx q[2],q[1];\nrz(-0.9348535537719727) q[0];\nrx(2.9908297061920166) q[0];\nrz(0.5734473466873169) q[0];\nrz(-0.17562903463840485) q[1];\nrx(-3.278477191925049) q[1];\nrz(-1.4301422834396362) q[1];\nrz(-2.340717315673828) q[2];\nrx(0.0015109997475519776) q[2];\nrz(-0.043887101113796234) q[2];\ncx q[2],q[1];\nh q[1];\nx q[0];\nh q[2];\nh q[2];\nrz(2.3918187618255615) q[0];\nrx(1.8365159034729004) q[0];\nrz(1.5979639291763306) q[0];\nrz(2.4280238151550293) q[1];\nrx(-0.0774616152048111) q[1];\nrz(-1.3141757249832153) q[1];\nrz(-1.9502756595611572) q[2];\nrx(-2.902561664581299) q[2];\nrz(-3.7539596557617188) q[2];\nh q[2];\nh q[2];\nx q[0];\nh q[1];\ncx q[2],q[1];\nrz(-1.8687776327133179) q[0];\nrx(2.6506147384643555) q[0];\nrz(2.7856225967407227) q[0];\nrz(-2.8646068572998047) q[1];\nrx(1.4589427709579468) q[1];\nrz(-1.3792184591293335) q[1];\nrz(-0.32661089301109314) q[2];\nrx(-3.338895797729492) q[2];\nrz(-1.140753984451294) q[2];\ncx q[2],q[1];\nh q[1];\nh q[2];\nh q[2];\nh q[2];\nrz(3.2965455055236816) q[0];\nrx(2.278688669204712) q[0];\nrz(1.9648946523666382) q[0];\nrz(-0.708152711391449) q[1];\nrx(3.0483386516571045) q[1];\nrz(-0.9503856897354126) q[1];\nrz(2.594456672668457) q[2];\nrx(-3.7463648319244385) q[2];\nrz(-3.593339204788208) q[2];"}