{"seed": 4877, "fidelity": 0.9893604516983032, "pqc_params": [[[2.0125417709350586, -1.4114887714385986, 1.2357701063156128], [1.4410275220870972, 0.7480041980743408, -2.654296875], [-1.7044838666915894, -2.0555474758148193, 2.078967571258545]], [[-1.9736952781677246, 3.156036615371704, 1.275682806968689], [-2.9490866661071777, 0.8159003257751465, -2.8202004432678223], [1.0070668458938599, -0.023854555562138557, -1.5241327285766602]], [[1.1317503452301025, -1.5015743970870972, -1.017459511756897], [2.3057918548583984, -3.3143258094787598, -2.622948408126831], [1.2816892862319946, -1.1519668102264404, 2.4634859561920166]], [[-3.343879461288452, -2.3597867488861084, 3.0566954612731934], [-2.5923216342926025, 0.07744511216878891, -0.8719415068626404], [-0.6967594027519226, -3.203864812850952, -3.629809617996216]]], "base_circuit_tokens": [["cx", [0, 2], []], ["x", [2], []], ["cx", [2, 0], []], ["cx", [1, 2], []], ["cx", [0, 1], []], ["cx", [0, 2], []], ["h", [2], []], ["h", [1], []], ["h", [0], []], ["h", [2], []], ["h", [2], []], ["h", [0], []], ["h", [1], []], ["h", [2], []], ["cx", [0, 2], []], ["cx", [0, 1], []], ["cx", [1, 2], []], ["cx", [2, 0], []], ["x", [2], []], ["cx", [0, 2], []]], "pqc_circuit_tokens": [["cx", [0, 2], []], ["x", [2], []], ["cx", [2, 0], []], ["cx", [1, 2], []], ["cx", [0, 1], []], ["rz", [0], [2.0125417709350586]], ["rx", [0], [-1.4114887714385986]], ["rz", [0], [1.2357701063156128]], ["rz", [1], [1.4410275220870972]], ["rx", [1], [0.7480041980743408]], ["rz", [1], [-2.654296875]], ["rz", [2], [-1.7044838666915894]], ["rx", [2], [-2.0555474758148193]], ["rz", [2], [2.078967571258545]], ["cx", [0, 2], []], ["h", [2], []], ["h", [1], []], ["h", [0], []], ["h", [2], []], ["rz", [0], [-1.9736952781677246]], ["rx", [0], [3.156036615371704]], ["rz", [0], [1.275682806968689]], ["rz", [1], [-2.9490866661071777]], ["rx", [1], [0.8159003257751465]], ["rz", [1], [-2.8202004432678223]], ["rz", [2], [1.0070668458938599]], ["rx", [2], [-0.023854555562138557]], ["rz", [2], [-1.5241327285766602]], ["h", [2], []], ["h", [0], []], ["h", [1], []], ["h", [2], []], ["cx", [0, 2], []], ["rz", [0], [1.1317503452301025]], ["rx", [0], [-1.5015743970870972]], ["rz", [0], [-1.017459511756897]], ["rz", [1], [2.3057918548583984]], ["rx", [1], [-3.3143258094787598]], ["rz", [1], [-2.622948408126831]], ["rz", [2], [1.2816892862319946]], ["rx", [2], [-1.1519668102264404]], ["rz", [2], [2.4634859561920166]], ["cx", [0, 1], []], ["cx", [1, 2], []], ["cx", [2, 0], []], ["x", [2], []], ["cx", [0, 2], []], ["rz", [0], [-3.343879461288452]], ["rx", [0], [-2.3597867488861084]], ["rz", [0], [3.0566954612731934]], ["rz", [1], [-2.5923216342926025]], ["rx", [1], [0.07744511216878891]], ["rz", [1], [-0.8719415068626404]], ["rz", [2], [-0.6967594027519226]], ["rx", [2], [-3.203864812850952]], ["rz", [2], [-3.629809617996216]]], "base_circuit_qasm": "OPENQASM 2.0;\ninclude \"qelib1.inc\";\nqreg q[3];\ncx q[0],q[2];\nx q[2];\ncx q[2],q[0];\ncx q[1],q[2];\ncx q[0],q[1];\ncx q[0],q[2];\nh q[2];\nh q[1];\nh q[0];\nh q[2];\nh q[2];\nh q[0];\nh q[1];\nh q[2];\ncx q[0],q[2];\ncx q[0],q[1];\ncx q[1],q[2];\ncx q[2],q[0];\nx q[2];\ncx q[0],q[2];", "pqc_circuit_qasm": "OPENQASM 2.0;\ninclude \"qelib1.inc\";\nqreg q[3];\ncx q[0],q[2];\nx q[2];\ncx q[2],q[0];\ncx q[1],q[2];\ncx q[0],q[1];\nrz(2.0125417709350586) q[0];\nrx(-1.4114887714385986) q[0];\nrz(1.2357701063156128) q[0];\nrz(1.4410275220870972) q[1];\nrx(0.7480041980743408) q[1];\nrz(-2.654296875) q[1];\nrz(-1.7044838666915894) q[2];\nrx(-2.0555474758148193) q[2];\nrz(2.078967571258545) q[2];\ncx q[0],q[2];\nh q[2];\nh q[1];\nh q[0];\nh q[2];\nrz(-1.9736952781677246) q[0];\nrx(3.156036615371704) q[0];\nrz(1.275682806968689) q[0];\nrz(-2.9490866661071777) q[1];\nrx(0.8159003257751465) q[1];\nrz(-2.8202004432678223) q[1];\nrz(1.0070668458938599) q[2];\nrx(-0.023854555562138557) q[2];\nrz(-1.5241327285766602) q[2];\nh q[2];\nh q[0];\nh q[1];\nh q[2];\ncx q[0],q[2];\nrz(1.1317503452301025) q[0];\nrx(-1.5015743970870972) q[0];\nrz(-1.017459511756897) q[0];\nrz(2.3057918548583984) q[1];\nrx(-3.3143258094787598) q[1];\nrz(-2.622948408126831) q[1];\nrz(1.2816892862319946) q[2];\nrx(-1.1519668102264404) q[2];\nrz(2.4634859561920166) q[2];\ncx q[0],q[1];\ncx q[1],q[2];\ncx q[2],q[0];\nx q[2];\ncx q[0],q[2];\nrz(-3.343879461288452) q[0];\nrx(-2.3597867488861084) q[0];\nrz(3.0566954612731934) q[0];\nrz(-2.5923216342926025) q[1];\nrx(0.07744511216878891) q[1];\nrz(-0.8719415068626404) q[1];\nrz(-0.6967594027519226) q[2];\nrx(-3.203864812850952) q[2];\nrz(-3.629809617996216) q[2];"}