{"seed": 4888, "fidelity": 0.9869617819786072, "pqc_params": [[[-1.9832816123962402, 0.6190109848976135, 0.838290810585022], [3.629579782485962, -1.4968734979629517, -0.673845648765564], [1.4551506042480469, 0.7184320092201233, -1.2033346891403198]], [[2.3001444339752197, -2.023993730545044, 1.802750825881958], [-2.5628321170806885, -2.029858350753784, -0.4261277914047241], [-3.3007571697235107, -1.2731149196624756, 2.793879270553589]], [[3.0765016078948975, -1.8295364379882812, -1.3606277704238892], [-1.6786599159240723, 1.1042438745498657, 0.9260926246643066], [1.6971224546432495, 2.3925631046295166, 3.029053211212158]], [[2.1613824367523193, 1.2177708148956299, -1.1572731733322144], [1.934249758720398, -0.4500247538089752, -2.2232749462127686], [-0.6480221748352051, 1.401965618133545, 1.3275043964385986]]], "base_circuit_tokens": [["h", [0], []], ["h", [2], []], ["h", [0], []], ["x", [2], []], ["x", [0], []], ["h", [0], []], ["cx", [2, 1], []], ["x", [2], []], ["h", [0], []], ["cx", [2, 1], []], ["cx", [2, 1], []], ["h", [0], []], ["x", [2], []], ["cx", [2, 1], []], ["h", [0], []], ["x", [0], []], ["x", [2], []], ["h", [0], []], ["h", [2], []], ["h", [0], []]], "pqc_circuit_tokens": [["h", [0], []], ["h", [2], []], ["h", [0], []], ["x", [2], []], ["x", [0], []], ["rz", [0], [-1.9832816123962402]], ["rx", [0], [0.6190109848976135]], ["rz", [0], [0.838290810585022]], ["rz", [1], [3.629579782485962]], ["rx", [1], [-1.4968734979629517]], ["rz", [1], [-0.673845648765564]], ["rz", [2], [1.4551506042480469]], ["rx", [2], [0.7184320092201233]], ["rz", [2], [-1.2033346891403198]], ["h", [0], []], ["cx", [2, 1], []], ["x", [2], []], ["h", [0], []], ["cx", [2, 1], []], ["rz", [0], [2.3001444339752197]], ["rx", [0], [-2.023993730545044]], ["rz", [0], [1.802750825881958]], ["rz", [1], [-2.5628321170806885]], ["rx", [1], [-2.029858350753784]], ["rz", [1], [-0.4261277914047241]], ["rz", [2], [-3.3007571697235107]], ["rx", [2], [-1.2731149196624756]], ["rz", [2], [2.793879270553589]], ["cx", [2, 1], []], ["h", [0], []], ["x", [2], []], ["cx", [2, 1], []], ["h", [0], []], ["rz", [0], [3.0765016078948975]], ["rx", [0], [-1.8295364379882812]], ["rz", [0], [-1.3606277704238892]], ["rz", [1], [-1.6786599159240723]], ["rx", [1], [1.1042438745498657]], ["rz", [1], [0.9260926246643066]], ["rz", [2], [1.6971224546432495]], ["rx", [2], [2.3925631046295166]], ["rz", [2], [3.029053211212158]], ["x", [0], []], ["x", [2], []], ["h", [0], []], ["h", [2], []], ["h", [0], []], ["rz", [0], [2.1613824367523193]], ["rx", [0], [1.2177708148956299]], ["rz", [0], [-1.1572731733322144]], ["rz", [1], [1.934249758720398]], ["rx", [1], [-0.4500247538089752]], ["rz", [1], [-2.2232749462127686]], ["rz", [2], [-0.6480221748352051]], ["rx", [2], [1.401965618133545]], ["rz", [2], [1.3275043964385986]]], "base_circuit_qasm": "OPENQASM 2.0;\ninclude \"qelib1.inc\";\nqreg q[3];\nh q[0];\nh q[2];\nh q[0];\nx q[2];\nx q[0];\nh q[0];\ncx q[2],q[1];\nx q[2];\nh q[0];\ncx q[2],q[1];\ncx q[2],q[1];\nh q[0];\nx q[2];\ncx q[2],q[1];\nh q[0];\nx q[0];\nx q[2];\nh q[0];\nh q[2];\nh q[0];", "pqc_circuit_qasm": "OPENQASM 2.0;\ninclude \"qelib1.inc\";\nqreg q[3];\nh q[0];\nh q[2];\nh q[0];\nx q[2];\nx q[0];\nrz(-1.9832816123962402) q[0];\nrx(0.6190109848976135) q[0];\nrz(0.838290810585022) q[0];\nrz(3.629579782485962) q[1];\nrx(-1.4968734979629517) q[1];\nrz(-0.673845648765564) q[1];\nrz(1.4551506042480469) q[2];\nrx(0.7184320092201233) q[2];\nrz(-1.2033346891403198) q[2];\nh q[0];\ncx q[2],q[1];\nx q[2];\nh q[0];\ncx q[2],q[1];\nrz(2.3001444339752197) q[0];\nrx(-2.023993730545044) q[0];\nrz(1.802750825881958) q[0];\nrz(-2.5628321170806885) q[1];\nrx(-2.029858350753784) q[1];\nrz(-0.4261277914047241) q[1];\nrz(-3.3007571697235107) q[2];\nrx(-1.2731149196624756) q[2];\nrz(2.793879270553589) q[2];\ncx q[2],q[1];\nh q[0];\nx q[2];\ncx q[2],q[1];\nh q[0];\nrz(3.0765016078948975) q[0];\nrx(-1.8295364379882812) q[0];\nrz(-1.3606277704238892) q[0];\nrz(-1.6786599159240723) q[1];\nrx(1.1042438745498657) q[1];\nrz(0.9260926246643066) q[1];\nrz(1.6971224546432495) q[2];\nrx(2.3925631046295166) q[2];\nrz(3.029053211212158) q[2];\nx q[0];\nx q[2];\nh q[0];\nh q[2];\nh q[0];\nrz(2.1613824367523193) q[0];\nrx(1.2177708148956299) q[0];\nrz(-1.1572731733322144) q[0];\nrz(1.934249758720398) q[1];\nrx(-0.4500247538089752) q[1];\nrz(-2.2232749462127686) q[1];\nrz(-0.6480221748352051) q[2];\nrx(1.401965618133545) q[2];\nrz(1.3275043964385986) q[2];"}