{"seed": 4905, "fidelity": 0.9998327493667603, "pqc_params": [[[1.5843437910079956, 2.311136484146118, 0.9645985960960388], [2.9675559997558594, 0.35093235969543457, 0.28021082282066345], [-0.10556405037641525, 2.574751853942871, -3.1443629264831543]], [[1.7718859910964966, 2.749640703201294, -0.7192458510398865], [-0.9878664612770081, 2.1027870178222656, 2.4353837966918945], [-3.0056300163269043, -1.4842113256454468, 0.3673873245716095]], [[-2.2225332260131836, 1.6880894899368286, 1.2439446449279785], [-0.26997828483581543, -3.068958282470703, -3.385263204574585], [1.4923388957977295, -3.1386775970458984, 1.5994960069656372]], [[-1.443934440612793, -2.869361162185669, -0.7351226806640625], [-0.8907583355903625, 0.892740786075592, 0.812065839767456], [-2.1336300373077393, -0.15108370780944824, 0.6565282940864563]]], "base_circuit_tokens": [["h", [2], []], ["cx", [1, 2], []], ["h", [0], []], ["x", [1], []], ["x", [1], []], ["h", [0], []], ["cx", [1, 2], []], ["x", [0], []], ["x", [2], []], ["h", [0], []], ["h", [0], []], ["x", [2], []], ["x", [0], []], ["cx", [1, 2], []], ["h", [0], []], ["x", [1], []], ["x", [1], []], ["h", [0], []], ["cx", [1, 2], []], ["h", [2], []]], "pqc_circuit_tokens": [["h", [2], []], ["cx", [1, 2], []], ["h", [0], []], ["x", [1], []], ["x", [1], []], ["rz", [0], [1.5843437910079956]], ["rx", [0], [2.311136484146118]], ["rz", [0], [0.9645985960960388]], ["rz", [1], [2.9675559997558594]], ["rx", [1], [0.35093235969543457]], ["rz", [1], [0.28021082282066345]], ["rz", [2], [-0.10556405037641525]], ["rx", [2], [2.574751853942871]], ["rz", [2], [-3.1443629264831543]], ["h", [0], []], ["cx", [1, 2], []], ["x", [0], []], ["x", [2], []], ["h", [0], []], ["rz", [0], [1.7718859910964966]], ["rx", [0], [2.749640703201294]], ["rz", [0], [-0.7192458510398865]], ["rz", [1], [-0.9878664612770081]], ["rx", [1], [2.1027870178222656]], ["rz", [1], [2.4353837966918945]], ["rz", [2], [-3.0056300163269043]], ["rx", [2], [-1.4842113256454468]], ["rz", [2], [0.3673873245716095]], ["h", [0], []], ["x", [2], []], ["x", [0], []], ["cx", [1, 2], []], ["h", [0], []], ["rz", [0], [-2.2225332260131836]], ["rx", [0], [1.6880894899368286]], ["rz", [0], [1.2439446449279785]], ["rz", [1], [-0.26997828483581543]], ["rx", [1], [-3.068958282470703]], ["rz", [1], [-3.385263204574585]], ["rz", [2], [1.4923388957977295]], ["rx", [2], [-3.1386775970458984]], ["rz", [2], [1.5994960069656372]], ["x", [1], []], ["x", [1], []], ["h", [0], []], ["cx", [1, 2], []], ["h", [2], []], ["rz", [0], [-1.443934440612793]], ["rx", [0], [-2.869361162185669]], ["rz", [0], [-0.7351226806640625]], ["rz", [1], [-0.8907583355903625]], ["rx", [1], [0.892740786075592]], ["rz", [1], [0.812065839767456]], ["rz", [2], [-2.1336300373077393]], ["rx", [2], [-0.15108370780944824]], ["rz", [2], [0.6565282940864563]]], "base_circuit_qasm": "OPENQASM 2.0;\ninclude \"qelib1.inc\";\nqreg q[3];\nh q[2];\ncx q[1],q[2];\nh q[0];\nx q[1];\nx q[1];\nh q[0];\ncx q[1],q[2];\nx q[0];\nx q[2];\nh q[0];\nh q[0];\nx q[2];\nx q[0];\ncx q[1],q[2];\nh q[0];\nx q[1];\nx q[1];\nh q[0];\ncx q[1],q[2];\nh q[2];", "pqc_circuit_qasm": "OPENQASM 2.0;\ninclude \"qelib1.inc\";\nqreg q[3];\nh q[2];\ncx q[1],q[2];\nh q[0];\nx q[1];\nx q[1];\nrz(1.5843437910079956) q[0];\nrx(2.311136484146118) q[0];\nrz(0.9645985960960388) q[0];\nrz(2.9675559997558594) q[1];\nrx(0.35093235969543457) q[1];\nrz(0.28021082282066345) q[1];\nrz(-0.10556405037641525) q[2];\nrx(2.574751853942871) q[2];\nrz(-3.1443629264831543) q[2];\nh q[0];\ncx q[1],q[2];\nx q[0];\nx q[2];\nh q[0];\nrz(1.7718859910964966) q[0];\nrx(2.749640703201294) q[0];\nrz(-0.7192458510398865) q[0];\nrz(-0.9878664612770081) q[1];\nrx(2.1027870178222656) q[1];\nrz(2.4353837966918945) q[1];\nrz(-3.0056300163269043) q[2];\nrx(-1.4842113256454468) q[2];\nrz(0.3673873245716095) q[2];\nh q[0];\nx q[2];\nx q[0];\ncx q[1],q[2];\nh q[0];\nrz(-2.2225332260131836) q[0];\nrx(1.6880894899368286) q[0];\nrz(1.2439446449279785) q[0];\nrz(-0.26997828483581543) q[1];\nrx(-3.068958282470703) q[1];\nrz(-3.385263204574585) q[1];\nrz(1.4923388957977295) q[2];\nrx(-3.1386775970458984) q[2];\nrz(1.5994960069656372) q[2];\nx q[1];\nx q[1];\nh q[0];\ncx q[1],q[2];\nh q[2];\nrz(-1.443934440612793) q[0];\nrx(-2.869361162185669) q[0];\nrz(-0.7351226806640625) q[0];\nrz(-0.8907583355903625) q[1];\nrx(0.892740786075592) q[1];\nrz(0.812065839767456) q[1];\nrz(-2.1336300373077393) q[2];\nrx(-0.15108370780944824) q[2];\nrz(0.6565282940864563) q[2];"}