{"seed": 4925, "fidelity": 0.9585362672805786, "pqc_params": [[[0.22787784039974213, -1.1897196769714355, -0.47353726625442505], [-0.9281362891197205, 2.191641092300415, -0.5226069688796997], [1.8391419649124146, -0.28978365659713745, 1.0920629501342773]], [[-0.5856896638870239, -3.3303332328796387, 1.4664642810821533], [-0.16888129711151123, -0.1407409906387329, 3.0125110149383545], [0.707629919052124, -3.160093069076538, 0.8101860880851746]], [[-1.8881897926330566, -2.0266828536987305, 2.790499210357666], [0.13665629923343658, 2.0938777923583984, 0.8536165356636047], [-2.600289821624756, -2.4393749237060547, 2.3451011180877686]], [[3.111340284347534, 0.10993429273366928, 2.9456310272216797], [-1.0930372476577759, -0.057292450219392776, -1.9562125205993652], [-3.5238327980041504, 0.23111256957054138, 1.6458029747009277]]], "base_circuit_tokens": [["cx", [2, 1], []], ["x", [1], []], ["cx", [1, 2], []], ["cx", [1, 2], []], ["cx", [0, 1], []], ["cx", [0, 2], []], ["h", [1], []], ["cx", [1, 2], []], ["x", [0], []], ["cx", [2, 1], []], ["cx", [2, 1], []], ["x", [0], []], ["cx", [1, 2], []], ["h", [1], []], ["cx", [0, 2], []], ["cx", [0, 1], []], ["cx", [1, 2], []], ["cx", [1, 2], []], ["x", [1], []], ["cx", [2, 1], []]], "pqc_circuit_tokens": [["cx", [2, 1], []], ["x", [1], []], ["cx", [1, 2], []], ["cx", [1, 2], []], ["cx", [0, 1], []], ["rz", [0], [0.22787784039974213]], ["rx", [0], [-1.1897196769714355]], ["rz", [0], [-0.47353726625442505]], ["rz", [1], [-0.9281362891197205]], ["rx", [1], [2.191641092300415]], ["rz", [1], [-0.5226069688796997]], ["rz", [2], [1.8391419649124146]], ["rx", [2], [-0.28978365659713745]], ["rz", [2], [1.0920629501342773]], ["cx", [0, 2], []], ["h", [1], []], ["cx", [1, 2], []], ["x", [0], []], ["cx", [2, 1], []], ["rz", [0], [-0.5856896638870239]], ["rx", [0], [-3.3303332328796387]], ["rz", [0], [1.4664642810821533]], ["rz", [1], [-0.16888129711151123]], ["rx", [1], [-0.1407409906387329]], ["rz", [1], [3.0125110149383545]], ["rz", [2], [0.707629919052124]], ["rx", [2], [-3.160093069076538]], ["rz", [2], [0.8101860880851746]], ["cx", [2, 1], []], ["x", [0], []], ["cx", [1, 2], []], ["h", [1], []], ["cx", [0, 2], []], ["rz", [0], [-1.8881897926330566]], ["rx", [0], [-2.0266828536987305]], ["rz", [0], [2.790499210357666]], ["rz", [1], [0.13665629923343658]], ["rx", [1], [2.0938777923583984]], ["rz", [1], [0.8536165356636047]], ["rz", [2], [-2.600289821624756]], ["rx", [2], [-2.4393749237060547]], ["rz", [2], [2.3451011180877686]], ["cx", [0, 1], []], ["cx", [1, 2], []], ["cx", [1, 2], []], ["x", [1], []], ["cx", [2, 1], []], ["rz", [0], [3.111340284347534]], ["rx", [0], [0.10993429273366928]], ["rz", [0], [2.9456310272216797]], ["rz", [1], [-1.0930372476577759]], ["rx", [1], [-0.057292450219392776]], ["rz", [1], [-1.9562125205993652]], ["rz", [2], [-3.5238327980041504]], ["rx", [2], [0.23111256957054138]], ["rz", [2], [1.6458029747009277]]], "base_circuit_qasm": "OPENQASM 2.0;\ninclude \"qelib1.inc\";\nqreg q[3];\ncx q[2],q[1];\nx q[1];\ncx q[1],q[2];\ncx q[1],q[2];\ncx q[0],q[1];\ncx q[0],q[2];\nh q[1];\ncx q[1],q[2];\nx q[0];\ncx q[2],q[1];\ncx q[2],q[1];\nx q[0];\ncx q[1],q[2];\nh q[1];\ncx q[0],q[2];\ncx q[0],q[1];\ncx q[1],q[2];\ncx q[1],q[2];\nx q[1];\ncx q[2],q[1];", "pqc_circuit_qasm": "OPENQASM 2.0;\ninclude \"qelib1.inc\";\nqreg q[3];\ncx q[2],q[1];\nx q[1];\ncx q[1],q[2];\ncx q[1],q[2];\ncx q[0],q[1];\nrz(0.22787784039974213) q[0];\nrx(-1.1897196769714355) q[0];\nrz(-0.47353726625442505) q[0];\nrz(-0.9281362891197205) q[1];\nrx(2.191641092300415) q[1];\nrz(-0.5226069688796997) q[1];\nrz(1.8391419649124146) q[2];\nrx(-0.28978365659713745) q[2];\nrz(1.0920629501342773) q[2];\ncx q[0],q[2];\nh q[1];\ncx q[1],q[2];\nx q[0];\ncx q[2],q[1];\nrz(-0.5856896638870239) q[0];\nrx(-3.3303332328796387) q[0];\nrz(1.4664642810821533) q[0];\nrz(-0.16888129711151123) q[1];\nrx(-0.1407409906387329) q[1];\nrz(3.0125110149383545) q[1];\nrz(0.707629919052124) q[2];\nrx(-3.160093069076538) q[2];\nrz(0.8101860880851746) q[2];\ncx q[2],q[1];\nx q[0];\ncx q[1],q[2];\nh q[1];\ncx q[0],q[2];\nrz(-1.8881897926330566) q[0];\nrx(-2.0266828536987305) q[0];\nrz(2.790499210357666) q[0];\nrz(0.13665629923343658) q[1];\nrx(2.0938777923583984) q[1];\nrz(0.8536165356636047) q[1];\nrz(-2.600289821624756) q[2];\nrx(-2.4393749237060547) q[2];\nrz(2.3451011180877686) q[2];\ncx q[0],q[1];\ncx q[1],q[2];\ncx q[1],q[2];\nx q[1];\ncx q[2],q[1];\nrz(3.111340284347534) q[0];\nrx(0.10993429273366928) q[0];\nrz(2.9456310272216797) q[0];\nrz(-1.0930372476577759) q[1];\nrx(-0.057292450219392776) q[1];\nrz(-1.9562125205993652) q[1];\nrz(-3.5238327980041504) q[2];\nrx(0.23111256957054138) q[2];\nrz(1.6458029747009277) q[2];"}