{"seed": 4943, "fidelity": 0.9880790710449219, "pqc_params": [[[-1.9111037254333496, -0.01001095399260521, -1.5979106426239014], [0.8220444321632385, 0.43550577759742737, 0.3475390672683716], [-2.94909405708313, -0.2643131911754608, 0.6479229927062988]], [[0.67424076795578, 2.9773261547088623, 1.8256008625030518], [-1.6875989437103271, 0.016204865649342537, -1.748266339302063], [-1.4666763544082642, -3.122981548309326, -1.3564118146896362]], [[-2.5452003479003906, -0.48546987771987915, -0.15434136986732483], [2.3288254737854004, -2.3458480834960938, 0.6955596208572388], [-3.5244600772857666, 1.5315585136413574, -0.46383577585220337]], [[0.9939931631088257, 0.165024995803833, 2.0962765216827393], [-0.687664270401001, 0.5455611348152161, -0.16563370823860168], [-1.4966249465942383, 2.837148427963257, -0.3533037304878235]]], "base_circuit_tokens": [["cx", [0, 2], []], ["h", [0], []], ["h", [2], []], ["cx", [2, 0], []], ["h", [1], []], ["x", [2], []], ["cx", [2, 1], []], ["x", [0], []], ["h", [1], []], ["h", [2], []], ["h", [2], []], ["h", [1], []], ["x", [0], []], ["cx", [2, 1], []], ["x", [2], []], ["h", [1], []], ["cx", [2, 0], []], ["h", [2], []], ["h", [0], []], ["cx", [0, 2], []]], "pqc_circuit_tokens": [["cx", [0, 2], []], ["h", [0], []], ["h", [2], []], ["cx", [2, 0], []], ["h", [1], []], ["rz", [0], [-1.9111037254333496]], ["rx", [0], [-0.01001095399260521]], ["rz", [0], [-1.5979106426239014]], ["rz", [1], [0.8220444321632385]], ["rx", [1], [0.43550577759742737]], ["rz", [1], [0.3475390672683716]], ["rz", [2], [-2.94909405708313]], ["rx", [2], [-0.2643131911754608]], ["rz", [2], [0.6479229927062988]], ["x", [2], []], ["cx", [2, 1], []], ["x", [0], []], ["h", [1], []], ["h", [2], []], ["rz", [0], [0.67424076795578]], ["rx", [0], [2.9773261547088623]], ["rz", [0], [1.8256008625030518]], ["rz", [1], [-1.6875989437103271]], ["rx", [1], [0.016204865649342537]], ["rz", [1], [-1.748266339302063]], ["rz", [2], [-1.4666763544082642]], ["rx", [2], [-3.122981548309326]], ["rz", [2], [-1.3564118146896362]], ["h", [2], []], ["h", [1], []], ["x", [0], []], ["cx", [2, 1], []], ["x", [2], []], ["rz", [0], [-2.5452003479003906]], ["rx", [0], [-0.48546987771987915]], ["rz", [0], [-0.15434136986732483]], ["rz", [1], [2.3288254737854004]], ["rx", [1], [-2.3458480834960938]], ["rz", [1], [0.6955596208572388]], ["rz", [2], [-3.5244600772857666]], ["rx", [2], [1.5315585136413574]], ["rz", [2], [-0.46383577585220337]], ["h", [1], []], ["cx", [2, 0], []], ["h", [2], []], ["h", [0], []], ["cx", [0, 2], []], ["rz", [0], [0.9939931631088257]], ["rx", [0], [0.165024995803833]], ["rz", [0], [2.0962765216827393]], ["rz", [1], [-0.687664270401001]], ["rx", [1], [0.5455611348152161]], ["rz", [1], [-0.16563370823860168]], ["rz", [2], [-1.4966249465942383]], ["rx", [2], [2.837148427963257]], ["rz", [2], [-0.3533037304878235]]], "base_circuit_qasm": "OPENQASM 2.0;\ninclude \"qelib1.inc\";\nqreg q[3];\ncx q[0],q[2];\nh q[0];\nh q[2];\ncx q[2],q[0];\nh q[1];\nx q[2];\ncx q[2],q[1];\nx q[0];\nh q[1];\nh q[2];\nh q[2];\nh q[1];\nx q[0];\ncx q[2],q[1];\nx q[2];\nh q[1];\ncx q[2],q[0];\nh q[2];\nh q[0];\ncx q[0],q[2];", "pqc_circuit_qasm": "OPENQASM 2.0;\ninclude \"qelib1.inc\";\nqreg q[3];\ncx q[0],q[2];\nh q[0];\nh q[2];\ncx q[2],q[0];\nh q[1];\nrz(-1.9111037254333496) q[0];\nrx(-0.01001095399260521) q[0];\nrz(-1.5979106426239014) q[0];\nrz(0.8220444321632385) q[1];\nrx(0.43550577759742737) q[1];\nrz(0.3475390672683716) q[1];\nrz(-2.94909405708313) q[2];\nrx(-0.2643131911754608) q[2];\nrz(0.6479229927062988) q[2];\nx q[2];\ncx q[2],q[1];\nx q[0];\nh q[1];\nh q[2];\nrz(0.67424076795578) q[0];\nrx(2.9773261547088623) q[0];\nrz(1.8256008625030518) q[0];\nrz(-1.6875989437103271) q[1];\nrx(0.016204865649342537) q[1];\nrz(-1.748266339302063) q[1];\nrz(-1.4666763544082642) q[2];\nrx(-3.122981548309326) q[2];\nrz(-1.3564118146896362) q[2];\nh q[2];\nh q[1];\nx q[0];\ncx q[2],q[1];\nx q[2];\nrz(-2.5452003479003906) q[0];\nrx(-0.48546987771987915) q[0];\nrz(-0.15434136986732483) q[0];\nrz(2.3288254737854004) q[1];\nrx(-2.3458480834960938) q[1];\nrz(0.6955596208572388) q[1];\nrz(-3.5244600772857666) q[2];\nrx(1.5315585136413574) q[2];\nrz(-0.46383577585220337) q[2];\nh q[1];\ncx q[2],q[0];\nh q[2];\nh q[0];\ncx q[0],q[2];\nrz(0.9939931631088257) q[0];\nrx(0.165024995803833) q[0];\nrz(2.0962765216827393) q[0];\nrz(-0.687664270401001) q[1];\nrx(0.5455611348152161) q[1];\nrz(-0.16563370823860168) q[1];\nrz(-1.4966249465942383) q[2];\nrx(2.837148427963257) q[2];\nrz(-0.3533037304878235) q[2];"}