{"seed": 4970, "fidelity": 0.9971853494644165, "pqc_params": [[[-1.2639875411987305, -2.2108726501464844, -1.0270963907241821], [0.281289666891098, -0.016008056700229645, 2.2280349731445312], [0.6642361879348755, -3.8008081912994385, 1.7900614738464355]], [[0.6776303052902222, -0.32399311661720276, 1.221742033958435], [2.114697217941284, -3.084998607635498, 2.8351309299468994], [-2.4108290672302246, 0.3588438630104065, 3.780184745788574]], [[-1.3386876583099365, -2.8301219940185547, -0.5025835037231445], [-0.519378125667572, 0.21187323331832886, -0.5983031988143921], [0.31980422139167786, 2.293821096420288, 3.1269423961639404]], [[-2.4211642742156982, 0.04686358571052551, 2.9808216094970703], [-2.8226816654205322, 3.3553576469421387, 0.5503353476524353], [-0.8965449929237366, -0.8961648941040039, 0.524116039276123]]], "base_circuit_tokens": [["h", [1], []], ["h", [0], []], ["h", [2], []], ["h", [2], []], ["h", [1], []], ["cx", [2, 0], []], ["h", [2], []], ["h", [0], []], ["h", [2], []], ["x", [0], []], ["x", [0], []], ["h", [2], []], ["h", [0], []], ["h", [2], []], ["cx", [2, 0], []], ["h", [1], []], ["h", [2], []], ["h", [2], []], ["h", [0], []], ["h", [1], []]], "pqc_circuit_tokens": [["h", [1], []], ["h", [0], []], ["h", [2], []], ["h", [2], []], ["h", [1], []], ["rz", [0], [-1.2639875411987305]], ["rx", [0], [-2.2108726501464844]], ["rz", [0], [-1.0270963907241821]], ["rz", [1], [0.281289666891098]], ["rx", [1], [-0.016008056700229645]], ["rz", [1], [2.2280349731445312]], ["rz", [2], [0.6642361879348755]], ["rx", [2], [-3.8008081912994385]], ["rz", [2], [1.7900614738464355]], ["cx", [2, 0], []], ["h", [2], []], ["h", [0], []], ["h", [2], []], ["x", [0], []], ["rz", [0], [0.6776303052902222]], ["rx", [0], [-0.32399311661720276]], ["rz", [0], [1.221742033958435]], ["rz", [1], [2.114697217941284]], ["rx", [1], [-3.084998607635498]], ["rz", [1], [2.8351309299468994]], ["rz", [2], [-2.4108290672302246]], ["rx", [2], [0.3588438630104065]], ["rz", [2], [3.780184745788574]], ["x", [0], []], ["h", [2], []], ["h", [0], []], ["h", [2], []], ["cx", [2, 0], []], ["rz", [0], [-1.3386876583099365]], ["rx", [0], [-2.8301219940185547]], ["rz", [0], [-0.5025835037231445]], ["rz", [1], [-0.519378125667572]], ["rx", [1], [0.21187323331832886]], ["rz", [1], [-0.5983031988143921]], ["rz", [2], [0.31980422139167786]], ["rx", [2], [2.293821096420288]], ["rz", [2], [3.1269423961639404]], ["h", [1], []], ["h", [2], []], ["h", [2], []], ["h", [0], []], ["h", [1], []], ["rz", [0], [-2.4211642742156982]], ["rx", [0], [0.04686358571052551]], ["rz", [0], [2.9808216094970703]], ["rz", [1], [-2.8226816654205322]], ["rx", [1], [3.3553576469421387]], ["rz", [1], [0.5503353476524353]], ["rz", [2], [-0.8965449929237366]], ["rx", [2], [-0.8961648941040039]], ["rz", [2], [0.524116039276123]]], "base_circuit_qasm": "OPENQASM 2.0;\ninclude \"qelib1.inc\";\nqreg q[3];\nh q[1];\nh q[0];\nh q[2];\nh q[2];\nh q[1];\ncx q[2],q[0];\nh q[2];\nh q[0];\nh q[2];\nx q[0];\nx q[0];\nh q[2];\nh q[0];\nh q[2];\ncx q[2],q[0];\nh q[1];\nh q[2];\nh q[2];\nh q[0];\nh q[1];", "pqc_circuit_qasm": "OPENQASM 2.0;\ninclude \"qelib1.inc\";\nqreg q[3];\nh q[1];\nh q[0];\nh q[2];\nh q[2];\nh q[1];\nrz(-1.2639875411987305) q[0];\nrx(-2.2108726501464844) q[0];\nrz(-1.0270963907241821) q[0];\nrz(0.281289666891098) q[1];\nrx(-0.016008056700229645) q[1];\nrz(2.2280349731445312) q[1];\nrz(0.6642361879348755) q[2];\nrx(-3.8008081912994385) q[2];\nrz(1.7900614738464355) q[2];\ncx q[2],q[0];\nh q[2];\nh q[0];\nh q[2];\nx q[0];\nrz(0.6776303052902222) q[0];\nrx(-0.32399311661720276) q[0];\nrz(1.221742033958435) q[0];\nrz(2.114697217941284) q[1];\nrx(-3.084998607635498) q[1];\nrz(2.8351309299468994) q[1];\nrz(-2.4108290672302246) q[2];\nrx(0.3588438630104065) q[2];\nrz(3.780184745788574) q[2];\nx q[0];\nh q[2];\nh q[0];\nh q[2];\ncx q[2],q[0];\nrz(-1.3386876583099365) q[0];\nrx(-2.8301219940185547) q[0];\nrz(-0.5025835037231445) q[0];\nrz(-0.519378125667572) q[1];\nrx(0.21187323331832886) q[1];\nrz(-0.5983031988143921) q[1];\nrz(0.31980422139167786) q[2];\nrx(2.293821096420288) q[2];\nrz(3.1269423961639404) q[2];\nh q[1];\nh q[2];\nh q[2];\nh q[0];\nh q[1];\nrz(-2.4211642742156982) q[0];\nrx(0.04686358571052551) q[0];\nrz(2.9808216094970703) q[0];\nrz(-2.8226816654205322) q[1];\nrx(3.3553576469421387) q[1];\nrz(0.5503353476524353) q[1];\nrz(-0.8965449929237366) q[2];\nrx(-0.8961648941040039) q[2];\nrz(0.524116039276123) q[2];"}