{"seed": 499, "fidelity": 0.9999688267707825, "pqc_params": [[[2.6697943210601807, -2.4994797706604004, -1.3312878608703613], [-2.521756649017334, 0.3567532002925873, 0.14654028415679932], [2.8611104488372803, 1.9487277269363403, 0.9221845269203186]], [[-3.1161141395568848, -0.7217627167701721, -3.007434606552124], [0.07454387843608856, -1.2669323682785034, 2.2250702381134033], [0.6101062297821045, -2.174091339111328, 3.087826728820801]], [[-2.9579529762268066, -2.310708999633789, 0.07658959180116653], [0.8729191422462463, 2.2162721157073975, 0.14098995923995972], [2.1873013973236084, -0.9347932934761047, -1.6968023777008057]], [[-3.2329447269439697, 0.11602449417114258, -3.1526341438293457], [0.006793177220970392, 1.7288949489593506, -1.750259280204773], [3.023904800415039, 0.10770916193723679, -2.031792163848877]]], "base_circuit_tokens": [["h", [1], []], ["cx", [2, 0], []], ["h", [1], []], ["x", [1], []], ["h", [1], []], ["h", [2], []], ["x", [1], []], ["h", [2], []], ["h", [2], []], ["h", [0], []], ["h", [0], []], ["h", [2], []], ["h", [2], []], ["x", [1], []], ["h", [2], []], ["h", [1], []], ["x", [1], []], ["h", [1], []], ["cx", [2, 0], []], ["h", [1], []]], "pqc_circuit_tokens": [["h", [1], []], ["cx", [2, 0], []], ["h", [1], []], ["x", [1], []], ["h", [1], []], ["rz", [0], [2.6697943210601807]], ["rx", [0], [-2.4994797706604004]], ["rz", [0], [-1.3312878608703613]], ["rz", [1], [-2.521756649017334]], ["rx", [1], [0.3567532002925873]], ["rz", [1], [0.14654028415679932]], ["rz", [2], [2.8611104488372803]], ["rx", [2], [1.9487277269363403]], ["rz", [2], [0.9221845269203186]], ["h", [2], []], ["x", [1], []], ["h", [2], []], ["h", [2], []], ["h", [0], []], ["rz", [0], [-3.1161141395568848]], ["rx", [0], [-0.7217627167701721]], ["rz", [0], [-3.007434606552124]], ["rz", [1], [0.07454387843608856]], ["rx", [1], [-1.2669323682785034]], ["rz", [1], [2.2250702381134033]], ["rz", [2], [0.6101062297821045]], ["rx", [2], [-2.174091339111328]], ["rz", [2], [3.087826728820801]], ["h", [0], []], ["h", [2], []], ["h", [2], []], ["x", [1], []], ["h", [2], []], ["rz", [0], [-2.9579529762268066]], ["rx", [0], [-2.310708999633789]], ["rz", [0], [0.07658959180116653]], ["rz", [1], [0.8729191422462463]], ["rx", [1], [2.2162721157073975]], ["rz", [1], [0.14098995923995972]], ["rz", [2], [2.1873013973236084]], ["rx", [2], [-0.9347932934761047]], ["rz", [2], [-1.6968023777008057]], ["h", [1], []], ["x", [1], []], ["h", [1], []], ["cx", [2, 0], []], ["h", [1], []], ["rz", [0], [-3.2329447269439697]], ["rx", [0], [0.11602449417114258]], ["rz", [0], [-3.1526341438293457]], ["rz", [1], [0.006793177220970392]], ["rx", [1], [1.7288949489593506]], ["rz", [1], [-1.750259280204773]], ["rz", [2], [3.023904800415039]], ["rx", [2], [0.10770916193723679]], ["rz", [2], [-2.031792163848877]]], "base_circuit_qasm": "OPENQASM 2.0;\ninclude \"qelib1.inc\";\nqreg q[3];\nh q[1];\ncx q[2],q[0];\nh q[1];\nx q[1];\nh q[1];\nh q[2];\nx q[1];\nh q[2];\nh q[2];\nh q[0];\nh q[0];\nh q[2];\nh q[2];\nx q[1];\nh q[2];\nh q[1];\nx q[1];\nh q[1];\ncx q[2],q[0];\nh q[1];", "pqc_circuit_qasm": "OPENQASM 2.0;\ninclude \"qelib1.inc\";\nqreg q[3];\nh q[1];\ncx q[2],q[0];\nh q[1];\nx q[1];\nh q[1];\nrz(2.6697943210601807) q[0];\nrx(-2.4994797706604004) q[0];\nrz(-1.3312878608703613) q[0];\nrz(-2.521756649017334) q[1];\nrx(0.3567532002925873) q[1];\nrz(0.14654028415679932) q[1];\nrz(2.8611104488372803) q[2];\nrx(1.9487277269363403) q[2];\nrz(0.9221845269203186) q[2];\nh q[2];\nx q[1];\nh q[2];\nh q[2];\nh q[0];\nrz(-3.1161141395568848) q[0];\nrx(-0.7217627167701721) q[0];\nrz(-3.007434606552124) q[0];\nrz(0.07454387843608856) q[1];\nrx(-1.2669323682785034) q[1];\nrz(2.2250702381134033) q[1];\nrz(0.6101062297821045) q[2];\nrx(-2.174091339111328) q[2];\nrz(3.087826728820801) q[2];\nh q[0];\nh q[2];\nh q[2];\nx q[1];\nh q[2];\nrz(-2.9579529762268066) q[0];\nrx(-2.310708999633789) q[0];\nrz(0.07658959180116653) q[0];\nrz(0.8729191422462463) q[1];\nrx(2.2162721157073975) q[1];\nrz(0.14098995923995972) q[1];\nrz(2.1873013973236084) q[2];\nrx(-0.9347932934761047) q[2];\nrz(-1.6968023777008057) q[2];\nh q[1];\nx q[1];\nh q[1];\ncx q[2],q[0];\nh q[1];\nrz(-3.2329447269439697) q[0];\nrx(0.11602449417114258) q[0];\nrz(-3.1526341438293457) q[0];\nrz(0.006793177220970392) q[1];\nrx(1.7288949489593506) q[1];\nrz(-1.750259280204773) q[1];\nrz(3.023904800415039) q[2];\nrx(0.10770916193723679) q[2];\nrz(-2.031792163848877) q[2];"}