{"seed": 511, "fidelity": 0.9863476753234863, "pqc_params": [[[2.6331868171691895, -2.7177464962005615, -2.3096890449523926], [-0.5235805511474609, 0.5314240455627441, 2.7515764236450195], [0.6111839413642883, -2.5640079975128174, 0.7390937209129333]], [[-2.878835439682007, 2.426564931869507, 0.2858678102493286], [1.8723957538604736, 3.1109204292297363, -1.155234694480896], [0.2236589789390564, -3.24004864692688, -2.2891252040863037]], [[-2.867957353591919, 3.0867669582366943, 3.278912305831909], [-0.2934110760688782, 0.32459744811058044, 2.569443702697754], [-2.0295355319976807, -2.5251588821411133, 1.89118492603302]], [[-1.4122146368026733, 3.3412978649139404, 0.8425093293190002], [-0.2473306655883789, -0.007044176105409861, 3.056403160095215], [-3.017080068588257, 0.7241343259811401, -3.3705530166625977]]], "base_circuit_tokens": [["h", [1], []], ["h", [0], []], ["h", [0], []], ["x", [0], []], ["h", [2], []], ["h", [2], []], ["cx", [1, 0], []], ["h", [1], []], ["x", [0], []], ["cx", [2, 0], []], ["cx", [2, 0], []], ["x", [0], []], ["h", [1], []], ["cx", [1, 0], []], ["h", [2], []], ["h", [2], []], ["x", [0], []], ["h", [0], []], ["h", [0], []], ["h", [1], []]], "pqc_circuit_tokens": [["h", [1], []], ["h", [0], []], ["h", [0], []], ["x", [0], []], ["h", [2], []], ["rz", [0], [2.6331868171691895]], ["rx", [0], [-2.7177464962005615]], ["rz", [0], [-2.3096890449523926]], ["rz", [1], [-0.5235805511474609]], ["rx", [1], [0.5314240455627441]], ["rz", [1], [2.7515764236450195]], ["rz", [2], [0.6111839413642883]], ["rx", [2], [-2.5640079975128174]], ["rz", [2], [0.7390937209129333]], ["h", [2], []], ["cx", [1, 0], []], ["h", [1], []], ["x", [0], []], ["cx", [2, 0], []], ["rz", [0], [-2.878835439682007]], ["rx", [0], [2.426564931869507]], ["rz", [0], [0.2858678102493286]], ["rz", [1], [1.8723957538604736]], ["rx", [1], [3.1109204292297363]], ["rz", [1], [-1.155234694480896]], ["rz", [2], [0.2236589789390564]], ["rx", [2], [-3.24004864692688]], ["rz", [2], [-2.2891252040863037]], ["cx", [2, 0], []], ["x", [0], []], ["h", [1], []], ["cx", [1, 0], []], ["h", [2], []], ["rz", [0], [-2.867957353591919]], ["rx", [0], [3.0867669582366943]], ["rz", [0], [3.278912305831909]], ["rz", [1], [-0.2934110760688782]], ["rx", [1], [0.32459744811058044]], ["rz", [1], [2.569443702697754]], ["rz", [2], [-2.0295355319976807]], ["rx", [2], [-2.5251588821411133]], ["rz", [2], [1.89118492603302]], ["h", [2], []], ["x", [0], []], ["h", [0], []], ["h", [0], []], ["h", [1], []], ["rz", [0], [-1.4122146368026733]], ["rx", [0], [3.3412978649139404]], ["rz", [0], [0.8425093293190002]], ["rz", [1], [-0.2473306655883789]], ["rx", [1], [-0.007044176105409861]], ["rz", [1], [3.056403160095215]], ["rz", [2], [-3.017080068588257]], ["rx", [2], [0.7241343259811401]], ["rz", [2], [-3.3705530166625977]]], "base_circuit_qasm": "OPENQASM 2.0;\ninclude \"qelib1.inc\";\nqreg q[3];\nh q[1];\nh q[0];\nh q[0];\nx q[0];\nh q[2];\nh q[2];\ncx q[1],q[0];\nh q[1];\nx q[0];\ncx q[2],q[0];\ncx q[2],q[0];\nx q[0];\nh q[1];\ncx q[1],q[0];\nh q[2];\nh q[2];\nx q[0];\nh q[0];\nh q[0];\nh q[1];", "pqc_circuit_qasm": "OPENQASM 2.0;\ninclude \"qelib1.inc\";\nqreg q[3];\nh q[1];\nh q[0];\nh q[0];\nx q[0];\nh q[2];\nrz(2.6331868171691895) q[0];\nrx(-2.7177464962005615) q[0];\nrz(-2.3096890449523926) q[0];\nrz(-0.5235805511474609) q[1];\nrx(0.5314240455627441) q[1];\nrz(2.7515764236450195) q[1];\nrz(0.6111839413642883) q[2];\nrx(-2.5640079975128174) q[2];\nrz(0.7390937209129333) q[2];\nh q[2];\ncx q[1],q[0];\nh q[1];\nx q[0];\ncx q[2],q[0];\nrz(-2.878835439682007) q[0];\nrx(2.426564931869507) q[0];\nrz(0.2858678102493286) q[0];\nrz(1.8723957538604736) q[1];\nrx(3.1109204292297363) q[1];\nrz(-1.155234694480896) q[1];\nrz(0.2236589789390564) q[2];\nrx(-3.24004864692688) q[2];\nrz(-2.2891252040863037) q[2];\ncx q[2],q[0];\nx q[0];\nh q[1];\ncx q[1],q[0];\nh q[2];\nrz(-2.867957353591919) q[0];\nrx(3.0867669582366943) q[0];\nrz(3.278912305831909) q[0];\nrz(-0.2934110760688782) q[1];\nrx(0.32459744811058044) q[1];\nrz(2.569443702697754) q[1];\nrz(-2.0295355319976807) q[2];\nrx(-2.5251588821411133) q[2];\nrz(1.89118492603302) q[2];\nh q[2];\nx q[0];\nh q[0];\nh q[0];\nh q[1];\nrz(-1.4122146368026733) q[0];\nrx(3.3412978649139404) q[0];\nrz(0.8425093293190002) q[0];\nrz(-0.2473306655883789) q[1];\nrx(-0.007044176105409861) q[1];\nrz(3.056403160095215) q[1];\nrz(-3.017080068588257) q[2];\nrx(0.7241343259811401) q[2];\nrz(-3.3705530166625977) q[2];"}