{"seed": 520, "fidelity": 0.9628726243972778, "pqc_params": [[[0.5706965923309326, -1.7314096689224243, -2.5833585262298584], [-0.23960605263710022, -2.8833205699920654, 1.4864287376403809], [3.948979139328003, 1.3339173793792725, 1.159597635269165]], [[-0.35047146677970886, -0.5073678493499756, -0.41854405403137207], [-2.664412498474121, 0.6562601327896118, -0.8920819163322449], [-2.396430015563965, -1.145371675491333, -0.5518141984939575]], [[0.145971417427063, 1.8649338483810425, -0.09068179130554199], [2.2867634296417236, -0.4536280930042267, 2.11391544342041], [-0.9783307909965515, 1.1003611087799072, 3.7388110160827637]], [[-2.2217423915863037, 1.435564637184143, 1.793481707572937], [-1.2236428260803223, -0.00916527584195137, -2.4067776203155518], [1.5426775217056274, -0.01762230694293976, 1.2811450958251953]]], "base_circuit_tokens": [["cx", [2, 1], []], ["h", [0], []], ["cx", [1, 2], []], ["h", [2], []], ["h", [0], []], ["h", [0], []], ["cx", [1, 0], []], ["cx", [0, 1], []], ["h", [1], []], ["h", [0], []], ["h", [0], []], ["h", [1], []], ["cx", [0, 1], []], ["cx", [1, 0], []], ["h", [0], []], ["h", [0], []], ["h", [2], []], ["cx", [1, 2], []], ["h", [0], []], ["cx", [2, 1], []]], "pqc_circuit_tokens": [["cx", [2, 1], []], ["h", [0], []], ["cx", [1, 2], []], ["h", [2], []], ["h", [0], []], ["rz", [0], [0.5706965923309326]], ["rx", [0], [-1.7314096689224243]], ["rz", [0], [-2.5833585262298584]], ["rz", [1], [-0.23960605263710022]], ["rx", [1], [-2.8833205699920654]], ["rz", [1], [1.4864287376403809]], ["rz", [2], [3.948979139328003]], ["rx", [2], [1.3339173793792725]], ["rz", [2], [1.159597635269165]], ["h", [0], []], ["cx", [1, 0], []], ["cx", [0, 1], []], ["h", [1], []], ["h", [0], []], ["rz", [0], [-0.35047146677970886]], ["rx", [0], [-0.5073678493499756]], ["rz", [0], [-0.41854405403137207]], ["rz", [1], [-2.664412498474121]], ["rx", [1], [0.6562601327896118]], ["rz", [1], [-0.8920819163322449]], ["rz", [2], [-2.396430015563965]], ["rx", [2], [-1.145371675491333]], ["rz", [2], [-0.5518141984939575]], ["h", [0], []], ["h", [1], []], ["cx", [0, 1], []], ["cx", [1, 0], []], ["h", [0], []], ["rz", [0], [0.145971417427063]], ["rx", [0], [1.8649338483810425]], ["rz", [0], [-0.09068179130554199]], ["rz", [1], [2.2867634296417236]], ["rx", [1], [-0.4536280930042267]], ["rz", [1], [2.11391544342041]], ["rz", [2], [-0.9783307909965515]], ["rx", [2], [1.1003611087799072]], ["rz", [2], [3.7388110160827637]], ["h", [0], []], ["h", [2], []], ["cx", [1, 2], []], ["h", [0], []], ["cx", [2, 1], []], ["rz", [0], [-2.2217423915863037]], ["rx", [0], [1.435564637184143]], ["rz", [0], [1.793481707572937]], ["rz", [1], [-1.2236428260803223]], ["rx", [1], [-0.00916527584195137]], ["rz", [1], [-2.4067776203155518]], ["rz", [2], [1.5426775217056274]], ["rx", [2], [-0.01762230694293976]], ["rz", [2], [1.2811450958251953]]], "base_circuit_qasm": "OPENQASM 2.0;\ninclude \"qelib1.inc\";\nqreg q[3];\ncx q[2],q[1];\nh q[0];\ncx q[1],q[2];\nh q[2];\nh q[0];\nh q[0];\ncx q[1],q[0];\ncx q[0],q[1];\nh q[1];\nh q[0];\nh q[0];\nh q[1];\ncx q[0],q[1];\ncx q[1],q[0];\nh q[0];\nh q[0];\nh q[2];\ncx q[1],q[2];\nh q[0];\ncx q[2],q[1];", "pqc_circuit_qasm": "OPENQASM 2.0;\ninclude \"qelib1.inc\";\nqreg q[3];\ncx q[2],q[1];\nh q[0];\ncx q[1],q[2];\nh q[2];\nh q[0];\nrz(0.5706965923309326) q[0];\nrx(-1.7314096689224243) q[0];\nrz(-2.5833585262298584) q[0];\nrz(-0.23960605263710022) q[1];\nrx(-2.8833205699920654) q[1];\nrz(1.4864287376403809) q[1];\nrz(3.948979139328003) q[2];\nrx(1.3339173793792725) q[2];\nrz(1.159597635269165) q[2];\nh q[0];\ncx q[1],q[0];\ncx q[0],q[1];\nh q[1];\nh q[0];\nrz(-0.35047146677970886) q[0];\nrx(-0.5073678493499756) q[0];\nrz(-0.41854405403137207) q[0];\nrz(-2.664412498474121) q[1];\nrx(0.6562601327896118) q[1];\nrz(-0.8920819163322449) q[1];\nrz(-2.396430015563965) q[2];\nrx(-1.145371675491333) q[2];\nrz(-0.5518141984939575) q[2];\nh q[0];\nh q[1];\ncx q[0],q[1];\ncx q[1],q[0];\nh q[0];\nrz(0.145971417427063) q[0];\nrx(1.8649338483810425) q[0];\nrz(-0.09068179130554199) q[0];\nrz(2.2867634296417236) q[1];\nrx(-0.4536280930042267) q[1];\nrz(2.11391544342041) q[1];\nrz(-0.9783307909965515) q[2];\nrx(1.1003611087799072) q[2];\nrz(3.7388110160827637) q[2];\nh q[0];\nh q[2];\ncx q[1],q[2];\nh q[0];\ncx q[2],q[1];\nrz(-2.2217423915863037) q[0];\nrx(1.435564637184143) q[0];\nrz(1.793481707572937) q[0];\nrz(-1.2236428260803223) q[1];\nrx(-0.00916527584195137) q[1];\nrz(-2.4067776203155518) q[1];\nrz(1.5426775217056274) q[2];\nrx(-0.01762230694293976) q[2];\nrz(1.2811450958251953) q[2];"}