{"seed": 535, "fidelity": 0.9995740056037903, "pqc_params": [[[-2.6276261806488037, -2.395582675933838, 2.1737303733825684], [3.0396323204040527, 3.5608510971069336, 1.8900022506713867], [2.50368332862854, 3.3305492401123047, -3.009091854095459]], [[-2.0146214962005615, -3.1199779510498047, 1.2314252853393555], [0.5828495621681213, -0.02198975719511509, 2.4576799869537354], [-2.446326732635498, -2.588792085647583, 0.07712952047586441]], [[-1.3711228370666504, -0.4165295958518982, 0.8314493894577026], [0.46065962314605713, -0.6787661910057068, -0.2973877191543579], [0.5227254033088684, 0.14267605543136597, -2.51979398727417]], [[-2.942232608795166, 1.7056241035461426, -0.7390906810760498], [0.44877222180366516, -1.9348853826522827, 0.5479305386543274], [3.5459578037261963, 1.174847960472107, -3.560645341873169]]], "base_circuit_tokens": [["h", [2], []], ["h", [1], []], ["x", [0], []], ["x", [1], []], ["h", [0], []], ["h", [0], []], ["h", [2], []], ["h", [1], []], ["cx", [0, 1], []], ["h", [0], []], ["h", [0], []], ["cx", [0, 1], []], ["h", [1], []], ["h", [2], []], ["h", [0], []], ["h", [0], []], ["x", [1], []], ["x", [0], []], ["h", [1], []], ["h", [2], []]], "pqc_circuit_tokens": [["h", [2], []], ["h", [1], []], ["x", [0], []], ["x", [1], []], ["h", [0], []], ["rz", [0], [-2.6276261806488037]], ["rx", [0], [-2.395582675933838]], ["rz", [0], [2.1737303733825684]], ["rz", [1], [3.0396323204040527]], ["rx", [1], [3.5608510971069336]], ["rz", [1], [1.8900022506713867]], ["rz", [2], [2.50368332862854]], ["rx", [2], [3.3305492401123047]], ["rz", [2], [-3.009091854095459]], ["h", [0], []], ["h", [2], []], ["h", [1], []], ["cx", [0, 1], []], ["h", [0], []], ["rz", [0], [-2.0146214962005615]], ["rx", [0], [-3.1199779510498047]], ["rz", [0], [1.2314252853393555]], ["rz", [1], [0.5828495621681213]], ["rx", [1], [-0.02198975719511509]], ["rz", [1], [2.4576799869537354]], ["rz", [2], [-2.446326732635498]], ["rx", [2], [-2.588792085647583]], ["rz", [2], [0.07712952047586441]], ["h", [0], []], ["cx", [0, 1], []], ["h", [1], []], ["h", [2], []], ["h", [0], []], ["rz", [0], [-1.3711228370666504]], ["rx", [0], [-0.4165295958518982]], ["rz", [0], [0.8314493894577026]], ["rz", [1], [0.46065962314605713]], ["rx", [1], [-0.6787661910057068]], ["rz", [1], [-0.2973877191543579]], ["rz", [2], [0.5227254033088684]], ["rx", [2], [0.14267605543136597]], ["rz", [2], [-2.51979398727417]], ["h", [0], []], ["x", [1], []], ["x", [0], []], ["h", [1], []], ["h", [2], []], ["rz", [0], [-2.942232608795166]], ["rx", [0], [1.7056241035461426]], ["rz", [0], [-0.7390906810760498]], ["rz", [1], [0.44877222180366516]], ["rx", [1], [-1.9348853826522827]], ["rz", [1], [0.5479305386543274]], ["rz", [2], [3.5459578037261963]], ["rx", [2], [1.174847960472107]], ["rz", [2], [-3.560645341873169]]], "base_circuit_qasm": "OPENQASM 2.0;\ninclude \"qelib1.inc\";\nqreg q[3];\nh q[2];\nh q[1];\nx q[0];\nx q[1];\nh q[0];\nh q[0];\nh q[2];\nh q[1];\ncx q[0],q[1];\nh q[0];\nh q[0];\ncx q[0],q[1];\nh q[1];\nh q[2];\nh q[0];\nh q[0];\nx q[1];\nx q[0];\nh q[1];\nh q[2];", "pqc_circuit_qasm": "OPENQASM 2.0;\ninclude \"qelib1.inc\";\nqreg q[3];\nh q[2];\nh q[1];\nx q[0];\nx q[1];\nh q[0];\nrz(-2.6276261806488037) q[0];\nrx(-2.395582675933838) q[0];\nrz(2.1737303733825684) q[0];\nrz(3.0396323204040527) q[1];\nrx(3.5608510971069336) q[1];\nrz(1.8900022506713867) q[1];\nrz(2.50368332862854) q[2];\nrx(3.3305492401123047) q[2];\nrz(-3.009091854095459) q[2];\nh q[0];\nh q[2];\nh q[1];\ncx q[0],q[1];\nh q[0];\nrz(-2.0146214962005615) q[0];\nrx(-3.1199779510498047) q[0];\nrz(1.2314252853393555) q[0];\nrz(0.5828495621681213) q[1];\nrx(-0.02198975719511509) q[1];\nrz(2.4576799869537354) q[1];\nrz(-2.446326732635498) q[2];\nrx(-2.588792085647583) q[2];\nrz(0.07712952047586441) q[2];\nh q[0];\ncx q[0],q[1];\nh q[1];\nh q[2];\nh q[0];\nrz(-1.3711228370666504) q[0];\nrx(-0.4165295958518982) q[0];\nrz(0.8314493894577026) q[0];\nrz(0.46065962314605713) q[1];\nrx(-0.6787661910057068) q[1];\nrz(-0.2973877191543579) q[1];\nrz(0.5227254033088684) q[2];\nrx(0.14267605543136597) q[2];\nrz(-2.51979398727417) q[2];\nh q[0];\nx q[1];\nx q[0];\nh q[1];\nh q[2];\nrz(-2.942232608795166) q[0];\nrx(1.7056241035461426) q[0];\nrz(-0.7390906810760498) q[0];\nrz(0.44877222180366516) q[1];\nrx(-1.9348853826522827) q[1];\nrz(0.5479305386543274) q[1];\nrz(3.5459578037261963) q[2];\nrx(1.174847960472107) q[2];\nrz(-3.560645341873169) q[2];"}