{"seed": 546, "fidelity": 0.9990813136100769, "pqc_params": [[[1.1380985975265503, 3.1261050701141357, 2.8966526985168457], [2.5463523864746094, 1.6467745304107666, 1.1175822019577026], [0.6267175674438477, 0.9813206195831299, -1.089904546737671]], [[-0.213073268532753, -1.3238998651504517, -3.2552459239959717], [2.430636405944824, -2.986279010772705, -1.4116065502166748], [2.872011184692383, -3.6187517642974854, 1.1382558345794678]], [[-1.9556833505630493, 0.3264368772506714, -2.6486504077911377], [0.5911626219749451, -1.3284884691238403, -2.8380813598632812], [0.20304903388023376, -3.568211555480957, -1.5351020097732544]], [[-2.163099765777588, 0.019289128482341766, 1.6413788795471191], [2.372673988342285, -0.8144961595535278, -0.7914406061172485], [-2.7498607635498047, 0.09455359727144241, 1.0045660734176636]]], "base_circuit_tokens": [["h", [0], []], ["h", [0], []], ["cx", [2, 0], []], ["x", [1], []], ["h", [0], []], ["h", [2], []], ["h", [2], []], ["cx", [1, 0], []], ["cx", [0, 1], []], ["h", [2], []], ["h", [2], []], ["cx", [0, 1], []], ["cx", [1, 0], []], ["h", [2], []], ["h", [2], []], ["h", [0], []], ["x", [1], []], ["cx", [2, 0], []], ["h", [0], []], ["h", [0], []]], "pqc_circuit_tokens": [["h", [0], []], ["h", [0], []], ["cx", [2, 0], []], ["x", [1], []], ["h", [0], []], ["rz", [0], [1.1380985975265503]], ["rx", [0], [3.1261050701141357]], ["rz", [0], [2.8966526985168457]], ["rz", [1], [2.5463523864746094]], ["rx", [1], [1.6467745304107666]], ["rz", [1], [1.1175822019577026]], ["rz", [2], [0.6267175674438477]], ["rx", [2], [0.9813206195831299]], ["rz", [2], [-1.089904546737671]], ["h", [2], []], ["h", [2], []], ["cx", [1, 0], []], ["cx", [0, 1], []], ["h", [2], []], ["rz", [0], [-0.213073268532753]], ["rx", [0], [-1.3238998651504517]], ["rz", [0], [-3.2552459239959717]], ["rz", [1], [2.430636405944824]], ["rx", [1], [-2.986279010772705]], ["rz", [1], [-1.4116065502166748]], ["rz", [2], [2.872011184692383]], ["rx", [2], [-3.6187517642974854]], ["rz", [2], [1.1382558345794678]], ["h", [2], []], ["cx", [0, 1], []], ["cx", [1, 0], []], ["h", [2], []], ["h", [2], []], ["rz", [0], [-1.9556833505630493]], ["rx", [0], [0.3264368772506714]], ["rz", [0], [-2.6486504077911377]], ["rz", [1], [0.5911626219749451]], ["rx", [1], [-1.3284884691238403]], ["rz", [1], [-2.8380813598632812]], ["rz", [2], [0.20304903388023376]], ["rx", [2], [-3.568211555480957]], ["rz", [2], [-1.5351020097732544]], ["h", [0], []], ["x", [1], []], ["cx", [2, 0], []], ["h", [0], []], ["h", [0], []], ["rz", [0], [-2.163099765777588]], ["rx", [0], [0.019289128482341766]], ["rz", [0], [1.6413788795471191]], ["rz", [1], [2.372673988342285]], ["rx", [1], [-0.8144961595535278]], ["rz", [1], [-0.7914406061172485]], ["rz", [2], [-2.7498607635498047]], ["rx", [2], [0.09455359727144241]], ["rz", [2], [1.0045660734176636]]], "base_circuit_qasm": "OPENQASM 2.0;\ninclude \"qelib1.inc\";\nqreg q[3];\nh q[0];\nh q[0];\ncx q[2],q[0];\nx q[1];\nh q[0];\nh q[2];\nh q[2];\ncx q[1],q[0];\ncx q[0],q[1];\nh q[2];\nh q[2];\ncx q[0],q[1];\ncx q[1],q[0];\nh q[2];\nh q[2];\nh q[0];\nx q[1];\ncx q[2],q[0];\nh q[0];\nh q[0];", "pqc_circuit_qasm": "OPENQASM 2.0;\ninclude \"qelib1.inc\";\nqreg q[3];\nh q[0];\nh q[0];\ncx q[2],q[0];\nx q[1];\nh q[0];\nrz(1.1380985975265503) q[0];\nrx(3.1261050701141357) q[0];\nrz(2.8966526985168457) q[0];\nrz(2.5463523864746094) q[1];\nrx(1.6467745304107666) q[1];\nrz(1.1175822019577026) q[1];\nrz(0.6267175674438477) q[2];\nrx(0.9813206195831299) q[2];\nrz(-1.089904546737671) q[2];\nh q[2];\nh q[2];\ncx q[1],q[0];\ncx q[0],q[1];\nh q[2];\nrz(-0.213073268532753) q[0];\nrx(-1.3238998651504517) q[0];\nrz(-3.2552459239959717) q[0];\nrz(2.430636405944824) q[1];\nrx(-2.986279010772705) q[1];\nrz(-1.4116065502166748) q[1];\nrz(2.872011184692383) q[2];\nrx(-3.6187517642974854) q[2];\nrz(1.1382558345794678) q[2];\nh q[2];\ncx q[0],q[1];\ncx q[1],q[0];\nh q[2];\nh q[2];\nrz(-1.9556833505630493) q[0];\nrx(0.3264368772506714) q[0];\nrz(-2.6486504077911377) q[0];\nrz(0.5911626219749451) q[1];\nrx(-1.3284884691238403) q[1];\nrz(-2.8380813598632812) q[1];\nrz(0.20304903388023376) q[2];\nrx(-3.568211555480957) q[2];\nrz(-1.5351020097732544) q[2];\nh q[0];\nx q[1];\ncx q[2],q[0];\nh q[0];\nh q[0];\nrz(-2.163099765777588) q[0];\nrx(0.019289128482341766) q[0];\nrz(1.6413788795471191) q[0];\nrz(2.372673988342285) q[1];\nrx(-0.8144961595535278) q[1];\nrz(-0.7914406061172485) q[1];\nrz(-2.7498607635498047) q[2];\nrx(0.09455359727144241) q[2];\nrz(1.0045660734176636) q[2];"}