{"seed": 55, "fidelity": 0.9955354928970337, "pqc_params": [[[-2.1794724464416504, 1.1852359771728516, 3.2035207748413086], [-1.7626315355300903, -1.4711576700210571, 2.270279884338379], [-2.780730724334717, 1.2867647409439087, 1.3914352655410767]], [[3.271411418914795, -3.0393435955047607, -2.2015464305877686], [-2.345771551132202, 0.00426056981086731, -0.890909731388092], [-1.4404144287109375, 2.0737459659576416, -0.11585815250873566]], [[-2.8463194370269775, -0.06250578165054321, 1.4985233545303345], [-0.602012038230896, 2.25339674949646, -1.5577718019485474], [-2.755734920501709, -0.9909420609474182, -1.2329506874084473]], [[-2.5082619190216064, -1.850429892539978, -0.8396176099777222], [-1.7843300104141235, 2.292767286300659, -1.6370314359664917], [0.7169315218925476, -3.1830005645751953, 3.1903884410858154]]], "base_circuit_tokens": [["h", [2], []], ["cx", [1, 2], []], ["h", [1], []], ["x", [2], []], ["cx", [1, 2], []], ["x", [2], []], ["h", [1], []], ["h", [2], []], ["x", [2], []], ["cx", [0, 1], []], ["cx", [0, 1], []], ["x", [2], []], ["h", [2], []], ["h", [1], []], ["x", [2], []], ["cx", [1, 2], []], ["x", [2], []], ["h", [1], []], ["cx", [1, 2], []], ["h", [2], []]], "pqc_circuit_tokens": [["h", [2], []], ["cx", [1, 2], []], ["h", [1], []], ["x", [2], []], ["cx", [1, 2], []], ["rz", [0], [-2.1794724464416504]], ["rx", [0], [1.1852359771728516]], ["rz", [0], [3.2035207748413086]], ["rz", [1], [-1.7626315355300903]], ["rx", [1], [-1.4711576700210571]], ["rz", [1], [2.270279884338379]], ["rz", [2], [-2.780730724334717]], ["rx", [2], [1.2867647409439087]], ["rz", [2], [1.3914352655410767]], ["x", [2], []], ["h", [1], []], ["h", [2], []], ["x", [2], []], ["cx", [0, 1], []], ["rz", [0], [3.271411418914795]], ["rx", [0], [-3.0393435955047607]], ["rz", [0], [-2.2015464305877686]], ["rz", [1], [-2.345771551132202]], ["rx", [1], [0.00426056981086731]], ["rz", [1], [-0.890909731388092]], ["rz", [2], [-1.4404144287109375]], ["rx", [2], [2.0737459659576416]], ["rz", [2], [-0.11585815250873566]], ["cx", [0, 1], []], ["x", [2], []], ["h", [2], []], ["h", [1], []], ["x", [2], []], ["rz", [0], [-2.8463194370269775]], ["rx", [0], [-0.06250578165054321]], ["rz", [0], [1.4985233545303345]], ["rz", [1], [-0.602012038230896]], ["rx", [1], [2.25339674949646]], ["rz", [1], [-1.5577718019485474]], ["rz", [2], [-2.755734920501709]], ["rx", [2], [-0.9909420609474182]], ["rz", [2], [-1.2329506874084473]], ["cx", [1, 2], []], ["x", [2], []], ["h", [1], []], ["cx", [1, 2], []], ["h", [2], []], ["rz", [0], [-2.5082619190216064]], ["rx", [0], [-1.850429892539978]], ["rz", [0], [-0.8396176099777222]], ["rz", [1], [-1.7843300104141235]], ["rx", [1], [2.292767286300659]], ["rz", [1], [-1.6370314359664917]], ["rz", [2], [0.7169315218925476]], ["rx", [2], [-3.1830005645751953]], ["rz", [2], [3.1903884410858154]]], "base_circuit_qasm": "OPENQASM 2.0;\ninclude \"qelib1.inc\";\nqreg q[3];\nh q[2];\ncx q[1],q[2];\nh q[1];\nx q[2];\ncx q[1],q[2];\nx q[2];\nh q[1];\nh q[2];\nx q[2];\ncx q[0],q[1];\ncx q[0],q[1];\nx q[2];\nh q[2];\nh q[1];\nx q[2];\ncx q[1],q[2];\nx q[2];\nh q[1];\ncx q[1],q[2];\nh q[2];", "pqc_circuit_qasm": "OPENQASM 2.0;\ninclude \"qelib1.inc\";\nqreg q[3];\nh q[2];\ncx q[1],q[2];\nh q[1];\nx q[2];\ncx q[1],q[2];\nrz(-2.1794724464416504) q[0];\nrx(1.1852359771728516) q[0];\nrz(3.2035207748413086) q[0];\nrz(-1.7626315355300903) q[1];\nrx(-1.4711576700210571) q[1];\nrz(2.270279884338379) q[1];\nrz(-2.780730724334717) q[2];\nrx(1.2867647409439087) q[2];\nrz(1.3914352655410767) q[2];\nx q[2];\nh q[1];\nh q[2];\nx q[2];\ncx q[0],q[1];\nrz(3.271411418914795) q[0];\nrx(-3.0393435955047607) q[0];\nrz(-2.2015464305877686) q[0];\nrz(-2.345771551132202) q[1];\nrx(0.00426056981086731) q[1];\nrz(-0.890909731388092) q[1];\nrz(-1.4404144287109375) q[2];\nrx(2.0737459659576416) q[2];\nrz(-0.11585815250873566) q[2];\ncx q[0],q[1];\nx q[2];\nh q[2];\nh q[1];\nx q[2];\nrz(-2.8463194370269775) q[0];\nrx(-0.06250578165054321) q[0];\nrz(1.4985233545303345) q[0];\nrz(-0.602012038230896) q[1];\nrx(2.25339674949646) q[1];\nrz(-1.5577718019485474) q[1];\nrz(-2.755734920501709) q[2];\nrx(-0.9909420609474182) q[2];\nrz(-1.2329506874084473) q[2];\ncx q[1],q[2];\nx q[2];\nh q[1];\ncx q[1],q[2];\nh q[2];\nrz(-2.5082619190216064) q[0];\nrx(-1.850429892539978) q[0];\nrz(-0.8396176099777222) q[0];\nrz(-1.7843300104141235) q[1];\nrx(2.292767286300659) q[1];\nrz(-1.6370314359664917) q[1];\nrz(0.7169315218925476) q[2];\nrx(-3.1830005645751953) q[2];\nrz(3.1903884410858154) q[2];"}