{"seed": 567, "fidelity": 0.9887052774429321, "pqc_params": [[[-2.0512897968292236, -2.9623939990997314, 0.28362542390823364], [1.290578007698059, 0.5824661254882812, 1.3767637014389038], [-0.007570784073323011, -1.2350188493728638, 2.795848846435547]], [[-2.296154022216797, 3.1494431495666504, 4.091723918914795], [-1.3736830949783325, 0.022435355931520462, -2.067779064178467], [0.5725225210189819, -0.7536808848381042, -0.501144528388977]], [[-4.102989196777344, -2.7079291343688965, -2.187199354171753], [1.427438497543335, -0.6073455810546875, -1.1084237098693848], [-2.480989456176758, -0.3631558418273926, -0.8401196002960205]], [[-0.1031273603439331, -0.11212500929832458, -1.0337103605270386], [-1.5691111087799072, -2.918854236602783, 2.2599704265594482], [-0.10262244194746017, -2.3243231773376465, -0.003857263596728444]]], "base_circuit_tokens": [["h", [1], []], ["h", [1], []], ["cx", [0, 2], []], ["cx", [1, 2], []], ["x", [0], []], ["h", [0], []], ["h", [2], []], ["cx", [1, 0], []], ["h", [1], []], ["h", [2], []], ["h", [2], []], ["h", [1], []], ["cx", [1, 0], []], ["h", [2], []], ["h", [0], []], ["x", [0], []], ["cx", [1, 2], []], ["cx", [0, 2], []], ["h", [1], []], ["h", [1], []]], "pqc_circuit_tokens": [["h", [1], []], ["h", [1], []], ["cx", [0, 2], []], ["cx", [1, 2], []], ["x", [0], []], ["rz", [0], [-2.0512897968292236]], ["rx", [0], [-2.9623939990997314]], ["rz", [0], [0.28362542390823364]], ["rz", [1], [1.290578007698059]], ["rx", [1], [0.5824661254882812]], ["rz", [1], [1.3767637014389038]], ["rz", [2], [-0.007570784073323011]], ["rx", [2], [-1.2350188493728638]], ["rz", [2], [2.795848846435547]], ["h", [0], []], ["h", [2], []], ["cx", [1, 0], []], ["h", [1], []], ["h", [2], []], ["rz", [0], [-2.296154022216797]], ["rx", [0], [3.1494431495666504]], ["rz", [0], [4.091723918914795]], ["rz", [1], [-1.3736830949783325]], ["rx", [1], [0.022435355931520462]], ["rz", [1], [-2.067779064178467]], ["rz", [2], [0.5725225210189819]], ["rx", [2], [-0.7536808848381042]], ["rz", [2], [-0.501144528388977]], ["h", [2], []], ["h", [1], []], ["cx", [1, 0], []], ["h", [2], []], ["h", [0], []], ["rz", [0], [-4.102989196777344]], ["rx", [0], [-2.7079291343688965]], ["rz", [0], [-2.187199354171753]], ["rz", [1], [1.427438497543335]], ["rx", [1], [-0.6073455810546875]], ["rz", [1], [-1.1084237098693848]], ["rz", [2], [-2.480989456176758]], ["rx", [2], [-0.3631558418273926]], ["rz", [2], [-0.8401196002960205]], ["x", [0], []], ["cx", [1, 2], []], ["cx", [0, 2], []], ["h", [1], []], ["h", [1], []], ["rz", [0], [-0.1031273603439331]], ["rx", [0], [-0.11212500929832458]], ["rz", [0], [-1.0337103605270386]], ["rz", [1], [-1.5691111087799072]], ["rx", [1], [-2.918854236602783]], ["rz", [1], [2.2599704265594482]], ["rz", [2], [-0.10262244194746017]], ["rx", [2], [-2.3243231773376465]], ["rz", [2], [-0.003857263596728444]]], "base_circuit_qasm": "OPENQASM 2.0;\ninclude \"qelib1.inc\";\nqreg q[3];\nh q[1];\nh q[1];\ncx q[0],q[2];\ncx q[1],q[2];\nx q[0];\nh q[0];\nh q[2];\ncx q[1],q[0];\nh q[1];\nh q[2];\nh q[2];\nh q[1];\ncx q[1],q[0];\nh q[2];\nh q[0];\nx q[0];\ncx q[1],q[2];\ncx q[0],q[2];\nh q[1];\nh q[1];", "pqc_circuit_qasm": "OPENQASM 2.0;\ninclude \"qelib1.inc\";\nqreg q[3];\nh q[1];\nh q[1];\ncx q[0],q[2];\ncx q[1],q[2];\nx q[0];\nrz(-2.0512897968292236) q[0];\nrx(-2.9623939990997314) q[0];\nrz(0.28362542390823364) q[0];\nrz(1.290578007698059) q[1];\nrx(0.5824661254882812) q[1];\nrz(1.3767637014389038) q[1];\nrz(-0.007570784073323011) q[2];\nrx(-1.2350188493728638) q[2];\nrz(2.795848846435547) q[2];\nh q[0];\nh q[2];\ncx q[1],q[0];\nh q[1];\nh q[2];\nrz(-2.296154022216797) q[0];\nrx(3.1494431495666504) q[0];\nrz(4.091723918914795) q[0];\nrz(-1.3736830949783325) q[1];\nrx(0.022435355931520462) q[1];\nrz(-2.067779064178467) q[1];\nrz(0.5725225210189819) q[2];\nrx(-0.7536808848381042) q[2];\nrz(-0.501144528388977) q[2];\nh q[2];\nh q[1];\ncx q[1],q[0];\nh q[2];\nh q[0];\nrz(-4.102989196777344) q[0];\nrx(-2.7079291343688965) q[0];\nrz(-2.187199354171753) q[0];\nrz(1.427438497543335) q[1];\nrx(-0.6073455810546875) q[1];\nrz(-1.1084237098693848) q[1];\nrz(-2.480989456176758) q[2];\nrx(-0.3631558418273926) q[2];\nrz(-0.8401196002960205) q[2];\nx q[0];\ncx q[1],q[2];\ncx q[0],q[2];\nh q[1];\nh q[1];\nrz(-0.1031273603439331) q[0];\nrx(-0.11212500929832458) q[0];\nrz(-1.0337103605270386) q[0];\nrz(-1.5691111087799072) q[1];\nrx(-2.918854236602783) q[1];\nrz(2.2599704265594482) q[1];\nrz(-0.10262244194746017) q[2];\nrx(-2.3243231773376465) q[2];\nrz(-0.003857263596728444) q[2];"}