{"seed": 576, "fidelity": 0.9765793085098267, "pqc_params": [[[-1.8017528057098389, 2.038609027862549, -1.0553773641586304], [3.075831174850464, -0.9157180190086365, 2.211333990097046], [3.6407861709594727, -1.9110112190246582, 0.054080791771411896]], [[1.269147276878357, -3.160865068435669, 1.7824219465255737], [-0.5948851704597473, -0.2803669571876526, -0.5062445998191833], [-0.2919950485229492, 1.8678338527679443, -2.4408037662506104]], [[-0.20091044902801514, -3.132796287536621, 1.5392059087753296], [-1.6868616342544556, -3.8450891971588135, 1.9857269525527954], [-0.11681131273508072, -0.29453909397125244, 0.9552394151687622]], [[2.127370595932007, 2.2143266201019287, -1.5234442949295044], [2.556591033935547, 0.26971420645713806, -3.4807748794555664], [1.6197806596755981, 0.006284879986196756, 1.4052449464797974]]], "base_circuit_tokens": [["cx", [2, 1], []], ["x", [2], []], ["h", [0], []], ["h", [0], []], ["cx", [1, 2], []], ["h", [2], []], ["cx", [0, 1], []], ["h", [2], []], ["h", [1], []], ["x", [0], []], ["x", [0], []], ["h", [1], []], ["h", [2], []], ["cx", [0, 1], []], ["h", [2], []], ["cx", [1, 2], []], ["h", [0], []], ["h", [0], []], ["x", [2], []], ["cx", [2, 1], []]], "pqc_circuit_tokens": [["cx", [2, 1], []], ["x", [2], []], ["h", [0], []], ["h", [0], []], ["cx", [1, 2], []], ["rz", [0], [-1.8017528057098389]], ["rx", [0], [2.038609027862549]], ["rz", [0], [-1.0553773641586304]], ["rz", [1], [3.075831174850464]], ["rx", [1], [-0.9157180190086365]], ["rz", [1], [2.211333990097046]], ["rz", [2], [3.6407861709594727]], ["rx", [2], [-1.9110112190246582]], ["rz", [2], [0.054080791771411896]], ["h", [2], []], ["cx", [0, 1], []], ["h", [2], []], ["h", [1], []], ["x", [0], []], ["rz", [0], [1.269147276878357]], ["rx", [0], [-3.160865068435669]], ["rz", [0], [1.7824219465255737]], ["rz", [1], [-0.5948851704597473]], ["rx", [1], [-0.2803669571876526]], ["rz", [1], [-0.5062445998191833]], ["rz", [2], [-0.2919950485229492]], ["rx", [2], [1.8678338527679443]], ["rz", [2], [-2.4408037662506104]], ["x", [0], []], ["h", [1], []], ["h", [2], []], ["cx", [0, 1], []], ["h", [2], []], ["rz", [0], [-0.20091044902801514]], ["rx", [0], [-3.132796287536621]], ["rz", [0], [1.5392059087753296]], ["rz", [1], [-1.6868616342544556]], ["rx", [1], [-3.8450891971588135]], ["rz", [1], [1.9857269525527954]], ["rz", [2], [-0.11681131273508072]], ["rx", [2], [-0.29453909397125244]], ["rz", [2], [0.9552394151687622]], ["cx", [1, 2], []], ["h", [0], []], ["h", [0], []], ["x", [2], []], ["cx", [2, 1], []], ["rz", [0], [2.127370595932007]], ["rx", [0], [2.2143266201019287]], ["rz", [0], [-1.5234442949295044]], ["rz", [1], [2.556591033935547]], ["rx", [1], [0.26971420645713806]], ["rz", [1], [-3.4807748794555664]], ["rz", [2], [1.6197806596755981]], ["rx", [2], [0.006284879986196756]], ["rz", [2], [1.4052449464797974]]], "base_circuit_qasm": "OPENQASM 2.0;\ninclude \"qelib1.inc\";\nqreg q[3];\ncx q[2],q[1];\nx q[2];\nh q[0];\nh q[0];\ncx q[1],q[2];\nh q[2];\ncx q[0],q[1];\nh q[2];\nh q[1];\nx q[0];\nx q[0];\nh q[1];\nh q[2];\ncx q[0],q[1];\nh q[2];\ncx q[1],q[2];\nh q[0];\nh q[0];\nx q[2];\ncx q[2],q[1];", "pqc_circuit_qasm": "OPENQASM 2.0;\ninclude \"qelib1.inc\";\nqreg q[3];\ncx q[2],q[1];\nx q[2];\nh q[0];\nh q[0];\ncx q[1],q[2];\nrz(-1.8017528057098389) q[0];\nrx(2.038609027862549) q[0];\nrz(-1.0553773641586304) q[0];\nrz(3.075831174850464) q[1];\nrx(-0.9157180190086365) q[1];\nrz(2.211333990097046) q[1];\nrz(3.6407861709594727) q[2];\nrx(-1.9110112190246582) q[2];\nrz(0.054080791771411896) q[2];\nh q[2];\ncx q[0],q[1];\nh q[2];\nh q[1];\nx q[0];\nrz(1.269147276878357) q[0];\nrx(-3.160865068435669) q[0];\nrz(1.7824219465255737) q[0];\nrz(-0.5948851704597473) q[1];\nrx(-0.2803669571876526) q[1];\nrz(-0.5062445998191833) q[1];\nrz(-0.2919950485229492) q[2];\nrx(1.8678338527679443) q[2];\nrz(-2.4408037662506104) q[2];\nx q[0];\nh q[1];\nh q[2];\ncx q[0],q[1];\nh q[2];\nrz(-0.20091044902801514) q[0];\nrx(-3.132796287536621) q[0];\nrz(1.5392059087753296) q[0];\nrz(-1.6868616342544556) q[1];\nrx(-3.8450891971588135) q[1];\nrz(1.9857269525527954) q[1];\nrz(-0.11681131273508072) q[2];\nrx(-0.29453909397125244) q[2];\nrz(0.9552394151687622) q[2];\ncx q[1],q[2];\nh q[0];\nh q[0];\nx q[2];\ncx q[2],q[1];\nrz(2.127370595932007) q[0];\nrx(2.2143266201019287) q[0];\nrz(-1.5234442949295044) q[0];\nrz(2.556591033935547) q[1];\nrx(0.26971420645713806) q[1];\nrz(-3.4807748794555664) q[1];\nrz(1.6197806596755981) q[2];\nrx(0.006284879986196756) q[2];\nrz(1.4052449464797974) q[2];"}