{"seed": 580, "fidelity": 0.9805340766906738, "pqc_params": [[[-2.613570213317871, -1.1508910655975342, 0.9401360154151917], [-1.0197362899780273, -2.8352110385894775, 0.3700079619884491], [-2.101614236831665, -0.2384105622768402, -2.95747971534729]], [[1.4252489805221558, -3.1426467895507812, -0.5667140483856201], [-0.7173126339912415, -3.1396684646606445, -0.6075267195701599], [0.6969248056411743, -3.193835735321045, 1.2586604356765747]], [[0.43029725551605225, 1.0856342315673828, 0.5691534280776978], [-0.656353235244751, 3.5195837020874023, 1.1226048469543457], [0.3565368950366974, -3.4996519088745117, -0.010751187801361084]], [[-1.8484951257705688, -0.8877820372581482, 2.9504127502441406], [-0.547295331954956, 2.5189249515533447, -0.6598504781723022], [-2.098057270050049, 3.1896865367889404, -0.23640142381191254]]], "base_circuit_tokens": [["x", [0], []], ["h", [1], []], ["cx", [2, 1], []], ["cx", [2, 1], []], ["x", [1], []], ["x", [2], []], ["h", [2], []], ["h", [1], []], ["cx", [0, 1], []], ["cx", [2, 1], []], ["cx", [2, 1], []], ["cx", [0, 1], []], ["h", [1], []], ["h", [2], []], ["x", [2], []], ["x", [1], []], ["cx", [2, 1], []], ["cx", [2, 1], []], ["h", [1], []], ["x", [0], []]], "pqc_circuit_tokens": [["x", [0], []], ["h", [1], []], ["cx", [2, 1], []], ["cx", [2, 1], []], ["x", [1], []], ["rz", [0], [-2.613570213317871]], ["rx", [0], [-1.1508910655975342]], ["rz", [0], [0.9401360154151917]], ["rz", [1], [-1.0197362899780273]], ["rx", [1], [-2.8352110385894775]], ["rz", [1], [0.3700079619884491]], ["rz", [2], [-2.101614236831665]], ["rx", [2], [-0.2384105622768402]], ["rz", [2], [-2.95747971534729]], ["x", [2], []], ["h", [2], []], ["h", [1], []], ["cx", [0, 1], []], ["cx", [2, 1], []], ["rz", [0], [1.4252489805221558]], ["rx", [0], [-3.1426467895507812]], ["rz", [0], [-0.5667140483856201]], ["rz", [1], [-0.7173126339912415]], ["rx", [1], [-3.1396684646606445]], ["rz", [1], [-0.6075267195701599]], ["rz", [2], [0.6969248056411743]], ["rx", [2], [-3.193835735321045]], ["rz", [2], [1.2586604356765747]], ["cx", [2, 1], []], ["cx", [0, 1], []], ["h", [1], []], ["h", [2], []], ["x", [2], []], ["rz", [0], [0.43029725551605225]], ["rx", [0], [1.0856342315673828]], ["rz", [0], [0.5691534280776978]], ["rz", [1], [-0.656353235244751]], ["rx", [1], [3.5195837020874023]], ["rz", [1], [1.1226048469543457]], ["rz", [2], [0.3565368950366974]], ["rx", [2], [-3.4996519088745117]], ["rz", [2], [-0.010751187801361084]], ["x", [1], []], ["cx", [2, 1], []], ["cx", [2, 1], []], ["h", [1], []], ["x", [0], []], ["rz", [0], [-1.8484951257705688]], ["rx", [0], [-0.8877820372581482]], ["rz", [0], [2.9504127502441406]], ["rz", [1], [-0.547295331954956]], ["rx", [1], [2.5189249515533447]], ["rz", [1], [-0.6598504781723022]], ["rz", [2], [-2.098057270050049]], ["rx", [2], [3.1896865367889404]], ["rz", [2], [-0.23640142381191254]]], "base_circuit_qasm": "OPENQASM 2.0;\ninclude \"qelib1.inc\";\nqreg q[3];\nx q[0];\nh q[1];\ncx q[2],q[1];\ncx q[2],q[1];\nx q[1];\nx q[2];\nh q[2];\nh q[1];\ncx q[0],q[1];\ncx q[2],q[1];\ncx q[2],q[1];\ncx q[0],q[1];\nh q[1];\nh q[2];\nx q[2];\nx q[1];\ncx q[2],q[1];\ncx q[2],q[1];\nh q[1];\nx q[0];", "pqc_circuit_qasm": "OPENQASM 2.0;\ninclude \"qelib1.inc\";\nqreg q[3];\nx q[0];\nh q[1];\ncx q[2],q[1];\ncx q[2],q[1];\nx q[1];\nrz(-2.613570213317871) q[0];\nrx(-1.1508910655975342) q[0];\nrz(0.9401360154151917) q[0];\nrz(-1.0197362899780273) q[1];\nrx(-2.8352110385894775) q[1];\nrz(0.3700079619884491) q[1];\nrz(-2.101614236831665) q[2];\nrx(-0.2384105622768402) q[2];\nrz(-2.95747971534729) q[2];\nx q[2];\nh q[2];\nh q[1];\ncx q[0],q[1];\ncx q[2],q[1];\nrz(1.4252489805221558) q[0];\nrx(-3.1426467895507812) q[0];\nrz(-0.5667140483856201) q[0];\nrz(-0.7173126339912415) q[1];\nrx(-3.1396684646606445) q[1];\nrz(-0.6075267195701599) q[1];\nrz(0.6969248056411743) q[2];\nrx(-3.193835735321045) q[2];\nrz(1.2586604356765747) q[2];\ncx q[2],q[1];\ncx q[0],q[1];\nh q[1];\nh q[2];\nx q[2];\nrz(0.43029725551605225) q[0];\nrx(1.0856342315673828) q[0];\nrz(0.5691534280776978) q[0];\nrz(-0.656353235244751) q[1];\nrx(3.5195837020874023) q[1];\nrz(1.1226048469543457) q[1];\nrz(0.3565368950366974) q[2];\nrx(-3.4996519088745117) q[2];\nrz(-0.010751187801361084) q[2];\nx q[1];\ncx q[2],q[1];\ncx q[2],q[1];\nh q[1];\nx q[0];\nrz(-1.8484951257705688) q[0];\nrx(-0.8877820372581482) q[0];\nrz(2.9504127502441406) q[0];\nrz(-0.547295331954956) q[1];\nrx(2.5189249515533447) q[1];\nrz(-0.6598504781723022) q[1];\nrz(-2.098057270050049) q[2];\nrx(3.1896865367889404) q[2];\nrz(-0.23640142381191254) q[2];"}