{"seed": 589, "fidelity": 0.9997435808181763, "pqc_params": [[[2.657745838165283, -1.7914609909057617, -1.222682237625122], [-1.463077425956726, 2.8381917476654053, -2.5478932857513428], [-3.2099499702453613, 1.1032124757766724, -2.5450425148010254]], [[-0.5228068232536316, 3.212181806564331, -0.4227621257305145], [-1.39877450466156, -3.1420907974243164, 1.8480514287948608], [-0.23266178369522095, -2.477750539779663, 1.2117379903793335]], [[0.9466978311538696, -3.4992563724517822, -2.645061492919922], [-2.0378942489624023, 2.7138328552246094, 2.3636083602905273], [-1.1534793376922607, 1.4690682888031006, 0.5889065861701965]], [[1.6989774703979492, -0.1765281856060028, -0.4623391926288605], [-3.0589892864227295, 0.09107723087072372, 2.187798023223877], [-2.6406378746032715, -2.9850385189056396, 1.3555493354797363]]], "base_circuit_tokens": [["h", [1], []], ["x", [2], []], ["h", [0], []], ["x", [1], []], ["cx", [2, 1], []], ["h", [0], []], ["h", [0], []], ["h", [2], []], ["cx", [0, 1], []], ["h", [0], []], ["h", [0], []], ["cx", [0, 1], []], ["h", [2], []], ["h", [0], []], ["h", [0], []], ["cx", [2, 1], []], ["x", [1], []], ["h", [0], []], ["x", [2], []], ["h", [1], []]], "pqc_circuit_tokens": [["h", [1], []], ["x", [2], []], ["h", [0], []], ["x", [1], []], ["cx", [2, 1], []], ["rz", [0], [2.657745838165283]], ["rx", [0], [-1.7914609909057617]], ["rz", [0], [-1.222682237625122]], ["rz", [1], [-1.463077425956726]], ["rx", [1], [2.8381917476654053]], ["rz", [1], [-2.5478932857513428]], ["rz", [2], [-3.2099499702453613]], ["rx", [2], [1.1032124757766724]], ["rz", [2], [-2.5450425148010254]], ["h", [0], []], ["h", [0], []], ["h", [2], []], ["cx", [0, 1], []], ["h", [0], []], ["rz", [0], [-0.5228068232536316]], ["rx", [0], [3.212181806564331]], ["rz", [0], [-0.4227621257305145]], ["rz", [1], [-1.39877450466156]], ["rx", [1], [-3.1420907974243164]], ["rz", [1], [1.8480514287948608]], ["rz", [2], [-0.23266178369522095]], ["rx", [2], [-2.477750539779663]], ["rz", [2], [1.2117379903793335]], ["h", [0], []], ["cx", [0, 1], []], ["h", [2], []], ["h", [0], []], ["h", [0], []], ["rz", [0], [0.9466978311538696]], ["rx", [0], [-3.4992563724517822]], ["rz", [0], [-2.645061492919922]], ["rz", [1], [-2.0378942489624023]], ["rx", [1], [2.7138328552246094]], ["rz", [1], [2.3636083602905273]], ["rz", [2], [-1.1534793376922607]], ["rx", [2], [1.4690682888031006]], ["rz", [2], [0.5889065861701965]], ["cx", [2, 1], []], ["x", [1], []], ["h", [0], []], ["x", [2], []], ["h", [1], []], ["rz", [0], [1.6989774703979492]], ["rx", [0], [-0.1765281856060028]], ["rz", [0], [-0.4623391926288605]], ["rz", [1], [-3.0589892864227295]], ["rx", [1], [0.09107723087072372]], ["rz", [1], [2.187798023223877]], ["rz", [2], [-2.6406378746032715]], ["rx", [2], [-2.9850385189056396]], ["rz", [2], [1.3555493354797363]]], "base_circuit_qasm": "OPENQASM 2.0;\ninclude \"qelib1.inc\";\nqreg q[3];\nh q[1];\nx q[2];\nh q[0];\nx q[1];\ncx q[2],q[1];\nh q[0];\nh q[0];\nh q[2];\ncx q[0],q[1];\nh q[0];\nh q[0];\ncx q[0],q[1];\nh q[2];\nh q[0];\nh q[0];\ncx q[2],q[1];\nx q[1];\nh q[0];\nx q[2];\nh q[1];", "pqc_circuit_qasm": "OPENQASM 2.0;\ninclude \"qelib1.inc\";\nqreg q[3];\nh q[1];\nx q[2];\nh q[0];\nx q[1];\ncx q[2],q[1];\nrz(2.657745838165283) q[0];\nrx(-1.7914609909057617) q[0];\nrz(-1.222682237625122) q[0];\nrz(-1.463077425956726) q[1];\nrx(2.8381917476654053) q[1];\nrz(-2.5478932857513428) q[1];\nrz(-3.2099499702453613) q[2];\nrx(1.1032124757766724) q[2];\nrz(-2.5450425148010254) q[2];\nh q[0];\nh q[0];\nh q[2];\ncx q[0],q[1];\nh q[0];\nrz(-0.5228068232536316) q[0];\nrx(3.212181806564331) q[0];\nrz(-0.4227621257305145) q[0];\nrz(-1.39877450466156) q[1];\nrx(-3.1420907974243164) q[1];\nrz(1.8480514287948608) q[1];\nrz(-0.23266178369522095) q[2];\nrx(-2.477750539779663) q[2];\nrz(1.2117379903793335) q[2];\nh q[0];\ncx q[0],q[1];\nh q[2];\nh q[0];\nh q[0];\nrz(0.9466978311538696) q[0];\nrx(-3.4992563724517822) q[0];\nrz(-2.645061492919922) q[0];\nrz(-2.0378942489624023) q[1];\nrx(2.7138328552246094) q[1];\nrz(2.3636083602905273) q[1];\nrz(-1.1534793376922607) q[2];\nrx(1.4690682888031006) q[2];\nrz(0.5889065861701965) q[2];\ncx q[2],q[1];\nx q[1];\nh q[0];\nx q[2];\nh q[1];\nrz(1.6989774703979492) q[0];\nrx(-0.1765281856060028) q[0];\nrz(-0.4623391926288605) q[0];\nrz(-3.0589892864227295) q[1];\nrx(0.09107723087072372) q[1];\nrz(2.187798023223877) q[1];\nrz(-2.6406378746032715) q[2];\nrx(-2.9850385189056396) q[2];\nrz(1.3555493354797363) q[2];"}