{"seed": 59, "fidelity": 0.9977509379386902, "pqc_params": [[[-0.9410403370857239, -3.1318676471710205, -0.2517826557159424], [1.2390930652618408, 2.3446407318115234, 2.901232957839966], [0.530177116394043, 2.5109643936157227, -2.0080134868621826]], [[-2.971566915512085, -2.789546012878418, -3.0490520000457764], [2.6230521202087402, -2.832090377807617, 3.204716444015503], [-1.1804918050765991, -1.7021814584732056, -0.9020085334777832]], [[2.6832876205444336, -3.142098903656006, 2.3809642791748047], [-0.5923224091529846, -2.8897624015808105, -2.139492988586426], [1.5509693622589111, -2.389343738555908, -0.03300368785858154]], [[-0.13078422844409943, 2.8183767795562744, -0.026032717898488045], [1.6855961084365845, 0.2535025179386139, 1.1322187185287476], [-0.1463736742734909, -0.1829586625099182, -3.299571990966797]]], "base_circuit_tokens": [["h", [2], []], ["cx", [1, 0], []], ["cx", [2, 1], []], ["h", [2], []], ["cx", [0, 2], []], ["x", [0], []], ["x", [1], []], ["h", [2], []], ["cx", [0, 1], []], ["h", [1], []], ["h", [1], []], ["cx", [0, 1], []], ["h", [2], []], ["x", [1], []], ["x", [0], []], ["cx", [0, 2], []], ["h", [2], []], ["cx", [2, 1], []], ["cx", [1, 0], []], ["h", [2], []]], "pqc_circuit_tokens": [["h", [2], []], ["cx", [1, 0], []], ["cx", [2, 1], []], ["h", [2], []], ["cx", [0, 2], []], ["rz", [0], [-0.9410403370857239]], ["rx", [0], [-3.1318676471710205]], ["rz", [0], [-0.2517826557159424]], ["rz", [1], [1.2390930652618408]], ["rx", [1], [2.3446407318115234]], ["rz", [1], [2.901232957839966]], ["rz", [2], [0.530177116394043]], ["rx", [2], [2.5109643936157227]], ["rz", [2], [-2.0080134868621826]], ["x", [0], []], ["x", [1], []], ["h", [2], []], ["cx", [0, 1], []], ["h", [1], []], ["rz", [0], [-2.971566915512085]], ["rx", [0], [-2.789546012878418]], ["rz", [0], [-3.0490520000457764]], ["rz", [1], [2.6230521202087402]], ["rx", [1], [-2.832090377807617]], ["rz", [1], [3.204716444015503]], ["rz", [2], [-1.1804918050765991]], ["rx", [2], [-1.7021814584732056]], ["rz", [2], [-0.9020085334777832]], ["h", [1], []], ["cx", [0, 1], []], ["h", [2], []], ["x", [1], []], ["x", [0], []], ["rz", [0], [2.6832876205444336]], ["rx", [0], [-3.142098903656006]], ["rz", [0], [2.3809642791748047]], ["rz", [1], [-0.5923224091529846]], ["rx", [1], [-2.8897624015808105]], ["rz", [1], [-2.139492988586426]], ["rz", [2], [1.5509693622589111]], ["rx", [2], [-2.389343738555908]], ["rz", [2], [-0.03300368785858154]], ["cx", [0, 2], []], ["h", [2], []], ["cx", [2, 1], []], ["cx", [1, 0], []], ["h", [2], []], ["rz", [0], [-0.13078422844409943]], ["rx", [0], [2.8183767795562744]], ["rz", [0], [-0.026032717898488045]], ["rz", [1], [1.6855961084365845]], ["rx", [1], [0.2535025179386139]], ["rz", [1], [1.1322187185287476]], ["rz", [2], [-0.1463736742734909]], ["rx", [2], [-0.1829586625099182]], ["rz", [2], [-3.299571990966797]]], "base_circuit_qasm": "OPENQASM 2.0;\ninclude \"qelib1.inc\";\nqreg q[3];\nh q[2];\ncx q[1],q[0];\ncx q[2],q[1];\nh q[2];\ncx q[0],q[2];\nx q[0];\nx q[1];\nh q[2];\ncx q[0],q[1];\nh q[1];\nh q[1];\ncx q[0],q[1];\nh q[2];\nx q[1];\nx q[0];\ncx q[0],q[2];\nh q[2];\ncx q[2],q[1];\ncx q[1],q[0];\nh q[2];", "pqc_circuit_qasm": "OPENQASM 2.0;\ninclude \"qelib1.inc\";\nqreg q[3];\nh q[2];\ncx q[1],q[0];\ncx q[2],q[1];\nh q[2];\ncx q[0],q[2];\nrz(-0.9410403370857239) q[0];\nrx(-3.1318676471710205) q[0];\nrz(-0.2517826557159424) q[0];\nrz(1.2390930652618408) q[1];\nrx(2.3446407318115234) q[1];\nrz(2.901232957839966) q[1];\nrz(0.530177116394043) q[2];\nrx(2.5109643936157227) q[2];\nrz(-2.0080134868621826) q[2];\nx q[0];\nx q[1];\nh q[2];\ncx q[0],q[1];\nh q[1];\nrz(-2.971566915512085) q[0];\nrx(-2.789546012878418) q[0];\nrz(-3.0490520000457764) q[0];\nrz(2.6230521202087402) q[1];\nrx(-2.832090377807617) q[1];\nrz(3.204716444015503) q[1];\nrz(-1.1804918050765991) q[2];\nrx(-1.7021814584732056) q[2];\nrz(-0.9020085334777832) q[2];\nh q[1];\ncx q[0],q[1];\nh q[2];\nx q[1];\nx q[0];\nrz(2.6832876205444336) q[0];\nrx(-3.142098903656006) q[0];\nrz(2.3809642791748047) q[0];\nrz(-0.5923224091529846) q[1];\nrx(-2.8897624015808105) q[1];\nrz(-2.139492988586426) q[1];\nrz(1.5509693622589111) q[2];\nrx(-2.389343738555908) q[2];\nrz(-0.03300368785858154) q[2];\ncx q[0],q[2];\nh q[2];\ncx q[2],q[1];\ncx q[1],q[0];\nh q[2];\nrz(-0.13078422844409943) q[0];\nrx(2.8183767795562744) q[0];\nrz(-0.026032717898488045) q[0];\nrz(1.6855961084365845) q[1];\nrx(0.2535025179386139) q[1];\nrz(1.1322187185287476) q[1];\nrz(-0.1463736742734909) q[2];\nrx(-0.1829586625099182) q[2];\nrz(-3.299571990966797) q[2];"}