{"seed": 60, "fidelity": 0.9990977644920349, "pqc_params": [[[-1.608189344406128, -0.3351078927516937, -0.9804760217666626], [1.6865874528884888, 3.061671018600464, -0.3856622278690338], [1.3550975322723389, 3.361588954925537, 0.5880872011184692]], [[-2.8293797969818115, -3.1283669471740723, 0.41774982213974], [0.4578663408756256, -0.1933964192867279, 1.4138810634613037], [2.2230184078216553, 0.0986771509051323, 1.4096877574920654]], [[-3.29349946975708, 1.9727972745895386, -0.43217965960502625], [0.3498710095882416, -1.1923460960388184, 0.08570612967014313], [-3.061115026473999, 0.3592129051685333, 0.9942852854728699]], [[-3.4634575843811035, -1.682815432548523, -0.1735062599182129], [1.2695285081863403, 0.44697678089141846, -0.3730223476886749], [-1.434500813484192, 0.005081133916974068, -1.8116778135299683]]], "base_circuit_tokens": [["h", [0], []], ["x", [0], []], ["h", [1], []], ["cx", [0, 2], []], ["h", [2], []], ["h", [0], []], ["cx", [1, 0], []], ["cx", [0, 1], []], ["cx", [2, 0], []], ["x", [2], []], ["x", [2], []], ["cx", [2, 0], []], ["cx", [0, 1], []], ["cx", [1, 0], []], ["h", [0], []], ["h", [2], []], ["cx", [0, 2], []], ["h", [1], []], ["x", [0], []], ["h", [0], []]], "pqc_circuit_tokens": [["h", [0], []], ["x", [0], []], ["h", [1], []], ["cx", [0, 2], []], ["h", [2], []], ["rz", [0], [-1.608189344406128]], ["rx", [0], [-0.3351078927516937]], ["rz", [0], [-0.9804760217666626]], ["rz", [1], [1.6865874528884888]], ["rx", [1], [3.061671018600464]], ["rz", [1], [-0.3856622278690338]], ["rz", [2], [1.3550975322723389]], ["rx", [2], [3.361588954925537]], ["rz", [2], [0.5880872011184692]], ["h", [0], []], ["cx", [1, 0], []], ["cx", [0, 1], []], ["cx", [2, 0], []], ["x", [2], []], ["rz", [0], [-2.8293797969818115]], ["rx", [0], [-3.1283669471740723]], ["rz", [0], [0.41774982213974]], ["rz", [1], [0.4578663408756256]], ["rx", [1], [-0.1933964192867279]], ["rz", [1], [1.4138810634613037]], ["rz", [2], [2.2230184078216553]], ["rx", [2], [0.0986771509051323]], ["rz", [2], [1.4096877574920654]], ["x", [2], []], ["cx", [2, 0], []], ["cx", [0, 1], []], ["cx", [1, 0], []], ["h", [0], []], ["rz", [0], [-3.29349946975708]], ["rx", [0], [1.9727972745895386]], ["rz", [0], [-0.43217965960502625]], ["rz", [1], [0.3498710095882416]], ["rx", [1], [-1.1923460960388184]], ["rz", [1], [0.08570612967014313]], ["rz", [2], [-3.061115026473999]], ["rx", [2], [0.3592129051685333]], ["rz", [2], [0.9942852854728699]], ["h", [2], []], ["cx", [0, 2], []], ["h", [1], []], ["x", [0], []], ["h", [0], []], ["rz", [0], [-3.4634575843811035]], ["rx", [0], [-1.682815432548523]], ["rz", [0], [-0.1735062599182129]], ["rz", [1], [1.2695285081863403]], ["rx", [1], [0.44697678089141846]], ["rz", [1], [-0.3730223476886749]], ["rz", [2], [-1.434500813484192]], ["rx", [2], [0.005081133916974068]], ["rz", [2], [-1.8116778135299683]]], "base_circuit_qasm": "OPENQASM 2.0;\ninclude \"qelib1.inc\";\nqreg q[3];\nh q[0];\nx q[0];\nh q[1];\ncx q[0],q[2];\nh q[2];\nh q[0];\ncx q[1],q[0];\ncx q[0],q[1];\ncx q[2],q[0];\nx q[2];\nx q[2];\ncx q[2],q[0];\ncx q[0],q[1];\ncx q[1],q[0];\nh q[0];\nh q[2];\ncx q[0],q[2];\nh q[1];\nx q[0];\nh q[0];", "pqc_circuit_qasm": "OPENQASM 2.0;\ninclude \"qelib1.inc\";\nqreg q[3];\nh q[0];\nx q[0];\nh q[1];\ncx q[0],q[2];\nh q[2];\nrz(-1.608189344406128) q[0];\nrx(-0.3351078927516937) q[0];\nrz(-0.9804760217666626) q[0];\nrz(1.6865874528884888) q[1];\nrx(3.061671018600464) q[1];\nrz(-0.3856622278690338) q[1];\nrz(1.3550975322723389) q[2];\nrx(3.361588954925537) q[2];\nrz(0.5880872011184692) q[2];\nh q[0];\ncx q[1],q[0];\ncx q[0],q[1];\ncx q[2],q[0];\nx q[2];\nrz(-2.8293797969818115) q[0];\nrx(-3.1283669471740723) q[0];\nrz(0.41774982213974) q[0];\nrz(0.4578663408756256) q[1];\nrx(-0.1933964192867279) q[1];\nrz(1.4138810634613037) q[1];\nrz(2.2230184078216553) q[2];\nrx(0.0986771509051323) q[2];\nrz(1.4096877574920654) q[2];\nx q[2];\ncx q[2],q[0];\ncx q[0],q[1];\ncx q[1],q[0];\nh q[0];\nrz(-3.29349946975708) q[0];\nrx(1.9727972745895386) q[0];\nrz(-0.43217965960502625) q[0];\nrz(0.3498710095882416) q[1];\nrx(-1.1923460960388184) q[1];\nrz(0.08570612967014313) q[1];\nrz(-3.061115026473999) q[2];\nrx(0.3592129051685333) q[2];\nrz(0.9942852854728699) q[2];\nh q[2];\ncx q[0],q[2];\nh q[1];\nx q[0];\nh q[0];\nrz(-3.4634575843811035) q[0];\nrx(-1.682815432548523) q[0];\nrz(-0.1735062599182129) q[0];\nrz(1.2695285081863403) q[1];\nrx(0.44697678089141846) q[1];\nrz(-0.3730223476886749) q[1];\nrz(-1.434500813484192) q[2];\nrx(0.005081133916974068) q[2];\nrz(-1.8116778135299683) q[2];"}