{"seed": 617, "fidelity": 0.987438976764679, "pqc_params": [[[-2.276965856552124, -0.3266032636165619, -0.8934335708618164], [0.48461470007896423, -0.9289715886116028, -0.11714819073677063], [0.19329611957073212, 1.5871798992156982, -0.7124210596084595]], [[0.3265519142150879, 3.05080246925354, 3.098766326904297], [3.045379400253296, -1.5493334531784058, 0.009142319671809673], [-0.10217958688735962, 1.7633092403411865, -3.139176368713379]], [[3.013932943344116, 1.207267165184021, -0.03709812089800835], [0.29215583205223083, 2.5759129524230957, -1.399215817451477], [-2.0771443843841553, -1.6949481964111328, -2.8921244144439697]], [[1.1023505926132202, -2.924267292022705, -3.1752614974975586], [1.012848138809204, 3.018897533416748, -1.4862699508666992], [2.3047597408294678, -3.0088613033294678, 2.6124682426452637]]], "base_circuit_tokens": [["x", [0], []], ["h", [0], []], ["h", [1], []], ["cx", [2, 1], []], ["x", [1], []], ["h", [1], []], ["h", [0], []], ["h", [2], []], ["cx", [0, 1], []], ["cx", [0, 2], []], ["cx", [0, 2], []], ["cx", [0, 1], []], ["h", [2], []], ["h", [0], []], ["h", [1], []], ["x", [1], []], ["cx", [2, 1], []], ["h", [1], []], ["h", [0], []], ["x", [0], []]], "pqc_circuit_tokens": [["x", [0], []], ["h", [0], []], ["h", [1], []], ["cx", [2, 1], []], ["x", [1], []], ["rz", [0], [-2.276965856552124]], ["rx", [0], [-0.3266032636165619]], ["rz", [0], [-0.8934335708618164]], ["rz", [1], [0.48461470007896423]], ["rx", [1], [-0.9289715886116028]], ["rz", [1], [-0.11714819073677063]], ["rz", [2], [0.19329611957073212]], ["rx", [2], [1.5871798992156982]], ["rz", [2], [-0.7124210596084595]], ["h", [1], []], ["h", [0], []], ["h", [2], []], ["cx", [0, 1], []], ["cx", [0, 2], []], ["rz", [0], [0.3265519142150879]], ["rx", [0], [3.05080246925354]], ["rz", [0], [3.098766326904297]], ["rz", [1], [3.045379400253296]], ["rx", [1], [-1.5493334531784058]], ["rz", [1], [0.009142319671809673]], ["rz", [2], [-0.10217958688735962]], ["rx", [2], [1.7633092403411865]], ["rz", [2], [-3.139176368713379]], ["cx", [0, 2], []], ["cx", [0, 1], []], ["h", [2], []], ["h", [0], []], ["h", [1], []], ["rz", [0], [3.013932943344116]], ["rx", [0], [1.207267165184021]], ["rz", [0], [-0.03709812089800835]], ["rz", [1], [0.29215583205223083]], ["rx", [1], [2.5759129524230957]], ["rz", [1], [-1.399215817451477]], ["rz", [2], [-2.0771443843841553]], ["rx", [2], [-1.6949481964111328]], ["rz", [2], [-2.8921244144439697]], ["x", [1], []], ["cx", [2, 1], []], ["h", [1], []], ["h", [0], []], ["x", [0], []], ["rz", [0], [1.1023505926132202]], ["rx", [0], [-2.924267292022705]], ["rz", [0], [-3.1752614974975586]], ["rz", [1], [1.012848138809204]], ["rx", [1], [3.018897533416748]], ["rz", [1], [-1.4862699508666992]], ["rz", [2], [2.3047597408294678]], ["rx", [2], [-3.0088613033294678]], ["rz", [2], [2.6124682426452637]]], "base_circuit_qasm": "OPENQASM 2.0;\ninclude \"qelib1.inc\";\nqreg q[3];\nx q[0];\nh q[0];\nh q[1];\ncx q[2],q[1];\nx q[1];\nh q[1];\nh q[0];\nh q[2];\ncx q[0],q[1];\ncx q[0],q[2];\ncx q[0],q[2];\ncx q[0],q[1];\nh q[2];\nh q[0];\nh q[1];\nx q[1];\ncx q[2],q[1];\nh q[1];\nh q[0];\nx q[0];", "pqc_circuit_qasm": "OPENQASM 2.0;\ninclude \"qelib1.inc\";\nqreg q[3];\nx q[0];\nh q[0];\nh q[1];\ncx q[2],q[1];\nx q[1];\nrz(-2.276965856552124) q[0];\nrx(-0.3266032636165619) q[0];\nrz(-0.8934335708618164) q[0];\nrz(0.48461470007896423) q[1];\nrx(-0.9289715886116028) q[1];\nrz(-0.11714819073677063) q[1];\nrz(0.19329611957073212) q[2];\nrx(1.5871798992156982) q[2];\nrz(-0.7124210596084595) q[2];\nh q[1];\nh q[0];\nh q[2];\ncx q[0],q[1];\ncx q[0],q[2];\nrz(0.3265519142150879) q[0];\nrx(3.05080246925354) q[0];\nrz(3.098766326904297) q[0];\nrz(3.045379400253296) q[1];\nrx(-1.5493334531784058) q[1];\nrz(0.009142319671809673) q[1];\nrz(-0.10217958688735962) q[2];\nrx(1.7633092403411865) q[2];\nrz(-3.139176368713379) q[2];\ncx q[0],q[2];\ncx q[0],q[1];\nh q[2];\nh q[0];\nh q[1];\nrz(3.013932943344116) q[0];\nrx(1.207267165184021) q[0];\nrz(-0.03709812089800835) q[0];\nrz(0.29215583205223083) q[1];\nrx(2.5759129524230957) q[1];\nrz(-1.399215817451477) q[1];\nrz(-2.0771443843841553) q[2];\nrx(-1.6949481964111328) q[2];\nrz(-2.8921244144439697) q[2];\nx q[1];\ncx q[2],q[1];\nh q[1];\nh q[0];\nx q[0];\nrz(1.1023505926132202) q[0];\nrx(-2.924267292022705) q[0];\nrz(-3.1752614974975586) q[0];\nrz(1.012848138809204) q[1];\nrx(3.018897533416748) q[1];\nrz(-1.4862699508666992) q[1];\nrz(2.3047597408294678) q[2];\nrx(-3.0088613033294678) q[2];\nrz(2.6124682426452637) q[2];"}