{"seed": 618, "fidelity": 0.9969043731689453, "pqc_params": [[[0.26794254779815674, 0.1086566373705864, 0.603701651096344], [1.9829360246658325, 1.6425472497940063, -2.7064545154571533], [2.428208112716675, -1.519898533821106, -1.8608942031860352]], [[0.4679018557071686, -0.1709500104188919, 1.4633339643478394], [1.8442736864089966, 0.02873525209724903, -1.2646136283874512], [1.7304692268371582, 2.273655891418457, -1.8391780853271484]], [[0.4798620939254761, 3.2330944538116455, 0.5582439303398132], [1.7562767267227173, 0.27171123027801514, -0.22860592603683472], [1.3895792961120605, -0.7854440808296204, -0.5088596343994141]], [[0.4430779814720154, -3.226391077041626, 0.2058940827846527], [-1.7268660068511963, 1.2552279233932495, 1.4695823192596436], [-3.2467050552368164, -1.5334573984146118, 0.0012959749437868595]]], "base_circuit_tokens": [["h", [1], []], ["cx", [0, 2], []], ["h", [2], []], ["h", [2], []], ["h", [1], []], ["h", [2], []], ["h", [0], []], ["x", [1], []], ["cx", [1, 0], []], ["h", [0], []], ["h", [0], []], ["cx", [1, 0], []], ["x", [1], []], ["h", [0], []], ["h", [2], []], ["h", [1], []], ["h", [2], []], ["h", [2], []], ["cx", [0, 2], []], ["h", [1], []]], "pqc_circuit_tokens": [["h", [1], []], ["cx", [0, 2], []], ["h", [2], []], ["h", [2], []], ["h", [1], []], ["rz", [0], [0.26794254779815674]], ["rx", [0], [0.1086566373705864]], ["rz", [0], [0.603701651096344]], ["rz", [1], [1.9829360246658325]], ["rx", [1], [1.6425472497940063]], ["rz", [1], [-2.7064545154571533]], ["rz", [2], [2.428208112716675]], ["rx", [2], [-1.519898533821106]], ["rz", [2], [-1.8608942031860352]], ["h", [2], []], ["h", [0], []], ["x", [1], []], ["cx", [1, 0], []], ["h", [0], []], ["rz", [0], [0.4679018557071686]], ["rx", [0], [-0.1709500104188919]], ["rz", [0], [1.4633339643478394]], ["rz", [1], [1.8442736864089966]], ["rx", [1], [0.02873525209724903]], ["rz", [1], [-1.2646136283874512]], ["rz", [2], [1.7304692268371582]], ["rx", [2], [2.273655891418457]], ["rz", [2], [-1.8391780853271484]], ["h", [0], []], ["cx", [1, 0], []], ["x", [1], []], ["h", [0], []], ["h", [2], []], ["rz", [0], [0.4798620939254761]], ["rx", [0], [3.2330944538116455]], ["rz", [0], [0.5582439303398132]], ["rz", [1], [1.7562767267227173]], ["rx", [1], [0.27171123027801514]], ["rz", [1], [-0.22860592603683472]], ["rz", [2], [1.3895792961120605]], ["rx", [2], [-0.7854440808296204]], ["rz", [2], [-0.5088596343994141]], ["h", [1], []], ["h", [2], []], ["h", [2], []], ["cx", [0, 2], []], ["h", [1], []], ["rz", [0], [0.4430779814720154]], ["rx", [0], [-3.226391077041626]], ["rz", [0], [0.2058940827846527]], ["rz", [1], [-1.7268660068511963]], ["rx", [1], [1.2552279233932495]], ["rz", [1], [1.4695823192596436]], ["rz", [2], [-3.2467050552368164]], ["rx", [2], [-1.5334573984146118]], ["rz", [2], [0.0012959749437868595]]], "base_circuit_qasm": "OPENQASM 2.0;\ninclude \"qelib1.inc\";\nqreg q[3];\nh q[1];\ncx q[0],q[2];\nh q[2];\nh q[2];\nh q[1];\nh q[2];\nh q[0];\nx q[1];\ncx q[1],q[0];\nh q[0];\nh q[0];\ncx q[1],q[0];\nx q[1];\nh q[0];\nh q[2];\nh q[1];\nh q[2];\nh q[2];\ncx q[0],q[2];\nh q[1];", "pqc_circuit_qasm": "OPENQASM 2.0;\ninclude \"qelib1.inc\";\nqreg q[3];\nh q[1];\ncx q[0],q[2];\nh q[2];\nh q[2];\nh q[1];\nrz(0.26794254779815674) q[0];\nrx(0.1086566373705864) q[0];\nrz(0.603701651096344) q[0];\nrz(1.9829360246658325) q[1];\nrx(1.6425472497940063) q[1];\nrz(-2.7064545154571533) q[1];\nrz(2.428208112716675) q[2];\nrx(-1.519898533821106) q[2];\nrz(-1.8608942031860352) q[2];\nh q[2];\nh q[0];\nx q[1];\ncx q[1],q[0];\nh q[0];\nrz(0.4679018557071686) q[0];\nrx(-0.1709500104188919) q[0];\nrz(1.4633339643478394) q[0];\nrz(1.8442736864089966) q[1];\nrx(0.02873525209724903) q[1];\nrz(-1.2646136283874512) q[1];\nrz(1.7304692268371582) q[2];\nrx(2.273655891418457) q[2];\nrz(-1.8391780853271484) q[2];\nh q[0];\ncx q[1],q[0];\nx q[1];\nh q[0];\nh q[2];\nrz(0.4798620939254761) q[0];\nrx(3.2330944538116455) q[0];\nrz(0.5582439303398132) q[0];\nrz(1.7562767267227173) q[1];\nrx(0.27171123027801514) q[1];\nrz(-0.22860592603683472) q[1];\nrz(1.3895792961120605) q[2];\nrx(-0.7854440808296204) q[2];\nrz(-0.5088596343994141) q[2];\nh q[1];\nh q[2];\nh q[2];\ncx q[0],q[2];\nh q[1];\nrz(0.4430779814720154) q[0];\nrx(-3.226391077041626) q[0];\nrz(0.2058940827846527) q[0];\nrz(-1.7268660068511963) q[1];\nrx(1.2552279233932495) q[1];\nrz(1.4695823192596436) q[1];\nrz(-3.2467050552368164) q[2];\nrx(-1.5334573984146118) q[2];\nrz(0.0012959749437868595) q[2];"}