{"seed": 622, "fidelity": 0.9971545338630676, "pqc_params": [[[0.1742839217185974, 0.15152600407600403, 0.9094680547714233], [-1.9310039281845093, 3.3880505561828613, -2.832773208618164], [-0.9514065384864807, 2.9899940490722656, 1.5956238508224487]], [[-2.0523271560668945, 0.1928359568119049, 1.9294246435165405], [0.7391025424003601, 3.1247708797454834, 3.8537142276763916], [0.6485440731048584, -0.08387468010187149, 2.1756668090820312]], [[1.2681738138198853, 2.865225315093994, -3.386679172515869], [-0.785618007183075, 2.8891091346740723, 2.0253710746765137], [2.771167755126953, -2.9613568782806396, -1.0513455867767334]], [[-0.4436117708683014, 2.913738489151001, -0.3656514585018158], [-0.03476334735751152, -0.10548577457666397, 2.516263961791992], [2.7750723361968994, -3.074014186859131, 1.383283019065857]]], "base_circuit_tokens": [["h", [2], []], ["cx", [0, 2], []], ["h", [2], []], ["h", [0], []], ["cx", [1, 0], []], ["h", [0], []], ["h", [0], []], ["cx", [0, 2], []], ["cx", [2, 1], []], ["h", [2], []], ["h", [2], []], ["cx", [2, 1], []], ["cx", [0, 2], []], ["h", [0], []], ["h", [0], []], ["cx", [1, 0], []], ["h", [0], []], ["h", [2], []], ["cx", [0, 2], []], ["h", [2], []]], "pqc_circuit_tokens": [["h", [2], []], ["cx", [0, 2], []], ["h", [2], []], ["h", [0], []], ["cx", [1, 0], []], ["rz", [0], [0.1742839217185974]], ["rx", [0], [0.15152600407600403]], ["rz", [0], [0.9094680547714233]], ["rz", [1], [-1.9310039281845093]], ["rx", [1], [3.3880505561828613]], ["rz", [1], [-2.832773208618164]], ["rz", [2], [-0.9514065384864807]], ["rx", [2], [2.9899940490722656]], ["rz", [2], [1.5956238508224487]], ["h", [0], []], ["h", [0], []], ["cx", [0, 2], []], ["cx", [2, 1], []], ["h", [2], []], ["rz", [0], [-2.0523271560668945]], ["rx", [0], [0.1928359568119049]], ["rz", [0], [1.9294246435165405]], ["rz", [1], [0.7391025424003601]], ["rx", [1], [3.1247708797454834]], ["rz", [1], [3.8537142276763916]], ["rz", [2], [0.6485440731048584]], ["rx", [2], [-0.08387468010187149]], ["rz", [2], [2.1756668090820312]], ["h", [2], []], ["cx", [2, 1], []], ["cx", [0, 2], []], ["h", [0], []], ["h", [0], []], ["rz", [0], [1.2681738138198853]], ["rx", [0], [2.865225315093994]], ["rz", [0], [-3.386679172515869]], ["rz", [1], [-0.785618007183075]], ["rx", [1], [2.8891091346740723]], ["rz", [1], [2.0253710746765137]], ["rz", [2], [2.771167755126953]], ["rx", [2], [-2.9613568782806396]], ["rz", [2], [-1.0513455867767334]], ["cx", [1, 0], []], ["h", [0], []], ["h", [2], []], ["cx", [0, 2], []], ["h", [2], []], ["rz", [0], [-0.4436117708683014]], ["rx", [0], [2.913738489151001]], ["rz", [0], [-0.3656514585018158]], ["rz", [1], [-0.03476334735751152]], ["rx", [1], [-0.10548577457666397]], ["rz", [1], [2.516263961791992]], ["rz", [2], [2.7750723361968994]], ["rx", [2], [-3.074014186859131]], ["rz", [2], [1.383283019065857]]], "base_circuit_qasm": "OPENQASM 2.0;\ninclude \"qelib1.inc\";\nqreg q[3];\nh q[2];\ncx q[0],q[2];\nh q[2];\nh q[0];\ncx q[1],q[0];\nh q[0];\nh q[0];\ncx q[0],q[2];\ncx q[2],q[1];\nh q[2];\nh q[2];\ncx q[2],q[1];\ncx q[0],q[2];\nh q[0];\nh q[0];\ncx q[1],q[0];\nh q[0];\nh q[2];\ncx q[0],q[2];\nh q[2];", "pqc_circuit_qasm": "OPENQASM 2.0;\ninclude \"qelib1.inc\";\nqreg q[3];\nh q[2];\ncx q[0],q[2];\nh q[2];\nh q[0];\ncx q[1],q[0];\nrz(0.1742839217185974) q[0];\nrx(0.15152600407600403) q[0];\nrz(0.9094680547714233) q[0];\nrz(-1.9310039281845093) q[1];\nrx(3.3880505561828613) q[1];\nrz(-2.832773208618164) q[1];\nrz(-0.9514065384864807) q[2];\nrx(2.9899940490722656) q[2];\nrz(1.5956238508224487) q[2];\nh q[0];\nh q[0];\ncx q[0],q[2];\ncx q[2],q[1];\nh q[2];\nrz(-2.0523271560668945) q[0];\nrx(0.1928359568119049) q[0];\nrz(1.9294246435165405) q[0];\nrz(0.7391025424003601) q[1];\nrx(3.1247708797454834) q[1];\nrz(3.8537142276763916) q[1];\nrz(0.6485440731048584) q[2];\nrx(-0.08387468010187149) q[2];\nrz(2.1756668090820312) q[2];\nh q[2];\ncx q[2],q[1];\ncx q[0],q[2];\nh q[0];\nh q[0];\nrz(1.2681738138198853) q[0];\nrx(2.865225315093994) q[0];\nrz(-3.386679172515869) q[0];\nrz(-0.785618007183075) q[1];\nrx(2.8891091346740723) q[1];\nrz(2.0253710746765137) q[1];\nrz(2.771167755126953) q[2];\nrx(-2.9613568782806396) q[2];\nrz(-1.0513455867767334) q[2];\ncx q[1],q[0];\nh q[0];\nh q[2];\ncx q[0],q[2];\nh q[2];\nrz(-0.4436117708683014) q[0];\nrx(2.913738489151001) q[0];\nrz(-0.3656514585018158) q[0];\nrz(-0.03476334735751152) q[1];\nrx(-0.10548577457666397) q[1];\nrz(2.516263961791992) q[1];\nrz(2.7750723361968994) q[2];\nrx(-3.074014186859131) q[2];\nrz(1.383283019065857) q[2];"}