{"seed": 643, "fidelity": 0.9994713068008423, "pqc_params": [[[2.080612897872925, -0.44811877608299255, 2.9027950763702393], [1.0480607748031616, -0.2512799799442291, -2.361060857772827], [0.1974240243434906, -1.7566337585449219, -1.6703156232833862]], [[0.33134716749191284, -0.27800294756889343, -1.318913221359253], [-2.80074405670166, 3.587069511413574, 1.8472864627838135], [2.157421350479126, 1.8351986408233643, -1.9427998065948486]], [[1.5563477277755737, -3.1967358589172363, -2.32309627532959], [3.0647473335266113, -0.07505440711975098, -0.020870478823781013], [-0.9284437894821167, 0.5331450700759888, 0.3459731340408325]], [[0.014422912150621414, 0.1728774458169937, -3.252960443496704], [-0.2323431819677353, -0.5663745999336243, 2.853969097137451], [1.84291672706604, 0.5596982836723328, 0.47910797595977783]]], "base_circuit_tokens": [["x", [0], []], ["h", [1], []], ["x", [0], []], ["x", [1], []], ["cx", [1, 0], []], ["h", [1], []], ["h", [0], []], ["h", [0], []], ["h", [0], []], ["h", [1], []], ["h", [1], []], ["h", [0], []], ["h", [0], []], ["h", [0], []], ["h", [1], []], ["cx", [1, 0], []], ["x", [1], []], ["x", [0], []], ["h", [1], []], ["x", [0], []]], "pqc_circuit_tokens": [["x", [0], []], ["h", [1], []], ["x", [0], []], ["x", [1], []], ["cx", [1, 0], []], ["rz", [0], [2.080612897872925]], ["rx", [0], [-0.44811877608299255]], ["rz", [0], [2.9027950763702393]], ["rz", [1], [1.0480607748031616]], ["rx", [1], [-0.2512799799442291]], ["rz", [1], [-2.361060857772827]], ["rz", [2], [0.1974240243434906]], ["rx", [2], [-1.7566337585449219]], ["rz", [2], [-1.6703156232833862]], ["h", [1], []], ["h", [0], []], ["h", [0], []], ["h", [0], []], ["h", [1], []], ["rz", [0], [0.33134716749191284]], ["rx", [0], [-0.27800294756889343]], ["rz", [0], [-1.318913221359253]], ["rz", [1], [-2.80074405670166]], ["rx", [1], [3.587069511413574]], ["rz", [1], [1.8472864627838135]], ["rz", [2], [2.157421350479126]], ["rx", [2], [1.8351986408233643]], ["rz", [2], [-1.9427998065948486]], ["h", [1], []], ["h", [0], []], ["h", [0], []], ["h", [0], []], ["h", [1], []], ["rz", [0], [1.5563477277755737]], ["rx", [0], [-3.1967358589172363]], ["rz", [0], [-2.32309627532959]], ["rz", [1], [3.0647473335266113]], ["rx", [1], [-0.07505440711975098]], ["rz", [1], [-0.020870478823781013]], ["rz", [2], [-0.9284437894821167]], ["rx", [2], [0.5331450700759888]], ["rz", [2], [0.3459731340408325]], ["cx", [1, 0], []], ["x", [1], []], ["x", [0], []], ["h", [1], []], ["x", [0], []], ["rz", [0], [0.014422912150621414]], ["rx", [0], [0.1728774458169937]], ["rz", [0], [-3.252960443496704]], ["rz", [1], [-0.2323431819677353]], ["rx", [1], [-0.5663745999336243]], ["rz", [1], [2.853969097137451]], ["rz", [2], [1.84291672706604]], ["rx", [2], [0.5596982836723328]], ["rz", [2], [0.47910797595977783]]], "base_circuit_qasm": "OPENQASM 2.0;\ninclude \"qelib1.inc\";\nqreg q[3];\nx q[0];\nh q[1];\nx q[0];\nx q[1];\ncx q[1],q[0];\nh q[1];\nh q[0];\nh q[0];\nh q[0];\nh q[1];\nh q[1];\nh q[0];\nh q[0];\nh q[0];\nh q[1];\ncx q[1],q[0];\nx q[1];\nx q[0];\nh q[1];\nx q[0];", "pqc_circuit_qasm": "OPENQASM 2.0;\ninclude \"qelib1.inc\";\nqreg q[3];\nx q[0];\nh q[1];\nx q[0];\nx q[1];\ncx q[1],q[0];\nrz(2.080612897872925) q[0];\nrx(-0.44811877608299255) q[0];\nrz(2.9027950763702393) q[0];\nrz(1.0480607748031616) q[1];\nrx(-0.2512799799442291) q[1];\nrz(-2.361060857772827) q[1];\nrz(0.1974240243434906) q[2];\nrx(-1.7566337585449219) q[2];\nrz(-1.6703156232833862) q[2];\nh q[1];\nh q[0];\nh q[0];\nh q[0];\nh q[1];\nrz(0.33134716749191284) q[0];\nrx(-0.27800294756889343) q[0];\nrz(-1.318913221359253) q[0];\nrz(-2.80074405670166) q[1];\nrx(3.587069511413574) q[1];\nrz(1.8472864627838135) q[1];\nrz(2.157421350479126) q[2];\nrx(1.8351986408233643) q[2];\nrz(-1.9427998065948486) q[2];\nh q[1];\nh q[0];\nh q[0];\nh q[0];\nh q[1];\nrz(1.5563477277755737) q[0];\nrx(-3.1967358589172363) q[0];\nrz(-2.32309627532959) q[0];\nrz(3.0647473335266113) q[1];\nrx(-0.07505440711975098) q[1];\nrz(-0.020870478823781013) q[1];\nrz(-0.9284437894821167) q[2];\nrx(0.5331450700759888) q[2];\nrz(0.3459731340408325) q[2];\ncx q[1],q[0];\nx q[1];\nx q[0];\nh q[1];\nx q[0];\nrz(0.014422912150621414) q[0];\nrx(0.1728774458169937) q[0];\nrz(-3.252960443496704) q[0];\nrz(-0.2323431819677353) q[1];\nrx(-0.5663745999336243) q[1];\nrz(2.853969097137451) q[1];\nrz(1.84291672706604) q[2];\nrx(0.5596982836723328) q[2];\nrz(0.47910797595977783) q[2];"}