{"seed": 656, "fidelity": 0.9998697638511658, "pqc_params": [[[-3.4771597385406494, -0.6747898459434509, 2.796858310699463], [-1.1707053184509277, -2.247692108154297, -0.9375967979431152], [1.9760292768478394, -1.5851540565490723, 1.9490944147109985]], [[-0.9664708375930786, 0.9040027260780334, -2.4078407287597656], [-1.1472183465957642, 1.2861390113830566, 0.41417819261550903], [3.1284852027893066, -0.49335241317749023, 2.667188882827759]], [[-0.026723772287368774, -0.571057915687561, 1.0276179313659668], [-2.8478751182556152, 0.01313710305839777, -1.8049553632736206], [-0.5412718057632446, -1.365380048751831, -1.209401249885559]], [[-0.722688615322113, 2.1650772094726562, -2.9158995151519775], [-1.100265622138977, 2.1577491760253906, -0.48750603199005127], [0.15741758048534393, 2.8159656524658203, 3.5788676738739014]]], "base_circuit_tokens": [["x", [2], []], ["x", [0], []], ["x", [0], []], ["h", [0], []], ["h", [0], []], ["x", [2], []], ["x", [0], []], ["h", [2], []], ["x", [2], []], ["x", [2], []], ["x", [2], []], ["x", [2], []], ["h", [2], []], ["x", [0], []], ["x", [2], []], ["h", [0], []], ["h", [0], []], ["x", [0], []], ["x", [0], []], ["x", [2], []]], "pqc_circuit_tokens": [["x", [2], []], ["x", [0], []], ["x", [0], []], ["h", [0], []], ["h", [0], []], ["rz", [0], [-3.4771597385406494]], ["rx", [0], [-0.6747898459434509]], ["rz", [0], [2.796858310699463]], ["rz", [1], [-1.1707053184509277]], ["rx", [1], [-2.247692108154297]], ["rz", [1], [-0.9375967979431152]], ["rz", [2], [1.9760292768478394]], ["rx", [2], [-1.5851540565490723]], ["rz", [2], [1.9490944147109985]], ["x", [2], []], ["x", [0], []], ["h", [2], []], ["x", [2], []], ["x", [2], []], ["rz", [0], [-0.9664708375930786]], ["rx", [0], [0.9040027260780334]], ["rz", [0], [-2.4078407287597656]], ["rz", [1], [-1.1472183465957642]], ["rx", [1], [1.2861390113830566]], ["rz", [1], [0.41417819261550903]], ["rz", [2], [3.1284852027893066]], ["rx", [2], [-0.49335241317749023]], ["rz", [2], [2.667188882827759]], ["x", [2], []], ["x", [2], []], ["h", [2], []], ["x", [0], []], ["x", [2], []], ["rz", [0], [-0.026723772287368774]], ["rx", [0], [-0.571057915687561]], ["rz", [0], [1.0276179313659668]], ["rz", [1], [-2.8478751182556152]], ["rx", [1], [0.01313710305839777]], ["rz", [1], [-1.8049553632736206]], ["rz", [2], [-0.5412718057632446]], ["rx", [2], [-1.365380048751831]], ["rz", [2], [-1.209401249885559]], ["h", [0], []], ["h", [0], []], ["x", [0], []], ["x", [0], []], ["x", [2], []], ["rz", [0], [-0.722688615322113]], ["rx", [0], [2.1650772094726562]], ["rz", [0], [-2.9158995151519775]], ["rz", [1], [-1.100265622138977]], ["rx", [1], [2.1577491760253906]], ["rz", [1], [-0.48750603199005127]], ["rz", [2], [0.15741758048534393]], ["rx", [2], [2.8159656524658203]], ["rz", [2], [3.5788676738739014]]], "base_circuit_qasm": "OPENQASM 2.0;\ninclude \"qelib1.inc\";\nqreg q[3];\nx q[2];\nx q[0];\nx q[0];\nh q[0];\nh q[0];\nx q[2];\nx q[0];\nh q[2];\nx q[2];\nx q[2];\nx q[2];\nx q[2];\nh q[2];\nx q[0];\nx q[2];\nh q[0];\nh q[0];\nx q[0];\nx q[0];\nx q[2];", "pqc_circuit_qasm": "OPENQASM 2.0;\ninclude \"qelib1.inc\";\nqreg q[3];\nx q[2];\nx q[0];\nx q[0];\nh q[0];\nh q[0];\nrz(-3.4771597385406494) q[0];\nrx(-0.6747898459434509) q[0];\nrz(2.796858310699463) q[0];\nrz(-1.1707053184509277) q[1];\nrx(-2.247692108154297) q[1];\nrz(-0.9375967979431152) q[1];\nrz(1.9760292768478394) q[2];\nrx(-1.5851540565490723) q[2];\nrz(1.9490944147109985) q[2];\nx q[2];\nx q[0];\nh q[2];\nx q[2];\nx q[2];\nrz(-0.9664708375930786) q[0];\nrx(0.9040027260780334) q[0];\nrz(-2.4078407287597656) q[0];\nrz(-1.1472183465957642) q[1];\nrx(1.2861390113830566) q[1];\nrz(0.41417819261550903) q[1];\nrz(3.1284852027893066) q[2];\nrx(-0.49335241317749023) q[2];\nrz(2.667188882827759) q[2];\nx q[2];\nx q[2];\nh q[2];\nx q[0];\nx q[2];\nrz(-0.026723772287368774) q[0];\nrx(-0.571057915687561) q[0];\nrz(1.0276179313659668) q[0];\nrz(-2.8478751182556152) q[1];\nrx(0.01313710305839777) q[1];\nrz(-1.8049553632736206) q[1];\nrz(-0.5412718057632446) q[2];\nrx(-1.365380048751831) q[2];\nrz(-1.209401249885559) q[2];\nh q[0];\nh q[0];\nx q[0];\nx q[0];\nx q[2];\nrz(-0.722688615322113) q[0];\nrx(2.1650772094726562) q[0];\nrz(-2.9158995151519775) q[0];\nrz(-1.100265622138977) q[1];\nrx(2.1577491760253906) q[1];\nrz(-0.48750603199005127) q[1];\nrz(0.15741758048534393) q[2];\nrx(2.8159656524658203) q[2];\nrz(3.5788676738739014) q[2];"}