{"seed": 66, "fidelity": 0.9903708696365356, "pqc_params": [[[-3.077765464782715, 1.9484856128692627, -0.29352959990501404], [2.3811984062194824, -1.39389169216156, 2.5314598083496094], [-2.9708781242370605, 3.252307415008545, 0.3774396479129791]], [[1.8950061798095703, -3.3674135208129883, -2.6802284717559814], [-2.452894687652588, -0.2505122721195221, 2.1506705284118652], [-1.524121642112732, 0.03710439056158066, 0.8220454454421997]], [[3.029606342315674, 0.4412324130535126, -2.7079360485076904], [2.2723400592803955, 2.0090248584747314, 0.29729726910591125], [-1.134310007095337, -1.937077522277832, 1.812658667564392]], [[-2.5056920051574707, -1.0889393091201782, -0.2180008590221405], [1.9012119770050049, 1.702635407447815, 0.9873473644256592], [0.9582571983337402, 1.2610574960708618, -1.1347099542617798]]], "base_circuit_tokens": [["h", [1], []], ["h", [2], []], ["h", [0], []], ["h", [2], []], ["h", [0], []], ["cx", [2, 1], []], ["x", [2], []], ["x", [0], []], ["cx", [1, 2], []], ["h", [2], []], ["h", [2], []], ["cx", [1, 2], []], ["x", [0], []], ["x", [2], []], ["cx", [2, 1], []], ["h", [0], []], ["h", [2], []], ["h", [0], []], ["h", [2], []], ["h", [1], []]], "pqc_circuit_tokens": [["h", [1], []], ["h", [2], []], ["h", [0], []], ["h", [2], []], ["h", [0], []], ["rz", [0], [-3.077765464782715]], ["rx", [0], [1.9484856128692627]], ["rz", [0], [-0.29352959990501404]], ["rz", [1], [2.3811984062194824]], ["rx", [1], [-1.39389169216156]], ["rz", [1], [2.5314598083496094]], ["rz", [2], [-2.9708781242370605]], ["rx", [2], [3.252307415008545]], ["rz", [2], [0.3774396479129791]], ["cx", [2, 1], []], ["x", [2], []], ["x", [0], []], ["cx", [1, 2], []], ["h", [2], []], ["rz", [0], [1.8950061798095703]], ["rx", [0], [-3.3674135208129883]], ["rz", [0], [-2.6802284717559814]], ["rz", [1], [-2.452894687652588]], ["rx", [1], [-0.2505122721195221]], ["rz", [1], [2.1506705284118652]], ["rz", [2], [-1.524121642112732]], ["rx", [2], [0.03710439056158066]], ["rz", [2], [0.8220454454421997]], ["h", [2], []], ["cx", [1, 2], []], ["x", [0], []], ["x", [2], []], ["cx", [2, 1], []], ["rz", [0], [3.029606342315674]], ["rx", [0], [0.4412324130535126]], ["rz", [0], [-2.7079360485076904]], ["rz", [1], [2.2723400592803955]], ["rx", [1], [2.0090248584747314]], ["rz", [1], [0.29729726910591125]], ["rz", [2], [-1.134310007095337]], ["rx", [2], [-1.937077522277832]], ["rz", [2], [1.812658667564392]], ["h", [0], []], ["h", [2], []], ["h", [0], []], ["h", [2], []], ["h", [1], []], ["rz", [0], [-2.5056920051574707]], ["rx", [0], [-1.0889393091201782]], ["rz", [0], [-0.2180008590221405]], ["rz", [1], [1.9012119770050049]], ["rx", [1], [1.702635407447815]], ["rz", [1], [0.9873473644256592]], ["rz", [2], [0.9582571983337402]], ["rx", [2], [1.2610574960708618]], ["rz", [2], [-1.1347099542617798]]], "base_circuit_qasm": "OPENQASM 2.0;\ninclude \"qelib1.inc\";\nqreg q[3];\nh q[1];\nh q[2];\nh q[0];\nh q[2];\nh q[0];\ncx q[2],q[1];\nx q[2];\nx q[0];\ncx q[1],q[2];\nh q[2];\nh q[2];\ncx q[1],q[2];\nx q[0];\nx q[2];\ncx q[2],q[1];\nh q[0];\nh q[2];\nh q[0];\nh q[2];\nh q[1];", "pqc_circuit_qasm": "OPENQASM 2.0;\ninclude \"qelib1.inc\";\nqreg q[3];\nh q[1];\nh q[2];\nh q[0];\nh q[2];\nh q[0];\nrz(-3.077765464782715) q[0];\nrx(1.9484856128692627) q[0];\nrz(-0.29352959990501404) q[0];\nrz(2.3811984062194824) q[1];\nrx(-1.39389169216156) q[1];\nrz(2.5314598083496094) q[1];\nrz(-2.9708781242370605) q[2];\nrx(3.252307415008545) q[2];\nrz(0.3774396479129791) q[2];\ncx q[2],q[1];\nx q[2];\nx q[0];\ncx q[1],q[2];\nh q[2];\nrz(1.8950061798095703) q[0];\nrx(-3.3674135208129883) q[0];\nrz(-2.6802284717559814) q[0];\nrz(-2.452894687652588) q[1];\nrx(-0.2505122721195221) q[1];\nrz(2.1506705284118652) q[1];\nrz(-1.524121642112732) q[2];\nrx(0.03710439056158066) q[2];\nrz(0.8220454454421997) q[2];\nh q[2];\ncx q[1],q[2];\nx q[0];\nx q[2];\ncx q[2],q[1];\nrz(3.029606342315674) q[0];\nrx(0.4412324130535126) q[0];\nrz(-2.7079360485076904) q[0];\nrz(2.2723400592803955) q[1];\nrx(2.0090248584747314) q[1];\nrz(0.29729726910591125) q[1];\nrz(-1.134310007095337) q[2];\nrx(-1.937077522277832) q[2];\nrz(1.812658667564392) q[2];\nh q[0];\nh q[2];\nh q[0];\nh q[2];\nh q[1];\nrz(-2.5056920051574707) q[0];\nrx(-1.0889393091201782) q[0];\nrz(-0.2180008590221405) q[0];\nrz(1.9012119770050049) q[1];\nrx(1.702635407447815) q[1];\nrz(0.9873473644256592) q[1];\nrz(0.9582571983337402) q[2];\nrx(1.2610574960708618) q[2];\nrz(-1.1347099542617798) q[2];"}