{"seed": 672, "fidelity": 0.989311158657074, "pqc_params": [[[-1.6727473735809326, 1.9518802165985107, 3.66025447845459], [-0.7724364995956421, 0.6237439513206482, -1.0697510242462158], [-0.6602156758308411, -2.061464309692383, 1.3059709072113037]], [[-3.257126569747925, 1.4735747575759888, -0.013565964065492153], [3.1160879135131836, -3.0243003368377686, -2.408395767211914], [-0.2700190842151642, -0.24450893700122833, 0.1744779497385025]], [[-3.316237211227417, 2.137657880783081, -2.873718500137329], [0.5553074479103088, -2.3218495845794678, -3.2029671669006348], [-1.7454912662506104, -0.840377926826477, 2.9051854610443115]], [[0.020880093798041344, -1.7876975536346436, 2.297682762145996], [1.7989821434020996, -3.330073356628418, 0.416385680437088], [-2.429006814956665, 2.3530099391937256, 0.7757516503334045]]], "base_circuit_tokens": [["h", [0], []], ["h", [2], []], ["h", [1], []], ["x", [1], []], ["x", [2], []], ["h", [0], []], ["cx", [1, 2], []], ["cx", [1, 0], []], ["h", [2], []], ["cx", [2, 0], []], ["cx", [2, 0], []], ["h", [2], []], ["cx", [1, 0], []], ["cx", [1, 2], []], ["h", [0], []], ["x", [2], []], ["x", [1], []], ["h", [1], []], ["h", [2], []], ["h", [0], []]], "pqc_circuit_tokens": [["h", [0], []], ["h", [2], []], ["h", [1], []], ["x", [1], []], ["x", [2], []], ["rz", [0], [-1.6727473735809326]], ["rx", [0], [1.9518802165985107]], ["rz", [0], [3.66025447845459]], ["rz", [1], [-0.7724364995956421]], ["rx", [1], [0.6237439513206482]], ["rz", [1], [-1.0697510242462158]], ["rz", [2], [-0.6602156758308411]], ["rx", [2], [-2.061464309692383]], ["rz", [2], [1.3059709072113037]], ["h", [0], []], ["cx", [1, 2], []], ["cx", [1, 0], []], ["h", [2], []], ["cx", [2, 0], []], ["rz", [0], [-3.257126569747925]], ["rx", [0], [1.4735747575759888]], ["rz", [0], [-0.013565964065492153]], ["rz", [1], [3.1160879135131836]], ["rx", [1], [-3.0243003368377686]], ["rz", [1], [-2.408395767211914]], ["rz", [2], [-0.2700190842151642]], ["rx", [2], [-0.24450893700122833]], ["rz", [2], [0.1744779497385025]], ["cx", [2, 0], []], ["h", [2], []], ["cx", [1, 0], []], ["cx", [1, 2], []], ["h", [0], []], ["rz", [0], [-3.316237211227417]], ["rx", [0], [2.137657880783081]], ["rz", [0], [-2.873718500137329]], ["rz", [1], [0.5553074479103088]], ["rx", [1], [-2.3218495845794678]], ["rz", [1], [-3.2029671669006348]], ["rz", [2], [-1.7454912662506104]], ["rx", [2], [-0.840377926826477]], ["rz", [2], [2.9051854610443115]], ["x", [2], []], ["x", [1], []], ["h", [1], []], ["h", [2], []], ["h", [0], []], ["rz", [0], [0.020880093798041344]], ["rx", [0], [-1.7876975536346436]], ["rz", [0], [2.297682762145996]], ["rz", [1], [1.7989821434020996]], ["rx", [1], [-3.330073356628418]], ["rz", [1], [0.416385680437088]], ["rz", [2], [-2.429006814956665]], ["rx", [2], [2.3530099391937256]], ["rz", [2], [0.7757516503334045]]], "base_circuit_qasm": "OPENQASM 2.0;\ninclude \"qelib1.inc\";\nqreg q[3];\nh q[0];\nh q[2];\nh q[1];\nx q[1];\nx q[2];\nh q[0];\ncx q[1],q[2];\ncx q[1],q[0];\nh q[2];\ncx q[2],q[0];\ncx q[2],q[0];\nh q[2];\ncx q[1],q[0];\ncx q[1],q[2];\nh q[0];\nx q[2];\nx q[1];\nh q[1];\nh q[2];\nh q[0];", "pqc_circuit_qasm": "OPENQASM 2.0;\ninclude \"qelib1.inc\";\nqreg q[3];\nh q[0];\nh q[2];\nh q[1];\nx q[1];\nx q[2];\nrz(-1.6727473735809326) q[0];\nrx(1.9518802165985107) q[0];\nrz(3.66025447845459) q[0];\nrz(-0.7724364995956421) q[1];\nrx(0.6237439513206482) q[1];\nrz(-1.0697510242462158) q[1];\nrz(-0.6602156758308411) q[2];\nrx(-2.061464309692383) q[2];\nrz(1.3059709072113037) q[2];\nh q[0];\ncx q[1],q[2];\ncx q[1],q[0];\nh q[2];\ncx q[2],q[0];\nrz(-3.257126569747925) q[0];\nrx(1.4735747575759888) q[0];\nrz(-0.013565964065492153) q[0];\nrz(3.1160879135131836) q[1];\nrx(-3.0243003368377686) q[1];\nrz(-2.408395767211914) q[1];\nrz(-0.2700190842151642) q[2];\nrx(-0.24450893700122833) q[2];\nrz(0.1744779497385025) q[2];\ncx q[2],q[0];\nh q[2];\ncx q[1],q[0];\ncx q[1],q[2];\nh q[0];\nrz(-3.316237211227417) q[0];\nrx(2.137657880783081) q[0];\nrz(-2.873718500137329) q[0];\nrz(0.5553074479103088) q[1];\nrx(-2.3218495845794678) q[1];\nrz(-3.2029671669006348) q[1];\nrz(-1.7454912662506104) q[2];\nrx(-0.840377926826477) q[2];\nrz(2.9051854610443115) q[2];\nx q[2];\nx q[1];\nh q[1];\nh q[2];\nh q[0];\nrz(0.020880093798041344) q[0];\nrx(-1.7876975536346436) q[0];\nrz(2.297682762145996) q[0];\nrz(1.7989821434020996) q[1];\nrx(-3.330073356628418) q[1];\nrz(0.416385680437088) q[1];\nrz(-2.429006814956665) q[2];\nrx(2.3530099391937256) q[2];\nrz(0.7757516503334045) q[2];"}