{"seed": 673, "fidelity": 0.9997991919517517, "pqc_params": [[[0.4695703387260437, 1.5554176568984985, 1.436190128326416], [-1.0279951095581055, -2.663662910461426, -2.133727550506592], [1.6031652688980103, 3.155482292175293, -2.2706193923950195]], [[-1.1311607360839844, -0.7951495051383972, 2.470409631729126], [-3.2429513931274414, 0.10221418738365173, 0.18601521849632263], [2.0654709339141846, -0.00028598136850632727, 0.9765310287475586]], [[-1.4168765544891357, 0.682898998260498, 1.6214619874954224], [-0.34042447805404663, 3.313586711883545, 1.1456679105758667], [3.2952115535736084, 0.23437459766864777, 2.1689634323120117]], [[-0.32354554533958435, -0.10262991487979889, -0.955480694770813], [1.8021665811538696, -2.967958688735962, 2.3271026611328125], [2.997929096221924, -2.8257298469543457, -3.1749179363250732]]], "base_circuit_tokens": [["x", [1], []], ["h", [2], []], ["h", [1], []], ["cx", [0, 2], []], ["h", [0], []], ["x", [1], []], ["h", [2], []], ["cx", [1, 2], []], ["h", [0], []], ["x", [1], []], ["x", [1], []], ["h", [0], []], ["cx", [1, 2], []], ["h", [2], []], ["x", [1], []], ["h", [0], []], ["cx", [0, 2], []], ["h", [1], []], ["h", [2], []], ["x", [1], []]], "pqc_circuit_tokens": [["x", [1], []], ["h", [2], []], ["h", [1], []], ["cx", [0, 2], []], ["h", [0], []], ["rz", [0], [0.4695703387260437]], ["rx", [0], [1.5554176568984985]], ["rz", [0], [1.436190128326416]], ["rz", [1], [-1.0279951095581055]], ["rx", [1], [-2.663662910461426]], ["rz", [1], [-2.133727550506592]], ["rz", [2], [1.6031652688980103]], ["rx", [2], [3.155482292175293]], ["rz", [2], [-2.2706193923950195]], ["x", [1], []], ["h", [2], []], ["cx", [1, 2], []], ["h", [0], []], ["x", [1], []], ["rz", [0], [-1.1311607360839844]], ["rx", [0], [-0.7951495051383972]], ["rz", [0], [2.470409631729126]], ["rz", [1], [-3.2429513931274414]], ["rx", [1], [0.10221418738365173]], ["rz", [1], [0.18601521849632263]], ["rz", [2], [2.0654709339141846]], ["rx", [2], [-0.00028598136850632727]], ["rz", [2], [0.9765310287475586]], ["x", [1], []], ["h", [0], []], ["cx", [1, 2], []], ["h", [2], []], ["x", [1], []], ["rz", [0], [-1.4168765544891357]], ["rx", [0], [0.682898998260498]], ["rz", [0], [1.6214619874954224]], ["rz", [1], [-0.34042447805404663]], ["rx", [1], [3.313586711883545]], ["rz", [1], [1.1456679105758667]], ["rz", [2], [3.2952115535736084]], ["rx", [2], [0.23437459766864777]], ["rz", [2], [2.1689634323120117]], ["h", [0], []], ["cx", [0, 2], []], ["h", [1], []], ["h", [2], []], ["x", [1], []], ["rz", [0], [-0.32354554533958435]], ["rx", [0], [-0.10262991487979889]], ["rz", [0], [-0.955480694770813]], ["rz", [1], [1.8021665811538696]], ["rx", [1], [-2.967958688735962]], ["rz", [1], [2.3271026611328125]], ["rz", [2], [2.997929096221924]], ["rx", [2], [-2.8257298469543457]], ["rz", [2], [-3.1749179363250732]]], "base_circuit_qasm": "OPENQASM 2.0;\ninclude \"qelib1.inc\";\nqreg q[3];\nx q[1];\nh q[2];\nh q[1];\ncx q[0],q[2];\nh q[0];\nx q[1];\nh q[2];\ncx q[1],q[2];\nh q[0];\nx q[1];\nx q[1];\nh q[0];\ncx q[1],q[2];\nh q[2];\nx q[1];\nh q[0];\ncx q[0],q[2];\nh q[1];\nh q[2];\nx q[1];", "pqc_circuit_qasm": "OPENQASM 2.0;\ninclude \"qelib1.inc\";\nqreg q[3];\nx q[1];\nh q[2];\nh q[1];\ncx q[0],q[2];\nh q[0];\nrz(0.4695703387260437) q[0];\nrx(1.5554176568984985) q[0];\nrz(1.436190128326416) q[0];\nrz(-1.0279951095581055) q[1];\nrx(-2.663662910461426) q[1];\nrz(-2.133727550506592) q[1];\nrz(1.6031652688980103) q[2];\nrx(3.155482292175293) q[2];\nrz(-2.2706193923950195) q[2];\nx q[1];\nh q[2];\ncx q[1],q[2];\nh q[0];\nx q[1];\nrz(-1.1311607360839844) q[0];\nrx(-0.7951495051383972) q[0];\nrz(2.470409631729126) q[0];\nrz(-3.2429513931274414) q[1];\nrx(0.10221418738365173) q[1];\nrz(0.18601521849632263) q[1];\nrz(2.0654709339141846) q[2];\nrx(-0.00028598136850632727) q[2];\nrz(0.9765310287475586) q[2];\nx q[1];\nh q[0];\ncx q[1],q[2];\nh q[2];\nx q[1];\nrz(-1.4168765544891357) q[0];\nrx(0.682898998260498) q[0];\nrz(1.6214619874954224) q[0];\nrz(-0.34042447805404663) q[1];\nrx(3.313586711883545) q[1];\nrz(1.1456679105758667) q[1];\nrz(3.2952115535736084) q[2];\nrx(0.23437459766864777) q[2];\nrz(2.1689634323120117) q[2];\nh q[0];\ncx q[0],q[2];\nh q[1];\nh q[2];\nx q[1];\nrz(-0.32354554533958435) q[0];\nrx(-0.10262991487979889) q[0];\nrz(-0.955480694770813) q[0];\nrz(1.8021665811538696) q[1];\nrx(-2.967958688735962) q[1];\nrz(2.3271026611328125) q[1];\nrz(2.997929096221924) q[2];\nrx(-2.8257298469543457) q[2];\nrz(-3.1749179363250732) q[2];"}