{"seed": 691, "fidelity": 0.9980392456054688, "pqc_params": [[[1.3086246252059937, 0.8147342801094055, 1.2868201732635498], [1.5447053909301758, -2.232696294784546, -0.5656725168228149], [1.720592975616455, 2.2383859157562256, 2.3475089073181152]], [[0.0029595987871289253, -0.4462828040122986, -1.2022236585617065], [2.2827937602996826, -2.5811171531677246, 2.7044107913970947], [-2.2742302417755127, -0.6763156056404114, 1.8880517482757568]], [[1.240478754043579, 0.6385663151741028, -1.7959541082382202], [-3.290870189666748, 0.5435336828231812, -2.6158041954040527], [1.8273344039916992, -0.4402299225330353, -2.0626893043518066]], [[0.8631359338760376, -0.05708372965455055, -2.743582010269165], [-2.040644407272339, 0.1429899036884308, -1.4126018285751343], [3.403451681137085, 0.2311757206916809, -2.000486135482788]]], "base_circuit_tokens": [["x", [1], []], ["h", [2], []], ["h", [1], []], ["h", [1], []], ["cx", [0, 2], []], ["x", [0], []], ["x", [0], []], ["h", [0], []], ["x", [1], []], ["x", [2], []], ["x", [2], []], ["x", [1], []], ["h", [0], []], ["x", [0], []], ["x", [0], []], ["cx", [0, 2], []], ["h", [1], []], ["h", [1], []], ["h", [2], []], ["x", [1], []]], "pqc_circuit_tokens": [["x", [1], []], ["h", [2], []], ["h", [1], []], ["h", [1], []], ["cx", [0, 2], []], ["rz", [0], [1.3086246252059937]], ["rx", [0], [0.8147342801094055]], ["rz", [0], [1.2868201732635498]], ["rz", [1], [1.5447053909301758]], ["rx", [1], [-2.232696294784546]], ["rz", [1], [-0.5656725168228149]], ["rz", [2], [1.720592975616455]], ["rx", [2], [2.2383859157562256]], ["rz", [2], [2.3475089073181152]], ["x", [0], []], ["x", [0], []], ["h", [0], []], ["x", [1], []], ["x", [2], []], ["rz", [0], [0.0029595987871289253]], ["rx", [0], [-0.4462828040122986]], ["rz", [0], [-1.2022236585617065]], ["rz", [1], [2.2827937602996826]], ["rx", [1], [-2.5811171531677246]], ["rz", [1], [2.7044107913970947]], ["rz", [2], [-2.2742302417755127]], ["rx", [2], [-0.6763156056404114]], ["rz", [2], [1.8880517482757568]], ["x", [2], []], ["x", [1], []], ["h", [0], []], ["x", [0], []], ["x", [0], []], ["rz", [0], [1.240478754043579]], ["rx", [0], [0.6385663151741028]], ["rz", [0], [-1.7959541082382202]], ["rz", [1], [-3.290870189666748]], ["rx", [1], [0.5435336828231812]], ["rz", [1], [-2.6158041954040527]], ["rz", [2], [1.8273344039916992]], ["rx", [2], [-0.4402299225330353]], ["rz", [2], [-2.0626893043518066]], ["cx", [0, 2], []], ["h", [1], []], ["h", [1], []], ["h", [2], []], ["x", [1], []], ["rz", [0], [0.8631359338760376]], ["rx", [0], [-0.05708372965455055]], ["rz", [0], [-2.743582010269165]], ["rz", [1], [-2.040644407272339]], ["rx", [1], [0.1429899036884308]], ["rz", [1], [-1.4126018285751343]], ["rz", [2], [3.403451681137085]], ["rx", [2], [0.2311757206916809]], ["rz", [2], [-2.000486135482788]]], "base_circuit_qasm": "OPENQASM 2.0;\ninclude \"qelib1.inc\";\nqreg q[3];\nx q[1];\nh q[2];\nh q[1];\nh q[1];\ncx q[0],q[2];\nx q[0];\nx q[0];\nh q[0];\nx q[1];\nx q[2];\nx q[2];\nx q[1];\nh q[0];\nx q[0];\nx q[0];\ncx q[0],q[2];\nh q[1];\nh q[1];\nh q[2];\nx q[1];", "pqc_circuit_qasm": "OPENQASM 2.0;\ninclude \"qelib1.inc\";\nqreg q[3];\nx q[1];\nh q[2];\nh q[1];\nh q[1];\ncx q[0],q[2];\nrz(1.3086246252059937) q[0];\nrx(0.8147342801094055) q[0];\nrz(1.2868201732635498) q[0];\nrz(1.5447053909301758) q[1];\nrx(-2.232696294784546) q[1];\nrz(-0.5656725168228149) q[1];\nrz(1.720592975616455) q[2];\nrx(2.2383859157562256) q[2];\nrz(2.3475089073181152) q[2];\nx q[0];\nx q[0];\nh q[0];\nx q[1];\nx q[2];\nrz(0.0029595987871289253) q[0];\nrx(-0.4462828040122986) q[0];\nrz(-1.2022236585617065) q[0];\nrz(2.2827937602996826) q[1];\nrx(-2.5811171531677246) q[1];\nrz(2.7044107913970947) q[1];\nrz(-2.2742302417755127) q[2];\nrx(-0.6763156056404114) q[2];\nrz(1.8880517482757568) q[2];\nx q[2];\nx q[1];\nh q[0];\nx q[0];\nx q[0];\nrz(1.240478754043579) q[0];\nrx(0.6385663151741028) q[0];\nrz(-1.7959541082382202) q[0];\nrz(-3.290870189666748) q[1];\nrx(0.5435336828231812) q[1];\nrz(-2.6158041954040527) q[1];\nrz(1.8273344039916992) q[2];\nrx(-0.4402299225330353) q[2];\nrz(-2.0626893043518066) q[2];\ncx q[0],q[2];\nh q[1];\nh q[1];\nh q[2];\nx q[1];\nrz(0.8631359338760376) q[0];\nrx(-0.05708372965455055) q[0];\nrz(-2.743582010269165) q[0];\nrz(-2.040644407272339) q[1];\nrx(0.1429899036884308) q[1];\nrz(-1.4126018285751343) q[1];\nrz(3.403451681137085) q[2];\nrx(0.2311757206916809) q[2];\nrz(-2.000486135482788) q[2];"}