{"seed": 699, "fidelity": 0.9997944235801697, "pqc_params": [[[0.3730466067790985, 2.622288703918457, -2.608013153076172], [1.4750685691833496, -2.1023635864257812, 2.177619218826294], [-1.9855523109436035, -1.789142370223999, -1.449389100074768]], [[0.8693042993545532, -1.4844938516616821, 2.120954990386963], [-0.3123317360877991, -1.2704087495803833, -0.24880187213420868], [0.3443756401538849, -0.038996800780296326, 2.488834857940674]], [[-0.9341872334480286, -1.4421333074569702, 0.7380656003952026], [2.967827081680298, 2.5328404903411865, -3.220989227294922], [-2.236161470413208, 1.6591262817382812, 1.2387677431106567]], [[-1.4995783567428589, 8.513929060427472e-05, 1.3973796367645264], [-2.18497371673584, 2.113632917404175, -1.536123275756836], [-0.22489435970783234, -2.3821256160736084, -3.281403064727783]]], "base_circuit_tokens": [["h", [2], []], ["cx", [2, 0], []], ["x", [0], []], ["x", [0], []], ["h", [2], []], ["cx", [2, 1], []], ["h", [1], []], ["h", [2], []], ["x", [0], []], ["h", [1], []], ["h", [1], []], ["x", [0], []], ["h", [2], []], ["h", [1], []], ["cx", [2, 1], []], ["h", [2], []], ["x", [0], []], ["x", [0], []], ["cx", [2, 0], []], ["h", [2], []]], "pqc_circuit_tokens": [["h", [2], []], ["cx", [2, 0], []], ["x", [0], []], ["x", [0], []], ["h", [2], []], ["rz", [0], [0.3730466067790985]], ["rx", [0], [2.622288703918457]], ["rz", [0], [-2.608013153076172]], ["rz", [1], [1.4750685691833496]], ["rx", [1], [-2.1023635864257812]], ["rz", [1], [2.177619218826294]], ["rz", [2], [-1.9855523109436035]], ["rx", [2], [-1.789142370223999]], ["rz", [2], [-1.449389100074768]], ["cx", [2, 1], []], ["h", [1], []], ["h", [2], []], ["x", [0], []], ["h", [1], []], ["rz", [0], [0.8693042993545532]], ["rx", [0], [-1.4844938516616821]], ["rz", [0], [2.120954990386963]], ["rz", [1], [-0.3123317360877991]], ["rx", [1], [-1.2704087495803833]], ["rz", [1], [-0.24880187213420868]], ["rz", [2], [0.3443756401538849]], ["rx", [2], [-0.038996800780296326]], ["rz", [2], [2.488834857940674]], ["h", [1], []], ["x", [0], []], ["h", [2], []], ["h", [1], []], ["cx", [2, 1], []], ["rz", [0], [-0.9341872334480286]], ["rx", [0], [-1.4421333074569702]], ["rz", [0], [0.7380656003952026]], ["rz", [1], [2.967827081680298]], ["rx", [1], [2.5328404903411865]], ["rz", [1], [-3.220989227294922]], ["rz", [2], [-2.236161470413208]], ["rx", [2], [1.6591262817382812]], ["rz", [2], [1.2387677431106567]], ["h", [2], []], ["x", [0], []], ["x", [0], []], ["cx", [2, 0], []], ["h", [2], []], ["rz", [0], [-1.4995783567428589]], ["rx", [0], [8.513929060427472e-05]], ["rz", [0], [1.3973796367645264]], ["rz", [1], [-2.18497371673584]], ["rx", [1], [2.113632917404175]], ["rz", [1], [-1.536123275756836]], ["rz", [2], [-0.22489435970783234]], ["rx", [2], [-2.3821256160736084]], ["rz", [2], [-3.281403064727783]]], "base_circuit_qasm": "OPENQASM 2.0;\ninclude \"qelib1.inc\";\nqreg q[3];\nh q[2];\ncx q[2],q[0];\nx q[0];\nx q[0];\nh q[2];\ncx q[2],q[1];\nh q[1];\nh q[2];\nx q[0];\nh q[1];\nh q[1];\nx q[0];\nh q[2];\nh q[1];\ncx q[2],q[1];\nh q[2];\nx q[0];\nx q[0];\ncx q[2],q[0];\nh q[2];", "pqc_circuit_qasm": "OPENQASM 2.0;\ninclude \"qelib1.inc\";\nqreg q[3];\nh q[2];\ncx q[2],q[0];\nx q[0];\nx q[0];\nh q[2];\nrz(0.3730466067790985) q[0];\nrx(2.622288703918457) q[0];\nrz(-2.608013153076172) q[0];\nrz(1.4750685691833496) q[1];\nrx(-2.1023635864257812) q[1];\nrz(2.177619218826294) q[1];\nrz(-1.9855523109436035) q[2];\nrx(-1.789142370223999) q[2];\nrz(-1.449389100074768) q[2];\ncx q[2],q[1];\nh q[1];\nh q[2];\nx q[0];\nh q[1];\nrz(0.8693042993545532) q[0];\nrx(-1.4844938516616821) q[0];\nrz(2.120954990386963) q[0];\nrz(-0.3123317360877991) q[1];\nrx(-1.2704087495803833) q[1];\nrz(-0.24880187213420868) q[1];\nrz(0.3443756401538849) q[2];\nrx(-0.038996800780296326) q[2];\nrz(2.488834857940674) q[2];\nh q[1];\nx q[0];\nh q[2];\nh q[1];\ncx q[2],q[1];\nrz(-0.9341872334480286) q[0];\nrx(-1.4421333074569702) q[0];\nrz(0.7380656003952026) q[0];\nrz(2.967827081680298) q[1];\nrx(2.5328404903411865) q[1];\nrz(-3.220989227294922) q[1];\nrz(-2.236161470413208) q[2];\nrx(1.6591262817382812) q[2];\nrz(1.2387677431106567) q[2];\nh q[2];\nx q[0];\nx q[0];\ncx q[2],q[0];\nh q[2];\nrz(-1.4995783567428589) q[0];\nrx(8.513929060427472e-05) q[0];\nrz(1.3973796367645264) q[0];\nrz(-2.18497371673584) q[1];\nrx(2.113632917404175) q[1];\nrz(-1.536123275756836) q[1];\nrz(-0.22489435970783234) q[2];\nrx(-2.3821256160736084) q[2];\nrz(-3.281403064727783) q[2];"}