{"seed": 703, "fidelity": 0.9973899126052856, "pqc_params": [[[2.44189715385437, 2.3390557765960693, 1.4047988653182983], [3.514005661010742, 1.173378825187683, 0.34053972363471985], [2.9125726222991943, -3.1212353706359863, -3.3440258502960205]], [[1.1741364002227783, 1.286759376525879, 1.409591794013977], [2.214082717895508, -1.5814487934112549, -2.2638306617736816], [-2.5131356716156006, -3.8319592475891113, 3.1462204456329346]], [[3.0756397247314453, -0.5902356505393982, -1.9542614221572876], [2.661975860595703, 2.055255889892578, 0.9237605929374695], [-1.404457926750183, 1.1255196332931519, 0.45542654395103455]], [[-0.06143743172287941, 2.898660898208618, 1.1155240535736084], [-1.936365008354187, 3.1684539318084717, 1.309159517288208], [1.683952808380127, -1.744584083557129, 2.91770076751709]]], "base_circuit_tokens": [["h", [0], []], ["h", [1], []], ["cx", [1, 0], []], ["h", [2], []], ["h", [1], []], ["h", [0], []], ["x", [0], []], ["h", [0], []], ["x", [1], []], ["h", [0], []], ["h", [0], []], ["x", [1], []], ["h", [0], []], ["x", [0], []], ["h", [0], []], ["h", [1], []], ["h", [2], []], ["cx", [1, 0], []], ["h", [1], []], ["h", [0], []]], "pqc_circuit_tokens": [["h", [0], []], ["h", [1], []], ["cx", [1, 0], []], ["h", [2], []], ["h", [1], []], ["rz", [0], [2.44189715385437]], ["rx", [0], [2.3390557765960693]], ["rz", [0], [1.4047988653182983]], ["rz", [1], [3.514005661010742]], ["rx", [1], [1.173378825187683]], ["rz", [1], [0.34053972363471985]], ["rz", [2], [2.9125726222991943]], ["rx", [2], [-3.1212353706359863]], ["rz", [2], [-3.3440258502960205]], ["h", [0], []], ["x", [0], []], ["h", [0], []], ["x", [1], []], ["h", [0], []], ["rz", [0], [1.1741364002227783]], ["rx", [0], [1.286759376525879]], ["rz", [0], [1.409591794013977]], ["rz", [1], [2.214082717895508]], ["rx", [1], [-1.5814487934112549]], ["rz", [1], [-2.2638306617736816]], ["rz", [2], [-2.5131356716156006]], ["rx", [2], [-3.8319592475891113]], ["rz", [2], [3.1462204456329346]], ["h", [0], []], ["x", [1], []], ["h", [0], []], ["x", [0], []], ["h", [0], []], ["rz", [0], [3.0756397247314453]], ["rx", [0], [-0.5902356505393982]], ["rz", [0], [-1.9542614221572876]], ["rz", [1], [2.661975860595703]], ["rx", [1], [2.055255889892578]], ["rz", [1], [0.9237605929374695]], ["rz", [2], [-1.404457926750183]], ["rx", [2], [1.1255196332931519]], ["rz", [2], [0.45542654395103455]], ["h", [1], []], ["h", [2], []], ["cx", [1, 0], []], ["h", [1], []], ["h", [0], []], ["rz", [0], [-0.06143743172287941]], ["rx", [0], [2.898660898208618]], ["rz", [0], [1.1155240535736084]], ["rz", [1], [-1.936365008354187]], ["rx", [1], [3.1684539318084717]], ["rz", [1], [1.309159517288208]], ["rz", [2], [1.683952808380127]], ["rx", [2], [-1.744584083557129]], ["rz", [2], [2.91770076751709]]], "base_circuit_qasm": "OPENQASM 2.0;\ninclude \"qelib1.inc\";\nqreg q[3];\nh q[0];\nh q[1];\ncx q[1],q[0];\nh q[2];\nh q[1];\nh q[0];\nx q[0];\nh q[0];\nx q[1];\nh q[0];\nh q[0];\nx q[1];\nh q[0];\nx q[0];\nh q[0];\nh q[1];\nh q[2];\ncx q[1],q[0];\nh q[1];\nh q[0];", "pqc_circuit_qasm": "OPENQASM 2.0;\ninclude \"qelib1.inc\";\nqreg q[3];\nh q[0];\nh q[1];\ncx q[1],q[0];\nh q[2];\nh q[1];\nrz(2.44189715385437) q[0];\nrx(2.3390557765960693) q[0];\nrz(1.4047988653182983) q[0];\nrz(3.514005661010742) q[1];\nrx(1.173378825187683) q[1];\nrz(0.34053972363471985) q[1];\nrz(2.9125726222991943) q[2];\nrx(-3.1212353706359863) q[2];\nrz(-3.3440258502960205) q[2];\nh q[0];\nx q[0];\nh q[0];\nx q[1];\nh q[0];\nrz(1.1741364002227783) q[0];\nrx(1.286759376525879) q[0];\nrz(1.409591794013977) q[0];\nrz(2.214082717895508) q[1];\nrx(-1.5814487934112549) q[1];\nrz(-2.2638306617736816) q[1];\nrz(-2.5131356716156006) q[2];\nrx(-3.8319592475891113) q[2];\nrz(3.1462204456329346) q[2];\nh q[0];\nx q[1];\nh q[0];\nx q[0];\nh q[0];\nrz(3.0756397247314453) q[0];\nrx(-0.5902356505393982) q[0];\nrz(-1.9542614221572876) q[0];\nrz(2.661975860595703) q[1];\nrx(2.055255889892578) q[1];\nrz(0.9237605929374695) q[1];\nrz(-1.404457926750183) q[2];\nrx(1.1255196332931519) q[2];\nrz(0.45542654395103455) q[2];\nh q[1];\nh q[2];\ncx q[1],q[0];\nh q[1];\nh q[0];\nrz(-0.06143743172287941) q[0];\nrx(2.898660898208618) q[0];\nrz(1.1155240535736084) q[0];\nrz(-1.936365008354187) q[1];\nrx(3.1684539318084717) q[1];\nrz(1.309159517288208) q[1];\nrz(1.683952808380127) q[2];\nrx(-1.744584083557129) q[2];\nrz(2.91770076751709) q[2];"}