{"seed": 713, "fidelity": 0.9994945526123047, "pqc_params": [[[2.147446393966675, -1.5762133598327637, -0.8923727869987488], [-1.0160231590270996, -1.6407145261764526, 1.5374717712402344], [-3.6802542209625244, -1.6517311334609985, -2.2599751949310303]], [[-2.3082664012908936, 0.018619127571582794, 2.619767665863037], [-2.1005749702453613, 3.2275454998016357, 1.2659014463424683], [0.10574088245630264, -0.10651049762964249, 3.108959197998047]], [[2.572291612625122, -0.04537905007600784, 0.15173658728599548], [3.243943691253662, 0.924428403377533, -2.4191431999206543], [2.3014047145843506, -0.9207961559295654, -2.6002931594848633]], [[-1.2538632154464722, 0.8187154531478882, -0.9125165343284607], [-2.5131919384002686, -1.857224702835083, 1.8639837503433228], [1.335266351699829, 1.285688042640686, -1.115593671798706]]], "base_circuit_tokens": [["h", [2], []], ["h", [0], []], ["h", [0], []], ["h", [0], []], ["h", [2], []], ["cx", [0, 2], []], ["h", [2], []], ["h", [0], []], ["x", [0], []], ["x", [2], []], ["x", [2], []], ["x", [0], []], ["h", [0], []], ["h", [2], []], ["cx", [0, 2], []], ["h", [2], []], ["h", [0], []], ["h", [0], []], ["h", [0], []], ["h", [2], []]], "pqc_circuit_tokens": [["h", [2], []], ["h", [0], []], ["h", [0], []], ["h", [0], []], ["h", [2], []], ["rz", [0], [2.147446393966675]], ["rx", [0], [-1.5762133598327637]], ["rz", [0], [-0.8923727869987488]], ["rz", [1], [-1.0160231590270996]], ["rx", [1], [-1.6407145261764526]], ["rz", [1], [1.5374717712402344]], ["rz", [2], [-3.6802542209625244]], ["rx", [2], [-1.6517311334609985]], ["rz", [2], [-2.2599751949310303]], ["cx", [0, 2], []], ["h", [2], []], ["h", [0], []], ["x", [0], []], ["x", [2], []], ["rz", [0], [-2.3082664012908936]], ["rx", [0], [0.018619127571582794]], ["rz", [0], [2.619767665863037]], ["rz", [1], [-2.1005749702453613]], ["rx", [1], [3.2275454998016357]], ["rz", [1], [1.2659014463424683]], ["rz", [2], [0.10574088245630264]], ["rx", [2], [-0.10651049762964249]], ["rz", [2], [3.108959197998047]], ["x", [2], []], ["x", [0], []], ["h", [0], []], ["h", [2], []], ["cx", [0, 2], []], ["rz", [0], [2.572291612625122]], ["rx", [0], [-0.04537905007600784]], ["rz", [0], [0.15173658728599548]], ["rz", [1], [3.243943691253662]], ["rx", [1], [0.924428403377533]], ["rz", [1], [-2.4191431999206543]], ["rz", [2], [2.3014047145843506]], ["rx", [2], [-0.9207961559295654]], ["rz", [2], [-2.6002931594848633]], ["h", [2], []], ["h", [0], []], ["h", [0], []], ["h", [0], []], ["h", [2], []], ["rz", [0], [-1.2538632154464722]], ["rx", [0], [0.8187154531478882]], ["rz", [0], [-0.9125165343284607]], ["rz", [1], [-2.5131919384002686]], ["rx", [1], [-1.857224702835083]], ["rz", [1], [1.8639837503433228]], ["rz", [2], [1.335266351699829]], ["rx", [2], [1.285688042640686]], ["rz", [2], [-1.115593671798706]]], "base_circuit_qasm": "OPENQASM 2.0;\ninclude \"qelib1.inc\";\nqreg q[3];\nh q[2];\nh q[0];\nh q[0];\nh q[0];\nh q[2];\ncx q[0],q[2];\nh q[2];\nh q[0];\nx q[0];\nx q[2];\nx q[2];\nx q[0];\nh q[0];\nh q[2];\ncx q[0],q[2];\nh q[2];\nh q[0];\nh q[0];\nh q[0];\nh q[2];", "pqc_circuit_qasm": "OPENQASM 2.0;\ninclude \"qelib1.inc\";\nqreg q[3];\nh q[2];\nh q[0];\nh q[0];\nh q[0];\nh q[2];\nrz(2.147446393966675) q[0];\nrx(-1.5762133598327637) q[0];\nrz(-0.8923727869987488) q[0];\nrz(-1.0160231590270996) q[1];\nrx(-1.6407145261764526) q[1];\nrz(1.5374717712402344) q[1];\nrz(-3.6802542209625244) q[2];\nrx(-1.6517311334609985) q[2];\nrz(-2.2599751949310303) q[2];\ncx q[0],q[2];\nh q[2];\nh q[0];\nx q[0];\nx q[2];\nrz(-2.3082664012908936) q[0];\nrx(0.018619127571582794) q[0];\nrz(2.619767665863037) q[0];\nrz(-2.1005749702453613) q[1];\nrx(3.2275454998016357) q[1];\nrz(1.2659014463424683) q[1];\nrz(0.10574088245630264) q[2];\nrx(-0.10651049762964249) q[2];\nrz(3.108959197998047) q[2];\nx q[2];\nx q[0];\nh q[0];\nh q[2];\ncx q[0],q[2];\nrz(2.572291612625122) q[0];\nrx(-0.04537905007600784) q[0];\nrz(0.15173658728599548) q[0];\nrz(3.243943691253662) q[1];\nrx(0.924428403377533) q[1];\nrz(-2.4191431999206543) q[1];\nrz(2.3014047145843506) q[2];\nrx(-0.9207961559295654) q[2];\nrz(-2.6002931594848633) q[2];\nh q[2];\nh q[0];\nh q[0];\nh q[0];\nh q[2];\nrz(-1.2538632154464722) q[0];\nrx(0.8187154531478882) q[0];\nrz(-0.9125165343284607) q[0];\nrz(-2.5131919384002686) q[1];\nrx(-1.857224702835083) q[1];\nrz(1.8639837503433228) q[1];\nrz(1.335266351699829) q[2];\nrx(1.285688042640686) q[2];\nrz(-1.115593671798706) q[2];"}