{"seed": 73, "fidelity": 0.9996968507766724, "pqc_params": [[[2.746807336807251, -0.24254682660102844, 0.014625429175794125], [2.182187557220459, -3.0721654891967773, -2.4694204330444336], [0.33649951219558716, 1.0840812921524048, 1.3306468725204468]], [[1.8578919172286987, 0.6388915777206421, 1.3910716772079468], [2.1536998748779297, 0.3676256537437439, -1.5204863548278809], [3.175536632537842, 1.041434407234192, -3.4966766834259033]], [[3.0800492763519287, 2.1764590740203857, 0.6128758788108826], [0.7923995852470398, 2.097071647644043, 0.6257162094116211], [2.913008689880371, -0.4492877423763275, 1.3413007259368896]], [[1.184029459953308, 3.085360527038574, 3.0117850303649902], [-2.295754909515381, -0.6498007774353027, -0.605587363243103], [-0.019070181995630264, 0.07008634507656097, -1.028928279876709]]], "base_circuit_tokens": [["h", [0], []], ["x", [1], []], ["x", [1], []], ["h", [2], []], ["x", [1], []], ["h", [1], []], ["x", [2], []], ["h", [1], []], ["h", [0], []], ["h", [0], []], ["h", [0], []], ["h", [0], []], ["h", [1], []], ["x", [2], []], ["h", [1], []], ["x", [1], []], ["h", [2], []], ["x", [1], []], ["x", [1], []], ["h", [0], []]], "pqc_circuit_tokens": [["h", [0], []], ["x", [1], []], ["x", [1], []], ["h", [2], []], ["x", [1], []], ["rz", [0], [2.746807336807251]], ["rx", [0], [-0.24254682660102844]], ["rz", [0], [0.014625429175794125]], ["rz", [1], [2.182187557220459]], ["rx", [1], [-3.0721654891967773]], ["rz", [1], [-2.4694204330444336]], ["rz", [2], [0.33649951219558716]], ["rx", [2], [1.0840812921524048]], ["rz", [2], [1.3306468725204468]], ["h", [1], []], ["x", [2], []], ["h", [1], []], ["h", [0], []], ["h", [0], []], ["rz", [0], [1.8578919172286987]], ["rx", [0], [0.6388915777206421]], ["rz", [0], [1.3910716772079468]], ["rz", [1], [2.1536998748779297]], ["rx", [1], [0.3676256537437439]], ["rz", [1], [-1.5204863548278809]], ["rz", [2], [3.175536632537842]], ["rx", [2], [1.041434407234192]], ["rz", [2], [-3.4966766834259033]], ["h", [0], []], ["h", [0], []], ["h", [1], []], ["x", [2], []], ["h", [1], []], ["rz", [0], [3.0800492763519287]], ["rx", [0], [2.1764590740203857]], ["rz", [0], [0.6128758788108826]], ["rz", [1], [0.7923995852470398]], ["rx", [1], [2.097071647644043]], ["rz", [1], [0.6257162094116211]], ["rz", [2], [2.913008689880371]], ["rx", [2], [-0.4492877423763275]], ["rz", [2], [1.3413007259368896]], ["x", [1], []], ["h", [2], []], ["x", [1], []], ["x", [1], []], ["h", [0], []], ["rz", [0], [1.184029459953308]], ["rx", [0], [3.085360527038574]], ["rz", [0], [3.0117850303649902]], ["rz", [1], [-2.295754909515381]], ["rx", [1], [-0.6498007774353027]], ["rz", [1], [-0.605587363243103]], ["rz", [2], [-0.019070181995630264]], ["rx", [2], [0.07008634507656097]], ["rz", [2], [-1.028928279876709]]], "base_circuit_qasm": "OPENQASM 2.0;\ninclude \"qelib1.inc\";\nqreg q[3];\nh q[0];\nx q[1];\nx q[1];\nh q[2];\nx q[1];\nh q[1];\nx q[2];\nh q[1];\nh q[0];\nh q[0];\nh q[0];\nh q[0];\nh q[1];\nx q[2];\nh q[1];\nx q[1];\nh q[2];\nx q[1];\nx q[1];\nh q[0];", "pqc_circuit_qasm": "OPENQASM 2.0;\ninclude \"qelib1.inc\";\nqreg q[3];\nh q[0];\nx q[1];\nx q[1];\nh q[2];\nx q[1];\nrz(2.746807336807251) q[0];\nrx(-0.24254682660102844) q[0];\nrz(0.014625429175794125) q[0];\nrz(2.182187557220459) q[1];\nrx(-3.0721654891967773) q[1];\nrz(-2.4694204330444336) q[1];\nrz(0.33649951219558716) q[2];\nrx(1.0840812921524048) q[2];\nrz(1.3306468725204468) q[2];\nh q[1];\nx q[2];\nh q[1];\nh q[0];\nh q[0];\nrz(1.8578919172286987) q[0];\nrx(0.6388915777206421) q[0];\nrz(1.3910716772079468) q[0];\nrz(2.1536998748779297) q[1];\nrx(0.3676256537437439) q[1];\nrz(-1.5204863548278809) q[1];\nrz(3.175536632537842) q[2];\nrx(1.041434407234192) q[2];\nrz(-3.4966766834259033) q[2];\nh q[0];\nh q[0];\nh q[1];\nx q[2];\nh q[1];\nrz(3.0800492763519287) q[0];\nrx(2.1764590740203857) q[0];\nrz(0.6128758788108826) q[0];\nrz(0.7923995852470398) q[1];\nrx(2.097071647644043) q[1];\nrz(0.6257162094116211) q[1];\nrz(2.913008689880371) q[2];\nrx(-0.4492877423763275) q[2];\nrz(1.3413007259368896) q[2];\nx q[1];\nh q[2];\nx q[1];\nx q[1];\nh q[0];\nrz(1.184029459953308) q[0];\nrx(3.085360527038574) q[0];\nrz(3.0117850303649902) q[0];\nrz(-2.295754909515381) q[1];\nrx(-0.6498007774353027) q[1];\nrz(-0.605587363243103) q[1];\nrz(-0.019070181995630264) q[2];\nrx(0.07008634507656097) q[2];\nrz(-1.028928279876709) q[2];"}