{"seed": 747, "fidelity": 0.999776303768158, "pqc_params": [[[1.3990023136138916, 0.971523642539978, 0.11430663615465164], [2.0738425254821777, 3.2857282161712646, 0.5642092227935791], [-1.4708656072616577, -0.2614825665950775, 2.017805576324463]], [[0.3130473494529724, -0.12794451415538788, 2.24133563041687], [-1.5023069381713867, 0.012183815240859985, 4.326504707336426], [0.40640780329704285, 0.6901618838310242, 2.716176986694336]], [[3.0529890060424805, 2.1944611072540283, 0.8044039011001587], [-1.5976159572601318, -0.8711864352226257, -0.5897095203399658], [1.0817784070968628, 3.4301273822784424, -1.601782202720642]], [[-2.1496570110321045, -2.3388097286224365, 1.7974680662155151], [-3.3658812046051025, 2.3174777030944824, -0.13212710618972778], [-3.2461934089660645, 0.8543586134910583, -3.1404597759246826]]], "base_circuit_tokens": [["h", [1], []], ["x", [0], []], ["cx", [1, 2], []], ["h", [1], []], ["x", [1], []], ["h", [0], []], ["x", [2], []], ["x", [1], []], ["cx", [0, 1], []], ["cx", [1, 0], []], ["cx", [1, 0], []], ["cx", [0, 1], []], ["x", [1], []], ["x", [2], []], ["h", [0], []], ["x", [1], []], ["h", [1], []], ["cx", [1, 2], []], ["x", [0], []], ["h", [1], []]], "pqc_circuit_tokens": [["h", [1], []], ["x", [0], []], ["cx", [1, 2], []], ["h", [1], []], ["x", [1], []], ["rz", [0], [1.3990023136138916]], ["rx", [0], [0.971523642539978]], ["rz", [0], [0.11430663615465164]], ["rz", [1], [2.0738425254821777]], ["rx", [1], [3.2857282161712646]], ["rz", [1], [0.5642092227935791]], ["rz", [2], [-1.4708656072616577]], ["rx", [2], [-0.2614825665950775]], ["rz", [2], [2.017805576324463]], ["h", [0], []], ["x", [2], []], ["x", [1], []], ["cx", [0, 1], []], ["cx", [1, 0], []], ["rz", [0], [0.3130473494529724]], ["rx", [0], [-0.12794451415538788]], ["rz", [0], [2.24133563041687]], ["rz", [1], [-1.5023069381713867]], ["rx", [1], [0.012183815240859985]], ["rz", [1], [4.326504707336426]], ["rz", [2], [0.40640780329704285]], ["rx", [2], [0.6901618838310242]], ["rz", [2], [2.716176986694336]], ["cx", [1, 0], []], ["cx", [0, 1], []], ["x", [1], []], ["x", [2], []], ["h", [0], []], ["rz", [0], [3.0529890060424805]], ["rx", [0], [2.1944611072540283]], ["rz", [0], [0.8044039011001587]], ["rz", [1], [-1.5976159572601318]], ["rx", [1], [-0.8711864352226257]], ["rz", [1], [-0.5897095203399658]], ["rz", [2], [1.0817784070968628]], ["rx", [2], [3.4301273822784424]], ["rz", [2], [-1.601782202720642]], ["x", [1], []], ["h", [1], []], ["cx", [1, 2], []], ["x", [0], []], ["h", [1], []], ["rz", [0], [-2.1496570110321045]], ["rx", [0], [-2.3388097286224365]], ["rz", [0], [1.7974680662155151]], ["rz", [1], [-3.3658812046051025]], ["rx", [1], [2.3174777030944824]], ["rz", [1], [-0.13212710618972778]], ["rz", [2], [-3.2461934089660645]], ["rx", [2], [0.8543586134910583]], ["rz", [2], [-3.1404597759246826]]], "base_circuit_qasm": "OPENQASM 2.0;\ninclude \"qelib1.inc\";\nqreg q[3];\nh q[1];\nx q[0];\ncx q[1],q[2];\nh q[1];\nx q[1];\nh q[0];\nx q[2];\nx q[1];\ncx q[0],q[1];\ncx q[1],q[0];\ncx q[1],q[0];\ncx q[0],q[1];\nx q[1];\nx q[2];\nh q[0];\nx q[1];\nh q[1];\ncx q[1],q[2];\nx q[0];\nh q[1];", "pqc_circuit_qasm": "OPENQASM 2.0;\ninclude \"qelib1.inc\";\nqreg q[3];\nh q[1];\nx q[0];\ncx q[1],q[2];\nh q[1];\nx q[1];\nrz(1.3990023136138916) q[0];\nrx(0.971523642539978) q[0];\nrz(0.11430663615465164) q[0];\nrz(2.0738425254821777) q[1];\nrx(3.2857282161712646) q[1];\nrz(0.5642092227935791) q[1];\nrz(-1.4708656072616577) q[2];\nrx(-0.2614825665950775) q[2];\nrz(2.017805576324463) q[2];\nh q[0];\nx q[2];\nx q[1];\ncx q[0],q[1];\ncx q[1],q[0];\nrz(0.3130473494529724) q[0];\nrx(-0.12794451415538788) q[0];\nrz(2.24133563041687) q[0];\nrz(-1.5023069381713867) q[1];\nrx(0.012183815240859985) q[1];\nrz(4.326504707336426) q[1];\nrz(0.40640780329704285) q[2];\nrx(0.6901618838310242) q[2];\nrz(2.716176986694336) q[2];\ncx q[1],q[0];\ncx q[0],q[1];\nx q[1];\nx q[2];\nh q[0];\nrz(3.0529890060424805) q[0];\nrx(2.1944611072540283) q[0];\nrz(0.8044039011001587) q[0];\nrz(-1.5976159572601318) q[1];\nrx(-0.8711864352226257) q[1];\nrz(-0.5897095203399658) q[1];\nrz(1.0817784070968628) q[2];\nrx(3.4301273822784424) q[2];\nrz(-1.601782202720642) q[2];\nx q[1];\nh q[1];\ncx q[1],q[2];\nx q[0];\nh q[1];\nrz(-2.1496570110321045) q[0];\nrx(-2.3388097286224365) q[0];\nrz(1.7974680662155151) q[0];\nrz(-3.3658812046051025) q[1];\nrx(2.3174777030944824) q[1];\nrz(-0.13212710618972778) q[1];\nrz(-3.2461934089660645) q[2];\nrx(0.8543586134910583) q[2];\nrz(-3.1404597759246826) q[2];"}