{"seed": 748, "fidelity": 0.9998159408569336, "pqc_params": [[[0.49186578392982483, -3.1502907276153564, -3.4516539573669434], [0.11412200331687927, -2.4253902435302734, -0.7817755341529846], [-0.5964897871017456, 0.6016987562179565, -1.8107779026031494]], [[1.1106128692626953, -0.34252187609672546, 1.7687405347824097], [1.4336938858032227, -3.260044574737549, 2.644639492034912], [1.8918689489364624, 0.07117684930562973, -0.8869773149490356]], [[1.3692084550857544, 0.165201336145401, -0.7845909595489502], [2.203805446624756, -2.3417320251464844, 1.72322678565979], [-0.864041805267334, -2.137531280517578, 1.9948111772537231]], [[0.8408899903297424, 2.7586123943328857, 3.9553353786468506], [0.9318365454673767, 0.2526560425758362, -1.111527442932129], [1.181734323501587, 2.846015214920044, -0.45335817337036133]]], "base_circuit_tokens": [["h", [2], []], ["cx", [1, 0], []], ["h", [0], []], ["h", [2], []], ["h", [0], []], ["h", [2], []], ["h", [0], []], ["cx", [0, 1], []], ["x", [2], []], ["h", [1], []], ["h", [1], []], ["x", [2], []], ["cx", [0, 1], []], ["h", [0], []], ["h", [2], []], ["h", [0], []], ["h", [2], []], ["h", [0], []], ["cx", [1, 0], []], ["h", [2], []]], "pqc_circuit_tokens": [["h", [2], []], ["cx", [1, 0], []], ["h", [0], []], ["h", [2], []], ["h", [0], []], ["rz", [0], [0.49186578392982483]], ["rx", [0], [-3.1502907276153564]], ["rz", [0], [-3.4516539573669434]], ["rz", [1], [0.11412200331687927]], ["rx", [1], [-2.4253902435302734]], ["rz", [1], [-0.7817755341529846]], ["rz", [2], [-0.5964897871017456]], ["rx", [2], [0.6016987562179565]], ["rz", [2], [-1.8107779026031494]], ["h", [2], []], ["h", [0], []], ["cx", [0, 1], []], ["x", [2], []], ["h", [1], []], ["rz", [0], [1.1106128692626953]], ["rx", [0], [-0.34252187609672546]], ["rz", [0], [1.7687405347824097]], ["rz", [1], [1.4336938858032227]], ["rx", [1], [-3.260044574737549]], ["rz", [1], [2.644639492034912]], ["rz", [2], [1.8918689489364624]], ["rx", [2], [0.07117684930562973]], ["rz", [2], [-0.8869773149490356]], ["h", [1], []], ["x", [2], []], ["cx", [0, 1], []], ["h", [0], []], ["h", [2], []], ["rz", [0], [1.3692084550857544]], ["rx", [0], [0.165201336145401]], ["rz", [0], [-0.7845909595489502]], ["rz", [1], [2.203805446624756]], ["rx", [1], [-2.3417320251464844]], ["rz", [1], [1.72322678565979]], ["rz", [2], [-0.864041805267334]], ["rx", [2], [-2.137531280517578]], ["rz", [2], [1.9948111772537231]], ["h", [0], []], ["h", [2], []], ["h", [0], []], ["cx", [1, 0], []], ["h", [2], []], ["rz", [0], [0.8408899903297424]], ["rx", [0], [2.7586123943328857]], ["rz", [0], [3.9553353786468506]], ["rz", [1], [0.9318365454673767]], ["rx", [1], [0.2526560425758362]], ["rz", [1], [-1.111527442932129]], ["rz", [2], [1.181734323501587]], ["rx", [2], [2.846015214920044]], ["rz", [2], [-0.45335817337036133]]], "base_circuit_qasm": "OPENQASM 2.0;\ninclude \"qelib1.inc\";\nqreg q[3];\nh q[2];\ncx q[1],q[0];\nh q[0];\nh q[2];\nh q[0];\nh q[2];\nh q[0];\ncx q[0],q[1];\nx q[2];\nh q[1];\nh q[1];\nx q[2];\ncx q[0],q[1];\nh q[0];\nh q[2];\nh q[0];\nh q[2];\nh q[0];\ncx q[1],q[0];\nh q[2];", "pqc_circuit_qasm": "OPENQASM 2.0;\ninclude \"qelib1.inc\";\nqreg q[3];\nh q[2];\ncx q[1],q[0];\nh q[0];\nh q[2];\nh q[0];\nrz(0.49186578392982483) q[0];\nrx(-3.1502907276153564) q[0];\nrz(-3.4516539573669434) q[0];\nrz(0.11412200331687927) q[1];\nrx(-2.4253902435302734) q[1];\nrz(-0.7817755341529846) q[1];\nrz(-0.5964897871017456) q[2];\nrx(0.6016987562179565) q[2];\nrz(-1.8107779026031494) q[2];\nh q[2];\nh q[0];\ncx q[0],q[1];\nx q[2];\nh q[1];\nrz(1.1106128692626953) q[0];\nrx(-0.34252187609672546) q[0];\nrz(1.7687405347824097) q[0];\nrz(1.4336938858032227) q[1];\nrx(-3.260044574737549) q[1];\nrz(2.644639492034912) q[1];\nrz(1.8918689489364624) q[2];\nrx(0.07117684930562973) q[2];\nrz(-0.8869773149490356) q[2];\nh q[1];\nx q[2];\ncx q[0],q[1];\nh q[0];\nh q[2];\nrz(1.3692084550857544) q[0];\nrx(0.165201336145401) q[0];\nrz(-0.7845909595489502) q[0];\nrz(2.203805446624756) q[1];\nrx(-2.3417320251464844) q[1];\nrz(1.72322678565979) q[1];\nrz(-0.864041805267334) q[2];\nrx(-2.137531280517578) q[2];\nrz(1.9948111772537231) q[2];\nh q[0];\nh q[2];\nh q[0];\ncx q[1],q[0];\nh q[2];\nrz(0.8408899903297424) q[0];\nrx(2.7586123943328857) q[0];\nrz(3.9553353786468506) q[0];\nrz(0.9318365454673767) q[1];\nrx(0.2526560425758362) q[1];\nrz(-1.111527442932129) q[1];\nrz(1.181734323501587) q[2];\nrx(2.846015214920044) q[2];\nrz(-0.45335817337036133) q[2];"}