{"seed": 769, "fidelity": 0.9996713995933533, "pqc_params": [[[1.2147295475006104, 2.7511394023895264, 0.4266907572746277], [-0.5748295783996582, -2.7085936069488525, 2.9873294830322266], [1.969583511352539, 2.3708958625793457, 2.531049966812134]], [[-0.32956209778785706, 3.6153151988983154, -2.1974709033966064], [0.4149722456932068, 2.372856616973877, 0.2883997857570648], [-3.1502346992492676, 1.6221566200256348, 0.7175502777099609]], [[0.8285854458808899, -0.06147966533899307, 2.1480677127838135], [3.0866408348083496, -2.767247438430786, 1.0454357862472534], [1.2361382246017456, -1.090639352798462, 2.2900185585021973]], [[3.374175548553467, -0.2775217890739441, 2.6385042667388916], [1.252715826034546, 0.08055812865495682, 0.6502693891525269], [1.728503704071045, -1.1217483282089233, 1.2468820810317993]]], "base_circuit_tokens": [["h", [0], []], ["x", [2], []], ["h", [2], []], ["x", [0], []], ["h", [0], []], ["x", [2], []], ["h", [2], []], ["h", [2], []], ["x", [0], []], ["h", [1], []], ["h", [1], []], ["x", [0], []], ["h", [2], []], ["h", [2], []], ["x", [2], []], ["h", [0], []], ["x", [0], []], ["h", [2], []], ["x", [2], []], ["h", [0], []]], "pqc_circuit_tokens": [["h", [0], []], ["x", [2], []], ["h", [2], []], ["x", [0], []], ["h", [0], []], ["rz", [0], [1.2147295475006104]], ["rx", [0], [2.7511394023895264]], ["rz", [0], [0.4266907572746277]], ["rz", [1], [-0.5748295783996582]], ["rx", [1], [-2.7085936069488525]], ["rz", [1], [2.9873294830322266]], ["rz", [2], [1.969583511352539]], ["rx", [2], [2.3708958625793457]], ["rz", [2], [2.531049966812134]], ["x", [2], []], ["h", [2], []], ["h", [2], []], ["x", [0], []], ["h", [1], []], ["rz", [0], [-0.32956209778785706]], ["rx", [0], [3.6153151988983154]], ["rz", [0], [-2.1974709033966064]], ["rz", [1], [0.4149722456932068]], ["rx", [1], [2.372856616973877]], ["rz", [1], [0.2883997857570648]], ["rz", [2], [-3.1502346992492676]], ["rx", [2], [1.6221566200256348]], ["rz", [2], [0.7175502777099609]], ["h", [1], []], ["x", [0], []], ["h", [2], []], ["h", [2], []], ["x", [2], []], ["rz", [0], [0.8285854458808899]], ["rx", [0], [-0.06147966533899307]], ["rz", [0], [2.1480677127838135]], ["rz", [1], [3.0866408348083496]], ["rx", [1], [-2.767247438430786]], ["rz", [1], [1.0454357862472534]], ["rz", [2], [1.2361382246017456]], ["rx", [2], [-1.090639352798462]], ["rz", [2], [2.2900185585021973]], ["h", [0], []], ["x", [0], []], ["h", [2], []], ["x", [2], []], ["h", [0], []], ["rz", [0], [3.374175548553467]], ["rx", [0], [-0.2775217890739441]], ["rz", [0], [2.6385042667388916]], ["rz", [1], [1.252715826034546]], ["rx", [1], [0.08055812865495682]], ["rz", [1], [0.6502693891525269]], ["rz", [2], [1.728503704071045]], ["rx", [2], [-1.1217483282089233]], ["rz", [2], [1.2468820810317993]]], "base_circuit_qasm": "OPENQASM 2.0;\ninclude \"qelib1.inc\";\nqreg q[3];\nh q[0];\nx q[2];\nh q[2];\nx q[0];\nh q[0];\nx q[2];\nh q[2];\nh q[2];\nx q[0];\nh q[1];\nh q[1];\nx q[0];\nh q[2];\nh q[2];\nx q[2];\nh q[0];\nx q[0];\nh q[2];\nx q[2];\nh q[0];", "pqc_circuit_qasm": "OPENQASM 2.0;\ninclude \"qelib1.inc\";\nqreg q[3];\nh q[0];\nx q[2];\nh q[2];\nx q[0];\nh q[0];\nrz(1.2147295475006104) q[0];\nrx(2.7511394023895264) q[0];\nrz(0.4266907572746277) q[0];\nrz(-0.5748295783996582) q[1];\nrx(-2.7085936069488525) q[1];\nrz(2.9873294830322266) q[1];\nrz(1.969583511352539) q[2];\nrx(2.3708958625793457) q[2];\nrz(2.531049966812134) q[2];\nx q[2];\nh q[2];\nh q[2];\nx q[0];\nh q[1];\nrz(-0.32956209778785706) q[0];\nrx(3.6153151988983154) q[0];\nrz(-2.1974709033966064) q[0];\nrz(0.4149722456932068) q[1];\nrx(2.372856616973877) q[1];\nrz(0.2883997857570648) q[1];\nrz(-3.1502346992492676) q[2];\nrx(1.6221566200256348) q[2];\nrz(0.7175502777099609) q[2];\nh q[1];\nx q[0];\nh q[2];\nh q[2];\nx q[2];\nrz(0.8285854458808899) q[0];\nrx(-0.06147966533899307) q[0];\nrz(2.1480677127838135) q[0];\nrz(3.0866408348083496) q[1];\nrx(-2.767247438430786) q[1];\nrz(1.0454357862472534) q[1];\nrz(1.2361382246017456) q[2];\nrx(-1.090639352798462) q[2];\nrz(2.2900185585021973) q[2];\nh q[0];\nx q[0];\nh q[2];\nx q[2];\nh q[0];\nrz(3.374175548553467) q[0];\nrx(-0.2775217890739441) q[0];\nrz(2.6385042667388916) q[0];\nrz(1.252715826034546) q[1];\nrx(0.08055812865495682) q[1];\nrz(0.6502693891525269) q[1];\nrz(1.728503704071045) q[2];\nrx(-1.1217483282089233) q[2];\nrz(1.2468820810317993) q[2];"}