{"seed": 772, "fidelity": 0.9931853413581848, "pqc_params": [[[2.7897887229919434, -1.7300050258636475, -0.8422620296478271], [-1.9444550275802612, 1.5281720161437988, 0.3134647309780121], [-3.083266258239746, 1.9277408123016357, 3.5876924991607666]], [[-2.752260446548462, -2.992696762084961, 3.6280179023742676], [1.2541505098342896, -2.4168829917907715, -2.379300832748413], [1.3425267934799194, -0.012952452525496483, 1.7248938083648682]], [[0.6688717007637024, -1.3664437532424927, 0.9867920279502869], [-2.3850228786468506, -1.5944437980651855, 1.781459093093872], [0.23545418679714203, 1.373162031173706, 2.0444929599761963]], [[-1.8060696125030518, -1.2666574716567993, -2.5705811977386475], [-1.1632986068725586, -0.03919605538249016, -2.105473756790161], [1.3467501401901245, 0.6912086009979248, -1.1097960472106934]]], "base_circuit_tokens": [["h", [0], []], ["cx", [1, 2], []], ["x", [2], []], ["x", [2], []], ["h", [2], []], ["h", [2], []], ["cx", [2, 0], []], ["cx", [1, 2], []], ["x", [0], []], ["cx", [1, 0], []], ["cx", [1, 0], []], ["x", [0], []], ["cx", [1, 2], []], ["cx", [2, 0], []], ["h", [2], []], ["h", [2], []], ["x", [2], []], ["x", [2], []], ["cx", [1, 2], []], ["h", [0], []]], "pqc_circuit_tokens": [["h", [0], []], ["cx", [1, 2], []], ["x", [2], []], ["x", [2], []], ["h", [2], []], ["rz", [0], [2.7897887229919434]], ["rx", [0], [-1.7300050258636475]], ["rz", [0], [-0.8422620296478271]], ["rz", [1], [-1.9444550275802612]], ["rx", [1], [1.5281720161437988]], ["rz", [1], [0.3134647309780121]], ["rz", [2], [-3.083266258239746]], ["rx", [2], [1.9277408123016357]], ["rz", [2], [3.5876924991607666]], ["h", [2], []], ["cx", [2, 0], []], ["cx", [1, 2], []], ["x", [0], []], ["cx", [1, 0], []], ["rz", [0], [-2.752260446548462]], ["rx", [0], [-2.992696762084961]], ["rz", [0], [3.6280179023742676]], ["rz", [1], [1.2541505098342896]], ["rx", [1], [-2.4168829917907715]], ["rz", [1], [-2.379300832748413]], ["rz", [2], [1.3425267934799194]], ["rx", [2], [-0.012952452525496483]], ["rz", [2], [1.7248938083648682]], ["cx", [1, 0], []], ["x", [0], []], ["cx", [1, 2], []], ["cx", [2, 0], []], ["h", [2], []], ["rz", [0], [0.6688717007637024]], ["rx", [0], [-1.3664437532424927]], ["rz", [0], [0.9867920279502869]], ["rz", [1], [-2.3850228786468506]], ["rx", [1], [-1.5944437980651855]], ["rz", [1], [1.781459093093872]], ["rz", [2], [0.23545418679714203]], ["rx", [2], [1.373162031173706]], ["rz", [2], [2.0444929599761963]], ["h", [2], []], ["x", [2], []], ["x", [2], []], ["cx", [1, 2], []], ["h", [0], []], ["rz", [0], [-1.8060696125030518]], ["rx", [0], [-1.2666574716567993]], ["rz", [0], [-2.5705811977386475]], ["rz", [1], [-1.1632986068725586]], ["rx", [1], [-0.03919605538249016]], ["rz", [1], [-2.105473756790161]], ["rz", [2], [1.3467501401901245]], ["rx", [2], [0.6912086009979248]], ["rz", [2], [-1.1097960472106934]]], "base_circuit_qasm": "OPENQASM 2.0;\ninclude \"qelib1.inc\";\nqreg q[3];\nh q[0];\ncx q[1],q[2];\nx q[2];\nx q[2];\nh q[2];\nh q[2];\ncx q[2],q[0];\ncx q[1],q[2];\nx q[0];\ncx q[1],q[0];\ncx q[1],q[0];\nx q[0];\ncx q[1],q[2];\ncx q[2],q[0];\nh q[2];\nh q[2];\nx q[2];\nx q[2];\ncx q[1],q[2];\nh q[0];", "pqc_circuit_qasm": "OPENQASM 2.0;\ninclude \"qelib1.inc\";\nqreg q[3];\nh q[0];\ncx q[1],q[2];\nx q[2];\nx q[2];\nh q[2];\nrz(2.7897887229919434) q[0];\nrx(-1.7300050258636475) q[0];\nrz(-0.8422620296478271) q[0];\nrz(-1.9444550275802612) q[1];\nrx(1.5281720161437988) q[1];\nrz(0.3134647309780121) q[1];\nrz(-3.083266258239746) q[2];\nrx(1.9277408123016357) q[2];\nrz(3.5876924991607666) q[2];\nh q[2];\ncx q[2],q[0];\ncx q[1],q[2];\nx q[0];\ncx q[1],q[0];\nrz(-2.752260446548462) q[0];\nrx(-2.992696762084961) q[0];\nrz(3.6280179023742676) q[0];\nrz(1.2541505098342896) q[1];\nrx(-2.4168829917907715) q[1];\nrz(-2.379300832748413) q[1];\nrz(1.3425267934799194) q[2];\nrx(-0.012952452525496483) q[2];\nrz(1.7248938083648682) q[2];\ncx q[1],q[0];\nx q[0];\ncx q[1],q[2];\ncx q[2],q[0];\nh q[2];\nrz(0.6688717007637024) q[0];\nrx(-1.3664437532424927) q[0];\nrz(0.9867920279502869) q[0];\nrz(-2.3850228786468506) q[1];\nrx(-1.5944437980651855) q[1];\nrz(1.781459093093872) q[1];\nrz(0.23545418679714203) q[2];\nrx(1.373162031173706) q[2];\nrz(2.0444929599761963) q[2];\nh q[2];\nx q[2];\nx q[2];\ncx q[1],q[2];\nh q[0];\nrz(-1.8060696125030518) q[0];\nrx(-1.2666574716567993) q[0];\nrz(-2.5705811977386475) q[0];\nrz(-1.1632986068725586) q[1];\nrx(-0.03919605538249016) q[1];\nrz(-2.105473756790161) q[1];\nrz(1.3467501401901245) q[2];\nrx(0.6912086009979248) q[2];\nrz(-1.1097960472106934) q[2];"}