{"seed": 783, "fidelity": 0.9716472625732422, "pqc_params": [[[1.596656322479248, -2.475552558898926, 2.281388998031616], [-0.12256349623203278, -0.994499683380127, -1.7358458042144775], [-2.8114707469940186, -1.02920663356781, -3.335690975189209]], [[-3.126262664794922, 2.08097243309021, -3.0082972049713135], [-0.654155969619751, -0.08599645644426346, -1.3970227241516113], [-0.46814101934432983, -0.027344902977347374, 0.5670123100280762]], [[-3.3125498294830322, -2.2884225845336914, 1.8569424152374268], [-1.7197422981262207, -0.049621399492025375, 2.6582694053649902], [-3.11370587348938, 1.5224714279174805, -2.001882553100586]], [[0.2014378160238266, -0.3729715645313263, -0.09075860679149628], [-0.03552713990211487, -2.677168369293213, 1.0516570806503296], [3.0249345302581787, 0.42056572437286377, 1.6597118377685547]]], "base_circuit_tokens": [["x", [0], []], ["cx", [2, 0], []], ["h", [0], []], ["h", [1], []], ["x", [1], []], ["h", [0], []], ["cx", [1, 2], []], ["cx", [1, 0], []], ["x", [2], []], ["x", [0], []], ["x", [0], []], ["x", [2], []], ["cx", [1, 0], []], ["cx", [1, 2], []], ["h", [0], []], ["x", [1], []], ["h", [1], []], ["h", [0], []], ["cx", [2, 0], []], ["x", [0], []]], "pqc_circuit_tokens": [["x", [0], []], ["cx", [2, 0], []], ["h", [0], []], ["h", [1], []], ["x", [1], []], ["rz", [0], [1.596656322479248]], ["rx", [0], [-2.475552558898926]], ["rz", [0], [2.281388998031616]], ["rz", [1], [-0.12256349623203278]], ["rx", [1], [-0.994499683380127]], ["rz", [1], [-1.7358458042144775]], ["rz", [2], [-2.8114707469940186]], ["rx", [2], [-1.02920663356781]], ["rz", [2], [-3.335690975189209]], ["h", [0], []], ["cx", [1, 2], []], ["cx", [1, 0], []], ["x", [2], []], ["x", [0], []], ["rz", [0], [-3.126262664794922]], ["rx", [0], [2.08097243309021]], ["rz", [0], [-3.0082972049713135]], ["rz", [1], [-0.654155969619751]], ["rx", [1], [-0.08599645644426346]], ["rz", [1], [-1.3970227241516113]], ["rz", [2], [-0.46814101934432983]], ["rx", [2], [-0.027344902977347374]], ["rz", [2], [0.5670123100280762]], ["x", [0], []], ["x", [2], []], ["cx", [1, 0], []], ["cx", [1, 2], []], ["h", [0], []], ["rz", [0], [-3.3125498294830322]], ["rx", [0], [-2.2884225845336914]], ["rz", [0], [1.8569424152374268]], ["rz", [1], [-1.7197422981262207]], ["rx", [1], [-0.049621399492025375]], ["rz", [1], [2.6582694053649902]], ["rz", [2], [-3.11370587348938]], ["rx", [2], [1.5224714279174805]], ["rz", [2], [-2.001882553100586]], ["x", [1], []], ["h", [1], []], ["h", [0], []], ["cx", [2, 0], []], ["x", [0], []], ["rz", [0], [0.2014378160238266]], ["rx", [0], [-0.3729715645313263]], ["rz", [0], [-0.09075860679149628]], ["rz", [1], [-0.03552713990211487]], ["rx", [1], [-2.677168369293213]], ["rz", [1], [1.0516570806503296]], ["rz", [2], [3.0249345302581787]], ["rx", [2], [0.42056572437286377]], ["rz", [2], [1.6597118377685547]]], "base_circuit_qasm": "OPENQASM 2.0;\ninclude \"qelib1.inc\";\nqreg q[3];\nx q[0];\ncx q[2],q[0];\nh q[0];\nh q[1];\nx q[1];\nh q[0];\ncx q[1],q[2];\ncx q[1],q[0];\nx q[2];\nx q[0];\nx q[0];\nx q[2];\ncx q[1],q[0];\ncx q[1],q[2];\nh q[0];\nx q[1];\nh q[1];\nh q[0];\ncx q[2],q[0];\nx q[0];", "pqc_circuit_qasm": "OPENQASM 2.0;\ninclude \"qelib1.inc\";\nqreg q[3];\nx q[0];\ncx q[2],q[0];\nh q[0];\nh q[1];\nx q[1];\nrz(1.596656322479248) q[0];\nrx(-2.475552558898926) q[0];\nrz(2.281388998031616) q[0];\nrz(-0.12256349623203278) q[1];\nrx(-0.994499683380127) q[1];\nrz(-1.7358458042144775) q[1];\nrz(-2.8114707469940186) q[2];\nrx(-1.02920663356781) q[2];\nrz(-3.335690975189209) q[2];\nh q[0];\ncx q[1],q[2];\ncx q[1],q[0];\nx q[2];\nx q[0];\nrz(-3.126262664794922) q[0];\nrx(2.08097243309021) q[0];\nrz(-3.0082972049713135) q[0];\nrz(-0.654155969619751) q[1];\nrx(-0.08599645644426346) q[1];\nrz(-1.3970227241516113) q[1];\nrz(-0.46814101934432983) q[2];\nrx(-0.027344902977347374) q[2];\nrz(0.5670123100280762) q[2];\nx q[0];\nx q[2];\ncx q[1],q[0];\ncx q[1],q[2];\nh q[0];\nrz(-3.3125498294830322) q[0];\nrx(-2.2884225845336914) q[0];\nrz(1.8569424152374268) q[0];\nrz(-1.7197422981262207) q[1];\nrx(-0.049621399492025375) q[1];\nrz(2.6582694053649902) q[1];\nrz(-3.11370587348938) q[2];\nrx(1.5224714279174805) q[2];\nrz(-2.001882553100586) q[2];\nx q[1];\nh q[1];\nh q[0];\ncx q[2],q[0];\nx q[0];\nrz(0.2014378160238266) q[0];\nrx(-0.3729715645313263) q[0];\nrz(-0.09075860679149628) q[0];\nrz(-0.03552713990211487) q[1];\nrx(-2.677168369293213) q[1];\nrz(1.0516570806503296) q[1];\nrz(3.0249345302581787) q[2];\nrx(0.42056572437286377) q[2];\nrz(1.6597118377685547) q[2];"}