{"seed": 784, "fidelity": 0.9983878135681152, "pqc_params": [[[-0.6276615262031555, -0.7782445549964905, 0.6792631149291992], [-2.090023994445801, -0.43089622259140015, 0.6268972158432007], [1.544765830039978, -2.2366769313812256, -0.6816994547843933]], [[-1.8487969636917114, -3.193596839904785, -2.0034403800964355], [-1.1640535593032837, -0.007214520126581192, 4.200538158416748], [-0.4933077394962311, -3.113938570022583, 2.74764347076416]], [[2.0257411003112793, 3.7014825344085693, -0.8443351984024048], [1.083150863647461, -0.3489815294742584, 2.2106773853302], [2.3730106353759766, -2.1436405181884766, 1.691730260848999]], [[1.5948957204818726, -3.164975881576538, -1.451765775680542], [-1.423448920249939, 3.075065851211548, 0.24444124102592468], [0.3537921905517578, -0.16570299863815308, 2.6824934482574463]]], "base_circuit_tokens": [["h", [0], []], ["cx", [0, 2], []], ["h", [2], []], ["h", [1], []], ["h", [1], []], ["cx", [2, 1], []], ["h", [0], []], ["h", [2], []], ["h", [2], []], ["h", [2], []], ["h", [2], []], ["h", [2], []], ["h", [2], []], ["h", [0], []], ["cx", [2, 1], []], ["h", [1], []], ["h", [1], []], ["h", [2], []], ["cx", [0, 2], []], ["h", [0], []]], "pqc_circuit_tokens": [["h", [0], []], ["cx", [0, 2], []], ["h", [2], []], ["h", [1], []], ["h", [1], []], ["rz", [0], [-0.6276615262031555]], ["rx", [0], [-0.7782445549964905]], ["rz", [0], [0.6792631149291992]], ["rz", [1], [-2.090023994445801]], ["rx", [1], [-0.43089622259140015]], ["rz", [1], [0.6268972158432007]], ["rz", [2], [1.544765830039978]], ["rx", [2], [-2.2366769313812256]], ["rz", [2], [-0.6816994547843933]], ["cx", [2, 1], []], ["h", [0], []], ["h", [2], []], ["h", [2], []], ["h", [2], []], ["rz", [0], [-1.8487969636917114]], ["rx", [0], [-3.193596839904785]], ["rz", [0], [-2.0034403800964355]], ["rz", [1], [-1.1640535593032837]], ["rx", [1], [-0.007214520126581192]], ["rz", [1], [4.200538158416748]], ["rz", [2], [-0.4933077394962311]], ["rx", [2], [-3.113938570022583]], ["rz", [2], [2.74764347076416]], ["h", [2], []], ["h", [2], []], ["h", [2], []], ["h", [0], []], ["cx", [2, 1], []], ["rz", [0], [2.0257411003112793]], ["rx", [0], [3.7014825344085693]], ["rz", [0], [-0.8443351984024048]], ["rz", [1], [1.083150863647461]], ["rx", [1], [-0.3489815294742584]], ["rz", [1], [2.2106773853302]], ["rz", [2], [2.3730106353759766]], ["rx", [2], [-2.1436405181884766]], ["rz", [2], [1.691730260848999]], ["h", [1], []], ["h", [1], []], ["h", [2], []], ["cx", [0, 2], []], ["h", [0], []], ["rz", [0], [1.5948957204818726]], ["rx", [0], [-3.164975881576538]], ["rz", [0], [-1.451765775680542]], ["rz", [1], [-1.423448920249939]], ["rx", [1], [3.075065851211548]], ["rz", [1], [0.24444124102592468]], ["rz", [2], [0.3537921905517578]], ["rx", [2], [-0.16570299863815308]], ["rz", [2], [2.6824934482574463]]], "base_circuit_qasm": "OPENQASM 2.0;\ninclude \"qelib1.inc\";\nqreg q[3];\nh q[0];\ncx q[0],q[2];\nh q[2];\nh q[1];\nh q[1];\ncx q[2],q[1];\nh q[0];\nh q[2];\nh q[2];\nh q[2];\nh q[2];\nh q[2];\nh q[2];\nh q[0];\ncx q[2],q[1];\nh q[1];\nh q[1];\nh q[2];\ncx q[0],q[2];\nh q[0];", "pqc_circuit_qasm": "OPENQASM 2.0;\ninclude \"qelib1.inc\";\nqreg q[3];\nh q[0];\ncx q[0],q[2];\nh q[2];\nh q[1];\nh q[1];\nrz(-0.6276615262031555) q[0];\nrx(-0.7782445549964905) q[0];\nrz(0.6792631149291992) q[0];\nrz(-2.090023994445801) q[1];\nrx(-0.43089622259140015) q[1];\nrz(0.6268972158432007) q[1];\nrz(1.544765830039978) q[2];\nrx(-2.2366769313812256) q[2];\nrz(-0.6816994547843933) q[2];\ncx q[2],q[1];\nh q[0];\nh q[2];\nh q[2];\nh q[2];\nrz(-1.8487969636917114) q[0];\nrx(-3.193596839904785) q[0];\nrz(-2.0034403800964355) q[0];\nrz(-1.1640535593032837) q[1];\nrx(-0.007214520126581192) q[1];\nrz(4.200538158416748) q[1];\nrz(-0.4933077394962311) q[2];\nrx(-3.113938570022583) q[2];\nrz(2.74764347076416) q[2];\nh q[2];\nh q[2];\nh q[2];\nh q[0];\ncx q[2],q[1];\nrz(2.0257411003112793) q[0];\nrx(3.7014825344085693) q[0];\nrz(-0.8443351984024048) q[0];\nrz(1.083150863647461) q[1];\nrx(-0.3489815294742584) q[1];\nrz(2.2106773853302) q[1];\nrz(2.3730106353759766) q[2];\nrx(-2.1436405181884766) q[2];\nrz(1.691730260848999) q[2];\nh q[1];\nh q[1];\nh q[2];\ncx q[0],q[2];\nh q[0];\nrz(1.5948957204818726) q[0];\nrx(-3.164975881576538) q[0];\nrz(-1.451765775680542) q[0];\nrz(-1.423448920249939) q[1];\nrx(3.075065851211548) q[1];\nrz(0.24444124102592468) q[1];\nrz(0.3537921905517578) q[2];\nrx(-0.16570299863815308) q[2];\nrz(2.6824934482574463) q[2];"}