{"seed": 789, "fidelity": 0.9999141693115234, "pqc_params": [[[-2.3509302139282227, 2.3052053451538086, -0.4400954842567444], [2.725952625274658, 1.9367470741271973, -2.0126092433929443], [2.6122982501983643, 0.07904123514890671, 0.5864576101303101]], [[3.203951835632324, -0.25785183906555176, -0.8328715562820435], [-0.26716122031211853, 1.4849648475646973, -2.5266246795654297], [-2.083470344543457, -0.8107378482818604, 1.8360726833343506]], [[0.5708824992179871, -0.2957611382007599, 3.151249647140503], [1.5724258422851562, 3.4287896156311035, 1.4925382137298584], [0.6550930738449097, 3.4116640090942383, -1.787270426750183]], [[1.9190012216567993, 3.5419626235961914, -1.465580701828003], [-1.4429807662963867, 2.5559639930725098, 1.5846152305603027], [-1.136804223060608, -1.2967019081115723, -1.6978187561035156]]], "base_circuit_tokens": [["h", [1], []], ["x", [1], []], ["h", [2], []], ["h", [0], []], ["h", [1], []], ["h", [2], []], ["x", [0], []], ["x", [1], []], ["x", [1], []], ["h", [2], []], ["h", [2], []], ["x", [1], []], ["x", [1], []], ["x", [0], []], ["h", [2], []], ["h", [1], []], ["h", [0], []], ["h", [2], []], ["x", [1], []], ["h", [1], []]], "pqc_circuit_tokens": [["h", [1], []], ["x", [1], []], ["h", [2], []], ["h", [0], []], ["h", [1], []], ["rz", [0], [-2.3509302139282227]], ["rx", [0], [2.3052053451538086]], ["rz", [0], [-0.4400954842567444]], ["rz", [1], [2.725952625274658]], ["rx", [1], [1.9367470741271973]], ["rz", [1], [-2.0126092433929443]], ["rz", [2], [2.6122982501983643]], ["rx", [2], [0.07904123514890671]], ["rz", [2], [0.5864576101303101]], ["h", [2], []], ["x", [0], []], ["x", [1], []], ["x", [1], []], ["h", [2], []], ["rz", [0], [3.203951835632324]], ["rx", [0], [-0.25785183906555176]], ["rz", [0], [-0.8328715562820435]], ["rz", [1], [-0.26716122031211853]], ["rx", [1], [1.4849648475646973]], ["rz", [1], [-2.5266246795654297]], ["rz", [2], [-2.083470344543457]], ["rx", [2], [-0.8107378482818604]], ["rz", [2], [1.8360726833343506]], ["h", [2], []], ["x", [1], []], ["x", [1], []], ["x", [0], []], ["h", [2], []], ["rz", [0], [0.5708824992179871]], ["rx", [0], [-0.2957611382007599]], ["rz", [0], [3.151249647140503]], ["rz", [1], [1.5724258422851562]], ["rx", [1], [3.4287896156311035]], ["rz", [1], [1.4925382137298584]], ["rz", [2], [0.6550930738449097]], ["rx", [2], [3.4116640090942383]], ["rz", [2], [-1.787270426750183]], ["h", [1], []], ["h", [0], []], ["h", [2], []], ["x", [1], []], ["h", [1], []], ["rz", [0], [1.9190012216567993]], ["rx", [0], [3.5419626235961914]], ["rz", [0], [-1.465580701828003]], ["rz", [1], [-1.4429807662963867]], ["rx", [1], [2.5559639930725098]], ["rz", [1], [1.5846152305603027]], ["rz", [2], [-1.136804223060608]], ["rx", [2], [-1.2967019081115723]], ["rz", [2], [-1.6978187561035156]]], "base_circuit_qasm": "OPENQASM 2.0;\ninclude \"qelib1.inc\";\nqreg q[3];\nh q[1];\nx q[1];\nh q[2];\nh q[0];\nh q[1];\nh q[2];\nx q[0];\nx q[1];\nx q[1];\nh q[2];\nh q[2];\nx q[1];\nx q[1];\nx q[0];\nh q[2];\nh q[1];\nh q[0];\nh q[2];\nx q[1];\nh q[1];", "pqc_circuit_qasm": "OPENQASM 2.0;\ninclude \"qelib1.inc\";\nqreg q[3];\nh q[1];\nx q[1];\nh q[2];\nh q[0];\nh q[1];\nrz(-2.3509302139282227) q[0];\nrx(2.3052053451538086) q[0];\nrz(-0.4400954842567444) q[0];\nrz(2.725952625274658) q[1];\nrx(1.9367470741271973) q[1];\nrz(-2.0126092433929443) q[1];\nrz(2.6122982501983643) q[2];\nrx(0.07904123514890671) q[2];\nrz(0.5864576101303101) q[2];\nh q[2];\nx q[0];\nx q[1];\nx q[1];\nh q[2];\nrz(3.203951835632324) q[0];\nrx(-0.25785183906555176) q[0];\nrz(-0.8328715562820435) q[0];\nrz(-0.26716122031211853) q[1];\nrx(1.4849648475646973) q[1];\nrz(-2.5266246795654297) q[1];\nrz(-2.083470344543457) q[2];\nrx(-0.8107378482818604) q[2];\nrz(1.8360726833343506) q[2];\nh q[2];\nx q[1];\nx q[1];\nx q[0];\nh q[2];\nrz(0.5708824992179871) q[0];\nrx(-0.2957611382007599) q[0];\nrz(3.151249647140503) q[0];\nrz(1.5724258422851562) q[1];\nrx(3.4287896156311035) q[1];\nrz(1.4925382137298584) q[1];\nrz(0.6550930738449097) q[2];\nrx(3.4116640090942383) q[2];\nrz(-1.787270426750183) q[2];\nh q[1];\nh q[0];\nh q[2];\nx q[1];\nh q[1];\nrz(1.9190012216567993) q[0];\nrx(3.5419626235961914) q[0];\nrz(-1.465580701828003) q[0];\nrz(-1.4429807662963867) q[1];\nrx(2.5559639930725098) q[1];\nrz(1.5846152305603027) q[1];\nrz(-1.136804223060608) q[2];\nrx(-1.2967019081115723) q[2];\nrz(-1.6978187561035156) q[2];"}