{"seed": 879, "fidelity": 0.9528034329414368, "pqc_params": [[[-0.14737161993980408, -0.4346977174282074, 1.0638128519058228], [-2.7955844402313232, 3.091801881790161, -0.9245489835739136], [1.8727357387542725, -0.8765386939048767, 2.874983072280884]], [[1.726596713066101, -2.6566829681396484, 1.6228017807006836], [-3.156045436859131, -2.625387191772461, -3.0604093074798584], [0.029150616377592087, -0.10772408545017242, -0.34407174587249756]], [[2.8534014225006104, 0.1705692559480667, -0.09947066009044647], [1.9172403812408447, -3.461270809173584, -0.9093928337097168], [-1.624594807624817, -1.2589632272720337, -0.5006647706031799]], [[2.451389789581299, -0.6850107908248901, -2.7153048515319824], [-0.09931320697069168, -3.1878650188446045, -1.1199185848236084], [-0.18380394577980042, 2.1897146701812744, -1.8077375888824463]]], "base_circuit_tokens": [["h", [0], []], ["x", [0], []], ["h", [1], []], ["h", [2], []], ["h", [1], []], ["h", [0], []], ["cx", [1, 2], []], ["cx", [0, 2], []], ["cx", [2, 1], []], ["x", [1], []], ["x", [1], []], ["cx", [2, 1], []], ["cx", [0, 2], []], ["cx", [1, 2], []], ["h", [0], []], ["h", [1], []], ["h", [2], []], ["h", [1], []], ["x", [0], []], ["h", [0], []]], "pqc_circuit_tokens": [["h", [0], []], ["x", [0], []], ["h", [1], []], ["h", [2], []], ["h", [1], []], ["rz", [0], [-0.14737161993980408]], ["rx", [0], [-0.4346977174282074]], ["rz", [0], [1.0638128519058228]], ["rz", [1], [-2.7955844402313232]], ["rx", [1], [3.091801881790161]], ["rz", [1], [-0.9245489835739136]], ["rz", [2], [1.8727357387542725]], ["rx", [2], [-0.8765386939048767]], ["rz", [2], [2.874983072280884]], ["h", [0], []], ["cx", [1, 2], []], ["cx", [0, 2], []], ["cx", [2, 1], []], ["x", [1], []], ["rz", [0], [1.726596713066101]], ["rx", [0], [-2.6566829681396484]], ["rz", [0], [1.6228017807006836]], ["rz", [1], [-3.156045436859131]], ["rx", [1], [-2.625387191772461]], ["rz", [1], [-3.0604093074798584]], ["rz", [2], [0.029150616377592087]], ["rx", [2], [-0.10772408545017242]], ["rz", [2], [-0.34407174587249756]], ["x", [1], []], ["cx", [2, 1], []], ["cx", [0, 2], []], ["cx", [1, 2], []], ["h", [0], []], ["rz", [0], [2.8534014225006104]], ["rx", [0], [0.1705692559480667]], ["rz", [0], [-0.09947066009044647]], ["rz", [1], [1.9172403812408447]], ["rx", [1], [-3.461270809173584]], ["rz", [1], [-0.9093928337097168]], ["rz", [2], [-1.624594807624817]], ["rx", [2], [-1.2589632272720337]], ["rz", [2], [-0.5006647706031799]], ["h", [1], []], ["h", [2], []], ["h", [1], []], ["x", [0], []], ["h", [0], []], ["rz", [0], [2.451389789581299]], ["rx", [0], [-0.6850107908248901]], ["rz", [0], [-2.7153048515319824]], ["rz", [1], [-0.09931320697069168]], ["rx", [1], [-3.1878650188446045]], ["rz", [1], [-1.1199185848236084]], ["rz", [2], [-0.18380394577980042]], ["rx", [2], [2.1897146701812744]], ["rz", [2], [-1.8077375888824463]]], "base_circuit_qasm": "OPENQASM 2.0;\ninclude \"qelib1.inc\";\nqreg q[3];\nh q[0];\nx q[0];\nh q[1];\nh q[2];\nh q[1];\nh q[0];\ncx q[1],q[2];\ncx q[0],q[2];\ncx q[2],q[1];\nx q[1];\nx q[1];\ncx q[2],q[1];\ncx q[0],q[2];\ncx q[1],q[2];\nh q[0];\nh q[1];\nh q[2];\nh q[1];\nx q[0];\nh q[0];", "pqc_circuit_qasm": "OPENQASM 2.0;\ninclude \"qelib1.inc\";\nqreg q[3];\nh q[0];\nx q[0];\nh q[1];\nh q[2];\nh q[1];\nrz(-0.14737161993980408) q[0];\nrx(-0.4346977174282074) q[0];\nrz(1.0638128519058228) q[0];\nrz(-2.7955844402313232) q[1];\nrx(3.091801881790161) q[1];\nrz(-0.9245489835739136) q[1];\nrz(1.8727357387542725) q[2];\nrx(-0.8765386939048767) q[2];\nrz(2.874983072280884) q[2];\nh q[0];\ncx q[1],q[2];\ncx q[0],q[2];\ncx q[2],q[1];\nx q[1];\nrz(1.726596713066101) q[0];\nrx(-2.6566829681396484) q[0];\nrz(1.6228017807006836) q[0];\nrz(-3.156045436859131) q[1];\nrx(-2.625387191772461) q[1];\nrz(-3.0604093074798584) q[1];\nrz(0.029150616377592087) q[2];\nrx(-0.10772408545017242) q[2];\nrz(-0.34407174587249756) q[2];\nx q[1];\ncx q[2],q[1];\ncx q[0],q[2];\ncx q[1],q[2];\nh q[0];\nrz(2.8534014225006104) q[0];\nrx(0.1705692559480667) q[0];\nrz(-0.09947066009044647) q[0];\nrz(1.9172403812408447) q[1];\nrx(-3.461270809173584) q[1];\nrz(-0.9093928337097168) q[1];\nrz(-1.624594807624817) q[2];\nrx(-1.2589632272720337) q[2];\nrz(-0.5006647706031799) q[2];\nh q[1];\nh q[2];\nh q[1];\nx q[0];\nh q[0];\nrz(2.451389789581299) q[0];\nrx(-0.6850107908248901) q[0];\nrz(-2.7153048515319824) q[0];\nrz(-0.09931320697069168) q[1];\nrx(-3.1878650188446045) q[1];\nrz(-1.1199185848236084) q[1];\nrz(-0.18380394577980042) q[2];\nrx(2.1897146701812744) q[2];\nrz(-1.8077375888824463) q[2];"}