{"seed": 882, "fidelity": 0.978001594543457, "pqc_params": [[[2.893828868865967, 2.0808775424957275, 1.3595205545425415], [-0.3628808557987213, 1.2082633972167969, 2.769306182861328], [0.1809338480234146, 1.3987536430358887, -2.959213972091675]], [[-3.2228546142578125, -1.0735703706741333, 3.1469199657440186], [-3.321258068084717, 1.925148606300354, -0.43603524565696716], [-1.01730215549469, 3.1763758659362793, 2.2214536666870117]], [[-1.8359689712524414, -1.9960404634475708, -0.8026450872421265], [-3.0337202548980713, -1.2306127548217773, 2.6363070011138916], [0.240400031208992, -1.5905470848083496, -1.5516608953475952]], [[-0.4548048973083496, 0.7948278784751892, -0.9963490962982178], [0.7587446570396423, -0.5904361009597778, 1.1420459747314453], [-0.08346712589263916, 2.7459492683410645, -1.8396042585372925]]], "base_circuit_tokens": [["cx", [0, 1], []], ["x", [1], []], ["cx", [0, 1], []], ["h", [1], []], ["cx", [2, 1], []], ["x", [0], []], ["cx", [2, 0], []], ["x", [0], []], ["h", [2], []], ["x", [0], []], ["x", [0], []], ["h", [2], []], ["x", [0], []], ["cx", [2, 0], []], ["x", [0], []], ["cx", [2, 1], []], ["h", [1], []], ["cx", [0, 1], []], ["x", [1], []], ["cx", [0, 1], []]], "pqc_circuit_tokens": [["cx", [0, 1], []], ["x", [1], []], ["cx", [0, 1], []], ["h", [1], []], ["cx", [2, 1], []], ["rz", [0], [2.893828868865967]], ["rx", [0], [2.0808775424957275]], ["rz", [0], [1.3595205545425415]], ["rz", [1], [-0.3628808557987213]], ["rx", [1], [1.2082633972167969]], ["rz", [1], [2.769306182861328]], ["rz", [2], [0.1809338480234146]], ["rx", [2], [1.3987536430358887]], ["rz", [2], [-2.959213972091675]], ["x", [0], []], ["cx", [2, 0], []], ["x", [0], []], ["h", [2], []], ["x", [0], []], ["rz", [0], [-3.2228546142578125]], ["rx", [0], [-1.0735703706741333]], ["rz", [0], [3.1469199657440186]], ["rz", [1], [-3.321258068084717]], ["rx", [1], [1.925148606300354]], ["rz", [1], [-0.43603524565696716]], ["rz", [2], [-1.01730215549469]], ["rx", [2], [3.1763758659362793]], ["rz", [2], [2.2214536666870117]], ["x", [0], []], ["h", [2], []], ["x", [0], []], ["cx", [2, 0], []], ["x", [0], []], ["rz", [0], [-1.8359689712524414]], ["rx", [0], [-1.9960404634475708]], ["rz", [0], [-0.8026450872421265]], ["rz", [1], [-3.0337202548980713]], ["rx", [1], [-1.2306127548217773]], ["rz", [1], [2.6363070011138916]], ["rz", [2], [0.240400031208992]], ["rx", [2], [-1.5905470848083496]], ["rz", [2], [-1.5516608953475952]], ["cx", [2, 1], []], ["h", [1], []], ["cx", [0, 1], []], ["x", [1], []], ["cx", [0, 1], []], ["rz", [0], [-0.4548048973083496]], ["rx", [0], [0.7948278784751892]], ["rz", [0], [-0.9963490962982178]], ["rz", [1], [0.7587446570396423]], ["rx", [1], [-0.5904361009597778]], ["rz", [1], [1.1420459747314453]], ["rz", [2], [-0.08346712589263916]], ["rx", [2], [2.7459492683410645]], ["rz", [2], [-1.8396042585372925]]], "base_circuit_qasm": "OPENQASM 2.0;\ninclude \"qelib1.inc\";\nqreg q[3];\ncx q[0],q[1];\nx q[1];\ncx q[0],q[1];\nh q[1];\ncx q[2],q[1];\nx q[0];\ncx q[2],q[0];\nx q[0];\nh q[2];\nx q[0];\nx q[0];\nh q[2];\nx q[0];\ncx q[2],q[0];\nx q[0];\ncx q[2],q[1];\nh q[1];\ncx q[0],q[1];\nx q[1];\ncx q[0],q[1];", "pqc_circuit_qasm": "OPENQASM 2.0;\ninclude \"qelib1.inc\";\nqreg q[3];\ncx q[0],q[1];\nx q[1];\ncx q[0],q[1];\nh q[1];\ncx q[2],q[1];\nrz(2.893828868865967) q[0];\nrx(2.0808775424957275) q[0];\nrz(1.3595205545425415) q[0];\nrz(-0.3628808557987213) q[1];\nrx(1.2082633972167969) q[1];\nrz(2.769306182861328) q[1];\nrz(0.1809338480234146) q[2];\nrx(1.3987536430358887) q[2];\nrz(-2.959213972091675) q[2];\nx q[0];\ncx q[2],q[0];\nx q[0];\nh q[2];\nx q[0];\nrz(-3.2228546142578125) q[0];\nrx(-1.0735703706741333) q[0];\nrz(3.1469199657440186) q[0];\nrz(-3.321258068084717) q[1];\nrx(1.925148606300354) q[1];\nrz(-0.43603524565696716) q[1];\nrz(-1.01730215549469) q[2];\nrx(3.1763758659362793) q[2];\nrz(2.2214536666870117) q[2];\nx q[0];\nh q[2];\nx q[0];\ncx q[2],q[0];\nx q[0];\nrz(-1.8359689712524414) q[0];\nrx(-1.9960404634475708) q[0];\nrz(-0.8026450872421265) q[0];\nrz(-3.0337202548980713) q[1];\nrx(-1.2306127548217773) q[1];\nrz(2.6363070011138916) q[1];\nrz(0.240400031208992) q[2];\nrx(-1.5905470848083496) q[2];\nrz(-1.5516608953475952) q[2];\ncx q[2],q[1];\nh q[1];\ncx q[0],q[1];\nx q[1];\ncx q[0],q[1];\nrz(-0.4548048973083496) q[0];\nrx(0.7948278784751892) q[0];\nrz(-0.9963490962982178) q[0];\nrz(0.7587446570396423) q[1];\nrx(-0.5904361009597778) q[1];\nrz(1.1420459747314453) q[1];\nrz(-0.08346712589263916) q[2];\nrx(2.7459492683410645) q[2];\nrz(-1.8396042585372925) q[2];"}