{"seed": 885, "fidelity": 0.9932956099510193, "pqc_params": [[[2.4019134044647217, -1.5720274448394775, 1.636146068572998], [-1.1948580741882324, -1.4670541286468506, 0.17534299194812775], [0.8086792230606079, -0.03141425549983978, 1.5853716135025024]], [[-2.973205804824829, 1.1251040697097778, -1.5326567888259888], [-2.0270097255706787, -3.562241554260254, 0.6000325679779053], [1.824512243270874, -0.017632214352488518, -1.4117841720581055]], [[1.4598461389541626, 2.6059072017669678, 0.39451363682746887], [-1.0241668224334717, -1.540759563446045, -0.55971759557724], [-2.5216071605682373, 0.11861680448055267, -3.7640063762664795]], [[1.766598105430603, -0.11292111128568649, 0.6691463589668274], [-0.7511562705039978, 1.4067182540893555, 1.584383487701416], [-2.961290121078491, 2.8135464191436768, 0.3006259799003601]]], "base_circuit_tokens": [["h", [0], []], ["cx", [2, 0], []], ["cx", [2, 0], []], ["cx", [0, 2], []], ["h", [1], []], ["h", [0], []], ["h", [1], []], ["h", [2], []], ["x", [2], []], ["x", [1], []], ["x", [1], []], ["x", [2], []], ["h", [2], []], ["h", [1], []], ["h", [0], []], ["h", [1], []], ["cx", [0, 2], []], ["cx", [2, 0], []], ["cx", [2, 0], []], ["h", [0], []]], "pqc_circuit_tokens": [["h", [0], []], ["cx", [2, 0], []], ["cx", [2, 0], []], ["cx", [0, 2], []], ["h", [1], []], ["rz", [0], [2.4019134044647217]], ["rx", [0], [-1.5720274448394775]], ["rz", [0], [1.636146068572998]], ["rz", [1], [-1.1948580741882324]], ["rx", [1], [-1.4670541286468506]], ["rz", [1], [0.17534299194812775]], ["rz", [2], [0.8086792230606079]], ["rx", [2], [-0.03141425549983978]], ["rz", [2], [1.5853716135025024]], ["h", [0], []], ["h", [1], []], ["h", [2], []], ["x", [2], []], ["x", [1], []], ["rz", [0], [-2.973205804824829]], ["rx", [0], [1.1251040697097778]], ["rz", [0], [-1.5326567888259888]], ["rz", [1], [-2.0270097255706787]], ["rx", [1], [-3.562241554260254]], ["rz", [1], [0.6000325679779053]], ["rz", [2], [1.824512243270874]], ["rx", [2], [-0.017632214352488518]], ["rz", [2], [-1.4117841720581055]], ["x", [1], []], ["x", [2], []], ["h", [2], []], ["h", [1], []], ["h", [0], []], ["rz", [0], [1.4598461389541626]], ["rx", [0], [2.6059072017669678]], ["rz", [0], [0.39451363682746887]], ["rz", [1], [-1.0241668224334717]], ["rx", [1], [-1.540759563446045]], ["rz", [1], [-0.55971759557724]], ["rz", [2], [-2.5216071605682373]], ["rx", [2], [0.11861680448055267]], ["rz", [2], [-3.7640063762664795]], ["h", [1], []], ["cx", [0, 2], []], ["cx", [2, 0], []], ["cx", [2, 0], []], ["h", [0], []], ["rz", [0], [1.766598105430603]], ["rx", [0], [-0.11292111128568649]], ["rz", [0], [0.6691463589668274]], ["rz", [1], [-0.7511562705039978]], ["rx", [1], [1.4067182540893555]], ["rz", [1], [1.584383487701416]], ["rz", [2], [-2.961290121078491]], ["rx", [2], [2.8135464191436768]], ["rz", [2], [0.3006259799003601]]], "base_circuit_qasm": "OPENQASM 2.0;\ninclude \"qelib1.inc\";\nqreg q[3];\nh q[0];\ncx q[2],q[0];\ncx q[2],q[0];\ncx q[0],q[2];\nh q[1];\nh q[0];\nh q[1];\nh q[2];\nx q[2];\nx q[1];\nx q[1];\nx q[2];\nh q[2];\nh q[1];\nh q[0];\nh q[1];\ncx q[0],q[2];\ncx q[2],q[0];\ncx q[2],q[0];\nh q[0];", "pqc_circuit_qasm": "OPENQASM 2.0;\ninclude \"qelib1.inc\";\nqreg q[3];\nh q[0];\ncx q[2],q[0];\ncx q[2],q[0];\ncx q[0],q[2];\nh q[1];\nrz(2.4019134044647217) q[0];\nrx(-1.5720274448394775) q[0];\nrz(1.636146068572998) q[0];\nrz(-1.1948580741882324) q[1];\nrx(-1.4670541286468506) q[1];\nrz(0.17534299194812775) q[1];\nrz(0.8086792230606079) q[2];\nrx(-0.03141425549983978) q[2];\nrz(1.5853716135025024) q[2];\nh q[0];\nh q[1];\nh q[2];\nx q[2];\nx q[1];\nrz(-2.973205804824829) q[0];\nrx(1.1251040697097778) q[0];\nrz(-1.5326567888259888) q[0];\nrz(-2.0270097255706787) q[1];\nrx(-3.562241554260254) q[1];\nrz(0.6000325679779053) q[1];\nrz(1.824512243270874) q[2];\nrx(-0.017632214352488518) q[2];\nrz(-1.4117841720581055) q[2];\nx q[1];\nx q[2];\nh q[2];\nh q[1];\nh q[0];\nrz(1.4598461389541626) q[0];\nrx(2.6059072017669678) q[0];\nrz(0.39451363682746887) q[0];\nrz(-1.0241668224334717) q[1];\nrx(-1.540759563446045) q[1];\nrz(-0.55971759557724) q[1];\nrz(-2.5216071605682373) q[2];\nrx(0.11861680448055267) q[2];\nrz(-3.7640063762664795) q[2];\nh q[1];\ncx q[0],q[2];\ncx q[2],q[0];\ncx q[2],q[0];\nh q[0];\nrz(1.766598105430603) q[0];\nrx(-0.11292111128568649) q[0];\nrz(0.6691463589668274) q[0];\nrz(-0.7511562705039978) q[1];\nrx(1.4067182540893555) q[1];\nrz(1.584383487701416) q[1];\nrz(-2.961290121078491) q[2];\nrx(2.8135464191436768) q[2];\nrz(0.3006259799003601) q[2];"}