{"seed": 900, "fidelity": 0.9963070154190063, "pqc_params": [[[2.3029818534851074, 1.528738021850586, 3.668156147003174], [1.9021896123886108, 1.010064721107483, -1.8350272178649902], [-0.3567262887954712, -1.9137954711914062, 1.4116294384002686]], [[-2.1607747077941895, -1.1105358600616455, -0.7706777453422546], [0.3718274235725403, 1.1220096349716187, -0.7540339827537537], [-0.6121823787689209, 0.9955478310585022, -1.7148046493530273]], [[-2.2841458320617676, -1.5006470680236816, -0.35782110691070557], [2.4518678188323975, -2.781947374343872, -1.2591686248779297], [0.10772154480218887, 1.1070771217346191, 1.1469452381134033]], [[2.9433391094207764, -2.9623916149139404, -1.2256883382797241], [-0.11271530389785767, 0.9269787669181824, -3.301931858062744], [-0.5177556276321411, -0.3906711935997009, -3.3292438983917236]]], "base_circuit_tokens": [["cx", [1, 0], []], ["h", [2], []], ["cx", [0, 1], []], ["x", [2], []], ["x", [1], []], ["x", [2], []], ["h", [1], []], ["h", [0], []], ["x", [2], []], ["x", [2], []], ["x", [2], []], ["x", [2], []], ["h", [0], []], ["h", [1], []], ["x", [2], []], ["x", [1], []], ["x", [2], []], ["cx", [0, 1], []], ["h", [2], []], ["cx", [1, 0], []]], "pqc_circuit_tokens": [["cx", [1, 0], []], ["h", [2], []], ["cx", [0, 1], []], ["x", [2], []], ["x", [1], []], ["rz", [0], [2.3029818534851074]], ["rx", [0], [1.528738021850586]], ["rz", [0], [3.668156147003174]], ["rz", [1], [1.9021896123886108]], ["rx", [1], [1.010064721107483]], ["rz", [1], [-1.8350272178649902]], ["rz", [2], [-0.3567262887954712]], ["rx", [2], [-1.9137954711914062]], ["rz", [2], [1.4116294384002686]], ["x", [2], []], ["h", [1], []], ["h", [0], []], ["x", [2], []], ["x", [2], []], ["rz", [0], [-2.1607747077941895]], ["rx", [0], [-1.1105358600616455]], ["rz", [0], [-0.7706777453422546]], ["rz", [1], [0.3718274235725403]], ["rx", [1], [1.1220096349716187]], ["rz", [1], [-0.7540339827537537]], ["rz", [2], [-0.6121823787689209]], ["rx", [2], [0.9955478310585022]], ["rz", [2], [-1.7148046493530273]], ["x", [2], []], ["x", [2], []], ["h", [0], []], ["h", [1], []], ["x", [2], []], ["rz", [0], [-2.2841458320617676]], ["rx", [0], [-1.5006470680236816]], ["rz", [0], [-0.35782110691070557]], ["rz", [1], [2.4518678188323975]], ["rx", [1], [-2.781947374343872]], ["rz", [1], [-1.2591686248779297]], ["rz", [2], [0.10772154480218887]], ["rx", [2], [1.1070771217346191]], ["rz", [2], [1.1469452381134033]], ["x", [1], []], ["x", [2], []], ["cx", [0, 1], []], ["h", [2], []], ["cx", [1, 0], []], ["rz", [0], [2.9433391094207764]], ["rx", [0], [-2.9623916149139404]], ["rz", [0], [-1.2256883382797241]], ["rz", [1], [-0.11271530389785767]], ["rx", [1], [0.9269787669181824]], ["rz", [1], [-3.301931858062744]], ["rz", [2], [-0.5177556276321411]], ["rx", [2], [-0.3906711935997009]], ["rz", [2], [-3.3292438983917236]]], "base_circuit_qasm": "OPENQASM 2.0;\ninclude \"qelib1.inc\";\nqreg q[3];\ncx q[1],q[0];\nh q[2];\ncx q[0],q[1];\nx q[2];\nx q[1];\nx q[2];\nh q[1];\nh q[0];\nx q[2];\nx q[2];\nx q[2];\nx q[2];\nh q[0];\nh q[1];\nx q[2];\nx q[1];\nx q[2];\ncx q[0],q[1];\nh q[2];\ncx q[1],q[0];", "pqc_circuit_qasm": "OPENQASM 2.0;\ninclude \"qelib1.inc\";\nqreg q[3];\ncx q[1],q[0];\nh q[2];\ncx q[0],q[1];\nx q[2];\nx q[1];\nrz(2.3029818534851074) q[0];\nrx(1.528738021850586) q[0];\nrz(3.668156147003174) q[0];\nrz(1.9021896123886108) q[1];\nrx(1.010064721107483) q[1];\nrz(-1.8350272178649902) q[1];\nrz(-0.3567262887954712) q[2];\nrx(-1.9137954711914062) q[2];\nrz(1.4116294384002686) q[2];\nx q[2];\nh q[1];\nh q[0];\nx q[2];\nx q[2];\nrz(-2.1607747077941895) q[0];\nrx(-1.1105358600616455) q[0];\nrz(-0.7706777453422546) q[0];\nrz(0.3718274235725403) q[1];\nrx(1.1220096349716187) q[1];\nrz(-0.7540339827537537) q[1];\nrz(-0.6121823787689209) q[2];\nrx(0.9955478310585022) q[2];\nrz(-1.7148046493530273) q[2];\nx q[2];\nx q[2];\nh q[0];\nh q[1];\nx q[2];\nrz(-2.2841458320617676) q[0];\nrx(-1.5006470680236816) q[0];\nrz(-0.35782110691070557) q[0];\nrz(2.4518678188323975) q[1];\nrx(-2.781947374343872) q[1];\nrz(-1.2591686248779297) q[1];\nrz(0.10772154480218887) q[2];\nrx(1.1070771217346191) q[2];\nrz(1.1469452381134033) q[2];\nx q[1];\nx q[2];\ncx q[0],q[1];\nh q[2];\ncx q[1],q[0];\nrz(2.9433391094207764) q[0];\nrx(-2.9623916149139404) q[0];\nrz(-1.2256883382797241) q[0];\nrz(-0.11271530389785767) q[1];\nrx(0.9269787669181824) q[1];\nrz(-3.301931858062744) q[1];\nrz(-0.5177556276321411) q[2];\nrx(-0.3906711935997009) q[2];\nrz(-3.3292438983917236) q[2];"}