{"seed": 906, "fidelity": 0.9914678931236267, "pqc_params": [[[0.12378435581922531, 1.387057900428772, -0.8023951053619385], [-2.771313428878784, 2.7866721153259277, -3.4320054054260254], [-1.5073128938674927, -2.635219097137451, 1.0626885890960693]], [[3.277366876602173, -1.350530982017517, 1.071801781654358], [2.6141915321350098, 3.6373870372772217, 2.0742759704589844], [1.5373398065567017, -2.5941429138183594, 1.017369031906128]], [[0.419854998588562, -1.1910418272018433, -1.726958155632019], [2.290867567062378, -2.81054425239563, 3.3244879245758057], [2.1447832584381104, 2.3631837368011475, -2.387709617614746]], [[-1.1423124074935913, 2.3354034423828125, 2.4025497436523438], [-2.8839893341064453, 0.16620372235774994, -1.339828610420227], [-2.8456339836120605, 2.366440534591675, -3.1727042198181152]]], "base_circuit_tokens": [["h", [0], []], ["cx", [2, 0], []], ["cx", [2, 0], []], ["h", [2], []], ["x", [0], []], ["h", [1], []], ["h", [1], []], ["h", [1], []], ["x", [1], []], ["h", [2], []], ["h", [2], []], ["x", [1], []], ["h", [1], []], ["h", [1], []], ["h", [1], []], ["x", [0], []], ["h", [2], []], ["cx", [2, 0], []], ["cx", [2, 0], []], ["h", [0], []]], "pqc_circuit_tokens": [["h", [0], []], ["cx", [2, 0], []], ["cx", [2, 0], []], ["h", [2], []], ["x", [0], []], ["rz", [0], [0.12378435581922531]], ["rx", [0], [1.387057900428772]], ["rz", [0], [-0.8023951053619385]], ["rz", [1], [-2.771313428878784]], ["rx", [1], [2.7866721153259277]], ["rz", [1], [-3.4320054054260254]], ["rz", [2], [-1.5073128938674927]], ["rx", [2], [-2.635219097137451]], ["rz", [2], [1.0626885890960693]], ["h", [1], []], ["h", [1], []], ["h", [1], []], ["x", [1], []], ["h", [2], []], ["rz", [0], [3.277366876602173]], ["rx", [0], [-1.350530982017517]], ["rz", [0], [1.071801781654358]], ["rz", [1], [2.6141915321350098]], ["rx", [1], [3.6373870372772217]], ["rz", [1], [2.0742759704589844]], ["rz", [2], [1.5373398065567017]], ["rx", [2], [-2.5941429138183594]], ["rz", [2], [1.017369031906128]], ["h", [2], []], ["x", [1], []], ["h", [1], []], ["h", [1], []], ["h", [1], []], ["rz", [0], [0.419854998588562]], ["rx", [0], [-1.1910418272018433]], ["rz", [0], [-1.726958155632019]], ["rz", [1], [2.290867567062378]], ["rx", [1], [-2.81054425239563]], ["rz", [1], [3.3244879245758057]], ["rz", [2], [2.1447832584381104]], ["rx", [2], [2.3631837368011475]], ["rz", [2], [-2.387709617614746]], ["x", [0], []], ["h", [2], []], ["cx", [2, 0], []], ["cx", [2, 0], []], ["h", [0], []], ["rz", [0], [-1.1423124074935913]], ["rx", [0], [2.3354034423828125]], ["rz", [0], [2.4025497436523438]], ["rz", [1], [-2.8839893341064453]], ["rx", [1], [0.16620372235774994]], ["rz", [1], [-1.339828610420227]], ["rz", [2], [-2.8456339836120605]], ["rx", [2], [2.366440534591675]], ["rz", [2], [-3.1727042198181152]]], "base_circuit_qasm": "OPENQASM 2.0;\ninclude \"qelib1.inc\";\nqreg q[3];\nh q[0];\ncx q[2],q[0];\ncx q[2],q[0];\nh q[2];\nx q[0];\nh q[1];\nh q[1];\nh q[1];\nx q[1];\nh q[2];\nh q[2];\nx q[1];\nh q[1];\nh q[1];\nh q[1];\nx q[0];\nh q[2];\ncx q[2],q[0];\ncx q[2],q[0];\nh q[0];", "pqc_circuit_qasm": "OPENQASM 2.0;\ninclude \"qelib1.inc\";\nqreg q[3];\nh q[0];\ncx q[2],q[0];\ncx q[2],q[0];\nh q[2];\nx q[0];\nrz(0.12378435581922531) q[0];\nrx(1.387057900428772) q[0];\nrz(-0.8023951053619385) q[0];\nrz(-2.771313428878784) q[1];\nrx(2.7866721153259277) q[1];\nrz(-3.4320054054260254) q[1];\nrz(-1.5073128938674927) q[2];\nrx(-2.635219097137451) q[2];\nrz(1.0626885890960693) q[2];\nh q[1];\nh q[1];\nh q[1];\nx q[1];\nh q[2];\nrz(3.277366876602173) q[0];\nrx(-1.350530982017517) q[0];\nrz(1.071801781654358) q[0];\nrz(2.6141915321350098) q[1];\nrx(3.6373870372772217) q[1];\nrz(2.0742759704589844) q[1];\nrz(1.5373398065567017) q[2];\nrx(-2.5941429138183594) q[2];\nrz(1.017369031906128) q[2];\nh q[2];\nx q[1];\nh q[1];\nh q[1];\nh q[1];\nrz(0.419854998588562) q[0];\nrx(-1.1910418272018433) q[0];\nrz(-1.726958155632019) q[0];\nrz(2.290867567062378) q[1];\nrx(-2.81054425239563) q[1];\nrz(3.3244879245758057) q[1];\nrz(2.1447832584381104) q[2];\nrx(2.3631837368011475) q[2];\nrz(-2.387709617614746) q[2];\nx q[0];\nh q[2];\ncx q[2],q[0];\ncx q[2],q[0];\nh q[0];\nrz(-1.1423124074935913) q[0];\nrx(2.3354034423828125) q[0];\nrz(2.4025497436523438) q[0];\nrz(-2.8839893341064453) q[1];\nrx(0.16620372235774994) q[1];\nrz(-1.339828610420227) q[1];\nrz(-2.8456339836120605) q[2];\nrx(2.366440534591675) q[2];\nrz(-3.1727042198181152) q[2];"}