{"seed": 91, "fidelity": 0.9969399571418762, "pqc_params": [[[2.4073374271392822, 2.6320807933807373, -2.6208126544952393], [-2.5285120010375977, -1.184762716293335, 2.4793694019317627], [-0.8011201620101929, -2.9583942890167236, 1.8610591888427734]], [[0.767831027507782, -3.2064144611358643, -1.1295976638793945], [3.1259992122650146, -2.7890641689300537, 2.857133626937866], [-2.7641758918762207, 3.2376456260681152, -2.655026912689209]], [[-0.5529615879058838, 2.4411263465881348, 2.0866527557373047], [-2.3887956142425537, -2.335422992706299, -2.20428466796875], [0.7177097201347351, -3.3164610862731934, 3.266227960586548]], [[-0.2507408559322357, 0.4946761131286621, 3.077354669570923], [-0.4231913387775421, -3.2645208835601807, 1.2392243146896362], [-1.9252054691314697, 3.1265389919281006, -1.9890015125274658]]], "base_circuit_tokens": [["h", [2], []], ["h", [1], []], ["x", [1], []], ["h", [0], []], ["cx", [0, 1], []], ["cx", [0, 2], []], ["x", [2], []], ["h", [1], []], ["cx", [2, 1], []], ["h", [1], []], ["h", [1], []], ["cx", [2, 1], []], ["h", [1], []], ["x", [2], []], ["cx", [0, 2], []], ["cx", [0, 1], []], ["h", [0], []], ["x", [1], []], ["h", [1], []], ["h", [2], []]], "pqc_circuit_tokens": [["h", [2], []], ["h", [1], []], ["x", [1], []], ["h", [0], []], ["cx", [0, 1], []], ["rz", [0], [2.4073374271392822]], ["rx", [0], [2.6320807933807373]], ["rz", [0], [-2.6208126544952393]], ["rz", [1], [-2.5285120010375977]], ["rx", [1], [-1.184762716293335]], ["rz", [1], [2.4793694019317627]], ["rz", [2], [-0.8011201620101929]], ["rx", [2], [-2.9583942890167236]], ["rz", [2], [1.8610591888427734]], ["cx", [0, 2], []], ["x", [2], []], ["h", [1], []], ["cx", [2, 1], []], ["h", [1], []], ["rz", [0], [0.767831027507782]], ["rx", [0], [-3.2064144611358643]], ["rz", [0], [-1.1295976638793945]], ["rz", [1], [3.1259992122650146]], ["rx", [1], [-2.7890641689300537]], ["rz", [1], [2.857133626937866]], ["rz", [2], [-2.7641758918762207]], ["rx", [2], [3.2376456260681152]], ["rz", [2], [-2.655026912689209]], ["h", [1], []], ["cx", [2, 1], []], ["h", [1], []], ["x", [2], []], ["cx", [0, 2], []], ["rz", [0], [-0.5529615879058838]], ["rx", [0], [2.4411263465881348]], ["rz", [0], [2.0866527557373047]], ["rz", [1], [-2.3887956142425537]], ["rx", [1], [-2.335422992706299]], ["rz", [1], [-2.20428466796875]], ["rz", [2], [0.7177097201347351]], ["rx", [2], [-3.3164610862731934]], ["rz", [2], [3.266227960586548]], ["cx", [0, 1], []], ["h", [0], []], ["x", [1], []], ["h", [1], []], ["h", [2], []], ["rz", [0], [-0.2507408559322357]], ["rx", [0], [0.4946761131286621]], ["rz", [0], [3.077354669570923]], ["rz", [1], [-0.4231913387775421]], ["rx", [1], [-3.2645208835601807]], ["rz", [1], [1.2392243146896362]], ["rz", [2], [-1.9252054691314697]], ["rx", [2], [3.1265389919281006]], ["rz", [2], [-1.9890015125274658]]], "base_circuit_qasm": "OPENQASM 2.0;\ninclude \"qelib1.inc\";\nqreg q[3];\nh q[2];\nh q[1];\nx q[1];\nh q[0];\ncx q[0],q[1];\ncx q[0],q[2];\nx q[2];\nh q[1];\ncx q[2],q[1];\nh q[1];\nh q[1];\ncx q[2],q[1];\nh q[1];\nx q[2];\ncx q[0],q[2];\ncx q[0],q[1];\nh q[0];\nx q[1];\nh q[1];\nh q[2];", "pqc_circuit_qasm": "OPENQASM 2.0;\ninclude \"qelib1.inc\";\nqreg q[3];\nh q[2];\nh q[1];\nx q[1];\nh q[0];\ncx q[0],q[1];\nrz(2.4073374271392822) q[0];\nrx(2.6320807933807373) q[0];\nrz(-2.6208126544952393) q[0];\nrz(-2.5285120010375977) q[1];\nrx(-1.184762716293335) q[1];\nrz(2.4793694019317627) q[1];\nrz(-0.8011201620101929) q[2];\nrx(-2.9583942890167236) q[2];\nrz(1.8610591888427734) q[2];\ncx q[0],q[2];\nx q[2];\nh q[1];\ncx q[2],q[1];\nh q[1];\nrz(0.767831027507782) q[0];\nrx(-3.2064144611358643) q[0];\nrz(-1.1295976638793945) q[0];\nrz(3.1259992122650146) q[1];\nrx(-2.7890641689300537) q[1];\nrz(2.857133626937866) q[1];\nrz(-2.7641758918762207) q[2];\nrx(3.2376456260681152) q[2];\nrz(-2.655026912689209) q[2];\nh q[1];\ncx q[2],q[1];\nh q[1];\nx q[2];\ncx q[0],q[2];\nrz(-0.5529615879058838) q[0];\nrx(2.4411263465881348) q[0];\nrz(2.0866527557373047) q[0];\nrz(-2.3887956142425537) q[1];\nrx(-2.335422992706299) q[1];\nrz(-2.20428466796875) q[1];\nrz(0.7177097201347351) q[2];\nrx(-3.3164610862731934) q[2];\nrz(3.266227960586548) q[2];\ncx q[0],q[1];\nh q[0];\nx q[1];\nh q[1];\nh q[2];\nrz(-0.2507408559322357) q[0];\nrx(0.4946761131286621) q[0];\nrz(3.077354669570923) q[0];\nrz(-0.4231913387775421) q[1];\nrx(-3.2645208835601807) q[1];\nrz(1.2392243146896362) q[1];\nrz(-1.9252054691314697) q[2];\nrx(3.1265389919281006) q[2];\nrz(-1.9890015125274658) q[2];"}