{"seed": 92, "fidelity": 0.9936585426330566, "pqc_params": [[[1.4011536836624146, -0.09874489903450012, -1.179706335067749], [0.8244367837905884, 1.136130690574646, -2.4767251014709473], [1.484936237335205, -1.6616955995559692, 0.8947147727012634]], [[0.6049836277961731, -0.13313911855220795, -1.1278338432312012], [2.4907898902893066, 1.9907450675964355, 0.9902091026306152], [-4.117837429046631, 3.145617723464966, 2.2600696086883545]], [[-2.980557680130005, 0.9121431708335876, -3.05816388130188], [0.13174033164978027, 3.035910129547119, -2.254474639892578], [1.4907227754592896, 2.3759214878082275, -2.6338980197906494]], [[-2.4796018600463867, 0.058667197823524475, -0.5239752531051636], [-1.3987712860107422, -0.03976930305361748, -2.5560853481292725], [-1.0466625690460205, 1.9718265533447266, -0.6900587677955627]]], "base_circuit_tokens": [["h", [0], []], ["x", [2], []], ["x", [2], []], ["x", [2], []], ["cx", [1, 0], []], ["cx", [0, 2], []], ["x", [2], []], ["cx", [2, 0], []], ["x", [2], []], ["h", [0], []], ["h", [0], []], ["x", [2], []], ["cx", [2, 0], []], ["x", [2], []], ["cx", [0, 2], []], ["cx", [1, 0], []], ["x", [2], []], ["x", [2], []], ["x", [2], []], ["h", [0], []]], "pqc_circuit_tokens": [["h", [0], []], ["x", [2], []], ["x", [2], []], ["x", [2], []], ["cx", [1, 0], []], ["rz", [0], [1.4011536836624146]], ["rx", [0], [-0.09874489903450012]], ["rz", [0], [-1.179706335067749]], ["rz", [1], [0.8244367837905884]], ["rx", [1], [1.136130690574646]], ["rz", [1], [-2.4767251014709473]], ["rz", [2], [1.484936237335205]], ["rx", [2], [-1.6616955995559692]], ["rz", [2], [0.8947147727012634]], ["cx", [0, 2], []], ["x", [2], []], ["cx", [2, 0], []], ["x", [2], []], ["h", [0], []], ["rz", [0], [0.6049836277961731]], ["rx", [0], [-0.13313911855220795]], ["rz", [0], [-1.1278338432312012]], ["rz", [1], [2.4907898902893066]], ["rx", [1], [1.9907450675964355]], ["rz", [1], [0.9902091026306152]], ["rz", [2], [-4.117837429046631]], ["rx", [2], [3.145617723464966]], ["rz", [2], [2.2600696086883545]], ["h", [0], []], ["x", [2], []], ["cx", [2, 0], []], ["x", [2], []], ["cx", [0, 2], []], ["rz", [0], [-2.980557680130005]], ["rx", [0], [0.9121431708335876]], ["rz", [0], [-3.05816388130188]], ["rz", [1], [0.13174033164978027]], ["rx", [1], [3.035910129547119]], ["rz", [1], [-2.254474639892578]], ["rz", [2], [1.4907227754592896]], ["rx", [2], [2.3759214878082275]], ["rz", [2], [-2.6338980197906494]], ["cx", [1, 0], []], ["x", [2], []], ["x", [2], []], ["x", [2], []], ["h", [0], []], ["rz", [0], [-2.4796018600463867]], ["rx", [0], [0.058667197823524475]], ["rz", [0], [-0.5239752531051636]], ["rz", [1], [-1.3987712860107422]], ["rx", [1], [-0.03976930305361748]], ["rz", [1], [-2.5560853481292725]], ["rz", [2], [-1.0466625690460205]], ["rx", [2], [1.9718265533447266]], ["rz", [2], [-0.6900587677955627]]], "base_circuit_qasm": "OPENQASM 2.0;\ninclude \"qelib1.inc\";\nqreg q[3];\nh q[0];\nx q[2];\nx q[2];\nx q[2];\ncx q[1],q[0];\ncx q[0],q[2];\nx q[2];\ncx q[2],q[0];\nx q[2];\nh q[0];\nh q[0];\nx q[2];\ncx q[2],q[0];\nx q[2];\ncx q[0],q[2];\ncx q[1],q[0];\nx q[2];\nx q[2];\nx q[2];\nh q[0];", "pqc_circuit_qasm": "OPENQASM 2.0;\ninclude \"qelib1.inc\";\nqreg q[3];\nh q[0];\nx q[2];\nx q[2];\nx q[2];\ncx q[1],q[0];\nrz(1.4011536836624146) q[0];\nrx(-0.09874489903450012) q[0];\nrz(-1.179706335067749) q[0];\nrz(0.8244367837905884) q[1];\nrx(1.136130690574646) q[1];\nrz(-2.4767251014709473) q[1];\nrz(1.484936237335205) q[2];\nrx(-1.6616955995559692) q[2];\nrz(0.8947147727012634) q[2];\ncx q[0],q[2];\nx q[2];\ncx q[2],q[0];\nx q[2];\nh q[0];\nrz(0.6049836277961731) q[0];\nrx(-0.13313911855220795) q[0];\nrz(-1.1278338432312012) q[0];\nrz(2.4907898902893066) q[1];\nrx(1.9907450675964355) q[1];\nrz(0.9902091026306152) q[1];\nrz(-4.117837429046631) q[2];\nrx(3.145617723464966) q[2];\nrz(2.2600696086883545) q[2];\nh q[0];\nx q[2];\ncx q[2],q[0];\nx q[2];\ncx q[0],q[2];\nrz(-2.980557680130005) q[0];\nrx(0.9121431708335876) q[0];\nrz(-3.05816388130188) q[0];\nrz(0.13174033164978027) q[1];\nrx(3.035910129547119) q[1];\nrz(-2.254474639892578) q[1];\nrz(1.4907227754592896) q[2];\nrx(2.3759214878082275) q[2];\nrz(-2.6338980197906494) q[2];\ncx q[1],q[0];\nx q[2];\nx q[2];\nx q[2];\nh q[0];\nrz(-2.4796018600463867) q[0];\nrx(0.058667197823524475) q[0];\nrz(-0.5239752531051636) q[0];\nrz(-1.3987712860107422) q[1];\nrx(-0.03976930305361748) q[1];\nrz(-2.5560853481292725) q[1];\nrz(-1.0466625690460205) q[2];\nrx(1.9718265533447266) q[2];\nrz(-0.6900587677955627) q[2];"}