{"seed": 930, "fidelity": 0.9916253089904785, "pqc_params": [[[-1.5452375411987305, 1.2611228227615356, 0.21904025971889496], [1.4582356214523315, -0.0561629943549633, -1.2808395624160767], [1.4393911361694336, 0.27682557702064514, -3.042201519012451]], [[1.0050150156021118, 3.418635129928589, 0.8865376710891724], [-2.7808339595794678, 3.1919758319854736, 0.3818935751914978], [-2.5859923362731934, -0.2536602020263672, 2.4067864418029785]], [[0.004594277590513229, 1.3539050817489624, 1.5985605716705322], [-1.0244636535644531, -0.0878293365240097, 3.7015414237976074], [0.9300927519798279, -1.3357974290847778, 1.2213551998138428]], [[-0.1061037927865982, 2.323598861694336, 0.0017454089829698205], [1.0637820959091187, 3.1006245613098145, 0.47988414764404297], [-0.9709029793739319, 2.061049222946167, 1.4416905641555786]]], "base_circuit_tokens": [["cx", [1, 2], []], ["cx", [1, 0], []], ["h", [0], []], ["cx", [1, 2], []], ["h", [2], []], ["x", [2], []], ["h", [0], []], ["h", [0], []], ["cx", [1, 2], []], ["h", [1], []], ["h", [1], []], ["cx", [1, 2], []], ["h", [0], []], ["h", [0], []], ["x", [2], []], ["h", [2], []], ["cx", [1, 2], []], ["h", [0], []], ["cx", [1, 0], []], ["cx", [1, 2], []]], "pqc_circuit_tokens": [["cx", [1, 2], []], ["cx", [1, 0], []], ["h", [0], []], ["cx", [1, 2], []], ["h", [2], []], ["rz", [0], [-1.5452375411987305]], ["rx", [0], [1.2611228227615356]], ["rz", [0], [0.21904025971889496]], ["rz", [1], [1.4582356214523315]], ["rx", [1], [-0.0561629943549633]], ["rz", [1], [-1.2808395624160767]], ["rz", [2], [1.4393911361694336]], ["rx", [2], [0.27682557702064514]], ["rz", [2], [-3.042201519012451]], ["x", [2], []], ["h", [0], []], ["h", [0], []], ["cx", [1, 2], []], ["h", [1], []], ["rz", [0], [1.0050150156021118]], ["rx", [0], [3.418635129928589]], ["rz", [0], [0.8865376710891724]], ["rz", [1], [-2.7808339595794678]], ["rx", [1], [3.1919758319854736]], ["rz", [1], [0.3818935751914978]], ["rz", [2], [-2.5859923362731934]], ["rx", [2], [-0.2536602020263672]], ["rz", [2], [2.4067864418029785]], ["h", [1], []], ["cx", [1, 2], []], ["h", [0], []], ["h", [0], []], ["x", [2], []], ["rz", [0], [0.004594277590513229]], ["rx", [0], [1.3539050817489624]], ["rz", [0], [1.5985605716705322]], ["rz", [1], [-1.0244636535644531]], ["rx", [1], [-0.0878293365240097]], ["rz", [1], [3.7015414237976074]], ["rz", [2], [0.9300927519798279]], ["rx", [2], [-1.3357974290847778]], ["rz", [2], [1.2213551998138428]], ["h", [2], []], ["cx", [1, 2], []], ["h", [0], []], ["cx", [1, 0], []], ["cx", [1, 2], []], ["rz", [0], [-0.1061037927865982]], ["rx", [0], [2.323598861694336]], ["rz", [0], [0.0017454089829698205]], ["rz", [1], [1.0637820959091187]], ["rx", [1], [3.1006245613098145]], ["rz", [1], [0.47988414764404297]], ["rz", [2], [-0.9709029793739319]], ["rx", [2], [2.061049222946167]], ["rz", [2], [1.4416905641555786]]], "base_circuit_qasm": "OPENQASM 2.0;\ninclude \"qelib1.inc\";\nqreg q[3];\ncx q[1],q[2];\ncx q[1],q[0];\nh q[0];\ncx q[1],q[2];\nh q[2];\nx q[2];\nh q[0];\nh q[0];\ncx q[1],q[2];\nh q[1];\nh q[1];\ncx q[1],q[2];\nh q[0];\nh q[0];\nx q[2];\nh q[2];\ncx q[1],q[2];\nh q[0];\ncx q[1],q[0];\ncx q[1],q[2];", "pqc_circuit_qasm": "OPENQASM 2.0;\ninclude \"qelib1.inc\";\nqreg q[3];\ncx q[1],q[2];\ncx q[1],q[0];\nh q[0];\ncx q[1],q[2];\nh q[2];\nrz(-1.5452375411987305) q[0];\nrx(1.2611228227615356) q[0];\nrz(0.21904025971889496) q[0];\nrz(1.4582356214523315) q[1];\nrx(-0.0561629943549633) q[1];\nrz(-1.2808395624160767) q[1];\nrz(1.4393911361694336) q[2];\nrx(0.27682557702064514) q[2];\nrz(-3.042201519012451) q[2];\nx q[2];\nh q[0];\nh q[0];\ncx q[1],q[2];\nh q[1];\nrz(1.0050150156021118) q[0];\nrx(3.418635129928589) q[0];\nrz(0.8865376710891724) q[0];\nrz(-2.7808339595794678) q[1];\nrx(3.1919758319854736) q[1];\nrz(0.3818935751914978) q[1];\nrz(-2.5859923362731934) q[2];\nrx(-0.2536602020263672) q[2];\nrz(2.4067864418029785) q[2];\nh q[1];\ncx q[1],q[2];\nh q[0];\nh q[0];\nx q[2];\nrz(0.004594277590513229) q[0];\nrx(1.3539050817489624) q[0];\nrz(1.5985605716705322) q[0];\nrz(-1.0244636535644531) q[1];\nrx(-0.0878293365240097) q[1];\nrz(3.7015414237976074) q[1];\nrz(0.9300927519798279) q[2];\nrx(-1.3357974290847778) q[2];\nrz(1.2213551998138428) q[2];\nh q[2];\ncx q[1],q[2];\nh q[0];\ncx q[1],q[0];\ncx q[1],q[2];\nrz(-0.1061037927865982) q[0];\nrx(2.323598861694336) q[0];\nrz(0.0017454089829698205) q[0];\nrz(1.0637820959091187) q[1];\nrx(3.1006245613098145) q[1];\nrz(0.47988414764404297) q[1];\nrz(-0.9709029793739319) q[2];\nrx(2.061049222946167) q[2];\nrz(1.4416905641555786) q[2];"}