{"seed": 931, "fidelity": 0.9554122090339661, "pqc_params": [[[2.2657558917999268, 0.1898820549249649, 0.6381586194038391], [0.6500802040100098, -2.7126858234405518, -1.0118070840835571], [2.0912818908691406, -1.7381539344787598, -2.766631603240967]], [[1.9109126329421997, 0.24794715642929077, 2.9108684062957764], [-0.2579791247844696, -1.2393497228622437, -3.2900915145874023], [-0.5833832025527954, 2.310560464859009, -0.6066871285438538]], [[-0.15845884382724762, 0.22630493342876434, -3.265489339828491], [-2.2589073181152344, -0.4357140362262726, -3.555988073348999], [3.0792458057403564, 1.5976016521453857, 2.6220738887786865]], [[-3.0575919151306152, -2.244513750076294, -2.9367423057556152], [2.2654566764831543, 0.5021379590034485, -2.9737982749938965], [-2.0989766120910645, -3.1123855113983154, 1.1838411092758179]]], "base_circuit_tokens": [["cx", [1, 2], []], ["h", [2], []], ["x", [2], []], ["cx", [1, 0], []], ["h", [2], []], ["cx", [1, 0], []], ["h", [1], []], ["h", [2], []], ["x", [2], []], ["h", [0], []], ["h", [0], []], ["x", [2], []], ["h", [2], []], ["h", [1], []], ["cx", [1, 0], []], ["h", [2], []], ["cx", [1, 0], []], ["x", [2], []], ["h", [2], []], ["cx", [1, 2], []]], "pqc_circuit_tokens": [["cx", [1, 2], []], ["h", [2], []], ["x", [2], []], ["cx", [1, 0], []], ["h", [2], []], ["rz", [0], [2.2657558917999268]], ["rx", [0], [0.1898820549249649]], ["rz", [0], [0.6381586194038391]], ["rz", [1], [0.6500802040100098]], ["rx", [1], [-2.7126858234405518]], ["rz", [1], [-1.0118070840835571]], ["rz", [2], [2.0912818908691406]], ["rx", [2], [-1.7381539344787598]], ["rz", [2], [-2.766631603240967]], ["cx", [1, 0], []], ["h", [1], []], ["h", [2], []], ["x", [2], []], ["h", [0], []], ["rz", [0], [1.9109126329421997]], ["rx", [0], [0.24794715642929077]], ["rz", [0], [2.9108684062957764]], ["rz", [1], [-0.2579791247844696]], ["rx", [1], [-1.2393497228622437]], ["rz", [1], [-3.2900915145874023]], ["rz", [2], [-0.5833832025527954]], ["rx", [2], [2.310560464859009]], ["rz", [2], [-0.6066871285438538]], ["h", [0], []], ["x", [2], []], ["h", [2], []], ["h", [1], []], ["cx", [1, 0], []], ["rz", [0], [-0.15845884382724762]], ["rx", [0], [0.22630493342876434]], ["rz", [0], [-3.265489339828491]], ["rz", [1], [-2.2589073181152344]], ["rx", [1], [-0.4357140362262726]], ["rz", [1], [-3.555988073348999]], ["rz", [2], [3.0792458057403564]], ["rx", [2], [1.5976016521453857]], ["rz", [2], [2.6220738887786865]], ["h", [2], []], ["cx", [1, 0], []], ["x", [2], []], ["h", [2], []], ["cx", [1, 2], []], ["rz", [0], [-3.0575919151306152]], ["rx", [0], [-2.244513750076294]], ["rz", [0], [-2.9367423057556152]], ["rz", [1], [2.2654566764831543]], ["rx", [1], [0.5021379590034485]], ["rz", [1], [-2.9737982749938965]], ["rz", [2], [-2.0989766120910645]], ["rx", [2], [-3.1123855113983154]], ["rz", [2], [1.1838411092758179]]], "base_circuit_qasm": "OPENQASM 2.0;\ninclude \"qelib1.inc\";\nqreg q[3];\ncx q[1],q[2];\nh q[2];\nx q[2];\ncx q[1],q[0];\nh q[2];\ncx q[1],q[0];\nh q[1];\nh q[2];\nx q[2];\nh q[0];\nh q[0];\nx q[2];\nh q[2];\nh q[1];\ncx q[1],q[0];\nh q[2];\ncx q[1],q[0];\nx q[2];\nh q[2];\ncx q[1],q[2];", "pqc_circuit_qasm": "OPENQASM 2.0;\ninclude \"qelib1.inc\";\nqreg q[3];\ncx q[1],q[2];\nh q[2];\nx q[2];\ncx q[1],q[0];\nh q[2];\nrz(2.2657558917999268) q[0];\nrx(0.1898820549249649) q[0];\nrz(0.6381586194038391) q[0];\nrz(0.6500802040100098) q[1];\nrx(-2.7126858234405518) q[1];\nrz(-1.0118070840835571) q[1];\nrz(2.0912818908691406) q[2];\nrx(-1.7381539344787598) q[2];\nrz(-2.766631603240967) q[2];\ncx q[1],q[0];\nh q[1];\nh q[2];\nx q[2];\nh q[0];\nrz(1.9109126329421997) q[0];\nrx(0.24794715642929077) q[0];\nrz(2.9108684062957764) q[0];\nrz(-0.2579791247844696) q[1];\nrx(-1.2393497228622437) q[1];\nrz(-3.2900915145874023) q[1];\nrz(-0.5833832025527954) q[2];\nrx(2.310560464859009) q[2];\nrz(-0.6066871285438538) q[2];\nh q[0];\nx q[2];\nh q[2];\nh q[1];\ncx q[1],q[0];\nrz(-0.15845884382724762) q[0];\nrx(0.22630493342876434) q[0];\nrz(-3.265489339828491) q[0];\nrz(-2.2589073181152344) q[1];\nrx(-0.4357140362262726) q[1];\nrz(-3.555988073348999) q[1];\nrz(3.0792458057403564) q[2];\nrx(1.5976016521453857) q[2];\nrz(2.6220738887786865) q[2];\nh q[2];\ncx q[1],q[0];\nx q[2];\nh q[2];\ncx q[1],q[2];\nrz(-3.0575919151306152) q[0];\nrx(-2.244513750076294) q[0];\nrz(-2.9367423057556152) q[0];\nrz(2.2654566764831543) q[1];\nrx(0.5021379590034485) q[1];\nrz(-2.9737982749938965) q[1];\nrz(-2.0989766120910645) q[2];\nrx(-3.1123855113983154) q[2];\nrz(1.1838411092758179) q[2];"}