{"seed": 943, "fidelity": 0.9957224130630493, "pqc_params": [[[0.15655286610126495, 0.8632853031158447, 0.841270923614502], [-3.4867665767669678, -2.1786699295043945, -0.23790499567985535], [2.2794485092163086, 0.7153587937355042, -0.14445117115974426]], [[-0.7101364731788635, 2.399794578552246, -2.384049892425537], [-1.729426383972168, 3.157334566116333, 1.50901460647583], [0.812229335308075, 1.3255810737609863, 1.101708173751831]], [[-0.9718297719955444, 1.3093470335006714, 0.45968008041381836], [3.257063150405884, -0.9539490342140198, -0.23970134556293488], [1.7829641103744507, -0.22479751706123352, -2.6430718898773193]], [[-2.6151490211486816, 0.515512228012085, 0.24360744655132294], [1.3515067100524902, -0.023681756108999252, 1.4776350259780884], [-2.481950044631958, 2.0356435775756836, 0.5236743092536926]]], "base_circuit_tokens": [["x", [0], []], ["x", [2], []], ["h", [1], []], ["cx", [1, 0], []], ["h", [1], []], ["h", [2], []], ["x", [0], []], ["cx", [0, 1], []], ["h", [1], []], ["h", [1], []], ["h", [1], []], ["h", [1], []], ["cx", [0, 1], []], ["x", [0], []], ["h", [2], []], ["h", [1], []], ["cx", [1, 0], []], ["h", [1], []], ["x", [2], []], ["x", [0], []]], "pqc_circuit_tokens": [["x", [0], []], ["x", [2], []], ["h", [1], []], ["cx", [1, 0], []], ["h", [1], []], ["rz", [0], [0.15655286610126495]], ["rx", [0], [0.8632853031158447]], ["rz", [0], [0.841270923614502]], ["rz", [1], [-3.4867665767669678]], ["rx", [1], [-2.1786699295043945]], ["rz", [1], [-0.23790499567985535]], ["rz", [2], [2.2794485092163086]], ["rx", [2], [0.7153587937355042]], ["rz", [2], [-0.14445117115974426]], ["h", [2], []], ["x", [0], []], ["cx", [0, 1], []], ["h", [1], []], ["h", [1], []], ["rz", [0], [-0.7101364731788635]], ["rx", [0], [2.399794578552246]], ["rz", [0], [-2.384049892425537]], ["rz", [1], [-1.729426383972168]], ["rx", [1], [3.157334566116333]], ["rz", [1], [1.50901460647583]], ["rz", [2], [0.812229335308075]], ["rx", [2], [1.3255810737609863]], ["rz", [2], [1.101708173751831]], ["h", [1], []], ["h", [1], []], ["cx", [0, 1], []], ["x", [0], []], ["h", [2], []], ["rz", [0], [-0.9718297719955444]], ["rx", [0], [1.3093470335006714]], ["rz", [0], [0.45968008041381836]], ["rz", [1], [3.257063150405884]], ["rx", [1], [-0.9539490342140198]], ["rz", [1], [-0.23970134556293488]], ["rz", [2], [1.7829641103744507]], ["rx", [2], [-0.22479751706123352]], ["rz", [2], [-2.6430718898773193]], ["h", [1], []], ["cx", [1, 0], []], ["h", [1], []], ["x", [2], []], ["x", [0], []], ["rz", [0], [-2.6151490211486816]], ["rx", [0], [0.515512228012085]], ["rz", [0], [0.24360744655132294]], ["rz", [1], [1.3515067100524902]], ["rx", [1], [-0.023681756108999252]], ["rz", [1], [1.4776350259780884]], ["rz", [2], [-2.481950044631958]], ["rx", [2], [2.0356435775756836]], ["rz", [2], [0.5236743092536926]]], "base_circuit_qasm": "OPENQASM 2.0;\ninclude \"qelib1.inc\";\nqreg q[3];\nx q[0];\nx q[2];\nh q[1];\ncx q[1],q[0];\nh q[1];\nh q[2];\nx q[0];\ncx q[0],q[1];\nh q[1];\nh q[1];\nh q[1];\nh q[1];\ncx q[0],q[1];\nx q[0];\nh q[2];\nh q[1];\ncx q[1],q[0];\nh q[1];\nx q[2];\nx q[0];", "pqc_circuit_qasm": "OPENQASM 2.0;\ninclude \"qelib1.inc\";\nqreg q[3];\nx q[0];\nx q[2];\nh q[1];\ncx q[1],q[0];\nh q[1];\nrz(0.15655286610126495) q[0];\nrx(0.8632853031158447) q[0];\nrz(0.841270923614502) q[0];\nrz(-3.4867665767669678) q[1];\nrx(-2.1786699295043945) q[1];\nrz(-0.23790499567985535) q[1];\nrz(2.2794485092163086) q[2];\nrx(0.7153587937355042) q[2];\nrz(-0.14445117115974426) q[2];\nh q[2];\nx q[0];\ncx q[0],q[1];\nh q[1];\nh q[1];\nrz(-0.7101364731788635) q[0];\nrx(2.399794578552246) q[0];\nrz(-2.384049892425537) q[0];\nrz(-1.729426383972168) q[1];\nrx(3.157334566116333) q[1];\nrz(1.50901460647583) q[1];\nrz(0.812229335308075) q[2];\nrx(1.3255810737609863) q[2];\nrz(1.101708173751831) q[2];\nh q[1];\nh q[1];\ncx q[0],q[1];\nx q[0];\nh q[2];\nrz(-0.9718297719955444) q[0];\nrx(1.3093470335006714) q[0];\nrz(0.45968008041381836) q[0];\nrz(3.257063150405884) q[1];\nrx(-0.9539490342140198) q[1];\nrz(-0.23970134556293488) q[1];\nrz(1.7829641103744507) q[2];\nrx(-0.22479751706123352) q[2];\nrz(-2.6430718898773193) q[2];\nh q[1];\ncx q[1],q[0];\nh q[1];\nx q[2];\nx q[0];\nrz(-2.6151490211486816) q[0];\nrx(0.515512228012085) q[0];\nrz(0.24360744655132294) q[0];\nrz(1.3515067100524902) q[1];\nrx(-0.023681756108999252) q[1];\nrz(1.4776350259780884) q[1];\nrz(-2.481950044631958) q[2];\nrx(2.0356435775756836) q[2];\nrz(0.5236743092536926) q[2];"}