{"seed": 948, "fidelity": 0.9727193117141724, "pqc_params": [[[1.277601957321167, -0.3796249032020569, 2.4611170291900635], [1.590667486190796, 2.7111899852752686, -1.723925232887268], [0.41133418679237366, -0.9682704210281372, -3.0004336833953857]], [[-0.6436697244644165, 1.4255856275558472, -0.33392757177352905], [1.4590082168579102, 0.47379204630851746, 1.1427820920944214], [1.037358045578003, 3.0309181213378906, -1.4525606632232666]], [[3.465752124786377, -1.628345251083374, 1.0850560665130615], [-0.18211349844932556, -1.681279182434082, -0.9142522811889648], [-3.1134748458862305, 0.01995425671339035, -1.383951187133789]], [[1.8628851175308228, 0.34703099727630615, 1.535474181175232], [3.0431833267211914, 1.9225126504898071, -3.1258461475372314], [-3.0602288246154785, 1.4304847717285156, -0.1165151596069336]]], "base_circuit_tokens": [["x", [2], []], ["cx", [0, 1], []], ["h", [0], []], ["x", [0], []], ["h", [2], []], ["x", [0], []], ["cx", [1, 2], []], ["h", [1], []], ["cx", [1, 2], []], ["h", [2], []], ["h", [2], []], ["cx", [1, 2], []], ["h", [1], []], ["cx", [1, 2], []], ["x", [0], []], ["h", [2], []], ["x", [0], []], ["h", [0], []], ["cx", [0, 1], []], ["x", [2], []]], "pqc_circuit_tokens": [["x", [2], []], ["cx", [0, 1], []], ["h", [0], []], ["x", [0], []], ["h", [2], []], ["rz", [0], [1.277601957321167]], ["rx", [0], [-0.3796249032020569]], ["rz", [0], [2.4611170291900635]], ["rz", [1], [1.590667486190796]], ["rx", [1], [2.7111899852752686]], ["rz", [1], [-1.723925232887268]], ["rz", [2], [0.41133418679237366]], ["rx", [2], [-0.9682704210281372]], ["rz", [2], [-3.0004336833953857]], ["x", [0], []], ["cx", [1, 2], []], ["h", [1], []], ["cx", [1, 2], []], ["h", [2], []], ["rz", [0], [-0.6436697244644165]], ["rx", [0], [1.4255856275558472]], ["rz", [0], [-0.33392757177352905]], ["rz", [1], [1.4590082168579102]], ["rx", [1], [0.47379204630851746]], ["rz", [1], [1.1427820920944214]], ["rz", [2], [1.037358045578003]], ["rx", [2], [3.0309181213378906]], ["rz", [2], [-1.4525606632232666]], ["h", [2], []], ["cx", [1, 2], []], ["h", [1], []], ["cx", [1, 2], []], ["x", [0], []], ["rz", [0], [3.465752124786377]], ["rx", [0], [-1.628345251083374]], ["rz", [0], [1.0850560665130615]], ["rz", [1], [-0.18211349844932556]], ["rx", [1], [-1.681279182434082]], ["rz", [1], [-0.9142522811889648]], ["rz", [2], [-3.1134748458862305]], ["rx", [2], [0.01995425671339035]], ["rz", [2], [-1.383951187133789]], ["h", [2], []], ["x", [0], []], ["h", [0], []], ["cx", [0, 1], []], ["x", [2], []], ["rz", [0], [1.8628851175308228]], ["rx", [0], [0.34703099727630615]], ["rz", [0], [1.535474181175232]], ["rz", [1], [3.0431833267211914]], ["rx", [1], [1.9225126504898071]], ["rz", [1], [-3.1258461475372314]], ["rz", [2], [-3.0602288246154785]], ["rx", [2], [1.4304847717285156]], ["rz", [2], [-0.1165151596069336]]], "base_circuit_qasm": "OPENQASM 2.0;\ninclude \"qelib1.inc\";\nqreg q[3];\nx q[2];\ncx q[0],q[1];\nh q[0];\nx q[0];\nh q[2];\nx q[0];\ncx q[1],q[2];\nh q[1];\ncx q[1],q[2];\nh q[2];\nh q[2];\ncx q[1],q[2];\nh q[1];\ncx q[1],q[2];\nx q[0];\nh q[2];\nx q[0];\nh q[0];\ncx q[0],q[1];\nx q[2];", "pqc_circuit_qasm": "OPENQASM 2.0;\ninclude \"qelib1.inc\";\nqreg q[3];\nx q[2];\ncx q[0],q[1];\nh q[0];\nx q[0];\nh q[2];\nrz(1.277601957321167) q[0];\nrx(-0.3796249032020569) q[0];\nrz(2.4611170291900635) q[0];\nrz(1.590667486190796) q[1];\nrx(2.7111899852752686) q[1];\nrz(-1.723925232887268) q[1];\nrz(0.41133418679237366) q[2];\nrx(-0.9682704210281372) q[2];\nrz(-3.0004336833953857) q[2];\nx q[0];\ncx q[1],q[2];\nh q[1];\ncx q[1],q[2];\nh q[2];\nrz(-0.6436697244644165) q[0];\nrx(1.4255856275558472) q[0];\nrz(-0.33392757177352905) q[0];\nrz(1.4590082168579102) q[1];\nrx(0.47379204630851746) q[1];\nrz(1.1427820920944214) q[1];\nrz(1.037358045578003) q[2];\nrx(3.0309181213378906) q[2];\nrz(-1.4525606632232666) q[2];\nh q[2];\ncx q[1],q[2];\nh q[1];\ncx q[1],q[2];\nx q[0];\nrz(3.465752124786377) q[0];\nrx(-1.628345251083374) q[0];\nrz(1.0850560665130615) q[0];\nrz(-0.18211349844932556) q[1];\nrx(-1.681279182434082) q[1];\nrz(-0.9142522811889648) q[1];\nrz(-3.1134748458862305) q[2];\nrx(0.01995425671339035) q[2];\nrz(-1.383951187133789) q[2];\nh q[2];\nx q[0];\nh q[0];\ncx q[0],q[1];\nx q[2];\nrz(1.8628851175308228) q[0];\nrx(0.34703099727630615) q[0];\nrz(1.535474181175232) q[0];\nrz(3.0431833267211914) q[1];\nrx(1.9225126504898071) q[1];\nrz(-3.1258461475372314) q[1];\nrz(-3.0602288246154785) q[2];\nrx(1.4304847717285156) q[2];\nrz(-0.1165151596069336) q[2];"}