{"seed": 963, "fidelity": 0.9982808232307434, "pqc_params": [[[2.942244529724121, -2.771002769470215, -0.889958381652832], [-0.9099119305610657, 2.953497886657715, 2.5926101207733154], [-2.004955530166626, -0.8768332004547119, 2.3023834228515625]], [[-2.5653433799743652, -2.082667589187622, 2.0404129028320312], [0.9904893040657043, -0.32289499044418335, -3.1984193325042725], [0.5526176691055298, -1.7375104427337646, -3.5383331775665283]], [[-2.421839714050293, 1.4190165996551514, 3.3369929790496826], [-0.06476136296987534, -0.18789972364902496, 2.0295023918151855], [-1.0959198474884033, -0.23528864979743958, 3.0036535263061523]], [[1.2324457168579102, -0.003408262273296714, 1.80721116065979], [3.141252279281616, 0.10937879979610443, -0.5246772170066833], [-3.4789376258850098, -2.83665132522583, 2.9072937965393066]]], "base_circuit_tokens": [["cx", [1, 2], []], ["cx", [2, 0], []], ["h", [1], []], ["h", [2], []], ["cx", [1, 0], []], ["h", [0], []], ["x", [0], []], ["h", [2], []], ["h", [0], []], ["x", [2], []], ["x", [2], []], ["h", [0], []], ["h", [2], []], ["x", [0], []], ["h", [0], []], ["cx", [1, 0], []], ["h", [2], []], ["h", [1], []], ["cx", [2, 0], []], ["cx", [1, 2], []]], "pqc_circuit_tokens": [["cx", [1, 2], []], ["cx", [2, 0], []], ["h", [1], []], ["h", [2], []], ["cx", [1, 0], []], ["rz", [0], [2.942244529724121]], ["rx", [0], [-2.771002769470215]], ["rz", [0], [-0.889958381652832]], ["rz", [1], [-0.9099119305610657]], ["rx", [1], [2.953497886657715]], ["rz", [1], [2.5926101207733154]], ["rz", [2], [-2.004955530166626]], ["rx", [2], [-0.8768332004547119]], ["rz", [2], [2.3023834228515625]], ["h", [0], []], ["x", [0], []], ["h", [2], []], ["h", [0], []], ["x", [2], []], ["rz", [0], [-2.5653433799743652]], ["rx", [0], [-2.082667589187622]], ["rz", [0], [2.0404129028320312]], ["rz", [1], [0.9904893040657043]], ["rx", [1], [-0.32289499044418335]], ["rz", [1], [-3.1984193325042725]], ["rz", [2], [0.5526176691055298]], ["rx", [2], [-1.7375104427337646]], ["rz", [2], [-3.5383331775665283]], ["x", [2], []], ["h", [0], []], ["h", [2], []], ["x", [0], []], ["h", [0], []], ["rz", [0], [-2.421839714050293]], ["rx", [0], [1.4190165996551514]], ["rz", [0], [3.3369929790496826]], ["rz", [1], [-0.06476136296987534]], ["rx", [1], [-0.18789972364902496]], ["rz", [1], [2.0295023918151855]], ["rz", [2], [-1.0959198474884033]], ["rx", [2], [-0.23528864979743958]], ["rz", [2], [3.0036535263061523]], ["cx", [1, 0], []], ["h", [2], []], ["h", [1], []], ["cx", [2, 0], []], ["cx", [1, 2], []], ["rz", [0], [1.2324457168579102]], ["rx", [0], [-0.003408262273296714]], ["rz", [0], [1.80721116065979]], ["rz", [1], [3.141252279281616]], ["rx", [1], [0.10937879979610443]], ["rz", [1], [-0.5246772170066833]], ["rz", [2], [-3.4789376258850098]], ["rx", [2], [-2.83665132522583]], ["rz", [2], [2.9072937965393066]]], "base_circuit_qasm": "OPENQASM 2.0;\ninclude \"qelib1.inc\";\nqreg q[3];\ncx q[1],q[2];\ncx q[2],q[0];\nh q[1];\nh q[2];\ncx q[1],q[0];\nh q[0];\nx q[0];\nh q[2];\nh q[0];\nx q[2];\nx q[2];\nh q[0];\nh q[2];\nx q[0];\nh q[0];\ncx q[1],q[0];\nh q[2];\nh q[1];\ncx q[2],q[0];\ncx q[1],q[2];", "pqc_circuit_qasm": "OPENQASM 2.0;\ninclude \"qelib1.inc\";\nqreg q[3];\ncx q[1],q[2];\ncx q[2],q[0];\nh q[1];\nh q[2];\ncx q[1],q[0];\nrz(2.942244529724121) q[0];\nrx(-2.771002769470215) q[0];\nrz(-0.889958381652832) q[0];\nrz(-0.9099119305610657) q[1];\nrx(2.953497886657715) q[1];\nrz(2.5926101207733154) q[1];\nrz(-2.004955530166626) q[2];\nrx(-0.8768332004547119) q[2];\nrz(2.3023834228515625) q[2];\nh q[0];\nx q[0];\nh q[2];\nh q[0];\nx q[2];\nrz(-2.5653433799743652) q[0];\nrx(-2.082667589187622) q[0];\nrz(2.0404129028320312) q[0];\nrz(0.9904893040657043) q[1];\nrx(-0.32289499044418335) q[1];\nrz(-3.1984193325042725) q[1];\nrz(0.5526176691055298) q[2];\nrx(-1.7375104427337646) q[2];\nrz(-3.5383331775665283) q[2];\nx q[2];\nh q[0];\nh q[2];\nx q[0];\nh q[0];\nrz(-2.421839714050293) q[0];\nrx(1.4190165996551514) q[0];\nrz(3.3369929790496826) q[0];\nrz(-0.06476136296987534) q[1];\nrx(-0.18789972364902496) q[1];\nrz(2.0295023918151855) q[1];\nrz(-1.0959198474884033) q[2];\nrx(-0.23528864979743958) q[2];\nrz(3.0036535263061523) q[2];\ncx q[1],q[0];\nh q[2];\nh q[1];\ncx q[2],q[0];\ncx q[1],q[2];\nrz(1.2324457168579102) q[0];\nrx(-0.003408262273296714) q[0];\nrz(1.80721116065979) q[0];\nrz(3.141252279281616) q[1];\nrx(0.10937879979610443) q[1];\nrz(-0.5246772170066833) q[1];\nrz(-3.4789376258850098) q[2];\nrx(-2.83665132522583) q[2];\nrz(2.9072937965393066) q[2];"}