{"seed": 972, "fidelity": 0.998786449432373, "pqc_params": [[[2.1503474712371826, -0.3619655966758728, -0.8688213229179382], [1.9391281604766846, 0.1680588722229004, -2.627204656600952], [0.1685837060213089, 1.2687571048736572, 1.7257380485534668]], [[-2.9575819969177246, -2.6811976432800293, 2.9149742126464844], [-1.388047456741333, 0.7566246390342712, 2.2754065990448], [2.19450044631958, -3.364602565765381, -2.1183152198791504]], [[-0.9085182547569275, -2.7217586040496826, 0.5234657526016235], [2.0318663120269775, -1.9631857872009277, 1.7748392820358276], [-3.014530897140503, 2.1557488441467285, -2.373232841491699]], [[0.2795332372188568, -3.226433515548706, 3.286039352416992], [-0.18322880566120148, -0.3027230203151703, -0.6368082761764526], [3.113710403442383, -0.33071357011795044, -3.022747755050659]]], "base_circuit_tokens": [["x", [0], []], ["x", [2], []], ["h", [1], []], ["cx", [0, 1], []], ["cx", [0, 2], []], ["h", [2], []], ["h", [0], []], ["x", [1], []], ["h", [1], []], ["h", [2], []], ["h", [2], []], ["h", [1], []], ["x", [1], []], ["h", [0], []], ["h", [2], []], ["cx", [0, 2], []], ["cx", [0, 1], []], ["h", [1], []], ["x", [2], []], ["x", [0], []]], "pqc_circuit_tokens": [["x", [0], []], ["x", [2], []], ["h", [1], []], ["cx", [0, 1], []], ["cx", [0, 2], []], ["rz", [0], [2.1503474712371826]], ["rx", [0], [-0.3619655966758728]], ["rz", [0], [-0.8688213229179382]], ["rz", [1], [1.9391281604766846]], ["rx", [1], [0.1680588722229004]], ["rz", [1], [-2.627204656600952]], ["rz", [2], [0.1685837060213089]], ["rx", [2], [1.2687571048736572]], ["rz", [2], [1.7257380485534668]], ["h", [2], []], ["h", [0], []], ["x", [1], []], ["h", [1], []], ["h", [2], []], ["rz", [0], [-2.9575819969177246]], ["rx", [0], [-2.6811976432800293]], ["rz", [0], [2.9149742126464844]], ["rz", [1], [-1.388047456741333]], ["rx", [1], [0.7566246390342712]], ["rz", [1], [2.2754065990448]], ["rz", [2], [2.19450044631958]], ["rx", [2], [-3.364602565765381]], ["rz", [2], [-2.1183152198791504]], ["h", [2], []], ["h", [1], []], ["x", [1], []], ["h", [0], []], ["h", [2], []], ["rz", [0], [-0.9085182547569275]], ["rx", [0], [-2.7217586040496826]], ["rz", [0], [0.5234657526016235]], ["rz", [1], [2.0318663120269775]], ["rx", [1], [-1.9631857872009277]], ["rz", [1], [1.7748392820358276]], ["rz", [2], [-3.014530897140503]], ["rx", [2], [2.1557488441467285]], ["rz", [2], [-2.373232841491699]], ["cx", [0, 2], []], ["cx", [0, 1], []], ["h", [1], []], ["x", [2], []], ["x", [0], []], ["rz", [0], [0.2795332372188568]], ["rx", [0], [-3.226433515548706]], ["rz", [0], [3.286039352416992]], ["rz", [1], [-0.18322880566120148]], ["rx", [1], [-0.3027230203151703]], ["rz", [1], [-0.6368082761764526]], ["rz", [2], [3.113710403442383]], ["rx", [2], [-0.33071357011795044]], ["rz", [2], [-3.022747755050659]]], "base_circuit_qasm": "OPENQASM 2.0;\ninclude \"qelib1.inc\";\nqreg q[3];\nx q[0];\nx q[2];\nh q[1];\ncx q[0],q[1];\ncx q[0],q[2];\nh q[2];\nh q[0];\nx q[1];\nh q[1];\nh q[2];\nh q[2];\nh q[1];\nx q[1];\nh q[0];\nh q[2];\ncx q[0],q[2];\ncx q[0],q[1];\nh q[1];\nx q[2];\nx q[0];", "pqc_circuit_qasm": "OPENQASM 2.0;\ninclude \"qelib1.inc\";\nqreg q[3];\nx q[0];\nx q[2];\nh q[1];\ncx q[0],q[1];\ncx q[0],q[2];\nrz(2.1503474712371826) q[0];\nrx(-0.3619655966758728) q[0];\nrz(-0.8688213229179382) q[0];\nrz(1.9391281604766846) q[1];\nrx(0.1680588722229004) q[1];\nrz(-2.627204656600952) q[1];\nrz(0.1685837060213089) q[2];\nrx(1.2687571048736572) q[2];\nrz(1.7257380485534668) q[2];\nh q[2];\nh q[0];\nx q[1];\nh q[1];\nh q[2];\nrz(-2.9575819969177246) q[0];\nrx(-2.6811976432800293) q[0];\nrz(2.9149742126464844) q[0];\nrz(-1.388047456741333) q[1];\nrx(0.7566246390342712) q[1];\nrz(2.2754065990448) q[1];\nrz(2.19450044631958) q[2];\nrx(-3.364602565765381) q[2];\nrz(-2.1183152198791504) q[2];\nh q[2];\nh q[1];\nx q[1];\nh q[0];\nh q[2];\nrz(-0.9085182547569275) q[0];\nrx(-2.7217586040496826) q[0];\nrz(0.5234657526016235) q[0];\nrz(2.0318663120269775) q[1];\nrx(-1.9631857872009277) q[1];\nrz(1.7748392820358276) q[1];\nrz(-3.014530897140503) q[2];\nrx(2.1557488441467285) q[2];\nrz(-2.373232841491699) q[2];\ncx q[0],q[2];\ncx q[0],q[1];\nh q[1];\nx q[2];\nx q[0];\nrz(0.2795332372188568) q[0];\nrx(-3.226433515548706) q[0];\nrz(3.286039352416992) q[0];\nrz(-0.18322880566120148) q[1];\nrx(-0.3027230203151703) q[1];\nrz(-0.6368082761764526) q[1];\nrz(3.113710403442383) q[2];\nrx(-0.33071357011795044) q[2];\nrz(-3.022747755050659) q[2];"}