{"seed": 980, "fidelity": 0.9944317936897278, "pqc_params": [[[1.8190197944641113, -2.3594961166381836, 2.2447118759155273], [-3.750349998474121, -0.1747657209634781, -2.131108522415161], [-2.5847818851470947, -0.525230348110199, 0.06344829499721527]], [[2.22237491607666, -1.5345118045806885, -2.9627792835235596], [-1.9506582021713257, 2.0518317222595215, 0.12302916496992111], [1.3562885522842407, -3.212151527404785, -1.159789800643921]], [[0.9077271819114685, 2.3282103538513184, 1.297189474105835], [2.902147054672241, -0.5343684554100037, 2.9053940773010254], [-0.39075884222984314, -0.6587993502616882, 0.4890166223049164]], [[-2.4282331466674805, 0.06413856893777847, 0.9979166388511658], [-2.3568971157073975, 2.647489309310913, -1.201159119606018], [-1.156783938407898, -0.01124547515064478, -2.6648411750793457]]], "base_circuit_tokens": [["h", [2], []], ["cx", [0, 2], []], ["h", [2], []], ["h", [0], []], ["h", [2], []], ["h", [2], []], ["x", [0], []], ["h", [0], []], ["h", [2], []], ["h", [0], []], ["h", [0], []], ["h", [2], []], ["h", [0], []], ["x", [0], []], ["h", [2], []], ["h", [2], []], ["h", [0], []], ["h", [2], []], ["cx", [0, 2], []], ["h", [2], []]], "pqc_circuit_tokens": [["h", [2], []], ["cx", [0, 2], []], ["h", [2], []], ["h", [0], []], ["h", [2], []], ["rz", [0], [1.8190197944641113]], ["rx", [0], [-2.3594961166381836]], ["rz", [0], [2.2447118759155273]], ["rz", [1], [-3.750349998474121]], ["rx", [1], [-0.1747657209634781]], ["rz", [1], [-2.131108522415161]], ["rz", [2], [-2.5847818851470947]], ["rx", [2], [-0.525230348110199]], ["rz", [2], [0.06344829499721527]], ["h", [2], []], ["x", [0], []], ["h", [0], []], ["h", [2], []], ["h", [0], []], ["rz", [0], [2.22237491607666]], ["rx", [0], [-1.5345118045806885]], ["rz", [0], [-2.9627792835235596]], ["rz", [1], [-1.9506582021713257]], ["rx", [1], [2.0518317222595215]], ["rz", [1], [0.12302916496992111]], ["rz", [2], [1.3562885522842407]], ["rx", [2], [-3.212151527404785]], ["rz", [2], [-1.159789800643921]], ["h", [0], []], ["h", [2], []], ["h", [0], []], ["x", [0], []], ["h", [2], []], ["rz", [0], [0.9077271819114685]], ["rx", [0], [2.3282103538513184]], ["rz", [0], [1.297189474105835]], ["rz", [1], [2.902147054672241]], ["rx", [1], [-0.5343684554100037]], ["rz", [1], [2.9053940773010254]], ["rz", [2], [-0.39075884222984314]], ["rx", [2], [-0.6587993502616882]], ["rz", [2], [0.4890166223049164]], ["h", [2], []], ["h", [0], []], ["h", [2], []], ["cx", [0, 2], []], ["h", [2], []], ["rz", [0], [-2.4282331466674805]], ["rx", [0], [0.06413856893777847]], ["rz", [0], [0.9979166388511658]], ["rz", [1], [-2.3568971157073975]], ["rx", [1], [2.647489309310913]], ["rz", [1], [-1.201159119606018]], ["rz", [2], [-1.156783938407898]], ["rx", [2], [-0.01124547515064478]], ["rz", [2], [-2.6648411750793457]]], "base_circuit_qasm": "OPENQASM 2.0;\ninclude \"qelib1.inc\";\nqreg q[3];\nh q[2];\ncx q[0],q[2];\nh q[2];\nh q[0];\nh q[2];\nh q[2];\nx q[0];\nh q[0];\nh q[2];\nh q[0];\nh q[0];\nh q[2];\nh q[0];\nx q[0];\nh q[2];\nh q[2];\nh q[0];\nh q[2];\ncx q[0],q[2];\nh q[2];", "pqc_circuit_qasm": "OPENQASM 2.0;\ninclude \"qelib1.inc\";\nqreg q[3];\nh q[2];\ncx q[0],q[2];\nh q[2];\nh q[0];\nh q[2];\nrz(1.8190197944641113) q[0];\nrx(-2.3594961166381836) q[0];\nrz(2.2447118759155273) q[0];\nrz(-3.750349998474121) q[1];\nrx(-0.1747657209634781) q[1];\nrz(-2.131108522415161) q[1];\nrz(-2.5847818851470947) q[2];\nrx(-0.525230348110199) q[2];\nrz(0.06344829499721527) q[2];\nh q[2];\nx q[0];\nh q[0];\nh q[2];\nh q[0];\nrz(2.22237491607666) q[0];\nrx(-1.5345118045806885) q[0];\nrz(-2.9627792835235596) q[0];\nrz(-1.9506582021713257) q[1];\nrx(2.0518317222595215) q[1];\nrz(0.12302916496992111) q[1];\nrz(1.3562885522842407) q[2];\nrx(-3.212151527404785) q[2];\nrz(-1.159789800643921) q[2];\nh q[0];\nh q[2];\nh q[0];\nx q[0];\nh q[2];\nrz(0.9077271819114685) q[0];\nrx(2.3282103538513184) q[0];\nrz(1.297189474105835) q[0];\nrz(2.902147054672241) q[1];\nrx(-0.5343684554100037) q[1];\nrz(2.9053940773010254) q[1];\nrz(-0.39075884222984314) q[2];\nrx(-0.6587993502616882) q[2];\nrz(0.4890166223049164) q[2];\nh q[2];\nh q[0];\nh q[2];\ncx q[0],q[2];\nh q[2];\nrz(-2.4282331466674805) q[0];\nrx(0.06413856893777847) q[0];\nrz(0.9979166388511658) q[0];\nrz(-2.3568971157073975) q[1];\nrx(2.647489309310913) q[1];\nrz(-1.201159119606018) q[1];\nrz(-1.156783938407898) q[2];\nrx(-0.01124547515064478) q[2];\nrz(-2.6648411750793457) q[2];"}