{"seed": 999, "fidelity": 0.9916630983352661, "pqc_params": [[[-0.7598051428794861, 0.9643815755844116, -2.7134549617767334], [-2.497218608856201, -0.24157457053661346, -2.715312957763672], [1.7575244903564453, -0.0016890204278752208, -1.1073963642120361]], [[1.5157936811447144, -3.136373519897461, 1.9121299982070923], [-0.7196410298347473, -0.059587206691503525, -2.7198922634124756], [-1.288574457168579, 0.06391052901744843, -1.9542332887649536]], [[-3.8228578567504883, 2.4225566387176514, 2.3380894660949707], [1.5514308214187622, -0.467752069234848, 2.8334155082702637], [0.7609804272651672, 3.171806573867798, 0.31408992409706116]], [[1.3541854619979858, 0.017405984923243523, 2.77213191986084], [0.7034069895744324, -3.1788320541381836, 0.9204753041267395], [-0.8034152984619141, -0.029565678909420967, -2.455625295639038]]], "base_circuit_tokens": [["cx", [0, 2], []], ["h", [0], []], ["cx", [1, 0], []], ["x", [2], []], ["h", [1], []], ["h", [1], []], ["cx", [0, 1], []], ["h", [0], []], ["cx", [1, 0], []], ["cx", [0, 2], []], ["cx", [0, 2], []], ["cx", [1, 0], []], ["h", [0], []], ["cx", [0, 1], []], ["h", [1], []], ["h", [1], []], ["x", [2], []], ["cx", [1, 0], []], ["h", [0], []], ["cx", [0, 2], []]], "pqc_circuit_tokens": [["cx", [0, 2], []], ["h", [0], []], ["cx", [1, 0], []], ["x", [2], []], ["h", [1], []], ["rz", [0], [-0.7598051428794861]], ["rx", [0], [0.9643815755844116]], ["rz", [0], [-2.7134549617767334]], ["rz", [1], [-2.497218608856201]], ["rx", [1], [-0.24157457053661346]], ["rz", [1], [-2.715312957763672]], ["rz", [2], [1.7575244903564453]], ["rx", [2], [-0.0016890204278752208]], ["rz", [2], [-1.1073963642120361]], ["h", [1], []], ["cx", [0, 1], []], ["h", [0], []], ["cx", [1, 0], []], ["cx", [0, 2], []], ["rz", [0], [1.5157936811447144]], ["rx", [0], [-3.136373519897461]], ["rz", [0], [1.9121299982070923]], ["rz", [1], [-0.7196410298347473]], ["rx", [1], [-0.059587206691503525]], ["rz", [1], [-2.7198922634124756]], ["rz", [2], [-1.288574457168579]], ["rx", [2], [0.06391052901744843]], ["rz", [2], [-1.9542332887649536]], ["cx", [0, 2], []], ["cx", [1, 0], []], ["h", [0], []], ["cx", [0, 1], []], ["h", [1], []], ["rz", [0], [-3.8228578567504883]], ["rx", [0], [2.4225566387176514]], ["rz", [0], [2.3380894660949707]], ["rz", [1], [1.5514308214187622]], ["rx", [1], [-0.467752069234848]], ["rz", [1], [2.8334155082702637]], ["rz", [2], [0.7609804272651672]], ["rx", [2], [3.171806573867798]], ["rz", [2], [0.31408992409706116]], ["h", [1], []], ["x", [2], []], ["cx", [1, 0], []], ["h", [0], []], ["cx", [0, 2], []], ["rz", [0], [1.3541854619979858]], ["rx", [0], [0.017405984923243523]], ["rz", [0], [2.77213191986084]], ["rz", [1], [0.7034069895744324]], ["rx", [1], [-3.1788320541381836]], ["rz", [1], [0.9204753041267395]], ["rz", [2], [-0.8034152984619141]], ["rx", [2], [-0.029565678909420967]], ["rz", [2], [-2.455625295639038]]], "base_circuit_qasm": "OPENQASM 2.0;\ninclude \"qelib1.inc\";\nqreg q[3];\ncx q[0],q[2];\nh q[0];\ncx q[1],q[0];\nx q[2];\nh q[1];\nh q[1];\ncx q[0],q[1];\nh q[0];\ncx q[1],q[0];\ncx q[0],q[2];\ncx q[0],q[2];\ncx q[1],q[0];\nh q[0];\ncx q[0],q[1];\nh q[1];\nh q[1];\nx q[2];\ncx q[1],q[0];\nh q[0];\ncx q[0],q[2];", "pqc_circuit_qasm": "OPENQASM 2.0;\ninclude \"qelib1.inc\";\nqreg q[3];\ncx q[0],q[2];\nh q[0];\ncx q[1],q[0];\nx q[2];\nh q[1];\nrz(-0.7598051428794861) q[0];\nrx(0.9643815755844116) q[0];\nrz(-2.7134549617767334) q[0];\nrz(-2.497218608856201) q[1];\nrx(-0.24157457053661346) q[1];\nrz(-2.715312957763672) q[1];\nrz(1.7575244903564453) q[2];\nrx(-0.0016890204278752208) q[2];\nrz(-1.1073963642120361) q[2];\nh q[1];\ncx q[0],q[1];\nh q[0];\ncx q[1],q[0];\ncx q[0],q[2];\nrz(1.5157936811447144) q[0];\nrx(-3.136373519897461) q[0];\nrz(1.9121299982070923) q[0];\nrz(-0.7196410298347473) q[1];\nrx(-0.059587206691503525) q[1];\nrz(-2.7198922634124756) q[1];\nrz(-1.288574457168579) q[2];\nrx(0.06391052901744843) q[2];\nrz(-1.9542332887649536) q[2];\ncx q[0],q[2];\ncx q[1],q[0];\nh q[0];\ncx q[0],q[1];\nh q[1];\nrz(-3.8228578567504883) q[0];\nrx(2.4225566387176514) q[0];\nrz(2.3380894660949707) q[0];\nrz(1.5514308214187622) q[1];\nrx(-0.467752069234848) q[1];\nrz(2.8334155082702637) q[1];\nrz(0.7609804272651672) q[2];\nrx(3.171806573867798) q[2];\nrz(0.31408992409706116) q[2];\nh q[1];\nx q[2];\ncx q[1],q[0];\nh q[0];\ncx q[0],q[2];\nrz(1.3541854619979858) q[0];\nrx(0.017405984923243523) q[0];\nrz(2.77213191986084) q[0];\nrz(0.7034069895744324) q[1];\nrx(-3.1788320541381836) q[1];\nrz(0.9204753041267395) q[1];\nrz(-0.8034152984619141) q[2];\nrx(-0.029565678909420967) q[2];\nrz(-2.455625295639038) q[2];"}