{"seed": 1044, "fidelity": 0.8616955876350403, "pqc_params": [[[-2.0415639877319336, 0.5395842790603638, -0.6504254937171936], [-0.35058876872062683, 1.7446632385253906, 2.155855417251587], [0.34394165873527527, -0.7800657153129578, 1.7003592252731323]], [[0.0500318743288517, -2.0437324047088623, -0.47088828682899475], [-3.273352861404419, -1.8430397510528564, -3.1338024139404297], [3.219316005706787, -2.246455669403076, 3.3577866554260254]], [[1.8265788555145264, -2.16056752204895, -0.21274615824222565], [-1.1260604858398438, 1.6682084798812866, 1.1421139240264893], [2.7137820720672607, 3.835242986679077, 2.2981717586517334]], [[-2.63955020904541, -3.014660120010376, 0.5868406295776367], [3.0926849842071533, -2.892179012298584, -1.9411115646362305], [-1.689640760421753, -2.0032236576080322, 1.4638952016830444]]], "base_circuit_tokens": [["cx", [1, 0], []], ["h", [0], []], ["cx", [1, 0], []], ["h", [2], []], ["x", [0], []], ["cx", [1, 2], []], ["cx", [2, 1], []], ["x", [0], []], ["cx", [2, 1], []], ["x", [2], []], ["x", [2], []], ["cx", [2, 1], []], ["x", [0], []], ["cx", [2, 1], []], ["cx", [1, 2], []], ["x", [0], []], ["h", [2], []], ["cx", [1, 0], []], ["h", [0], []], ["cx", [1, 0], []]], "pqc_circuit_tokens": [["cx", [1, 0], []], ["h", [0], []], ["cx", [1, 0], []], ["h", [2], []], ["x", [0], []], ["rz", [0], [-2.0415639877319336]], ["rx", [0], [0.5395842790603638]], ["rz", [0], [-0.6504254937171936]], ["rz", [1], [-0.35058876872062683]], ["rx", [1], [1.7446632385253906]], ["rz", [1], [2.155855417251587]], ["rz", [2], [0.34394165873527527]], ["rx", [2], [-0.7800657153129578]], ["rz", [2], [1.7003592252731323]], ["cx", [1, 2], []], ["cx", [2, 1], []], ["x", [0], []], ["cx", [2, 1], []], ["x", [2], []], ["rz", [0], [0.0500318743288517]], ["rx", [0], [-2.0437324047088623]], ["rz", [0], [-0.47088828682899475]], ["rz", [1], [-3.273352861404419]], ["rx", [1], [-1.8430397510528564]], ["rz", [1], [-3.1338024139404297]], ["rz", [2], [3.219316005706787]], ["rx", [2], [-2.246455669403076]], ["rz", [2], [3.3577866554260254]], ["x", [2], []], ["cx", [2, 1], []], ["x", [0], []], ["cx", [2, 1], []], ["cx", [1, 2], []], ["rz", [0], [1.8265788555145264]], ["rx", [0], [-2.16056752204895]], ["rz", [0], [-0.21274615824222565]], ["rz", [1], [-1.1260604858398438]], ["rx", [1], [1.6682084798812866]], ["rz", [1], [1.1421139240264893]], ["rz", [2], [2.7137820720672607]], ["rx", [2], [3.835242986679077]], ["rz", [2], [2.2981717586517334]], ["x", [0], []], ["h", [2], []], ["cx", [1, 0], []], ["h", [0], []], ["cx", [1, 0], []], ["rz", [0], [-2.63955020904541]], ["rx", [0], [-3.014660120010376]], ["rz", [0], [0.5868406295776367]], ["rz", [1], [3.0926849842071533]], ["rx", [1], [-2.892179012298584]], ["rz", [1], [-1.9411115646362305]], ["rz", [2], [-1.689640760421753]], ["rx", [2], [-2.0032236576080322]], ["rz", [2], [1.4638952016830444]]], "base_circuit_qasm": "OPENQASM 2.0;\ninclude \"qelib1.inc\";\nqreg q[3];\ncx q[1],q[0];\nh q[0];\ncx q[1],q[0];\nh q[2];\nx q[0];\ncx q[1],q[2];\ncx q[2],q[1];\nx q[0];\ncx q[2],q[1];\nx q[2];\nx q[2];\ncx q[2],q[1];\nx q[0];\ncx q[2],q[1];\ncx q[1],q[2];\nx q[0];\nh q[2];\ncx q[1],q[0];\nh q[0];\ncx q[1],q[0];", "pqc_circuit_qasm": "OPENQASM 2.0;\ninclude \"qelib1.inc\";\nqreg q[3];\ncx q[1],q[0];\nh q[0];\ncx q[1],q[0];\nh q[2];\nx q[0];\nrz(-2.0415639877319336) q[0];\nrx(0.5395842790603638) q[0];\nrz(-0.6504254937171936) q[0];\nrz(-0.35058876872062683) q[1];\nrx(1.7446632385253906) q[1];\nrz(2.155855417251587) q[1];\nrz(0.34394165873527527) q[2];\nrx(-0.7800657153129578) q[2];\nrz(1.7003592252731323) q[2];\ncx q[1],q[2];\ncx q[2],q[1];\nx q[0];\ncx q[2],q[1];\nx q[2];\nrz(0.0500318743288517) q[0];\nrx(-2.0437324047088623) q[0];\nrz(-0.47088828682899475) q[0];\nrz(-3.273352861404419) q[1];\nrx(-1.8430397510528564) q[1];\nrz(-3.1338024139404297) q[1];\nrz(3.219316005706787) q[2];\nrx(-2.246455669403076) q[2];\nrz(3.3577866554260254) q[2];\nx q[2];\ncx q[2],q[1];\nx q[0];\ncx q[2],q[1];\ncx q[1],q[2];\nrz(1.8265788555145264) q[0];\nrx(-2.16056752204895) q[0];\nrz(-0.21274615824222565) q[0];\nrz(-1.1260604858398438) q[1];\nrx(1.6682084798812866) q[1];\nrz(1.1421139240264893) q[1];\nrz(2.7137820720672607) q[2];\nrx(3.835242986679077) q[2];\nrz(2.2981717586517334) q[2];\nx q[0];\nh q[2];\ncx q[1],q[0];\nh q[0];\ncx q[1],q[0];\nrz(-2.63955020904541) q[0];\nrx(-3.014660120010376) q[0];\nrz(0.5868406295776367) q[0];\nrz(3.0926849842071533) q[1];\nrx(-2.892179012298584) q[1];\nrz(-1.9411115646362305) q[1];\nrz(-1.689640760421753) q[2];\nrx(-2.0032236576080322) q[2];\nrz(1.4638952016830444) q[2];"}