{"seed": 1158, "fidelity": 0.6181080937385559, "pqc_params": [[[-2.170689105987549, -0.10965919494628906, -2.916869878768921], [0.35536640882492065, 1.309266209602356, 0.7783849835395813], [0.47923725843429565, -0.7008808851242065, 2.404975175857544]], [[-3.070329189300537, -1.3145064115524292, -3.0818872451782227], [0.005909488536417484, 1.47535240650177, 2.218600273132324], [-1.2545188665390015, -2.6970105171203613, -0.9914417862892151]], [[0.8864501714706421, 1.2364888191223145, 0.9209514856338501], [0.5572525262832642, 0.7385349273681641, -2.5499720573425293], [-3.0276453495025635, -0.7155904173851013, 0.32961201667785645]], [[-2.9723868370056152, 2.7443132400512695, -2.0552899837493896], [-2.3470852375030518, 1.407843828201294, -1.1627832651138306], [-3.2840147018432617, -1.72725248336792, -2.2861411571502686]]], "base_circuit_tokens": [["cx", [1, 2], []], ["h", [0], []], ["h", [0], []], ["h", [0], []], ["h", [1], []], ["cx", [1, 0], []], ["x", [1], []], ["h", [1], []], ["cx", [1, 2], []], ["x", [2], []], ["x", [2], []], ["cx", [1, 2], []], ["h", [1], []], ["x", [1], []], ["cx", [1, 0], []], ["h", [1], []], ["h", [0], []], ["h", [0], []], ["h", [0], []], ["cx", [1, 2], []]], "pqc_circuit_tokens": [["cx", [1, 2], []], ["h", [0], []], ["h", [0], []], ["h", [0], []], ["h", [1], []], ["rz", [0], [-2.170689105987549]], ["rx", [0], [-0.10965919494628906]], ["rz", [0], [-2.916869878768921]], ["rz", [1], [0.35536640882492065]], ["rx", [1], [1.309266209602356]], ["rz", [1], [0.7783849835395813]], ["rz", [2], [0.47923725843429565]], ["rx", [2], [-0.7008808851242065]], ["rz", [2], [2.404975175857544]], ["cx", [1, 0], []], ["x", [1], []], ["h", [1], []], ["cx", [1, 2], []], ["x", [2], []], ["rz", [0], [-3.070329189300537]], ["rx", [0], [-1.3145064115524292]], ["rz", [0], [-3.0818872451782227]], ["rz", [1], [0.005909488536417484]], ["rx", [1], [1.47535240650177]], ["rz", [1], [2.218600273132324]], ["rz", [2], [-1.2545188665390015]], ["rx", [2], [-2.6970105171203613]], ["rz", [2], [-0.9914417862892151]], ["x", [2], []], ["cx", [1, 2], []], ["h", [1], []], ["x", [1], []], ["cx", [1, 0], []], ["rz", [0], [0.8864501714706421]], ["rx", [0], [1.2364888191223145]], ["rz", [0], [0.9209514856338501]], ["rz", [1], [0.5572525262832642]], ["rx", [1], [0.7385349273681641]], ["rz", [1], [-2.5499720573425293]], ["rz", [2], [-3.0276453495025635]], ["rx", [2], [-0.7155904173851013]], ["rz", [2], [0.32961201667785645]], ["h", [1], []], ["h", [0], []], ["h", [0], []], ["h", [0], []], ["cx", [1, 2], []], ["rz", [0], [-2.9723868370056152]], ["rx", [0], [2.7443132400512695]], ["rz", [0], [-2.0552899837493896]], ["rz", [1], [-2.3470852375030518]], ["rx", [1], [1.407843828201294]], ["rz", [1], [-1.1627832651138306]], ["rz", [2], [-3.2840147018432617]], ["rx", [2], [-1.72725248336792]], ["rz", [2], [-2.2861411571502686]]], "base_circuit_qasm": "OPENQASM 2.0;\ninclude \"qelib1.inc\";\nqreg q[3];\ncx q[1],q[2];\nh q[0];\nh q[0];\nh q[0];\nh q[1];\ncx q[1],q[0];\nx q[1];\nh q[1];\ncx q[1],q[2];\nx q[2];\nx q[2];\ncx q[1],q[2];\nh q[1];\nx q[1];\ncx q[1],q[0];\nh q[1];\nh q[0];\nh q[0];\nh q[0];\ncx q[1],q[2];", "pqc_circuit_qasm": "OPENQASM 2.0;\ninclude \"qelib1.inc\";\nqreg q[3];\ncx q[1],q[2];\nh q[0];\nh q[0];\nh q[0];\nh q[1];\nrz(-2.170689105987549) q[0];\nrx(-0.10965919494628906) q[0];\nrz(-2.916869878768921) q[0];\nrz(0.35536640882492065) q[1];\nrx(1.309266209602356) q[1];\nrz(0.7783849835395813) q[1];\nrz(0.47923725843429565) q[2];\nrx(-0.7008808851242065) q[2];\nrz(2.404975175857544) q[2];\ncx q[1],q[0];\nx q[1];\nh q[1];\ncx q[1],q[2];\nx q[2];\nrz(-3.070329189300537) q[0];\nrx(-1.3145064115524292) q[0];\nrz(-3.0818872451782227) q[0];\nrz(0.005909488536417484) q[1];\nrx(1.47535240650177) q[1];\nrz(2.218600273132324) q[1];\nrz(-1.2545188665390015) q[2];\nrx(-2.6970105171203613) q[2];\nrz(-0.9914417862892151) q[2];\nx q[2];\ncx q[1],q[2];\nh q[1];\nx q[1];\ncx q[1],q[0];\nrz(0.8864501714706421) q[0];\nrx(1.2364888191223145) q[0];\nrz(0.9209514856338501) q[0];\nrz(0.5572525262832642) q[1];\nrx(0.7385349273681641) q[1];\nrz(-2.5499720573425293) q[1];\nrz(-3.0276453495025635) q[2];\nrx(-0.7155904173851013) q[2];\nrz(0.32961201667785645) q[2];\nh q[1];\nh q[0];\nh q[0];\nh q[0];\ncx q[1],q[2];\nrz(-2.9723868370056152) q[0];\nrx(2.7443132400512695) q[0];\nrz(-2.0552899837493896) q[0];\nrz(-2.3470852375030518) q[1];\nrx(1.407843828201294) q[1];\nrz(-1.1627832651138306) q[1];\nrz(-3.2840147018432617) q[2];\nrx(-1.72725248336792) q[2];\nrz(-2.2861411571502686) q[2];"}