{"seed": 1336, "fidelity": 0.9226784706115723, "pqc_params": [[[-2.7778701782226562, 2.1217291355133057, 0.08726410567760468], [-2.886464834213257, -3.6760401725769043, 2.56290864944458], [-0.4780554175376892, 2.4976868629455566, -1.9045740365982056]], [[1.1373831033706665, 0.44414612650871277, 1.5475382804870605], [-0.34700632095336914, -0.08433672040700912, -0.435639351606369], [1.663529634475708, -2.2133023738861084, 1.0848428010940552]], [[0.021393464878201485, -1.0180729627609253, 2.8033769130706787], [2.163508176803589, -0.2850290834903717, -1.4231339693069458], [2.3819971084594727, 0.7438908219337463, 2.3447210788726807]], [[-1.9345457553863525, -2.9977564811706543, 2.647117853164673], [-2.594496726989746, -2.2644426822662354, -2.474780321121216], [-0.1931295394897461, -0.6987754702568054, -3.256150007247925]]], "base_circuit_tokens": [["x", [0], []], ["h", [2], []], ["cx", [0, 1], []], ["cx", [2, 1], []], ["x", [1], []], ["h", [2], []], ["x", [2], []], ["h", [1], []], ["x", [0], []], ["x", [0], []], ["x", [0], []], ["x", [0], []], ["h", [1], []], ["x", [2], []], ["h", [2], []], ["x", [1], []], ["cx", [2, 1], []], ["cx", [0, 1], []], ["h", [2], []], ["x", [0], []]], "pqc_circuit_tokens": [["x", [0], []], ["h", [2], []], ["cx", [0, 1], []], ["cx", [2, 1], []], ["x", [1], []], ["rz", [0], [-2.7778701782226562]], ["rx", [0], [2.1217291355133057]], ["rz", [0], [0.08726410567760468]], ["rz", [1], [-2.886464834213257]], ["rx", [1], [-3.6760401725769043]], ["rz", [1], [2.56290864944458]], ["rz", [2], [-0.4780554175376892]], ["rx", [2], [2.4976868629455566]], ["rz", [2], [-1.9045740365982056]], ["h", [2], []], ["x", [2], []], ["h", [1], []], ["x", [0], []], ["x", [0], []], ["rz", [0], [1.1373831033706665]], ["rx", [0], [0.44414612650871277]], ["rz", [0], [1.5475382804870605]], ["rz", [1], [-0.34700632095336914]], ["rx", [1], [-0.08433672040700912]], ["rz", [1], [-0.435639351606369]], ["rz", [2], [1.663529634475708]], ["rx", [2], [-2.2133023738861084]], ["rz", [2], [1.0848428010940552]], ["x", [0], []], ["x", [0], []], ["h", [1], []], ["x", [2], []], ["h", [2], []], ["rz", [0], [0.021393464878201485]], ["rx", [0], [-1.0180729627609253]], ["rz", [0], [2.8033769130706787]], ["rz", [1], [2.163508176803589]], ["rx", [1], [-0.2850290834903717]], ["rz", [1], [-1.4231339693069458]], ["rz", [2], [2.3819971084594727]], ["rx", [2], [0.7438908219337463]], ["rz", [2], [2.3447210788726807]], ["x", [1], []], ["cx", [2, 1], []], ["cx", [0, 1], []], ["h", [2], []], ["x", [0], []], ["rz", [0], [-1.9345457553863525]], ["rx", [0], [-2.9977564811706543]], ["rz", [0], [2.647117853164673]], ["rz", [1], [-2.594496726989746]], ["rx", [1], [-2.2644426822662354]], ["rz", [1], [-2.474780321121216]], ["rz", [2], [-0.1931295394897461]], ["rx", [2], [-0.6987754702568054]], ["rz", [2], [-3.256150007247925]]], "base_circuit_qasm": "OPENQASM 2.0;\ninclude \"qelib1.inc\";\nqreg q[3];\nx q[0];\nh q[2];\ncx q[0],q[1];\ncx q[2],q[1];\nx q[1];\nh q[2];\nx q[2];\nh q[1];\nx q[0];\nx q[0];\nx q[0];\nx q[0];\nh q[1];\nx q[2];\nh q[2];\nx q[1];\ncx q[2],q[1];\ncx q[0],q[1];\nh q[2];\nx q[0];", "pqc_circuit_qasm": "OPENQASM 2.0;\ninclude \"qelib1.inc\";\nqreg q[3];\nx q[0];\nh q[2];\ncx q[0],q[1];\ncx q[2],q[1];\nx q[1];\nrz(-2.7778701782226562) q[0];\nrx(2.1217291355133057) q[0];\nrz(0.08726410567760468) q[0];\nrz(-2.886464834213257) q[1];\nrx(-3.6760401725769043) q[1];\nrz(2.56290864944458) q[1];\nrz(-0.4780554175376892) q[2];\nrx(2.4976868629455566) q[2];\nrz(-1.9045740365982056) q[2];\nh q[2];\nx q[2];\nh q[1];\nx q[0];\nx q[0];\nrz(1.1373831033706665) q[0];\nrx(0.44414612650871277) q[0];\nrz(1.5475382804870605) q[0];\nrz(-0.34700632095336914) q[1];\nrx(-0.08433672040700912) q[1];\nrz(-0.435639351606369) q[1];\nrz(1.663529634475708) q[2];\nrx(-2.2133023738861084) q[2];\nrz(1.0848428010940552) q[2];\nx q[0];\nx q[0];\nh q[1];\nx q[2];\nh q[2];\nrz(0.021393464878201485) q[0];\nrx(-1.0180729627609253) q[0];\nrz(2.8033769130706787) q[0];\nrz(2.163508176803589) q[1];\nrx(-0.2850290834903717) q[1];\nrz(-1.4231339693069458) q[1];\nrz(2.3819971084594727) q[2];\nrx(0.7438908219337463) q[2];\nrz(2.3447210788726807) q[2];\nx q[1];\ncx q[2],q[1];\ncx q[0],q[1];\nh q[2];\nx q[0];\nrz(-1.9345457553863525) q[0];\nrx(-2.9977564811706543) q[0];\nrz(2.647117853164673) q[0];\nrz(-2.594496726989746) q[1];\nrx(-2.2644426822662354) q[1];\nrz(-2.474780321121216) q[1];\nrz(-0.1931295394897461) q[2];\nrx(-0.6987754702568054) q[2];\nrz(-3.256150007247925) q[2];"}