{"seed": 1392, "fidelity": 0.8224339485168457, "pqc_params": [[[-3.153323173522949, -2.183546781539917, 0.43258535861968994], [2.2778584957122803, 2.647479295730591, 1.7371782064437866], [1.1944093704223633, -2.0876851081848145, -1.4762060642242432]], [[1.4896397590637207, 3.1469292640686035, 1.5477745532989502], [-0.1568741500377655, -1.023037314414978, -1.8415125608444214], [0.45176446437835693, -3.240647077560425, -2.745537519454956]], [[-1.3534698486328125, -2.0991427898406982, 2.015252113342285], [1.1174983978271484, -2.719630002975464, 2.666067123413086], [-1.5936673879623413, 1.0604286193847656, -0.8565804362297058]], [[-1.6064820289611816, -0.4212445616722107, -1.7658087015151978], [1.2608668804168701, 0.8264641761779785, -1.660927653312683], [-0.2198956459760666, -0.7898542881011963, -0.10884973406791687]]], "base_circuit_tokens": [["h", [2], []], ["cx", [2, 0], []], ["h", [0], []], ["cx", [2, 0], []], ["h", [0], []], ["h", [2], []], ["cx", [1, 2], []], ["h", [2], []], ["h", [0], []], ["cx", [1, 0], []], ["cx", [1, 0], []], ["h", [0], []], ["h", [2], []], ["cx", [1, 2], []], ["h", [2], []], ["h", [0], []], ["cx", [2, 0], []], ["h", [0], []], ["cx", [2, 0], []], ["h", [2], []]], "pqc_circuit_tokens": [["h", [2], []], ["cx", [2, 0], []], ["h", [0], []], ["cx", [2, 0], []], ["h", [0], []], ["rz", [0], [-3.153323173522949]], ["rx", [0], [-2.183546781539917]], ["rz", [0], [0.43258535861968994]], ["rz", [1], [2.2778584957122803]], ["rx", [1], [2.647479295730591]], ["rz", [1], [1.7371782064437866]], ["rz", [2], [1.1944093704223633]], ["rx", [2], [-2.0876851081848145]], ["rz", [2], [-1.4762060642242432]], ["h", [2], []], ["cx", [1, 2], []], ["h", [2], []], ["h", [0], []], ["cx", [1, 0], []], ["rz", [0], [1.4896397590637207]], ["rx", [0], [3.1469292640686035]], ["rz", [0], [1.5477745532989502]], ["rz", [1], [-0.1568741500377655]], ["rx", [1], [-1.023037314414978]], ["rz", [1], [-1.8415125608444214]], ["rz", [2], [0.45176446437835693]], ["rx", [2], [-3.240647077560425]], ["rz", [2], [-2.745537519454956]], ["cx", [1, 0], []], ["h", [0], []], ["h", [2], []], ["cx", [1, 2], []], ["h", [2], []], ["rz", [0], [-1.3534698486328125]], ["rx", [0], [-2.0991427898406982]], ["rz", [0], [2.015252113342285]], ["rz", [1], [1.1174983978271484]], ["rx", [1], [-2.719630002975464]], ["rz", [1], [2.666067123413086]], ["rz", [2], [-1.5936673879623413]], ["rx", [2], [1.0604286193847656]], ["rz", [2], [-0.8565804362297058]], ["h", [0], []], ["cx", [2, 0], []], ["h", [0], []], ["cx", [2, 0], []], ["h", [2], []], ["rz", [0], [-1.6064820289611816]], ["rx", [0], [-0.4212445616722107]], ["rz", [0], [-1.7658087015151978]], ["rz", [1], [1.2608668804168701]], ["rx", [1], [0.8264641761779785]], ["rz", [1], [-1.660927653312683]], ["rz", [2], [-0.2198956459760666]], ["rx", [2], [-0.7898542881011963]], ["rz", [2], [-0.10884973406791687]]], "base_circuit_qasm": "OPENQASM 2.0;\ninclude \"qelib1.inc\";\nqreg q[3];\nh q[2];\ncx q[2],q[0];\nh q[0];\ncx q[2],q[0];\nh q[0];\nh q[2];\ncx q[1],q[2];\nh q[2];\nh q[0];\ncx q[1],q[0];\ncx q[1],q[0];\nh q[0];\nh q[2];\ncx q[1],q[2];\nh q[2];\nh q[0];\ncx q[2],q[0];\nh q[0];\ncx q[2],q[0];\nh q[2];", "pqc_circuit_qasm": "OPENQASM 2.0;\ninclude \"qelib1.inc\";\nqreg q[3];\nh q[2];\ncx q[2],q[0];\nh q[0];\ncx q[2],q[0];\nh q[0];\nrz(-3.153323173522949) q[0];\nrx(-2.183546781539917) q[0];\nrz(0.43258535861968994) q[0];\nrz(2.2778584957122803) q[1];\nrx(2.647479295730591) q[1];\nrz(1.7371782064437866) q[1];\nrz(1.1944093704223633) q[2];\nrx(-2.0876851081848145) q[2];\nrz(-1.4762060642242432) q[2];\nh q[2];\ncx q[1],q[2];\nh q[2];\nh q[0];\ncx q[1],q[0];\nrz(1.4896397590637207) q[0];\nrx(3.1469292640686035) q[0];\nrz(1.5477745532989502) q[0];\nrz(-0.1568741500377655) q[1];\nrx(-1.023037314414978) q[1];\nrz(-1.8415125608444214) q[1];\nrz(0.45176446437835693) q[2];\nrx(-3.240647077560425) q[2];\nrz(-2.745537519454956) q[2];\ncx q[1],q[0];\nh q[0];\nh q[2];\ncx q[1],q[2];\nh q[2];\nrz(-1.3534698486328125) q[0];\nrx(-2.0991427898406982) q[0];\nrz(2.015252113342285) q[0];\nrz(1.1174983978271484) q[1];\nrx(-2.719630002975464) q[1];\nrz(2.666067123413086) q[1];\nrz(-1.5936673879623413) q[2];\nrx(1.0604286193847656) q[2];\nrz(-0.8565804362297058) q[2];\nh q[0];\ncx q[2],q[0];\nh q[0];\ncx q[2],q[0];\nh q[2];\nrz(-1.6064820289611816) q[0];\nrx(-0.4212445616722107) q[0];\nrz(-1.7658087015151978) q[0];\nrz(1.2608668804168701) q[1];\nrx(0.8264641761779785) q[1];\nrz(-1.660927653312683) q[1];\nrz(-0.2198956459760666) q[2];\nrx(-0.7898542881011963) q[2];\nrz(-0.10884973406791687) q[2];"}