{"seed": 1441, "fidelity": 0.8519792556762695, "pqc_params": [[[2.1908938884735107, -0.23403798043727875, -2.067786931991577], [-0.8751034736633301, -1.3053607940673828, 2.9534642696380615], [-1.4953614473342896, -1.330757975578308, -1.334588646888733]], [[2.774430990219116, 2.376377582550049, 0.9877632260322571], [0.259203165769577, -0.1842610388994217, 1.5223274230957031], [1.9252572059631348, 0.6605691313743591, -2.3076038360595703]], [[2.833465337753296, -0.26195189356803894, 1.9360053539276123], [0.49756768345832825, 3.1824731826782227, -1.1087534427642822], [3.0516748428344727, -1.7725454568862915, -1.8882761001586914]], [[1.5721189975738525, 2.657634973526001, -0.5022201538085938], [-3.8504252433776855, 0.06528576463460922, -1.5678998231887817], [-2.8317019939422607, 0.2284597009420395, 2.1534485816955566]]], "base_circuit_tokens": [["cx", [1, 0], []], ["h", [1], []], ["cx", [1, 2], []], ["cx", [2, 1], []], ["h", [0], []], ["h", [0], []], ["x", [0], []], ["cx", [2, 0], []], ["h", [0], []], ["h", [1], []], ["h", [1], []], ["h", [0], []], ["cx", [2, 0], []], ["x", [0], []], ["h", [0], []], ["h", [0], []], ["cx", [2, 1], []], ["cx", [1, 2], []], ["h", [1], []], ["cx", [1, 0], []]], "pqc_circuit_tokens": [["cx", [1, 0], []], ["h", [1], []], ["cx", [1, 2], []], ["cx", [2, 1], []], ["h", [0], []], ["rz", [0], [2.1908938884735107]], ["rx", [0], [-0.23403798043727875]], ["rz", [0], [-2.067786931991577]], ["rz", [1], [-0.8751034736633301]], ["rx", [1], [-1.3053607940673828]], ["rz", [1], [2.9534642696380615]], ["rz", [2], [-1.4953614473342896]], ["rx", [2], [-1.330757975578308]], ["rz", [2], [-1.334588646888733]], ["h", [0], []], ["x", [0], []], ["cx", [2, 0], []], ["h", [0], []], ["h", [1], []], ["rz", [0], [2.774430990219116]], ["rx", [0], [2.376377582550049]], ["rz", [0], [0.9877632260322571]], ["rz", [1], [0.259203165769577]], ["rx", [1], [-0.1842610388994217]], ["rz", [1], [1.5223274230957031]], ["rz", [2], [1.9252572059631348]], ["rx", [2], [0.6605691313743591]], ["rz", [2], [-2.3076038360595703]], ["h", [1], []], ["h", [0], []], ["cx", [2, 0], []], ["x", [0], []], ["h", [0], []], ["rz", [0], [2.833465337753296]], ["rx", [0], [-0.26195189356803894]], ["rz", [0], [1.9360053539276123]], ["rz", [1], [0.49756768345832825]], ["rx", [1], [3.1824731826782227]], ["rz", [1], [-1.1087534427642822]], ["rz", [2], [3.0516748428344727]], ["rx", [2], [-1.7725454568862915]], ["rz", [2], [-1.8882761001586914]], ["h", [0], []], ["cx", [2, 1], []], ["cx", [1, 2], []], ["h", [1], []], ["cx", [1, 0], []], ["rz", [0], [1.5721189975738525]], ["rx", [0], [2.657634973526001]], ["rz", [0], [-0.5022201538085938]], ["rz", [1], [-3.8504252433776855]], ["rx", [1], [0.06528576463460922]], ["rz", [1], [-1.5678998231887817]], ["rz", [2], [-2.8317019939422607]], ["rx", [2], [0.2284597009420395]], ["rz", [2], [2.1534485816955566]]], "base_circuit_qasm": "OPENQASM 2.0;\ninclude \"qelib1.inc\";\nqreg q[3];\ncx q[1],q[0];\nh q[1];\ncx q[1],q[2];\ncx q[2],q[1];\nh q[0];\nh q[0];\nx q[0];\ncx q[2],q[0];\nh q[0];\nh q[1];\nh q[1];\nh q[0];\ncx q[2],q[0];\nx q[0];\nh q[0];\nh q[0];\ncx q[2],q[1];\ncx q[1],q[2];\nh q[1];\ncx q[1],q[0];", "pqc_circuit_qasm": "OPENQASM 2.0;\ninclude \"qelib1.inc\";\nqreg q[3];\ncx q[1],q[0];\nh q[1];\ncx q[1],q[2];\ncx q[2],q[1];\nh q[0];\nrz(2.1908938884735107) q[0];\nrx(-0.23403798043727875) q[0];\nrz(-2.067786931991577) q[0];\nrz(-0.8751034736633301) q[1];\nrx(-1.3053607940673828) q[1];\nrz(2.9534642696380615) q[1];\nrz(-1.4953614473342896) q[2];\nrx(-1.330757975578308) q[2];\nrz(-1.334588646888733) q[2];\nh q[0];\nx q[0];\ncx q[2],q[0];\nh q[0];\nh q[1];\nrz(2.774430990219116) q[0];\nrx(2.376377582550049) q[0];\nrz(0.9877632260322571) q[0];\nrz(0.259203165769577) q[1];\nrx(-0.1842610388994217) q[1];\nrz(1.5223274230957031) q[1];\nrz(1.9252572059631348) q[2];\nrx(0.6605691313743591) q[2];\nrz(-2.3076038360595703) q[2];\nh q[1];\nh q[0];\ncx q[2],q[0];\nx q[0];\nh q[0];\nrz(2.833465337753296) q[0];\nrx(-0.26195189356803894) q[0];\nrz(1.9360053539276123) q[0];\nrz(0.49756768345832825) q[1];\nrx(3.1824731826782227) q[1];\nrz(-1.1087534427642822) q[1];\nrz(3.0516748428344727) q[2];\nrx(-1.7725454568862915) q[2];\nrz(-1.8882761001586914) q[2];\nh q[0];\ncx q[2],q[1];\ncx q[1],q[2];\nh q[1];\ncx q[1],q[0];\nrz(1.5721189975738525) q[0];\nrx(2.657634973526001) q[0];\nrz(-0.5022201538085938) q[0];\nrz(-3.8504252433776855) q[1];\nrx(0.06528576463460922) q[1];\nrz(-1.5678998231887817) q[1];\nrz(-2.8317019939422607) q[2];\nrx(0.2284597009420395) q[2];\nrz(2.1534485816955566) q[2];"}