{"seed": 1460, "fidelity": 0.9393579363822937, "pqc_params": [[[-0.6432177424430847, 2.9587950706481934, -1.3549269437789917], [1.314256191253662, -3.178109645843506, -2.5176618099212646], [-0.1341841220855713, -1.8585563898086548, 0.09267289936542511]], [[-3.3486270904541016, 0.10641322284936905, -0.5547341704368591], [1.2330559492111206, -1.7113111019134521, -1.7452342510223389], [3.0274577140808105, -2.5430073738098145, 1.0433926582336426]], [[-2.09035325050354, -0.7609214782714844, 1.8683961629867554], [1.3895708322525024, -1.5995782613754272, 0.18464995920658112], [2.0298030376434326, 1.110205888748169, -0.11840493977069855]], [[1.5127778053283691, -2.559967517852783, 2.7058093547821045], [-1.6027990579605103, 3.1307530403137207, 2.763666868209839], [-1.2388174533843994, -0.00039605400525033474, 1.3445979356765747]]], "base_circuit_tokens": [["x", [2], []], ["cx", [1, 2], []], ["h", [2], []], ["x", [0], []], ["h", [2], []], ["cx", [2, 0], []], ["h", [1], []], ["h", [1], []], ["h", [0], []], ["h", [1], []], ["h", [1], []], ["h", [0], []], ["h", [1], []], ["h", [1], []], ["cx", [2, 0], []], ["h", [2], []], ["x", [0], []], ["h", [2], []], ["cx", [1, 2], []], ["x", [2], []]], "pqc_circuit_tokens": [["x", [2], []], ["cx", [1, 2], []], ["h", [2], []], ["x", [0], []], ["h", [2], []], ["rz", [0], [-0.6432177424430847]], ["rx", [0], [2.9587950706481934]], ["rz", [0], [-1.3549269437789917]], ["rz", [1], [1.314256191253662]], ["rx", [1], [-3.178109645843506]], ["rz", [1], [-2.5176618099212646]], ["rz", [2], [-0.1341841220855713]], ["rx", [2], [-1.8585563898086548]], ["rz", [2], [0.09267289936542511]], ["cx", [2, 0], []], ["h", [1], []], ["h", [1], []], ["h", [0], []], ["h", [1], []], ["rz", [0], [-3.3486270904541016]], ["rx", [0], [0.10641322284936905]], ["rz", [0], [-0.5547341704368591]], ["rz", [1], [1.2330559492111206]], ["rx", [1], [-1.7113111019134521]], ["rz", [1], [-1.7452342510223389]], ["rz", [2], [3.0274577140808105]], ["rx", [2], [-2.5430073738098145]], ["rz", [2], [1.0433926582336426]], ["h", [1], []], ["h", [0], []], ["h", [1], []], ["h", [1], []], ["cx", [2, 0], []], ["rz", [0], [-2.09035325050354]], ["rx", [0], [-0.7609214782714844]], ["rz", [0], [1.8683961629867554]], ["rz", [1], [1.3895708322525024]], ["rx", [1], [-1.5995782613754272]], ["rz", [1], [0.18464995920658112]], ["rz", [2], [2.0298030376434326]], ["rx", [2], [1.110205888748169]], ["rz", [2], [-0.11840493977069855]], ["h", [2], []], ["x", [0], []], ["h", [2], []], ["cx", [1, 2], []], ["x", [2], []], ["rz", [0], [1.5127778053283691]], ["rx", [0], [-2.559967517852783]], ["rz", [0], [2.7058093547821045]], ["rz", [1], [-1.6027990579605103]], ["rx", [1], [3.1307530403137207]], ["rz", [1], [2.763666868209839]], ["rz", [2], [-1.2388174533843994]], ["rx", [2], [-0.00039605400525033474]], ["rz", [2], [1.3445979356765747]]], "base_circuit_qasm": "OPENQASM 2.0;\ninclude \"qelib1.inc\";\nqreg q[3];\nx q[2];\ncx q[1],q[2];\nh q[2];\nx q[0];\nh q[2];\ncx q[2],q[0];\nh q[1];\nh q[1];\nh q[0];\nh q[1];\nh q[1];\nh q[0];\nh q[1];\nh q[1];\ncx q[2],q[0];\nh q[2];\nx q[0];\nh q[2];\ncx q[1],q[2];\nx q[2];", "pqc_circuit_qasm": "OPENQASM 2.0;\ninclude \"qelib1.inc\";\nqreg q[3];\nx q[2];\ncx q[1],q[2];\nh q[2];\nx q[0];\nh q[2];\nrz(-0.6432177424430847) q[0];\nrx(2.9587950706481934) q[0];\nrz(-1.3549269437789917) q[0];\nrz(1.314256191253662) q[1];\nrx(-3.178109645843506) q[1];\nrz(-2.5176618099212646) q[1];\nrz(-0.1341841220855713) q[2];\nrx(-1.8585563898086548) q[2];\nrz(0.09267289936542511) q[2];\ncx q[2],q[0];\nh q[1];\nh q[1];\nh q[0];\nh q[1];\nrz(-3.3486270904541016) q[0];\nrx(0.10641322284936905) q[0];\nrz(-0.5547341704368591) q[0];\nrz(1.2330559492111206) q[1];\nrx(-1.7113111019134521) q[1];\nrz(-1.7452342510223389) q[1];\nrz(3.0274577140808105) q[2];\nrx(-2.5430073738098145) q[2];\nrz(1.0433926582336426) q[2];\nh q[1];\nh q[0];\nh q[1];\nh q[1];\ncx q[2],q[0];\nrz(-2.09035325050354) q[0];\nrx(-0.7609214782714844) q[0];\nrz(1.8683961629867554) q[0];\nrz(1.3895708322525024) q[1];\nrx(-1.5995782613754272) q[1];\nrz(0.18464995920658112) q[1];\nrz(2.0298030376434326) q[2];\nrx(1.110205888748169) q[2];\nrz(-0.11840493977069855) q[2];\nh q[2];\nx q[0];\nh q[2];\ncx q[1],q[2];\nx q[2];\nrz(1.5127778053283691) q[0];\nrx(-2.559967517852783) q[0];\nrz(2.7058093547821045) q[0];\nrz(-1.6027990579605103) q[1];\nrx(3.1307530403137207) q[1];\nrz(2.763666868209839) q[1];\nrz(-1.2388174533843994) q[2];\nrx(-0.00039605400525033474) q[2];\nrz(1.3445979356765747) q[2];"}