{"seed": 1485, "fidelity": 0.9265355467796326, "pqc_params": [[[0.1339918076992035, -0.7069511413574219, -1.947118878364563], [0.0901850238442421, 0.7914634346961975, 2.604456901550293], [-2.98071026802063, -3.4286868572235107, 3.3296868801116943]], [[-2.4052164554595947, 1.7556343078613281, -0.07776778191328049], [-2.926905393600464, -0.04905474931001663, -0.8954066038131714], [1.7074778079986572, -1.9946343898773193, -0.30545032024383545]], [[-1.3551925420761108, 1.9637517929077148, 0.49535372853279114], [-0.014153942465782166, -0.055977147072553635, 2.015528440475464], [-0.3703978955745697, -1.3160088062286377, -1.7039324045181274]], [[-0.755268931388855, -0.4347105622291565, -1.0234363079071045], [2.8201441764831543, -0.6378240585327148, -1.2146576642990112], [-1.5298599004745483, -0.5063039064407349, 0.42776739597320557]]], "base_circuit_tokens": [["h", [2], []], ["cx", [0, 2], []], ["x", [0], []], ["x", [2], []], ["h", [1], []], ["h", [0], []], ["x", [2], []], ["h", [1], []], ["x", [1], []], ["x", [1], []], ["x", [1], []], ["x", [1], []], ["h", [1], []], ["x", [2], []], ["h", [0], []], ["h", [1], []], ["x", [2], []], ["x", [0], []], ["cx", [0, 2], []], ["h", [2], []]], "pqc_circuit_tokens": [["h", [2], []], ["cx", [0, 2], []], ["x", [0], []], ["x", [2], []], ["h", [1], []], ["rz", [0], [0.1339918076992035]], ["rx", [0], [-0.7069511413574219]], ["rz", [0], [-1.947118878364563]], ["rz", [1], [0.0901850238442421]], ["rx", [1], [0.7914634346961975]], ["rz", [1], [2.604456901550293]], ["rz", [2], [-2.98071026802063]], ["rx", [2], [-3.4286868572235107]], ["rz", [2], [3.3296868801116943]], ["h", [0], []], ["x", [2], []], ["h", [1], []], ["x", [1], []], ["x", [1], []], ["rz", [0], [-2.4052164554595947]], ["rx", [0], [1.7556343078613281]], ["rz", [0], [-0.07776778191328049]], ["rz", [1], [-2.926905393600464]], ["rx", [1], [-0.04905474931001663]], ["rz", [1], [-0.8954066038131714]], ["rz", [2], [1.7074778079986572]], ["rx", [2], [-1.9946343898773193]], ["rz", [2], [-0.30545032024383545]], ["x", [1], []], ["x", [1], []], ["h", [1], []], ["x", [2], []], ["h", [0], []], ["rz", [0], [-1.3551925420761108]], ["rx", [0], [1.9637517929077148]], ["rz", [0], [0.49535372853279114]], ["rz", [1], [-0.014153942465782166]], ["rx", [1], [-0.055977147072553635]], ["rz", [1], [2.015528440475464]], ["rz", [2], [-0.3703978955745697]], ["rx", [2], [-1.3160088062286377]], ["rz", [2], [-1.7039324045181274]], ["h", [1], []], ["x", [2], []], ["x", [0], []], ["cx", [0, 2], []], ["h", [2], []], ["rz", [0], [-0.755268931388855]], ["rx", [0], [-0.4347105622291565]], ["rz", [0], [-1.0234363079071045]], ["rz", [1], [2.8201441764831543]], ["rx", [1], [-0.6378240585327148]], ["rz", [1], [-1.2146576642990112]], ["rz", [2], [-1.5298599004745483]], ["rx", [2], [-0.5063039064407349]], ["rz", [2], [0.42776739597320557]]], "base_circuit_qasm": "OPENQASM 2.0;\ninclude \"qelib1.inc\";\nqreg q[3];\nh q[2];\ncx q[0],q[2];\nx q[0];\nx q[2];\nh q[1];\nh q[0];\nx q[2];\nh q[1];\nx q[1];\nx q[1];\nx q[1];\nx q[1];\nh q[1];\nx q[2];\nh q[0];\nh q[1];\nx q[2];\nx q[0];\ncx q[0],q[2];\nh q[2];", "pqc_circuit_qasm": "OPENQASM 2.0;\ninclude \"qelib1.inc\";\nqreg q[3];\nh q[2];\ncx q[0],q[2];\nx q[0];\nx q[2];\nh q[1];\nrz(0.1339918076992035) q[0];\nrx(-0.7069511413574219) q[0];\nrz(-1.947118878364563) q[0];\nrz(0.0901850238442421) q[1];\nrx(0.7914634346961975) q[1];\nrz(2.604456901550293) q[1];\nrz(-2.98071026802063) q[2];\nrx(-3.4286868572235107) q[2];\nrz(3.3296868801116943) q[2];\nh q[0];\nx q[2];\nh q[1];\nx q[1];\nx q[1];\nrz(-2.4052164554595947) q[0];\nrx(1.7556343078613281) q[0];\nrz(-0.07776778191328049) q[0];\nrz(-2.926905393600464) q[1];\nrx(-0.04905474931001663) q[1];\nrz(-0.8954066038131714) q[1];\nrz(1.7074778079986572) q[2];\nrx(-1.9946343898773193) q[2];\nrz(-0.30545032024383545) q[2];\nx q[1];\nx q[1];\nh q[1];\nx q[2];\nh q[0];\nrz(-1.3551925420761108) q[0];\nrx(1.9637517929077148) q[0];\nrz(0.49535372853279114) q[0];\nrz(-0.014153942465782166) q[1];\nrx(-0.055977147072553635) q[1];\nrz(2.015528440475464) q[1];\nrz(-0.3703978955745697) q[2];\nrx(-1.3160088062286377) q[2];\nrz(-1.7039324045181274) q[2];\nh q[1];\nx q[2];\nx q[0];\ncx q[0],q[2];\nh q[2];\nrz(-0.755268931388855) q[0];\nrx(-0.4347105622291565) q[0];\nrz(-1.0234363079071045) q[0];\nrz(2.8201441764831543) q[1];\nrx(-0.6378240585327148) q[1];\nrz(-1.2146576642990112) q[1];\nrz(-1.5298599004745483) q[2];\nrx(-0.5063039064407349) q[2];\nrz(0.42776739597320557) q[2];"}