{"seed": 1610, "fidelity": 0.9469770789146423, "pqc_params": [[[-1.7720884084701538, 2.140043258666992, -1.179847002029419], [-3.0518264770507812, 2.694889783859253, -2.4705371856689453], [1.4786430597305298, 1.438010811805725, 1.760578989982605]], [[-1.9100948572158813, 0.10640617460012436, 0.2901695966720581], [2.983708143234253, 2.65537691116333, -0.06162871792912483], [3.219578742980957, 3.000530481338501, -2.9390392303466797]], [[-1.4194378852844238, -1.1397805213928223, 1.977000117301941], [-1.7791283130645752, 2.576442003250122, -1.9985735416412354], [0.3928661644458771, 1.9072848558425903, 1.8764848709106445]], [[3.130887508392334, 1.3923494815826416, 2.662729263305664], [-3.1269798278808594, -2.9587721824645996, 0.8163047432899475], [-2.859638214111328, -1.0563666820526123, 1.8739748001098633]]], "base_circuit_tokens": [["h", [1], []], ["x", [1], []], ["h", [1], []], ["cx", [1, 0], []], ["x", [0], []], ["h", [2], []], ["h", [1], []], ["cx", [2, 1], []], ["h", [2], []], ["x", [1], []], ["x", [1], []], ["h", [2], []], ["cx", [2, 1], []], ["h", [1], []], ["h", [2], []], ["x", [0], []], ["cx", [1, 0], []], ["h", [1], []], ["x", [1], []], ["h", [1], []]], "pqc_circuit_tokens": [["h", [1], []], ["x", [1], []], ["h", [1], []], ["cx", [1, 0], []], ["x", [0], []], ["rz", [0], [-1.7720884084701538]], ["rx", [0], [2.140043258666992]], ["rz", [0], [-1.179847002029419]], ["rz", [1], [-3.0518264770507812]], ["rx", [1], [2.694889783859253]], ["rz", [1], [-2.4705371856689453]], ["rz", [2], [1.4786430597305298]], ["rx", [2], [1.438010811805725]], ["rz", [2], [1.760578989982605]], ["h", [2], []], ["h", [1], []], ["cx", [2, 1], []], ["h", [2], []], ["x", [1], []], ["rz", [0], [-1.9100948572158813]], ["rx", [0], [0.10640617460012436]], ["rz", [0], [0.2901695966720581]], ["rz", [1], [2.983708143234253]], ["rx", [1], [2.65537691116333]], ["rz", [1], [-0.06162871792912483]], ["rz", [2], [3.219578742980957]], ["rx", [2], [3.000530481338501]], ["rz", [2], [-2.9390392303466797]], ["x", [1], []], ["h", [2], []], ["cx", [2, 1], []], ["h", [1], []], ["h", [2], []], ["rz", [0], [-1.4194378852844238]], ["rx", [0], [-1.1397805213928223]], ["rz", [0], [1.977000117301941]], ["rz", [1], [-1.7791283130645752]], ["rx", [1], [2.576442003250122]], ["rz", [1], [-1.9985735416412354]], ["rz", [2], [0.3928661644458771]], ["rx", [2], [1.9072848558425903]], ["rz", [2], [1.8764848709106445]], ["x", [0], []], ["cx", [1, 0], []], ["h", [1], []], ["x", [1], []], ["h", [1], []], ["rz", [0], [3.130887508392334]], ["rx", [0], [1.3923494815826416]], ["rz", [0], [2.662729263305664]], ["rz", [1], [-3.1269798278808594]], ["rx", [1], [-2.9587721824645996]], ["rz", [1], [0.8163047432899475]], ["rz", [2], [-2.859638214111328]], ["rx", [2], [-1.0563666820526123]], ["rz", [2], [1.8739748001098633]]], "base_circuit_qasm": "OPENQASM 2.0;\ninclude \"qelib1.inc\";\nqreg q[3];\nh q[1];\nx q[1];\nh q[1];\ncx q[1],q[0];\nx q[0];\nh q[2];\nh q[1];\ncx q[2],q[1];\nh q[2];\nx q[1];\nx q[1];\nh q[2];\ncx q[2],q[1];\nh q[1];\nh q[2];\nx q[0];\ncx q[1],q[0];\nh q[1];\nx q[1];\nh q[1];", "pqc_circuit_qasm": "OPENQASM 2.0;\ninclude \"qelib1.inc\";\nqreg q[3];\nh q[1];\nx q[1];\nh q[1];\ncx q[1],q[0];\nx q[0];\nrz(-1.7720884084701538) q[0];\nrx(2.140043258666992) q[0];\nrz(-1.179847002029419) q[0];\nrz(-3.0518264770507812) q[1];\nrx(2.694889783859253) q[1];\nrz(-2.4705371856689453) q[1];\nrz(1.4786430597305298) q[2];\nrx(1.438010811805725) q[2];\nrz(1.760578989982605) q[2];\nh q[2];\nh q[1];\ncx q[2],q[1];\nh q[2];\nx q[1];\nrz(-1.9100948572158813) q[0];\nrx(0.10640617460012436) q[0];\nrz(0.2901695966720581) q[0];\nrz(2.983708143234253) q[1];\nrx(2.65537691116333) q[1];\nrz(-0.06162871792912483) q[1];\nrz(3.219578742980957) q[2];\nrx(3.000530481338501) q[2];\nrz(-2.9390392303466797) q[2];\nx q[1];\nh q[2];\ncx q[2],q[1];\nh q[1];\nh q[2];\nrz(-1.4194378852844238) q[0];\nrx(-1.1397805213928223) q[0];\nrz(1.977000117301941) q[0];\nrz(-1.7791283130645752) q[1];\nrx(2.576442003250122) q[1];\nrz(-1.9985735416412354) q[1];\nrz(0.3928661644458771) q[2];\nrx(1.9072848558425903) q[2];\nrz(1.8764848709106445) q[2];\nx q[0];\ncx q[1],q[0];\nh q[1];\nx q[1];\nh q[1];\nrz(3.130887508392334) q[0];\nrx(1.3923494815826416) q[0];\nrz(2.662729263305664) q[0];\nrz(-3.1269798278808594) q[1];\nrx(-2.9587721824645996) q[1];\nrz(0.8163047432899475) q[1];\nrz(-2.859638214111328) q[2];\nrx(-1.0563666820526123) q[2];\nrz(1.8739748001098633) q[2];"}