{"seed": 1635, "fidelity": 0.9415116310119629, "pqc_params": [[[2.127387046813965, -3.146641969680786, 1.1815522909164429], [-2.4930531978607178, -2.321876049041748, 1.4939807653427124], [-0.06665240973234177, 2.76336932182312, 1.4057533740997314]], [[2.3041951656341553, 3.1546285152435303, -2.8547067642211914], [1.8788756132125854, 2.129082202911377, -1.6699808835983276], [2.4476654529571533, 1.3706663846969604, 1.164164423942566]], [[2.29007625579834, 2.3829805850982666, 1.6292893886566162], [1.6202806234359741, 2.982724666595459, -2.7062437534332275], [1.0390702486038208, -0.9661481380462646, 0.9026148915290833]], [[-3.2460289001464844, -2.5209994316101074, -0.5857764482498169], [-2.213688611984253, 0.005753997713327408, -1.0440150499343872], [-1.0729421377182007, -0.11003655940294266, 0.04098276421427727]]], "base_circuit_tokens": [["cx", [0, 1], []], ["h", [1], []], ["h", [2], []], ["h", [0], []], ["h", [1], []], ["h", [0], []], ["x", [0], []], ["h", [1], []], ["h", [1], []], ["h", [1], []], ["h", [1], []], ["h", [1], []], ["h", [1], []], ["x", [0], []], ["h", [0], []], ["h", [1], []], ["h", [0], []], ["h", [2], []], ["h", [1], []], ["cx", [0, 1], []]], "pqc_circuit_tokens": [["cx", [0, 1], []], ["h", [1], []], ["h", [2], []], ["h", [0], []], ["h", [1], []], ["rz", [0], [2.127387046813965]], ["rx", [0], [-3.146641969680786]], ["rz", [0], [1.1815522909164429]], ["rz", [1], [-2.4930531978607178]], ["rx", [1], [-2.321876049041748]], ["rz", [1], [1.4939807653427124]], ["rz", [2], [-0.06665240973234177]], ["rx", [2], [2.76336932182312]], ["rz", [2], [1.4057533740997314]], ["h", [0], []], ["x", [0], []], ["h", [1], []], ["h", [1], []], ["h", [1], []], ["rz", [0], [2.3041951656341553]], ["rx", [0], [3.1546285152435303]], ["rz", [0], [-2.8547067642211914]], ["rz", [1], [1.8788756132125854]], ["rx", [1], [2.129082202911377]], ["rz", [1], [-1.6699808835983276]], ["rz", [2], [2.4476654529571533]], ["rx", [2], [1.3706663846969604]], ["rz", [2], [1.164164423942566]], ["h", [1], []], ["h", [1], []], ["h", [1], []], ["x", [0], []], ["h", [0], []], ["rz", [0], [2.29007625579834]], ["rx", [0], [2.3829805850982666]], ["rz", [0], [1.6292893886566162]], ["rz", [1], [1.6202806234359741]], ["rx", [1], [2.982724666595459]], ["rz", [1], [-2.7062437534332275]], ["rz", [2], [1.0390702486038208]], ["rx", [2], [-0.9661481380462646]], ["rz", [2], [0.9026148915290833]], ["h", [1], []], ["h", [0], []], ["h", [2], []], ["h", [1], []], ["cx", [0, 1], []], ["rz", [0], [-3.2460289001464844]], ["rx", [0], [-2.5209994316101074]], ["rz", [0], [-0.5857764482498169]], ["rz", [1], [-2.213688611984253]], ["rx", [1], [0.005753997713327408]], ["rz", [1], [-1.0440150499343872]], ["rz", [2], [-1.0729421377182007]], ["rx", [2], [-0.11003655940294266]], ["rz", [2], [0.04098276421427727]]], "base_circuit_qasm": "OPENQASM 2.0;\ninclude \"qelib1.inc\";\nqreg q[3];\ncx q[0],q[1];\nh q[1];\nh q[2];\nh q[0];\nh q[1];\nh q[0];\nx q[0];\nh q[1];\nh q[1];\nh q[1];\nh q[1];\nh q[1];\nh q[1];\nx q[0];\nh q[0];\nh q[1];\nh q[0];\nh q[2];\nh q[1];\ncx q[0],q[1];", "pqc_circuit_qasm": "OPENQASM 2.0;\ninclude \"qelib1.inc\";\nqreg q[3];\ncx q[0],q[1];\nh q[1];\nh q[2];\nh q[0];\nh q[1];\nrz(2.127387046813965) q[0];\nrx(-3.146641969680786) q[0];\nrz(1.1815522909164429) q[0];\nrz(-2.4930531978607178) q[1];\nrx(-2.321876049041748) q[1];\nrz(1.4939807653427124) q[1];\nrz(-0.06665240973234177) q[2];\nrx(2.76336932182312) q[2];\nrz(1.4057533740997314) q[2];\nh q[0];\nx q[0];\nh q[1];\nh q[1];\nh q[1];\nrz(2.3041951656341553) q[0];\nrx(3.1546285152435303) q[0];\nrz(-2.8547067642211914) q[0];\nrz(1.8788756132125854) q[1];\nrx(2.129082202911377) q[1];\nrz(-1.6699808835983276) q[1];\nrz(2.4476654529571533) q[2];\nrx(1.3706663846969604) q[2];\nrz(1.164164423942566) q[2];\nh q[1];\nh q[1];\nh q[1];\nx q[0];\nh q[0];\nrz(2.29007625579834) q[0];\nrx(2.3829805850982666) q[0];\nrz(1.6292893886566162) q[0];\nrz(1.6202806234359741) q[1];\nrx(2.982724666595459) q[1];\nrz(-2.7062437534332275) q[1];\nrz(1.0390702486038208) q[2];\nrx(-0.9661481380462646) q[2];\nrz(0.9026148915290833) q[2];\nh q[1];\nh q[0];\nh q[2];\nh q[1];\ncx q[0],q[1];\nrz(-3.2460289001464844) q[0];\nrx(-2.5209994316101074) q[0];\nrz(-0.5857764482498169) q[0];\nrz(-2.213688611984253) q[1];\nrx(0.005753997713327408) q[1];\nrz(-1.0440150499343872) q[1];\nrz(-1.0729421377182007) q[2];\nrx(-0.11003655940294266) q[2];\nrz(0.04098276421427727) q[2];"}