{"seed": 1656, "fidelity": 0.9004888534545898, "pqc_params": [[[3.0044453144073486, -1.3849323987960815, 1.3436636924743652], [-2.1593000888824463, 0.865872859954834, 0.5435635447502136], [-0.8842921257019043, 1.283211350440979, 1.067014455795288]], [[0.30561476945877075, 2.6241893768310547, 0.032037120312452316], [0.028220385313034058, -1.0192158222198486, -1.1748992204666138], [2.705779552459717, -0.44168350100517273, -2.853808641433716]], [[-1.5478835105895996, -1.6024811267852783, -1.0097274780273438], [1.1351394653320312, 2.1992478370666504, 0.9313783645629883], [-1.4173226356506348, -0.7793513536453247, 0.10643284022808075]], [[0.716170608997345, -0.2143576592206955, 0.7974076271057129], [1.2809340953826904, -3.900606155395508, 4.309506893157959], [-1.3043835163116455, -0.5314977169036865, -0.3368788957595825]]], "base_circuit_tokens": [["cx", [2, 1], []], ["cx", [0, 1], []], ["h", [2], []], ["x", [0], []], ["cx", [1, 2], []], ["cx", [1, 0], []], ["h", [0], []], ["h", [2], []], ["h", [2], []], ["x", [1], []], ["x", [1], []], ["h", [2], []], ["h", [2], []], ["h", [0], []], ["cx", [1, 0], []], ["cx", [1, 2], []], ["x", [0], []], ["h", [2], []], ["cx", [0, 1], []], ["cx", [2, 1], []]], "pqc_circuit_tokens": [["cx", [2, 1], []], ["cx", [0, 1], []], ["h", [2], []], ["x", [0], []], ["cx", [1, 2], []], ["rz", [0], [3.0044453144073486]], ["rx", [0], [-1.3849323987960815]], ["rz", [0], [1.3436636924743652]], ["rz", [1], [-2.1593000888824463]], ["rx", [1], [0.865872859954834]], ["rz", [1], [0.5435635447502136]], ["rz", [2], [-0.8842921257019043]], ["rx", [2], [1.283211350440979]], ["rz", [2], [1.067014455795288]], ["cx", [1, 0], []], ["h", [0], []], ["h", [2], []], ["h", [2], []], ["x", [1], []], ["rz", [0], [0.30561476945877075]], ["rx", [0], [2.6241893768310547]], ["rz", [0], [0.032037120312452316]], ["rz", [1], [0.028220385313034058]], ["rx", [1], [-1.0192158222198486]], ["rz", [1], [-1.1748992204666138]], ["rz", [2], [2.705779552459717]], ["rx", [2], [-0.44168350100517273]], ["rz", [2], [-2.853808641433716]], ["x", [1], []], ["h", [2], []], ["h", [2], []], ["h", [0], []], ["cx", [1, 0], []], ["rz", [0], [-1.5478835105895996]], ["rx", [0], [-1.6024811267852783]], ["rz", [0], [-1.0097274780273438]], ["rz", [1], [1.1351394653320312]], ["rx", [1], [2.1992478370666504]], ["rz", [1], [0.9313783645629883]], ["rz", [2], [-1.4173226356506348]], ["rx", [2], [-0.7793513536453247]], ["rz", [2], [0.10643284022808075]], ["cx", [1, 2], []], ["x", [0], []], ["h", [2], []], ["cx", [0, 1], []], ["cx", [2, 1], []], ["rz", [0], [0.716170608997345]], ["rx", [0], [-0.2143576592206955]], ["rz", [0], [0.7974076271057129]], ["rz", [1], [1.2809340953826904]], ["rx", [1], [-3.900606155395508]], ["rz", [1], [4.309506893157959]], ["rz", [2], [-1.3043835163116455]], ["rx", [2], [-0.5314977169036865]], ["rz", [2], [-0.3368788957595825]]], "base_circuit_qasm": "OPENQASM 2.0;\ninclude \"qelib1.inc\";\nqreg q[3];\ncx q[2],q[1];\ncx q[0],q[1];\nh q[2];\nx q[0];\ncx q[1],q[2];\ncx q[1],q[0];\nh q[0];\nh q[2];\nh q[2];\nx q[1];\nx q[1];\nh q[2];\nh q[2];\nh q[0];\ncx q[1],q[0];\ncx q[1],q[2];\nx q[0];\nh q[2];\ncx q[0],q[1];\ncx q[2],q[1];", "pqc_circuit_qasm": "OPENQASM 2.0;\ninclude \"qelib1.inc\";\nqreg q[3];\ncx q[2],q[1];\ncx q[0],q[1];\nh q[2];\nx q[0];\ncx q[1],q[2];\nrz(3.0044453144073486) q[0];\nrx(-1.3849323987960815) q[0];\nrz(1.3436636924743652) q[0];\nrz(-2.1593000888824463) q[1];\nrx(0.865872859954834) q[1];\nrz(0.5435635447502136) q[1];\nrz(-0.8842921257019043) q[2];\nrx(1.283211350440979) q[2];\nrz(1.067014455795288) q[2];\ncx q[1],q[0];\nh q[0];\nh q[2];\nh q[2];\nx q[1];\nrz(0.30561476945877075) q[0];\nrx(2.6241893768310547) q[0];\nrz(0.032037120312452316) q[0];\nrz(0.028220385313034058) q[1];\nrx(-1.0192158222198486) q[1];\nrz(-1.1748992204666138) q[1];\nrz(2.705779552459717) q[2];\nrx(-0.44168350100517273) q[2];\nrz(-2.853808641433716) q[2];\nx q[1];\nh q[2];\nh q[2];\nh q[0];\ncx q[1],q[0];\nrz(-1.5478835105895996) q[0];\nrx(-1.6024811267852783) q[0];\nrz(-1.0097274780273438) q[0];\nrz(1.1351394653320312) q[1];\nrx(2.1992478370666504) q[1];\nrz(0.9313783645629883) q[1];\nrz(-1.4173226356506348) q[2];\nrx(-0.7793513536453247) q[2];\nrz(0.10643284022808075) q[2];\ncx q[1],q[2];\nx q[0];\nh q[2];\ncx q[0],q[1];\ncx q[2],q[1];\nrz(0.716170608997345) q[0];\nrx(-0.2143576592206955) q[0];\nrz(0.7974076271057129) q[0];\nrz(1.2809340953826904) q[1];\nrx(-3.900606155395508) q[1];\nrz(4.309506893157959) q[1];\nrz(-1.3043835163116455) q[2];\nrx(-0.5314977169036865) q[2];\nrz(-0.3368788957595825) q[2];"}