{"seed": 1665, "fidelity": 0.9112903475761414, "pqc_params": [[[-1.737823486328125, -1.2220745086669922, -1.2017093896865845], [-0.20812691748142242, 0.8971130847930908, 1.6255062818527222], [1.5562777519226074, -0.8194507956504822, -0.5464733839035034]], [[-2.522469997406006, -0.8675300478935242, 2.2150089740753174], [-0.8635594248771667, -1.019769310951233, -2.878948211669922], [3.102077007293701, 0.0981055498123169, -0.993608832359314]], [[1.4516551494598389, -2.7153918743133545, 3.180652141571045], [0.5011245608329773, -1.3685879707336426, -2.072603225708008], [-2.7593178749084473, 2.8432140350341797, -2.0767805576324463]], [[-1.0543041229248047, 1.9786404371261597, -2.2157697677612305], [-1.7480156421661377, -1.0375542640686035, -1.2559630870819092], [1.3161102533340454, 2.098360300064087, -1.946147084236145]]], "base_circuit_tokens": [["x", [2], []], ["h", [1], []], ["h", [1], []], ["x", [1], []], ["x", [1], []], ["h", [2], []], ["x", [0], []], ["h", [2], []], ["h", [0], []], ["cx", [2, 0], []], ["cx", [2, 0], []], ["h", [0], []], ["h", [2], []], ["x", [0], []], ["h", [2], []], ["x", [1], []], ["x", [1], []], ["h", [1], []], ["h", [1], []], ["x", [2], []]], "pqc_circuit_tokens": [["x", [2], []], ["h", [1], []], ["h", [1], []], ["x", [1], []], ["x", [1], []], ["rz", [0], [-1.737823486328125]], ["rx", [0], [-1.2220745086669922]], ["rz", [0], [-1.2017093896865845]], ["rz", [1], [-0.20812691748142242]], ["rx", [1], [0.8971130847930908]], ["rz", [1], [1.6255062818527222]], ["rz", [2], [1.5562777519226074]], ["rx", [2], [-0.8194507956504822]], ["rz", [2], [-0.5464733839035034]], ["h", [2], []], ["x", [0], []], ["h", [2], []], ["h", [0], []], ["cx", [2, 0], []], ["rz", [0], [-2.522469997406006]], ["rx", [0], [-0.8675300478935242]], ["rz", [0], [2.2150089740753174]], ["rz", [1], [-0.8635594248771667]], ["rx", [1], [-1.019769310951233]], ["rz", [1], [-2.878948211669922]], ["rz", [2], [3.102077007293701]], ["rx", [2], [0.0981055498123169]], ["rz", [2], [-0.993608832359314]], ["cx", [2, 0], []], ["h", [0], []], ["h", [2], []], ["x", [0], []], ["h", [2], []], ["rz", [0], [1.4516551494598389]], ["rx", [0], [-2.7153918743133545]], ["rz", [0], [3.180652141571045]], ["rz", [1], [0.5011245608329773]], ["rx", [1], [-1.3685879707336426]], ["rz", [1], [-2.072603225708008]], ["rz", [2], [-2.7593178749084473]], ["rx", [2], [2.8432140350341797]], ["rz", [2], [-2.0767805576324463]], ["x", [1], []], ["x", [1], []], ["h", [1], []], ["h", [1], []], ["x", [2], []], ["rz", [0], [-1.0543041229248047]], ["rx", [0], [1.9786404371261597]], ["rz", [0], [-2.2157697677612305]], ["rz", [1], [-1.7480156421661377]], ["rx", [1], [-1.0375542640686035]], ["rz", [1], [-1.2559630870819092]], ["rz", [2], [1.3161102533340454]], ["rx", [2], [2.098360300064087]], ["rz", [2], [-1.946147084236145]]], "base_circuit_qasm": "OPENQASM 2.0;\ninclude \"qelib1.inc\";\nqreg q[3];\nx q[2];\nh q[1];\nh q[1];\nx q[1];\nx q[1];\nh q[2];\nx q[0];\nh q[2];\nh q[0];\ncx q[2],q[0];\ncx q[2],q[0];\nh q[0];\nh q[2];\nx q[0];\nh q[2];\nx q[1];\nx q[1];\nh q[1];\nh q[1];\nx q[2];", "pqc_circuit_qasm": "OPENQASM 2.0;\ninclude \"qelib1.inc\";\nqreg q[3];\nx q[2];\nh q[1];\nh q[1];\nx q[1];\nx q[1];\nrz(-1.737823486328125) q[0];\nrx(-1.2220745086669922) q[0];\nrz(-1.2017093896865845) q[0];\nrz(-0.20812691748142242) q[1];\nrx(0.8971130847930908) q[1];\nrz(1.6255062818527222) q[1];\nrz(1.5562777519226074) q[2];\nrx(-0.8194507956504822) q[2];\nrz(-0.5464733839035034) q[2];\nh q[2];\nx q[0];\nh q[2];\nh q[0];\ncx q[2],q[0];\nrz(-2.522469997406006) q[0];\nrx(-0.8675300478935242) q[0];\nrz(2.2150089740753174) q[0];\nrz(-0.8635594248771667) q[1];\nrx(-1.019769310951233) q[1];\nrz(-2.878948211669922) q[1];\nrz(3.102077007293701) q[2];\nrx(0.0981055498123169) q[2];\nrz(-0.993608832359314) q[2];\ncx q[2],q[0];\nh q[0];\nh q[2];\nx q[0];\nh q[2];\nrz(1.4516551494598389) q[0];\nrx(-2.7153918743133545) q[0];\nrz(3.180652141571045) q[0];\nrz(0.5011245608329773) q[1];\nrx(-1.3685879707336426) q[1];\nrz(-2.072603225708008) q[1];\nrz(-2.7593178749084473) q[2];\nrx(2.8432140350341797) q[2];\nrz(-2.0767805576324463) q[2];\nx q[1];\nx q[1];\nh q[1];\nh q[1];\nx q[2];\nrz(-1.0543041229248047) q[0];\nrx(1.9786404371261597) q[0];\nrz(-2.2157697677612305) q[0];\nrz(-1.7480156421661377) q[1];\nrx(-1.0375542640686035) q[1];\nrz(-1.2559630870819092) q[1];\nrz(1.3161102533340454) q[2];\nrx(2.098360300064087) q[2];\nrz(-1.946147084236145) q[2];"}