{"seed": 1803, "fidelity": 0.9166851043701172, "pqc_params": [[[2.2550268173217773, 0.07103216648101807, 0.6004570126533508], [2.547305107116699, -1.3240580558776855, -0.6889409422874451], [-2.768383502960205, -3.223018169403076, -1.9741103649139404]], [[-3.2866616249084473, -0.7194560766220093, -3.180670738220215], [-1.1515976190567017, -0.5936846137046814, 2.0037941932678223], [2.7994582653045654, -1.728805661201477, 2.576889991760254]], [[3.4924402236938477, 0.3992704749107361, 2.525430679321289], [2.227649450302124, 1.3580284118652344, -0.9033689498901367], [1.7167593240737915, -2.551640033721924, 1.7960457801818848]], [[0.7851924896240234, 2.473724603652954, -0.1537310630083084], [-1.3171297311782837, 3.7287681102752686, -0.9130240678787231], [-2.8860697746276855, 2.1483707427978516, 2.2005817890167236]]], "base_circuit_tokens": [["x", [0], []], ["h", [0], []], ["x", [0], []], ["x", [2], []], ["x", [1], []], ["h", [1], []], ["h", [0], []], ["cx", [0, 1], []], ["h", [1], []], ["h", [0], []], ["h", [0], []], ["h", [1], []], ["cx", [0, 1], []], ["h", [0], []], ["h", [1], []], ["x", [1], []], ["x", [2], []], ["x", [0], []], ["h", [0], []], ["x", [0], []]], "pqc_circuit_tokens": [["x", [0], []], ["h", [0], []], ["x", [0], []], ["x", [2], []], ["x", [1], []], ["rz", [0], [2.2550268173217773]], ["rx", [0], [0.07103216648101807]], ["rz", [0], [0.6004570126533508]], ["rz", [1], [2.547305107116699]], ["rx", [1], [-1.3240580558776855]], ["rz", [1], [-0.6889409422874451]], ["rz", [2], [-2.768383502960205]], ["rx", [2], [-3.223018169403076]], ["rz", [2], [-1.9741103649139404]], ["h", [1], []], ["h", [0], []], ["cx", [0, 1], []], ["h", [1], []], ["h", [0], []], ["rz", [0], [-3.2866616249084473]], ["rx", [0], [-0.7194560766220093]], ["rz", [0], [-3.180670738220215]], ["rz", [1], [-1.1515976190567017]], ["rx", [1], [-0.5936846137046814]], ["rz", [1], [2.0037941932678223]], ["rz", [2], [2.7994582653045654]], ["rx", [2], [-1.728805661201477]], ["rz", [2], [2.576889991760254]], ["h", [0], []], ["h", [1], []], ["cx", [0, 1], []], ["h", [0], []], ["h", [1], []], ["rz", [0], [3.4924402236938477]], ["rx", [0], [0.3992704749107361]], ["rz", [0], [2.525430679321289]], ["rz", [1], [2.227649450302124]], ["rx", [1], [1.3580284118652344]], ["rz", [1], [-0.9033689498901367]], ["rz", [2], [1.7167593240737915]], ["rx", [2], [-2.551640033721924]], ["rz", [2], [1.7960457801818848]], ["x", [1], []], ["x", [2], []], ["x", [0], []], ["h", [0], []], ["x", [0], []], ["rz", [0], [0.7851924896240234]], ["rx", [0], [2.473724603652954]], ["rz", [0], [-0.1537310630083084]], ["rz", [1], [-1.3171297311782837]], ["rx", [1], [3.7287681102752686]], ["rz", [1], [-0.9130240678787231]], ["rz", [2], [-2.8860697746276855]], ["rx", [2], [2.1483707427978516]], ["rz", [2], [2.2005817890167236]]], "base_circuit_qasm": "OPENQASM 2.0;\ninclude \"qelib1.inc\";\nqreg q[3];\nx q[0];\nh q[0];\nx q[0];\nx q[2];\nx q[1];\nh q[1];\nh q[0];\ncx q[0],q[1];\nh q[1];\nh q[0];\nh q[0];\nh q[1];\ncx q[0],q[1];\nh q[0];\nh q[1];\nx q[1];\nx q[2];\nx q[0];\nh q[0];\nx q[0];", "pqc_circuit_qasm": "OPENQASM 2.0;\ninclude \"qelib1.inc\";\nqreg q[3];\nx q[0];\nh q[0];\nx q[0];\nx q[2];\nx q[1];\nrz(2.2550268173217773) q[0];\nrx(0.07103216648101807) q[0];\nrz(0.6004570126533508) q[0];\nrz(2.547305107116699) q[1];\nrx(-1.3240580558776855) q[1];\nrz(-0.6889409422874451) q[1];\nrz(-2.768383502960205) q[2];\nrx(-3.223018169403076) q[2];\nrz(-1.9741103649139404) q[2];\nh q[1];\nh q[0];\ncx q[0],q[1];\nh q[1];\nh q[0];\nrz(-3.2866616249084473) q[0];\nrx(-0.7194560766220093) q[0];\nrz(-3.180670738220215) q[0];\nrz(-1.1515976190567017) q[1];\nrx(-0.5936846137046814) q[1];\nrz(2.0037941932678223) q[1];\nrz(2.7994582653045654) q[2];\nrx(-1.728805661201477) q[2];\nrz(2.576889991760254) q[2];\nh q[0];\nh q[1];\ncx q[0],q[1];\nh q[0];\nh q[1];\nrz(3.4924402236938477) q[0];\nrx(0.3992704749107361) q[0];\nrz(2.525430679321289) q[0];\nrz(2.227649450302124) q[1];\nrx(1.3580284118652344) q[1];\nrz(-0.9033689498901367) q[1];\nrz(1.7167593240737915) q[2];\nrx(-2.551640033721924) q[2];\nrz(1.7960457801818848) q[2];\nx q[1];\nx q[2];\nx q[0];\nh q[0];\nx q[0];\nrz(0.7851924896240234) q[0];\nrx(2.473724603652954) q[0];\nrz(-0.1537310630083084) q[0];\nrz(-1.3171297311782837) q[1];\nrx(3.7287681102752686) q[1];\nrz(-0.9130240678787231) q[1];\nrz(-2.8860697746276855) q[2];\nrx(2.1483707427978516) q[2];\nrz(2.2005817890167236) q[2];"}