{"seed": 1962, "fidelity": 0.7782814502716064, "pqc_params": [[[-1.034863829612732, -1.9489091634750366, -0.5508627891540527], [3.377779722213745, 2.8247230052948, -3.2048051357269287], [-1.3371131420135498, -2.3198611736297607, -2.6647162437438965]], [[0.25102534890174866, 2.072211742401123, -2.86506724357605], [0.8284345865249634, 3.049150228500366, 0.5483819246292114], [-1.4218721389770508, -2.1553220748901367, 0.7466118931770325]], [[1.9871538877487183, -0.2835545241832733, 1.0486098527908325], [-2.991760492324829, 2.257070302963257, -0.12483721226453781], [-0.31028708815574646, 0.12097980082035065, 2.800706624984741]], [[1.3636054992675781, -0.6126834154129028, -1.0607738494873047], [1.288748860359192, -0.6028110384941101, -1.6175719499588013], [1.013871192932129, 0.013813651166856289, -1.078199863433838]]], "base_circuit_tokens": [["cx", [1, 2], []], ["h", [2], []], ["cx", [0, 1], []], ["h", [2], []], ["cx", [0, 2], []], ["h", [2], []], ["h", [2], []], ["h", [2], []], ["h", [2], []], ["h", [1], []], ["h", [1], []], ["h", [2], []], ["h", [2], []], ["h", [2], []], ["h", [2], []], ["cx", [0, 2], []], ["h", [2], []], ["cx", [0, 1], []], ["h", [2], []], ["cx", [1, 2], []]], "pqc_circuit_tokens": [["cx", [1, 2], []], ["h", [2], []], ["cx", [0, 1], []], ["h", [2], []], ["cx", [0, 2], []], ["rz", [0], [-1.034863829612732]], ["rx", [0], [-1.9489091634750366]], ["rz", [0], [-0.5508627891540527]], ["rz", [1], [3.377779722213745]], ["rx", [1], [2.8247230052948]], ["rz", [1], [-3.2048051357269287]], ["rz", [2], [-1.3371131420135498]], ["rx", [2], [-2.3198611736297607]], ["rz", [2], [-2.6647162437438965]], ["h", [2], []], ["h", [2], []], ["h", [2], []], ["h", [2], []], ["h", [1], []], ["rz", [0], [0.25102534890174866]], ["rx", [0], [2.072211742401123]], ["rz", [0], [-2.86506724357605]], ["rz", [1], [0.8284345865249634]], ["rx", [1], [3.049150228500366]], ["rz", [1], [0.5483819246292114]], ["rz", [2], [-1.4218721389770508]], ["rx", [2], [-2.1553220748901367]], ["rz", [2], [0.7466118931770325]], ["h", [1], []], ["h", [2], []], ["h", [2], []], ["h", [2], []], ["h", [2], []], ["rz", [0], [1.9871538877487183]], ["rx", [0], [-0.2835545241832733]], ["rz", [0], [1.0486098527908325]], ["rz", [1], [-2.991760492324829]], ["rx", [1], [2.257070302963257]], ["rz", [1], [-0.12483721226453781]], ["rz", [2], [-0.31028708815574646]], ["rx", [2], [0.12097980082035065]], ["rz", [2], [2.800706624984741]], ["cx", [0, 2], []], ["h", [2], []], ["cx", [0, 1], []], ["h", [2], []], ["cx", [1, 2], []], ["rz", [0], [1.3636054992675781]], ["rx", [0], [-0.6126834154129028]], ["rz", [0], [-1.0607738494873047]], ["rz", [1], [1.288748860359192]], ["rx", [1], [-0.6028110384941101]], ["rz", [1], [-1.6175719499588013]], ["rz", [2], [1.013871192932129]], ["rx", [2], [0.013813651166856289]], ["rz", [2], [-1.078199863433838]]], "base_circuit_qasm": "OPENQASM 2.0;\ninclude \"qelib1.inc\";\nqreg q[3];\ncx q[1],q[2];\nh q[2];\ncx q[0],q[1];\nh q[2];\ncx q[0],q[2];\nh q[2];\nh q[2];\nh q[2];\nh q[2];\nh q[1];\nh q[1];\nh q[2];\nh q[2];\nh q[2];\nh q[2];\ncx q[0],q[2];\nh q[2];\ncx q[0],q[1];\nh q[2];\ncx q[1],q[2];", "pqc_circuit_qasm": "OPENQASM 2.0;\ninclude \"qelib1.inc\";\nqreg q[3];\ncx q[1],q[2];\nh q[2];\ncx q[0],q[1];\nh q[2];\ncx q[0],q[2];\nrz(-1.034863829612732) q[0];\nrx(-1.9489091634750366) q[0];\nrz(-0.5508627891540527) q[0];\nrz(3.377779722213745) q[1];\nrx(2.8247230052948) q[1];\nrz(-3.2048051357269287) q[1];\nrz(-1.3371131420135498) q[2];\nrx(-2.3198611736297607) q[2];\nrz(-2.6647162437438965) q[2];\nh q[2];\nh q[2];\nh q[2];\nh q[2];\nh q[1];\nrz(0.25102534890174866) q[0];\nrx(2.072211742401123) q[0];\nrz(-2.86506724357605) q[0];\nrz(0.8284345865249634) q[1];\nrx(3.049150228500366) q[1];\nrz(0.5483819246292114) q[1];\nrz(-1.4218721389770508) q[2];\nrx(-2.1553220748901367) q[2];\nrz(0.7466118931770325) q[2];\nh q[1];\nh q[2];\nh q[2];\nh q[2];\nh q[2];\nrz(1.9871538877487183) q[0];\nrx(-0.2835545241832733) q[0];\nrz(1.0486098527908325) q[0];\nrz(-2.991760492324829) q[1];\nrx(2.257070302963257) q[1];\nrz(-0.12483721226453781) q[1];\nrz(-0.31028708815574646) q[2];\nrx(0.12097980082035065) q[2];\nrz(2.800706624984741) q[2];\ncx q[0],q[2];\nh q[2];\ncx q[0],q[1];\nh q[2];\ncx q[1],q[2];\nrz(1.3636054992675781) q[0];\nrx(-0.6126834154129028) q[0];\nrz(-1.0607738494873047) q[0];\nrz(1.288748860359192) q[1];\nrx(-0.6028110384941101) q[1];\nrz(-1.6175719499588013) q[1];\nrz(1.013871192932129) q[2];\nrx(0.013813651166856289) q[2];\nrz(-1.078199863433838) q[2];"}