{"seed": 2015, "fidelity": 0.8160905838012695, "pqc_params": [[[-2.9971842765808105, -3.0721359252929688, 1.3771672248840332], [-1.1499648094177246, -0.9461960792541504, -1.5048245191574097], [2.5790464878082275, 0.26516035199165344, 0.40673166513442993]], [[2.254969358444214, -2.9130992889404297, -0.7652202248573303], [-0.20709462463855743, -0.739454448223114, 1.0990041494369507], [-2.315725326538086, 1.5101162195205688, 1.5978645086288452]], [[-2.091212272644043, -0.6043716073036194, -1.4660688638687134], [3.0261127948760986, 0.9144613146781921, 1.3768879175186157], [-1.2564644813537598, -1.9161592721939087, 0.12048740684986115]], [[-0.05449754744768143, -1.8970447778701782, -0.6814722418785095], [2.157499074935913, 3.1504383087158203, 2.2980360984802246], [3.184598207473755, -2.2302234172821045, 1.6040675640106201]]], "base_circuit_tokens": [["x", [2], []], ["x", [1], []], ["cx", [2, 1], []], ["h", [0], []], ["x", [2], []], ["h", [2], []], ["x", [2], []], ["h", [0], []], ["cx", [1, 0], []], ["x", [2], []], ["x", [2], []], ["cx", [1, 0], []], ["h", [0], []], ["x", [2], []], ["h", [2], []], ["x", [2], []], ["h", [0], []], ["cx", [2, 1], []], ["x", [1], []], ["x", [2], []]], "pqc_circuit_tokens": [["x", [2], []], ["x", [1], []], ["cx", [2, 1], []], ["h", [0], []], ["x", [2], []], ["rz", [0], [-2.9971842765808105]], ["rx", [0], [-3.0721359252929688]], ["rz", [0], [1.3771672248840332]], ["rz", [1], [-1.1499648094177246]], ["rx", [1], [-0.9461960792541504]], ["rz", [1], [-1.5048245191574097]], ["rz", [2], [2.5790464878082275]], ["rx", [2], [0.26516035199165344]], ["rz", [2], [0.40673166513442993]], ["h", [2], []], ["x", [2], []], ["h", [0], []], ["cx", [1, 0], []], ["x", [2], []], ["rz", [0], [2.254969358444214]], ["rx", [0], [-2.9130992889404297]], ["rz", [0], [-0.7652202248573303]], ["rz", [1], [-0.20709462463855743]], ["rx", [1], [-0.739454448223114]], ["rz", [1], [1.0990041494369507]], ["rz", [2], [-2.315725326538086]], ["rx", [2], [1.5101162195205688]], ["rz", [2], [1.5978645086288452]], ["x", [2], []], ["cx", [1, 0], []], ["h", [0], []], ["x", [2], []], ["h", [2], []], ["rz", [0], [-2.091212272644043]], ["rx", [0], [-0.6043716073036194]], ["rz", [0], [-1.4660688638687134]], ["rz", [1], [3.0261127948760986]], ["rx", [1], [0.9144613146781921]], ["rz", [1], [1.3768879175186157]], ["rz", [2], [-1.2564644813537598]], ["rx", [2], [-1.9161592721939087]], ["rz", [2], [0.12048740684986115]], ["x", [2], []], ["h", [0], []], ["cx", [2, 1], []], ["x", [1], []], ["x", [2], []], ["rz", [0], [-0.05449754744768143]], ["rx", [0], [-1.8970447778701782]], ["rz", [0], [-0.6814722418785095]], ["rz", [1], [2.157499074935913]], ["rx", [1], [3.1504383087158203]], ["rz", [1], [2.2980360984802246]], ["rz", [2], [3.184598207473755]], ["rx", [2], [-2.2302234172821045]], ["rz", [2], [1.6040675640106201]]], "base_circuit_qasm": "OPENQASM 2.0;\ninclude \"qelib1.inc\";\nqreg q[3];\nx q[2];\nx q[1];\ncx q[2],q[1];\nh q[0];\nx q[2];\nh q[2];\nx q[2];\nh q[0];\ncx q[1],q[0];\nx q[2];\nx q[2];\ncx q[1],q[0];\nh q[0];\nx q[2];\nh q[2];\nx q[2];\nh q[0];\ncx q[2],q[1];\nx q[1];\nx q[2];", "pqc_circuit_qasm": "OPENQASM 2.0;\ninclude \"qelib1.inc\";\nqreg q[3];\nx q[2];\nx q[1];\ncx q[2],q[1];\nh q[0];\nx q[2];\nrz(-2.9971842765808105) q[0];\nrx(-3.0721359252929688) q[0];\nrz(1.3771672248840332) q[0];\nrz(-1.1499648094177246) q[1];\nrx(-0.9461960792541504) q[1];\nrz(-1.5048245191574097) q[1];\nrz(2.5790464878082275) q[2];\nrx(0.26516035199165344) q[2];\nrz(0.40673166513442993) q[2];\nh q[2];\nx q[2];\nh q[0];\ncx q[1],q[0];\nx q[2];\nrz(2.254969358444214) q[0];\nrx(-2.9130992889404297) q[0];\nrz(-0.7652202248573303) q[0];\nrz(-0.20709462463855743) q[1];\nrx(-0.739454448223114) q[1];\nrz(1.0990041494369507) q[1];\nrz(-2.315725326538086) q[2];\nrx(1.5101162195205688) q[2];\nrz(1.5978645086288452) q[2];\nx q[2];\ncx q[1],q[0];\nh q[0];\nx q[2];\nh q[2];\nrz(-2.091212272644043) q[0];\nrx(-0.6043716073036194) q[0];\nrz(-1.4660688638687134) q[0];\nrz(3.0261127948760986) q[1];\nrx(0.9144613146781921) q[1];\nrz(1.3768879175186157) q[1];\nrz(-1.2564644813537598) q[2];\nrx(-1.9161592721939087) q[2];\nrz(0.12048740684986115) q[2];\nx q[2];\nh q[0];\ncx q[2],q[1];\nx q[1];\nx q[2];\nrz(-0.05449754744768143) q[0];\nrx(-1.8970447778701782) q[0];\nrz(-0.6814722418785095) q[0];\nrz(2.157499074935913) q[1];\nrx(3.1504383087158203) q[1];\nrz(2.2980360984802246) q[1];\nrz(3.184598207473755) q[2];\nrx(-2.2302234172821045) q[2];\nrz(1.6040675640106201) q[2];"}