{"seed": 2073, "fidelity": 0.9235414862632751, "pqc_params": [[[-1.5285950899124146, -2.7483222484588623, 0.5911911725997925], [-1.7565431594848633, -1.7967606782913208, -1.7266390323638916], [-0.8212845325469971, 2.678335666656494, 1.5046226978302002]], [[-2.380218982696533, 1.4644775390625, -0.08468564599752426], [-0.7867305278778076, -0.08339852839708328, 2.7294416427612305], [0.6924411058425903, 0.1771600842475891, -0.7830885648727417]], [[-1.0236058235168457, -1.1140848398208618, 1.8468347787857056], [0.6494438052177429, 1.278221607208252, -1.5174630880355835], [2.5144786834716797, 1.8311195373535156, 0.12747158110141754]], [[-0.5063706636428833, -1.0671894550323486, -0.5252189040184021], [3.4475972652435303, -0.09873200207948685, 2.709540367126465], [-0.7084946632385254, 1.3428317308425903, -1.2771755456924438]]], "base_circuit_tokens": [["cx", [1, 0], []], ["x", [0], []], ["x", [1], []], ["cx", [0, 1], []], ["h", [1], []], ["h", [1], []], ["h", [1], []], ["h", [1], []], ["h", [0], []], ["cx", [1, 2], []], ["cx", [1, 2], []], ["h", [0], []], ["h", [1], []], ["h", [1], []], ["h", [1], []], ["h", [1], []], ["cx", [0, 1], []], ["x", [1], []], ["x", [0], []], ["cx", [1, 0], []]], "pqc_circuit_tokens": [["cx", [1, 0], []], ["x", [0], []], ["x", [1], []], ["cx", [0, 1], []], ["h", [1], []], ["rz", [0], [-1.5285950899124146]], ["rx", [0], [-2.7483222484588623]], ["rz", [0], [0.5911911725997925]], ["rz", [1], [-1.7565431594848633]], ["rx", [1], [-1.7967606782913208]], ["rz", [1], [-1.7266390323638916]], ["rz", [2], [-0.8212845325469971]], ["rx", [2], [2.678335666656494]], ["rz", [2], [1.5046226978302002]], ["h", [1], []], ["h", [1], []], ["h", [1], []], ["h", [0], []], ["cx", [1, 2], []], ["rz", [0], [-2.380218982696533]], ["rx", [0], [1.4644775390625]], ["rz", [0], [-0.08468564599752426]], ["rz", [1], [-0.7867305278778076]], ["rx", [1], [-0.08339852839708328]], ["rz", [1], [2.7294416427612305]], ["rz", [2], [0.6924411058425903]], ["rx", [2], [0.1771600842475891]], ["rz", [2], [-0.7830885648727417]], ["cx", [1, 2], []], ["h", [0], []], ["h", [1], []], ["h", [1], []], ["h", [1], []], ["rz", [0], [-1.0236058235168457]], ["rx", [0], [-1.1140848398208618]], ["rz", [0], [1.8468347787857056]], ["rz", [1], [0.6494438052177429]], ["rx", [1], [1.278221607208252]], ["rz", [1], [-1.5174630880355835]], ["rz", [2], [2.5144786834716797]], ["rx", [2], [1.8311195373535156]], ["rz", [2], [0.12747158110141754]], ["h", [1], []], ["cx", [0, 1], []], ["x", [1], []], ["x", [0], []], ["cx", [1, 0], []], ["rz", [0], [-0.5063706636428833]], ["rx", [0], [-1.0671894550323486]], ["rz", [0], [-0.5252189040184021]], ["rz", [1], [3.4475972652435303]], ["rx", [1], [-0.09873200207948685]], ["rz", [1], [2.709540367126465]], ["rz", [2], [-0.7084946632385254]], ["rx", [2], [1.3428317308425903]], ["rz", [2], [-1.2771755456924438]]], "base_circuit_qasm": "OPENQASM 2.0;\ninclude \"qelib1.inc\";\nqreg q[3];\ncx q[1],q[0];\nx q[0];\nx q[1];\ncx q[0],q[1];\nh q[1];\nh q[1];\nh q[1];\nh q[1];\nh q[0];\ncx q[1],q[2];\ncx q[1],q[2];\nh q[0];\nh q[1];\nh q[1];\nh q[1];\nh q[1];\ncx q[0],q[1];\nx q[1];\nx q[0];\ncx q[1],q[0];", "pqc_circuit_qasm": "OPENQASM 2.0;\ninclude \"qelib1.inc\";\nqreg q[3];\ncx q[1],q[0];\nx q[0];\nx q[1];\ncx q[0],q[1];\nh q[1];\nrz(-1.5285950899124146) q[0];\nrx(-2.7483222484588623) q[0];\nrz(0.5911911725997925) q[0];\nrz(-1.7565431594848633) q[1];\nrx(-1.7967606782913208) q[1];\nrz(-1.7266390323638916) q[1];\nrz(-0.8212845325469971) q[2];\nrx(2.678335666656494) q[2];\nrz(1.5046226978302002) q[2];\nh q[1];\nh q[1];\nh q[1];\nh q[0];\ncx q[1],q[2];\nrz(-2.380218982696533) q[0];\nrx(1.4644775390625) q[0];\nrz(-0.08468564599752426) q[0];\nrz(-0.7867305278778076) q[1];\nrx(-0.08339852839708328) q[1];\nrz(2.7294416427612305) q[1];\nrz(0.6924411058425903) q[2];\nrx(0.1771600842475891) q[2];\nrz(-0.7830885648727417) q[2];\ncx q[1],q[2];\nh q[0];\nh q[1];\nh q[1];\nh q[1];\nrz(-1.0236058235168457) q[0];\nrx(-1.1140848398208618) q[0];\nrz(1.8468347787857056) q[0];\nrz(0.6494438052177429) q[1];\nrx(1.278221607208252) q[1];\nrz(-1.5174630880355835) q[1];\nrz(2.5144786834716797) q[2];\nrx(1.8311195373535156) q[2];\nrz(0.12747158110141754) q[2];\nh q[1];\ncx q[0],q[1];\nx q[1];\nx q[0];\ncx q[1],q[0];\nrz(-0.5063706636428833) q[0];\nrx(-1.0671894550323486) q[0];\nrz(-0.5252189040184021) q[0];\nrz(3.4475972652435303) q[1];\nrx(-0.09873200207948685) q[1];\nrz(2.709540367126465) q[1];\nrz(-0.7084946632385254) q[2];\nrx(1.3428317308425903) q[2];\nrz(-1.2771755456924438) q[2];"}