{"seed": 2094, "fidelity": 0.9403524398803711, "pqc_params": [[[-1.331480622291565, -2.9108781814575195, -1.9152833223342896], [-0.21141283214092255, 2.0212161540985107, -0.34968996047973633], [-1.6630468368530273, 3.069415807723999, 1.6103177070617676]], [[0.6491029262542725, 0.7126943469047546, 1.274046540260315], [-3.584902763366699, -2.6583101749420166, -1.2553727626800537], [-2.4140267372131348, 3.1334359645843506, -2.283454418182373]], [[-1.4505246877670288, 1.4108046293258667, 3.048377752304077], [2.700338840484619, 0.972249448299408, -0.15893392264842987], [2.2471044063568115, 0.15213324129581451, -3.3675174713134766]], [[0.9982424378395081, -1.121813178062439, -0.17402096092700958], [2.1691675186157227, 0.7165119051933289, -1.9931201934814453], [1.3345224857330322, 3.135164499282837, 0.9797143936157227]]], "base_circuit_tokens": [["h", [1], []], ["h", [0], []], ["cx", [1, 0], []], ["cx", [2, 0], []], ["h", [1], []], ["h", [2], []], ["cx", [1, 2], []], ["h", [1], []], ["cx", [0, 1], []], ["cx", [1, 2], []], ["cx", [1, 2], []], ["cx", [0, 1], []], ["h", [1], []], ["cx", [1, 2], []], ["h", [2], []], ["h", [1], []], ["cx", [2, 0], []], ["cx", [1, 0], []], ["h", [0], []], ["h", [1], []]], "pqc_circuit_tokens": [["h", [1], []], ["h", [0], []], ["cx", [1, 0], []], ["cx", [2, 0], []], ["h", [1], []], ["rz", [0], [-1.331480622291565]], ["rx", [0], [-2.9108781814575195]], ["rz", [0], [-1.9152833223342896]], ["rz", [1], [-0.21141283214092255]], ["rx", [1], [2.0212161540985107]], ["rz", [1], [-0.34968996047973633]], ["rz", [2], [-1.6630468368530273]], ["rx", [2], [3.069415807723999]], ["rz", [2], [1.6103177070617676]], ["h", [2], []], ["cx", [1, 2], []], ["h", [1], []], ["cx", [0, 1], []], ["cx", [1, 2], []], ["rz", [0], [0.6491029262542725]], ["rx", [0], [0.7126943469047546]], ["rz", [0], [1.274046540260315]], ["rz", [1], [-3.584902763366699]], ["rx", [1], [-2.6583101749420166]], ["rz", [1], [-1.2553727626800537]], ["rz", [2], [-2.4140267372131348]], ["rx", [2], [3.1334359645843506]], ["rz", [2], [-2.283454418182373]], ["cx", [1, 2], []], ["cx", [0, 1], []], ["h", [1], []], ["cx", [1, 2], []], ["h", [2], []], ["rz", [0], [-1.4505246877670288]], ["rx", [0], [1.4108046293258667]], ["rz", [0], [3.048377752304077]], ["rz", [1], [2.700338840484619]], ["rx", [1], [0.972249448299408]], ["rz", [1], [-0.15893392264842987]], ["rz", [2], [2.2471044063568115]], ["rx", [2], [0.15213324129581451]], ["rz", [2], [-3.3675174713134766]], ["h", [1], []], ["cx", [2, 0], []], ["cx", [1, 0], []], ["h", [0], []], ["h", [1], []], ["rz", [0], [0.9982424378395081]], ["rx", [0], [-1.121813178062439]], ["rz", [0], [-0.17402096092700958]], ["rz", [1], [2.1691675186157227]], ["rx", [1], [0.7165119051933289]], ["rz", [1], [-1.9931201934814453]], ["rz", [2], [1.3345224857330322]], ["rx", [2], [3.135164499282837]], ["rz", [2], [0.9797143936157227]]], "base_circuit_qasm": "OPENQASM 2.0;\ninclude \"qelib1.inc\";\nqreg q[3];\nh q[1];\nh q[0];\ncx q[1],q[0];\ncx q[2],q[0];\nh q[1];\nh q[2];\ncx q[1],q[2];\nh q[1];\ncx q[0],q[1];\ncx q[1],q[2];\ncx q[1],q[2];\ncx q[0],q[1];\nh q[1];\ncx q[1],q[2];\nh q[2];\nh q[1];\ncx q[2],q[0];\ncx q[1],q[0];\nh q[0];\nh q[1];", "pqc_circuit_qasm": "OPENQASM 2.0;\ninclude \"qelib1.inc\";\nqreg q[3];\nh q[1];\nh q[0];\ncx q[1],q[0];\ncx q[2],q[0];\nh q[1];\nrz(-1.331480622291565) q[0];\nrx(-2.9108781814575195) q[0];\nrz(-1.9152833223342896) q[0];\nrz(-0.21141283214092255) q[1];\nrx(2.0212161540985107) q[1];\nrz(-0.34968996047973633) q[1];\nrz(-1.6630468368530273) q[2];\nrx(3.069415807723999) q[2];\nrz(1.6103177070617676) q[2];\nh q[2];\ncx q[1],q[2];\nh q[1];\ncx q[0],q[1];\ncx q[1],q[2];\nrz(0.6491029262542725) q[0];\nrx(0.7126943469047546) q[0];\nrz(1.274046540260315) q[0];\nrz(-3.584902763366699) q[1];\nrx(-2.6583101749420166) q[1];\nrz(-1.2553727626800537) q[1];\nrz(-2.4140267372131348) q[2];\nrx(3.1334359645843506) q[2];\nrz(-2.283454418182373) q[2];\ncx q[1],q[2];\ncx q[0],q[1];\nh q[1];\ncx q[1],q[2];\nh q[2];\nrz(-1.4505246877670288) q[0];\nrx(1.4108046293258667) q[0];\nrz(3.048377752304077) q[0];\nrz(2.700338840484619) q[1];\nrx(0.972249448299408) q[1];\nrz(-0.15893392264842987) q[1];\nrz(2.2471044063568115) q[2];\nrx(0.15213324129581451) q[2];\nrz(-3.3675174713134766) q[2];\nh q[1];\ncx q[2],q[0];\ncx q[1],q[0];\nh q[0];\nh q[1];\nrz(0.9982424378395081) q[0];\nrx(-1.121813178062439) q[0];\nrz(-0.17402096092700958) q[0];\nrz(2.1691675186157227) q[1];\nrx(0.7165119051933289) q[1];\nrz(-1.9931201934814453) q[1];\nrz(1.3345224857330322) q[2];\nrx(3.135164499282837) q[2];\nrz(0.9797143936157227) q[2];"}