{"seed": 2103, "fidelity": 0.8745994567871094, "pqc_params": [[[-2.3627421855926514, -2.959219455718994, -0.5930150151252747], [-0.2688444256782532, 1.4855552911758423, -1.417402982711792], [0.6625835299491882, -0.5452016592025757, -1.1732470989227295]], [[-2.2936458587646484, 0.21094326674938202, 2.8100974559783936], [-2.444122076034546, 2.6880125999450684, 0.8017487525939941], [-0.9949469566345215, -1.8481361865997314, -0.3731098175048828]], [[-0.9804206490516663, -0.2523275315761566, 2.720893621444702], [-1.4058345556259155, -1.3583306074142456, -1.7905179262161255], [2.9813828468322754, -0.2793370187282562, 1.963286280632019]], [[1.4792232513427734, 3.2099862098693848, 1.1422241926193237], [2.265683650970459, -0.4592234492301941, -3.2875876426696777], [1.7963106632232666, -1.4878602027893066, -1.1720383167266846]]], "base_circuit_tokens": [["cx", [1, 2], []], ["x", [2], []], ["h", [0], []], ["x", [0], []], ["h", [0], []], ["x", [0], []], ["cx", [0, 1], []], ["x", [1], []], ["x", [1], []], ["cx", [2, 1], []], ["cx", [2, 1], []], ["x", [1], []], ["x", [1], []], ["cx", [0, 1], []], ["x", [0], []], ["h", [0], []], ["x", [0], []], ["h", [0], []], ["x", [2], []], ["cx", [1, 2], []]], "pqc_circuit_tokens": [["cx", [1, 2], []], ["x", [2], []], ["h", [0], []], ["x", [0], []], ["h", [0], []], ["rz", [0], [-2.3627421855926514]], ["rx", [0], [-2.959219455718994]], ["rz", [0], [-0.5930150151252747]], ["rz", [1], [-0.2688444256782532]], ["rx", [1], [1.4855552911758423]], ["rz", [1], [-1.417402982711792]], ["rz", [2], [0.6625835299491882]], ["rx", [2], [-0.5452016592025757]], ["rz", [2], [-1.1732470989227295]], ["x", [0], []], ["cx", [0, 1], []], ["x", [1], []], ["x", [1], []], ["cx", [2, 1], []], ["rz", [0], [-2.2936458587646484]], ["rx", [0], [0.21094326674938202]], ["rz", [0], [2.8100974559783936]], ["rz", [1], [-2.444122076034546]], ["rx", [1], [2.6880125999450684]], ["rz", [1], [0.8017487525939941]], ["rz", [2], [-0.9949469566345215]], ["rx", [2], [-1.8481361865997314]], ["rz", [2], [-0.3731098175048828]], ["cx", [2, 1], []], ["x", [1], []], ["x", [1], []], ["cx", [0, 1], []], ["x", [0], []], ["rz", [0], [-0.9804206490516663]], ["rx", [0], [-0.2523275315761566]], ["rz", [0], [2.720893621444702]], ["rz", [1], [-1.4058345556259155]], ["rx", [1], [-1.3583306074142456]], ["rz", [1], [-1.7905179262161255]], ["rz", [2], [2.9813828468322754]], ["rx", [2], [-0.2793370187282562]], ["rz", [2], [1.963286280632019]], ["h", [0], []], ["x", [0], []], ["h", [0], []], ["x", [2], []], ["cx", [1, 2], []], ["rz", [0], [1.4792232513427734]], ["rx", [0], [3.2099862098693848]], ["rz", [0], [1.1422241926193237]], ["rz", [1], [2.265683650970459]], ["rx", [1], [-0.4592234492301941]], ["rz", [1], [-3.2875876426696777]], ["rz", [2], [1.7963106632232666]], ["rx", [2], [-1.4878602027893066]], ["rz", [2], [-1.1720383167266846]]], "base_circuit_qasm": "OPENQASM 2.0;\ninclude \"qelib1.inc\";\nqreg q[3];\ncx q[1],q[2];\nx q[2];\nh q[0];\nx q[0];\nh q[0];\nx q[0];\ncx q[0],q[1];\nx q[1];\nx q[1];\ncx q[2],q[1];\ncx q[2],q[1];\nx q[1];\nx q[1];\ncx q[0],q[1];\nx q[0];\nh q[0];\nx q[0];\nh q[0];\nx q[2];\ncx q[1],q[2];", "pqc_circuit_qasm": "OPENQASM 2.0;\ninclude \"qelib1.inc\";\nqreg q[3];\ncx q[1],q[2];\nx q[2];\nh q[0];\nx q[0];\nh q[0];\nrz(-2.3627421855926514) q[0];\nrx(-2.959219455718994) q[0];\nrz(-0.5930150151252747) q[0];\nrz(-0.2688444256782532) q[1];\nrx(1.4855552911758423) q[1];\nrz(-1.417402982711792) q[1];\nrz(0.6625835299491882) q[2];\nrx(-0.5452016592025757) q[2];\nrz(-1.1732470989227295) q[2];\nx q[0];\ncx q[0],q[1];\nx q[1];\nx q[1];\ncx q[2],q[1];\nrz(-2.2936458587646484) q[0];\nrx(0.21094326674938202) q[0];\nrz(2.8100974559783936) q[0];\nrz(-2.444122076034546) q[1];\nrx(2.6880125999450684) q[1];\nrz(0.8017487525939941) q[1];\nrz(-0.9949469566345215) q[2];\nrx(-1.8481361865997314) q[2];\nrz(-0.3731098175048828) q[2];\ncx q[2],q[1];\nx q[1];\nx q[1];\ncx q[0],q[1];\nx q[0];\nrz(-0.9804206490516663) q[0];\nrx(-0.2523275315761566) q[0];\nrz(2.720893621444702) q[0];\nrz(-1.4058345556259155) q[1];\nrx(-1.3583306074142456) q[1];\nrz(-1.7905179262161255) q[1];\nrz(2.9813828468322754) q[2];\nrx(-0.2793370187282562) q[2];\nrz(1.963286280632019) q[2];\nh q[0];\nx q[0];\nh q[0];\nx q[2];\ncx q[1],q[2];\nrz(1.4792232513427734) q[0];\nrx(3.2099862098693848) q[0];\nrz(1.1422241926193237) q[0];\nrz(2.265683650970459) q[1];\nrx(-0.4592234492301941) q[1];\nrz(-3.2875876426696777) q[1];\nrz(1.7963106632232666) q[2];\nrx(-1.4878602027893066) q[2];\nrz(-1.1720383167266846) q[2];"}