{"seed": 2218, "fidelity": 0.767435610294342, "pqc_params": [[[-2.5895702838897705, -1.766377568244934, -2.2307379245758057], [2.4752037525177, 0.7798089385032654, 1.5049107074737549], [1.921335220336914, -0.010856540873646736, -0.6248977780342102]], [[1.3424255847930908, -0.7572468519210815, -0.17153379321098328], [2.172529935836792, -1.2066491842269897, -0.539669930934906], [0.7926275134086609, -3.25858211517334, 3.0955471992492676]], [[2.6411068439483643, -1.7920807600021362, -3.610304594039917], [-1.4400198459625244, 3.9457015991210938, -2.2469077110290527], [-0.08114786446094513, 0.12280397862195969, 2.7564454078674316]], [[-1.6653969287872314, 2.1706044673919678, 1.1097614765167236], [-0.7780358791351318, 2.017584800720215, -1.0830484628677368], [0.1823977380990982, 3.0057532787323, 2.6159169673919678]]], "base_circuit_tokens": [["h", [2], []], ["x", [2], []], ["cx", [1, 2], []], ["x", [0], []], ["h", [2], []], ["h", [0], []], ["x", [0], []], ["x", [2], []], ["x", [0], []], ["x", [1], []], ["x", [1], []], ["x", [0], []], ["x", [2], []], ["x", [0], []], ["h", [0], []], ["h", [2], []], ["x", [0], []], ["cx", [1, 2], []], ["x", [2], []], ["h", [2], []]], "pqc_circuit_tokens": [["h", [2], []], ["x", [2], []], ["cx", [1, 2], []], ["x", [0], []], ["h", [2], []], ["rz", [0], [-2.5895702838897705]], ["rx", [0], [-1.766377568244934]], ["rz", [0], [-2.2307379245758057]], ["rz", [1], [2.4752037525177]], ["rx", [1], [0.7798089385032654]], ["rz", [1], [1.5049107074737549]], ["rz", [2], [1.921335220336914]], ["rx", [2], [-0.010856540873646736]], ["rz", [2], [-0.6248977780342102]], ["h", [0], []], ["x", [0], []], ["x", [2], []], ["x", [0], []], ["x", [1], []], ["rz", [0], [1.3424255847930908]], ["rx", [0], [-0.7572468519210815]], ["rz", [0], [-0.17153379321098328]], ["rz", [1], [2.172529935836792]], ["rx", [1], [-1.2066491842269897]], ["rz", [1], [-0.539669930934906]], ["rz", [2], [0.7926275134086609]], ["rx", [2], [-3.25858211517334]], ["rz", [2], [3.0955471992492676]], ["x", [1], []], ["x", [0], []], ["x", [2], []], ["x", [0], []], ["h", [0], []], ["rz", [0], [2.6411068439483643]], ["rx", [0], [-1.7920807600021362]], ["rz", [0], [-3.610304594039917]], ["rz", [1], [-1.4400198459625244]], ["rx", [1], [3.9457015991210938]], ["rz", [1], [-2.2469077110290527]], ["rz", [2], [-0.08114786446094513]], ["rx", [2], [0.12280397862195969]], ["rz", [2], [2.7564454078674316]], ["h", [2], []], ["x", [0], []], ["cx", [1, 2], []], ["x", [2], []], ["h", [2], []], ["rz", [0], [-1.6653969287872314]], ["rx", [0], [2.1706044673919678]], ["rz", [0], [1.1097614765167236]], ["rz", [1], [-0.7780358791351318]], ["rx", [1], [2.017584800720215]], ["rz", [1], [-1.0830484628677368]], ["rz", [2], [0.1823977380990982]], ["rx", [2], [3.0057532787323]], ["rz", [2], [2.6159169673919678]]], "base_circuit_qasm": "OPENQASM 2.0;\ninclude \"qelib1.inc\";\nqreg q[3];\nh q[2];\nx q[2];\ncx q[1],q[2];\nx q[0];\nh q[2];\nh q[0];\nx q[0];\nx q[2];\nx q[0];\nx q[1];\nx q[1];\nx q[0];\nx q[2];\nx q[0];\nh q[0];\nh q[2];\nx q[0];\ncx q[1],q[2];\nx q[2];\nh q[2];", "pqc_circuit_qasm": "OPENQASM 2.0;\ninclude \"qelib1.inc\";\nqreg q[3];\nh q[2];\nx q[2];\ncx q[1],q[2];\nx q[0];\nh q[2];\nrz(-2.5895702838897705) q[0];\nrx(-1.766377568244934) q[0];\nrz(-2.2307379245758057) q[0];\nrz(2.4752037525177) q[1];\nrx(0.7798089385032654) q[1];\nrz(1.5049107074737549) q[1];\nrz(1.921335220336914) q[2];\nrx(-0.010856540873646736) q[2];\nrz(-0.6248977780342102) q[2];\nh q[0];\nx q[0];\nx q[2];\nx q[0];\nx q[1];\nrz(1.3424255847930908) q[0];\nrx(-0.7572468519210815) q[0];\nrz(-0.17153379321098328) q[0];\nrz(2.172529935836792) q[1];\nrx(-1.2066491842269897) q[1];\nrz(-0.539669930934906) q[1];\nrz(0.7926275134086609) q[2];\nrx(-3.25858211517334) q[2];\nrz(3.0955471992492676) q[2];\nx q[1];\nx q[0];\nx q[2];\nx q[0];\nh q[0];\nrz(2.6411068439483643) q[0];\nrx(-1.7920807600021362) q[0];\nrz(-3.610304594039917) q[0];\nrz(-1.4400198459625244) q[1];\nrx(3.9457015991210938) q[1];\nrz(-2.2469077110290527) q[1];\nrz(-0.08114786446094513) q[2];\nrx(0.12280397862195969) q[2];\nrz(2.7564454078674316) q[2];\nh q[2];\nx q[0];\ncx q[1],q[2];\nx q[2];\nh q[2];\nrz(-1.6653969287872314) q[0];\nrx(2.1706044673919678) q[0];\nrz(1.1097614765167236) q[0];\nrz(-0.7780358791351318) q[1];\nrx(2.017584800720215) q[1];\nrz(-1.0830484628677368) q[1];\nrz(0.1823977380990982) q[2];\nrx(3.0057532787323) q[2];\nrz(2.6159169673919678) q[2];"}