{"seed": 2230, "fidelity": 0.8899428248405457, "pqc_params": [[[-0.22560323774814606, 4.247203826904297, -1.6055476665496826], [-1.1312110424041748, 0.5369471311569214, 0.7451290488243103], [-0.0561908483505249, 0.8517664074897766, -0.5501903295516968]], [[1.4177155494689941, 0.0072647565975785255, 1.6340609788894653], [1.4094252586364746, -2.4636049270629883, -2.2613556385040283], [2.2014272212982178, -2.6079256534576416, -0.9075946807861328]], [[1.4080705642700195, -1.2140783071517944, 0.5723304152488708], [-0.03949543833732605, 0.39673614501953125, 2.04848051071167], [1.0434192419052124, -2.5879669189453125, 0.7074081301689148]], [[0.14777597784996033, -0.1044267788529396, 2.397722005844116], [-2.2754178047180176, 0.98814457654953, 1.8330904245376587], [-1.1132917404174805, 3.117770195007324, 2.292715549468994]]], "base_circuit_tokens": [["h", [1], []], ["h", [2], []], ["cx", [2, 1], []], ["cx", [0, 2], []], ["h", [2], []], ["cx", [1, 0], []], ["cx", [1, 2], []], ["h", [2], []], ["x", [1], []], ["h", [2], []], ["h", [2], []], ["x", [1], []], ["h", [2], []], ["cx", [1, 2], []], ["cx", [1, 0], []], ["h", [2], []], ["cx", [0, 2], []], ["cx", [2, 1], []], ["h", [2], []], ["h", [1], []]], "pqc_circuit_tokens": [["h", [1], []], ["h", [2], []], ["cx", [2, 1], []], ["cx", [0, 2], []], ["h", [2], []], ["rz", [0], [-0.22560323774814606]], ["rx", [0], [4.247203826904297]], ["rz", [0], [-1.6055476665496826]], ["rz", [1], [-1.1312110424041748]], ["rx", [1], [0.5369471311569214]], ["rz", [1], [0.7451290488243103]], ["rz", [2], [-0.0561908483505249]], ["rx", [2], [0.8517664074897766]], ["rz", [2], [-0.5501903295516968]], ["cx", [1, 0], []], ["cx", [1, 2], []], ["h", [2], []], ["x", [1], []], ["h", [2], []], ["rz", [0], [1.4177155494689941]], ["rx", [0], [0.0072647565975785255]], ["rz", [0], [1.6340609788894653]], ["rz", [1], [1.4094252586364746]], ["rx", [1], [-2.4636049270629883]], ["rz", [1], [-2.2613556385040283]], ["rz", [2], [2.2014272212982178]], ["rx", [2], [-2.6079256534576416]], ["rz", [2], [-0.9075946807861328]], ["h", [2], []], ["x", [1], []], ["h", [2], []], ["cx", [1, 2], []], ["cx", [1, 0], []], ["rz", [0], [1.4080705642700195]], ["rx", [0], [-1.2140783071517944]], ["rz", [0], [0.5723304152488708]], ["rz", [1], [-0.03949543833732605]], ["rx", [1], [0.39673614501953125]], ["rz", [1], [2.04848051071167]], ["rz", [2], [1.0434192419052124]], ["rx", [2], [-2.5879669189453125]], ["rz", [2], [0.7074081301689148]], ["h", [2], []], ["cx", [0, 2], []], ["cx", [2, 1], []], ["h", [2], []], ["h", [1], []], ["rz", [0], [0.14777597784996033]], ["rx", [0], [-0.1044267788529396]], ["rz", [0], [2.397722005844116]], ["rz", [1], [-2.2754178047180176]], ["rx", [1], [0.98814457654953]], ["rz", [1], [1.8330904245376587]], ["rz", [2], [-1.1132917404174805]], ["rx", [2], [3.117770195007324]], ["rz", [2], [2.292715549468994]]], "base_circuit_qasm": "OPENQASM 2.0;\ninclude \"qelib1.inc\";\nqreg q[3];\nh q[1];\nh q[2];\ncx q[2],q[1];\ncx q[0],q[2];\nh q[2];\ncx q[1],q[0];\ncx q[1],q[2];\nh q[2];\nx q[1];\nh q[2];\nh q[2];\nx q[1];\nh q[2];\ncx q[1],q[2];\ncx q[1],q[0];\nh q[2];\ncx q[0],q[2];\ncx q[2],q[1];\nh q[2];\nh q[1];", "pqc_circuit_qasm": "OPENQASM 2.0;\ninclude \"qelib1.inc\";\nqreg q[3];\nh q[1];\nh q[2];\ncx q[2],q[1];\ncx q[0],q[2];\nh q[2];\nrz(-0.22560323774814606) q[0];\nrx(4.247203826904297) q[0];\nrz(-1.6055476665496826) q[0];\nrz(-1.1312110424041748) q[1];\nrx(0.5369471311569214) q[1];\nrz(0.7451290488243103) q[1];\nrz(-0.0561908483505249) q[2];\nrx(0.8517664074897766) q[2];\nrz(-0.5501903295516968) q[2];\ncx q[1],q[0];\ncx q[1],q[2];\nh q[2];\nx q[1];\nh q[2];\nrz(1.4177155494689941) q[0];\nrx(0.0072647565975785255) q[0];\nrz(1.6340609788894653) q[0];\nrz(1.4094252586364746) q[1];\nrx(-2.4636049270629883) q[1];\nrz(-2.2613556385040283) q[1];\nrz(2.2014272212982178) q[2];\nrx(-2.6079256534576416) q[2];\nrz(-0.9075946807861328) q[2];\nh q[2];\nx q[1];\nh q[2];\ncx q[1],q[2];\ncx q[1],q[0];\nrz(1.4080705642700195) q[0];\nrx(-1.2140783071517944) q[0];\nrz(0.5723304152488708) q[0];\nrz(-0.03949543833732605) q[1];\nrx(0.39673614501953125) q[1];\nrz(2.04848051071167) q[1];\nrz(1.0434192419052124) q[2];\nrx(-2.5879669189453125) q[2];\nrz(0.7074081301689148) q[2];\nh q[2];\ncx q[0],q[2];\ncx q[2],q[1];\nh q[2];\nh q[1];\nrz(0.14777597784996033) q[0];\nrx(-0.1044267788529396) q[0];\nrz(2.397722005844116) q[0];\nrz(-2.2754178047180176) q[1];\nrx(0.98814457654953) q[1];\nrz(1.8330904245376587) q[1];\nrz(-1.1132917404174805) q[2];\nrx(3.117770195007324) q[2];\nrz(2.292715549468994) q[2];"}