{"seed": 2236, "fidelity": 0.9031252264976501, "pqc_params": [[[-3.0551950931549072, -0.5661481022834778, 0.5682477951049805], [-3.7335357666015625, -0.9378942251205444, 1.5185134410858154], [-1.9364649057388306, 1.9119808673858643, -0.05691459774971008]], [[1.9129489660263062, -0.40079861879348755, -1.8917138576507568], [-1.1552647352218628, 0.4428666830062866, -2.344189405441284], [-0.5037580132484436, -1.5077109336853027, 0.1764366775751114]], [[-2.2507238388061523, 0.10823394358158112, 2.190089225769043], [1.878511667251587, 0.597579836845398, -2.6433162689208984], [2.0107333660125732, 0.3366924524307251, -1.2034403085708618]], [[1.8537747859954834, -0.20702874660491943, -0.2589319348335266], [1.2596068382263184, -0.4563264548778534, 1.7898454666137695], [2.4023919105529785, -3.1295416355133057, -0.6240962743759155]]], "base_circuit_tokens": [["x", [0], []], ["h", [0], []], ["h", [0], []], ["cx", [0, 1], []], ["cx", [1, 2], []], ["h", [0], []], ["h", [0], []], ["h", [2], []], ["x", [2], []], ["h", [2], []], ["h", [2], []], ["x", [2], []], ["h", [2], []], ["h", [0], []], ["h", [0], []], ["cx", [1, 2], []], ["cx", [0, 1], []], ["h", [0], []], ["h", [0], []], ["x", [0], []]], "pqc_circuit_tokens": [["x", [0], []], ["h", [0], []], ["h", [0], []], ["cx", [0, 1], []], ["cx", [1, 2], []], ["rz", [0], [-3.0551950931549072]], ["rx", [0], [-0.5661481022834778]], ["rz", [0], [0.5682477951049805]], ["rz", [1], [-3.7335357666015625]], ["rx", [1], [-0.9378942251205444]], ["rz", [1], [1.5185134410858154]], ["rz", [2], [-1.9364649057388306]], ["rx", [2], [1.9119808673858643]], ["rz", [2], [-0.05691459774971008]], ["h", [0], []], ["h", [0], []], ["h", [2], []], ["x", [2], []], ["h", [2], []], ["rz", [0], [1.9129489660263062]], ["rx", [0], [-0.40079861879348755]], ["rz", [0], [-1.8917138576507568]], ["rz", [1], [-1.1552647352218628]], ["rx", [1], [0.4428666830062866]], ["rz", [1], [-2.344189405441284]], ["rz", [2], [-0.5037580132484436]], ["rx", [2], [-1.5077109336853027]], ["rz", [2], [0.1764366775751114]], ["h", [2], []], ["x", [2], []], ["h", [2], []], ["h", [0], []], ["h", [0], []], ["rz", [0], [-2.2507238388061523]], ["rx", [0], [0.10823394358158112]], ["rz", [0], [2.190089225769043]], ["rz", [1], [1.878511667251587]], ["rx", [1], [0.597579836845398]], ["rz", [1], [-2.6433162689208984]], ["rz", [2], [2.0107333660125732]], ["rx", [2], [0.3366924524307251]], ["rz", [2], [-1.2034403085708618]], ["cx", [1, 2], []], ["cx", [0, 1], []], ["h", [0], []], ["h", [0], []], ["x", [0], []], ["rz", [0], [1.8537747859954834]], ["rx", [0], [-0.20702874660491943]], ["rz", [0], [-0.2589319348335266]], ["rz", [1], [1.2596068382263184]], ["rx", [1], [-0.4563264548778534]], ["rz", [1], [1.7898454666137695]], ["rz", [2], [2.4023919105529785]], ["rx", [2], [-3.1295416355133057]], ["rz", [2], [-0.6240962743759155]]], "base_circuit_qasm": "OPENQASM 2.0;\ninclude \"qelib1.inc\";\nqreg q[3];\nx q[0];\nh q[0];\nh q[0];\ncx q[0],q[1];\ncx q[1],q[2];\nh q[0];\nh q[0];\nh q[2];\nx q[2];\nh q[2];\nh q[2];\nx q[2];\nh q[2];\nh q[0];\nh q[0];\ncx q[1],q[2];\ncx q[0],q[1];\nh q[0];\nh q[0];\nx q[0];", "pqc_circuit_qasm": "OPENQASM 2.0;\ninclude \"qelib1.inc\";\nqreg q[3];\nx q[0];\nh q[0];\nh q[0];\ncx q[0],q[1];\ncx q[1],q[2];\nrz(-3.0551950931549072) q[0];\nrx(-0.5661481022834778) q[0];\nrz(0.5682477951049805) q[0];\nrz(-3.7335357666015625) q[1];\nrx(-0.9378942251205444) q[1];\nrz(1.5185134410858154) q[1];\nrz(-1.9364649057388306) q[2];\nrx(1.9119808673858643) q[2];\nrz(-0.05691459774971008) q[2];\nh q[0];\nh q[0];\nh q[2];\nx q[2];\nh q[2];\nrz(1.9129489660263062) q[0];\nrx(-0.40079861879348755) q[0];\nrz(-1.8917138576507568) q[0];\nrz(-1.1552647352218628) q[1];\nrx(0.4428666830062866) q[1];\nrz(-2.344189405441284) q[1];\nrz(-0.5037580132484436) q[2];\nrx(-1.5077109336853027) q[2];\nrz(0.1764366775751114) q[2];\nh q[2];\nx q[2];\nh q[2];\nh q[0];\nh q[0];\nrz(-2.2507238388061523) q[0];\nrx(0.10823394358158112) q[0];\nrz(2.190089225769043) q[0];\nrz(1.878511667251587) q[1];\nrx(0.597579836845398) q[1];\nrz(-2.6433162689208984) q[1];\nrz(2.0107333660125732) q[2];\nrx(0.3366924524307251) q[2];\nrz(-1.2034403085708618) q[2];\ncx q[1],q[2];\ncx q[0],q[1];\nh q[0];\nh q[0];\nx q[0];\nrz(1.8537747859954834) q[0];\nrx(-0.20702874660491943) q[0];\nrz(-0.2589319348335266) q[0];\nrz(1.2596068382263184) q[1];\nrx(-0.4563264548778534) q[1];\nrz(1.7898454666137695) q[1];\nrz(2.4023919105529785) q[2];\nrx(-3.1295416355133057) q[2];\nrz(-0.6240962743759155) q[2];"}