{"seed": 2318, "fidelity": 0.9065515398979187, "pqc_params": [[[1.224578857421875, -2.704742908477783, -2.6278066635131836], [0.746051013469696, 1.4864609241485596, 3.5329647064208984], [0.10998176038265228, -1.8850053548812866, 0.8502166867256165]], [[0.21591421961784363, 1.1674062013626099, 0.06802669167518616], [1.4661208391189575, -1.0054194927215576, -2.695211887359619], [-2.029183864593506, -2.2457995414733887, -2.75555157661438]], [[-1.7180097103118896, -1.5536686182022095, 0.11799708753824234], [-1.437311053276062, -3.488889217376709, 3.0176827907562256], [0.023864489048719406, 3.6786201000213623, 2.444451332092285]], [[-2.0190281867980957, 1.2923877239227295, 1.3053293228149414], [1.8402743339538574, 0.014998269267380238, -1.8875961303710938], [3.9652798175811768, 0.8594105243682861, 1.425318717956543]]], "base_circuit_tokens": [["h", [0], []], ["cx", [2, 1], []], ["h", [1], []], ["cx", [1, 2], []], ["x", [1], []], ["h", [2], []], ["cx", [0, 1], []], ["cx", [0, 1], []], ["h", [1], []], ["x", [2], []], ["x", [2], []], ["h", [1], []], ["cx", [0, 1], []], ["cx", [0, 1], []], ["h", [2], []], ["x", [1], []], ["cx", [1, 2], []], ["h", [1], []], ["cx", [2, 1], []], ["h", [0], []]], "pqc_circuit_tokens": [["h", [0], []], ["cx", [2, 1], []], ["h", [1], []], ["cx", [1, 2], []], ["x", [1], []], ["rz", [0], [1.224578857421875]], ["rx", [0], [-2.704742908477783]], ["rz", [0], [-2.6278066635131836]], ["rz", [1], [0.746051013469696]], ["rx", [1], [1.4864609241485596]], ["rz", [1], [3.5329647064208984]], ["rz", [2], [0.10998176038265228]], ["rx", [2], [-1.8850053548812866]], ["rz", [2], [0.8502166867256165]], ["h", [2], []], ["cx", [0, 1], []], ["cx", [0, 1], []], ["h", [1], []], ["x", [2], []], ["rz", [0], [0.21591421961784363]], ["rx", [0], [1.1674062013626099]], ["rz", [0], [0.06802669167518616]], ["rz", [1], [1.4661208391189575]], ["rx", [1], [-1.0054194927215576]], ["rz", [1], [-2.695211887359619]], ["rz", [2], [-2.029183864593506]], ["rx", [2], [-2.2457995414733887]], ["rz", [2], [-2.75555157661438]], ["x", [2], []], ["h", [1], []], ["cx", [0, 1], []], ["cx", [0, 1], []], ["h", [2], []], ["rz", [0], [-1.7180097103118896]], ["rx", [0], [-1.5536686182022095]], ["rz", [0], [0.11799708753824234]], ["rz", [1], [-1.437311053276062]], ["rx", [1], [-3.488889217376709]], ["rz", [1], [3.0176827907562256]], ["rz", [2], [0.023864489048719406]], ["rx", [2], [3.6786201000213623]], ["rz", [2], [2.444451332092285]], ["x", [1], []], ["cx", [1, 2], []], ["h", [1], []], ["cx", [2, 1], []], ["h", [0], []], ["rz", [0], [-2.0190281867980957]], ["rx", [0], [1.2923877239227295]], ["rz", [0], [1.3053293228149414]], ["rz", [1], [1.8402743339538574]], ["rx", [1], [0.014998269267380238]], ["rz", [1], [-1.8875961303710938]], ["rz", [2], [3.9652798175811768]], ["rx", [2], [0.8594105243682861]], ["rz", [2], [1.425318717956543]]], "base_circuit_qasm": "OPENQASM 2.0;\ninclude \"qelib1.inc\";\nqreg q[3];\nh q[0];\ncx q[2],q[1];\nh q[1];\ncx q[1],q[2];\nx q[1];\nh q[2];\ncx q[0],q[1];\ncx q[0],q[1];\nh q[1];\nx q[2];\nx q[2];\nh q[1];\ncx q[0],q[1];\ncx q[0],q[1];\nh q[2];\nx q[1];\ncx q[1],q[2];\nh q[1];\ncx q[2],q[1];\nh q[0];", "pqc_circuit_qasm": "OPENQASM 2.0;\ninclude \"qelib1.inc\";\nqreg q[3];\nh q[0];\ncx q[2],q[1];\nh q[1];\ncx q[1],q[2];\nx q[1];\nrz(1.224578857421875) q[0];\nrx(-2.704742908477783) q[0];\nrz(-2.6278066635131836) q[0];\nrz(0.746051013469696) q[1];\nrx(1.4864609241485596) q[1];\nrz(3.5329647064208984) q[1];\nrz(0.10998176038265228) q[2];\nrx(-1.8850053548812866) q[2];\nrz(0.8502166867256165) q[2];\nh q[2];\ncx q[0],q[1];\ncx q[0],q[1];\nh q[1];\nx q[2];\nrz(0.21591421961784363) q[0];\nrx(1.1674062013626099) q[0];\nrz(0.06802669167518616) q[0];\nrz(1.4661208391189575) q[1];\nrx(-1.0054194927215576) q[1];\nrz(-2.695211887359619) q[1];\nrz(-2.029183864593506) q[2];\nrx(-2.2457995414733887) q[2];\nrz(-2.75555157661438) q[2];\nx q[2];\nh q[1];\ncx q[0],q[1];\ncx q[0],q[1];\nh q[2];\nrz(-1.7180097103118896) q[0];\nrx(-1.5536686182022095) q[0];\nrz(0.11799708753824234) q[0];\nrz(-1.437311053276062) q[1];\nrx(-3.488889217376709) q[1];\nrz(3.0176827907562256) q[1];\nrz(0.023864489048719406) q[2];\nrx(3.6786201000213623) q[2];\nrz(2.444451332092285) q[2];\nx q[1];\ncx q[1],q[2];\nh q[1];\ncx q[2],q[1];\nh q[0];\nrz(-2.0190281867980957) q[0];\nrx(1.2923877239227295) q[0];\nrz(1.3053293228149414) q[0];\nrz(1.8402743339538574) q[1];\nrx(0.014998269267380238) q[1];\nrz(-1.8875961303710938) q[1];\nrz(3.9652798175811768) q[2];\nrx(0.8594105243682861) q[2];\nrz(1.425318717956543) q[2];"}