{"seed": 2463, "fidelity": 0.9335999488830566, "pqc_params": [[[-0.10027270019054413, 0.800660252571106, 1.2144495248794556], [-2.0003719329833984, 0.1319916546344757, -2.566720485687256], [-0.2386244237422943, 1.5221381187438965, -2.6909592151641846]], [[1.655369758605957, -0.029700158163905144, 4.3325395584106445], [0.8659007549285889, 3.140687942504883, -2.7803285121917725], [1.2654058933258057, -0.4841897487640381, 2.4262635707855225]], [[-2.8539621829986572, 1.8379542827606201, 2.285005569458008], [0.6608214378356934, 2.722952127456665, 0.8358516097068787], [0.8164557218551636, 3.411752462387085, -1.7133333683013916]], [[0.9428609609603882, -1.9845386743545532, -1.8642306327819824], [2.1727325916290283, -0.3347266912460327, -1.4083878993988037], [2.1840405464172363, 0.7981075048446655, -3.1138064861297607]]], "base_circuit_tokens": [["h", [2], []], ["h", [2], []], ["h", [0], []], ["h", [0], []], ["h", [0], []], ["h", [1], []], ["cx", [0, 2], []], ["h", [1], []], ["h", [0], []], ["h", [2], []], ["h", [2], []], ["h", [0], []], ["h", [1], []], ["cx", [0, 2], []], ["h", [1], []], ["h", [0], []], ["h", [0], []], ["h", [0], []], ["h", [2], []], ["h", [2], []]], "pqc_circuit_tokens": [["h", [2], []], ["h", [2], []], ["h", [0], []], ["h", [0], []], ["h", [0], []], ["rz", [0], [-0.10027270019054413]], ["rx", [0], [0.800660252571106]], ["rz", [0], [1.2144495248794556]], ["rz", [1], [-2.0003719329833984]], ["rx", [1], [0.1319916546344757]], ["rz", [1], [-2.566720485687256]], ["rz", [2], [-0.2386244237422943]], ["rx", [2], [1.5221381187438965]], ["rz", [2], [-2.6909592151641846]], ["h", [1], []], ["cx", [0, 2], []], ["h", [1], []], ["h", [0], []], ["h", [2], []], ["rz", [0], [1.655369758605957]], ["rx", [0], [-0.029700158163905144]], ["rz", [0], [4.3325395584106445]], ["rz", [1], [0.8659007549285889]], ["rx", [1], [3.140687942504883]], ["rz", [1], [-2.7803285121917725]], ["rz", [2], [1.2654058933258057]], ["rx", [2], [-0.4841897487640381]], ["rz", [2], [2.4262635707855225]], ["h", [2], []], ["h", [0], []], ["h", [1], []], ["cx", [0, 2], []], ["h", [1], []], ["rz", [0], [-2.8539621829986572]], ["rx", [0], [1.8379542827606201]], ["rz", [0], [2.285005569458008]], ["rz", [1], [0.6608214378356934]], ["rx", [1], [2.722952127456665]], ["rz", [1], [0.8358516097068787]], ["rz", [2], [0.8164557218551636]], ["rx", [2], [3.411752462387085]], ["rz", [2], [-1.7133333683013916]], ["h", [0], []], ["h", [0], []], ["h", [0], []], ["h", [2], []], ["h", [2], []], ["rz", [0], [0.9428609609603882]], ["rx", [0], [-1.9845386743545532]], ["rz", [0], [-1.8642306327819824]], ["rz", [1], [2.1727325916290283]], ["rx", [1], [-0.3347266912460327]], ["rz", [1], [-1.4083878993988037]], ["rz", [2], [2.1840405464172363]], ["rx", [2], [0.7981075048446655]], ["rz", [2], [-3.1138064861297607]]], "base_circuit_qasm": "OPENQASM 2.0;\ninclude \"qelib1.inc\";\nqreg q[3];\nh q[2];\nh q[2];\nh q[0];\nh q[0];\nh q[0];\nh q[1];\ncx q[0],q[2];\nh q[1];\nh q[0];\nh q[2];\nh q[2];\nh q[0];\nh q[1];\ncx q[0],q[2];\nh q[1];\nh q[0];\nh q[0];\nh q[0];\nh q[2];\nh q[2];", "pqc_circuit_qasm": "OPENQASM 2.0;\ninclude \"qelib1.inc\";\nqreg q[3];\nh q[2];\nh q[2];\nh q[0];\nh q[0];\nh q[0];\nrz(-0.10027270019054413) q[0];\nrx(0.800660252571106) q[0];\nrz(1.2144495248794556) q[0];\nrz(-2.0003719329833984) q[1];\nrx(0.1319916546344757) q[1];\nrz(-2.566720485687256) q[1];\nrz(-0.2386244237422943) q[2];\nrx(1.5221381187438965) q[2];\nrz(-2.6909592151641846) q[2];\nh q[1];\ncx q[0],q[2];\nh q[1];\nh q[0];\nh q[2];\nrz(1.655369758605957) q[0];\nrx(-0.029700158163905144) q[0];\nrz(4.3325395584106445) q[0];\nrz(0.8659007549285889) q[1];\nrx(3.140687942504883) q[1];\nrz(-2.7803285121917725) q[1];\nrz(1.2654058933258057) q[2];\nrx(-0.4841897487640381) q[2];\nrz(2.4262635707855225) q[2];\nh q[2];\nh q[0];\nh q[1];\ncx q[0],q[2];\nh q[1];\nrz(-2.8539621829986572) q[0];\nrx(1.8379542827606201) q[0];\nrz(2.285005569458008) q[0];\nrz(0.6608214378356934) q[1];\nrx(2.722952127456665) q[1];\nrz(0.8358516097068787) q[1];\nrz(0.8164557218551636) q[2];\nrx(3.411752462387085) q[2];\nrz(-1.7133333683013916) q[2];\nh q[0];\nh q[0];\nh q[0];\nh q[2];\nh q[2];\nrz(0.9428609609603882) q[0];\nrx(-1.9845386743545532) q[0];\nrz(-1.8642306327819824) q[0];\nrz(2.1727325916290283) q[1];\nrx(-0.3347266912460327) q[1];\nrz(-1.4083878993988037) q[1];\nrz(2.1840405464172363) q[2];\nrx(0.7981075048446655) q[2];\nrz(-3.1138064861297607) q[2];"}