{"seed": 2519, "fidelity": 0.9119618535041809, "pqc_params": [[[1.9945915937423706, 2.512230634689331, -0.16503503918647766], [-1.089752197265625, -0.0860246792435646, 1.160016417503357], [1.368543028831482, 2.0708467960357666, 0.5313811302185059]], [[-2.3103339672088623, 0.03712567314505577, -1.5248429775238037], [-0.2799566686153412, 2.7098660469055176, 0.3766097128391266], [2.8474934101104736, 0.4926219880580902, -1.3707447052001953]], [[0.17109282314777374, -2.6047961711883545, 0.3930712938308716], [-1.542358636856079, -0.01923825778067112, 1.061551570892334], [0.5000736713409424, 2.007711887359619, 2.429446220397949]], [[1.8936418294906616, 0.0361340269446373, -1.6057777404785156], [0.8616369962692261, -0.009539314545691013, -4.107816219329834], [2.277998447418213, -2.9823458194732666, 2.3832170963287354]]], "base_circuit_tokens": [["cx", [2, 1], []], ["h", [1], []], ["cx", [0, 2], []], ["cx", [1, 2], []], ["cx", [0, 1], []], ["x", [0], []], ["h", [2], []], ["cx", [1, 0], []], ["cx", [2, 0], []], ["h", [0], []], ["h", [0], []], ["cx", [2, 0], []], ["cx", [1, 0], []], ["h", [2], []], ["x", [0], []], ["cx", [0, 1], []], ["cx", [1, 2], []], ["cx", [0, 2], []], ["h", [1], []], ["cx", [2, 1], []]], "pqc_circuit_tokens": [["cx", [2, 1], []], ["h", [1], []], ["cx", [0, 2], []], ["cx", [1, 2], []], ["cx", [0, 1], []], ["rz", [0], [1.9945915937423706]], ["rx", [0], [2.512230634689331]], ["rz", [0], [-0.16503503918647766]], ["rz", [1], [-1.089752197265625]], ["rx", [1], [-0.0860246792435646]], ["rz", [1], [1.160016417503357]], ["rz", [2], [1.368543028831482]], ["rx", [2], [2.0708467960357666]], ["rz", [2], [0.5313811302185059]], ["x", [0], []], ["h", [2], []], ["cx", [1, 0], []], ["cx", [2, 0], []], ["h", [0], []], ["rz", [0], [-2.3103339672088623]], ["rx", [0], [0.03712567314505577]], ["rz", [0], [-1.5248429775238037]], ["rz", [1], [-0.2799566686153412]], ["rx", [1], [2.7098660469055176]], ["rz", [1], [0.3766097128391266]], ["rz", [2], [2.8474934101104736]], ["rx", [2], [0.4926219880580902]], ["rz", [2], [-1.3707447052001953]], ["h", [0], []], ["cx", [2, 0], []], ["cx", [1, 0], []], ["h", [2], []], ["x", [0], []], ["rz", [0], [0.17109282314777374]], ["rx", [0], [-2.6047961711883545]], ["rz", [0], [0.3930712938308716]], ["rz", [1], [-1.542358636856079]], ["rx", [1], [-0.01923825778067112]], ["rz", [1], [1.061551570892334]], ["rz", [2], [0.5000736713409424]], ["rx", [2], [2.007711887359619]], ["rz", [2], [2.429446220397949]], ["cx", [0, 1], []], ["cx", [1, 2], []], ["cx", [0, 2], []], ["h", [1], []], ["cx", [2, 1], []], ["rz", [0], [1.8936418294906616]], ["rx", [0], [0.0361340269446373]], ["rz", [0], [-1.6057777404785156]], ["rz", [1], [0.8616369962692261]], ["rx", [1], [-0.009539314545691013]], ["rz", [1], [-4.107816219329834]], ["rz", [2], [2.277998447418213]], ["rx", [2], [-2.9823458194732666]], ["rz", [2], [2.3832170963287354]]], "base_circuit_qasm": "OPENQASM 2.0;\ninclude \"qelib1.inc\";\nqreg q[3];\ncx q[2],q[1];\nh q[1];\ncx q[0],q[2];\ncx q[1],q[2];\ncx q[0],q[1];\nx q[0];\nh q[2];\ncx q[1],q[0];\ncx q[2],q[0];\nh q[0];\nh q[0];\ncx q[2],q[0];\ncx q[1],q[0];\nh q[2];\nx q[0];\ncx q[0],q[1];\ncx q[1],q[2];\ncx q[0],q[2];\nh q[1];\ncx q[2],q[1];", "pqc_circuit_qasm": "OPENQASM 2.0;\ninclude \"qelib1.inc\";\nqreg q[3];\ncx q[2],q[1];\nh q[1];\ncx q[0],q[2];\ncx q[1],q[2];\ncx q[0],q[1];\nrz(1.9945915937423706) q[0];\nrx(2.512230634689331) q[0];\nrz(-0.16503503918647766) q[0];\nrz(-1.089752197265625) q[1];\nrx(-0.0860246792435646) q[1];\nrz(1.160016417503357) q[1];\nrz(1.368543028831482) q[2];\nrx(2.0708467960357666) q[2];\nrz(0.5313811302185059) q[2];\nx q[0];\nh q[2];\ncx q[1],q[0];\ncx q[2],q[0];\nh q[0];\nrz(-2.3103339672088623) q[0];\nrx(0.03712567314505577) q[0];\nrz(-1.5248429775238037) q[0];\nrz(-0.2799566686153412) q[1];\nrx(2.7098660469055176) q[1];\nrz(0.3766097128391266) q[1];\nrz(2.8474934101104736) q[2];\nrx(0.4926219880580902) q[2];\nrz(-1.3707447052001953) q[2];\nh q[0];\ncx q[2],q[0];\ncx q[1],q[0];\nh q[2];\nx q[0];\nrz(0.17109282314777374) q[0];\nrx(-2.6047961711883545) q[0];\nrz(0.3930712938308716) q[0];\nrz(-1.542358636856079) q[1];\nrx(-0.01923825778067112) q[1];\nrz(1.061551570892334) q[1];\nrz(0.5000736713409424) q[2];\nrx(2.007711887359619) q[2];\nrz(2.429446220397949) q[2];\ncx q[0],q[1];\ncx q[1],q[2];\ncx q[0],q[2];\nh q[1];\ncx q[2],q[1];\nrz(1.8936418294906616) q[0];\nrx(0.0361340269446373) q[0];\nrz(-1.6057777404785156) q[0];\nrz(0.8616369962692261) q[1];\nrx(-0.009539314545691013) q[1];\nrz(-4.107816219329834) q[1];\nrz(2.277998447418213) q[2];\nrx(-2.9823458194732666) q[2];\nrz(2.3832170963287354) q[2];"}