{"seed": 2616, "fidelity": 0.9155064821243286, "pqc_params": [[[-3.3054347038269043, -1.4558643102645874, 3.043874502182007], [3.065250873565674, -0.7935019135475159, 1.4274858236312866], [1.4942998886108398, 0.25312313437461853, -3.3859848976135254]], [[1.469363808631897, 1.690124273300171, -3.3043854236602783], [-1.376765489578247, 1.4570988416671753, 3.107405424118042], [-3.2357332706451416, 1.6680428981781006, 2.2831954956054688]], [[0.17690350115299225, 2.8376874923706055, 0.38647767901420593], [-0.13994424045085907, -0.6232563257217407, -3.34320068359375], [2.9086391925811768, 1.0201325416564941, -0.046081360429525375]], [[-0.08081184327602386, -3.049175262451172, -1.5320935249328613], [-1.8475040197372437, 2.3681254386901855, 2.943939447402954], [-1.7368155717849731, 3.0978591442108154, -0.06114574894309044]]], "base_circuit_tokens": [["h", [1], []], ["cx", [1, 2], []], ["cx", [2, 0], []], ["x", [1], []], ["h", [1], []], ["cx", [0, 1], []], ["h", [2], []], ["cx", [2, 0], []], ["h", [1], []], ["cx", [2, 1], []], ["cx", [2, 1], []], ["h", [1], []], ["cx", [2, 0], []], ["h", [2], []], ["cx", [0, 1], []], ["h", [1], []], ["x", [1], []], ["cx", [2, 0], []], ["cx", [1, 2], []], ["h", [1], []]], "pqc_circuit_tokens": [["h", [1], []], ["cx", [1, 2], []], ["cx", [2, 0], []], ["x", [1], []], ["h", [1], []], ["rz", [0], [-3.3054347038269043]], ["rx", [0], [-1.4558643102645874]], ["rz", [0], [3.043874502182007]], ["rz", [1], [3.065250873565674]], ["rx", [1], [-0.7935019135475159]], ["rz", [1], [1.4274858236312866]], ["rz", [2], [1.4942998886108398]], ["rx", [2], [0.25312313437461853]], ["rz", [2], [-3.3859848976135254]], ["cx", [0, 1], []], ["h", [2], []], ["cx", [2, 0], []], ["h", [1], []], ["cx", [2, 1], []], ["rz", [0], [1.469363808631897]], ["rx", [0], [1.690124273300171]], ["rz", [0], [-3.3043854236602783]], ["rz", [1], [-1.376765489578247]], ["rx", [1], [1.4570988416671753]], ["rz", [1], [3.107405424118042]], ["rz", [2], [-3.2357332706451416]], ["rx", [2], [1.6680428981781006]], ["rz", [2], [2.2831954956054688]], ["cx", [2, 1], []], ["h", [1], []], ["cx", [2, 0], []], ["h", [2], []], ["cx", [0, 1], []], ["rz", [0], [0.17690350115299225]], ["rx", [0], [2.8376874923706055]], ["rz", [0], [0.38647767901420593]], ["rz", [1], [-0.13994424045085907]], ["rx", [1], [-0.6232563257217407]], ["rz", [1], [-3.34320068359375]], ["rz", [2], [2.9086391925811768]], ["rx", [2], [1.0201325416564941]], ["rz", [2], [-0.046081360429525375]], ["h", [1], []], ["x", [1], []], ["cx", [2, 0], []], ["cx", [1, 2], []], ["h", [1], []], ["rz", [0], [-0.08081184327602386]], ["rx", [0], [-3.049175262451172]], ["rz", [0], [-1.5320935249328613]], ["rz", [1], [-1.8475040197372437]], ["rx", [1], [2.3681254386901855]], ["rz", [1], [2.943939447402954]], ["rz", [2], [-1.7368155717849731]], ["rx", [2], [3.0978591442108154]], ["rz", [2], [-0.06114574894309044]]], "base_circuit_qasm": "OPENQASM 2.0;\ninclude \"qelib1.inc\";\nqreg q[3];\nh q[1];\ncx q[1],q[2];\ncx q[2],q[0];\nx q[1];\nh q[1];\ncx q[0],q[1];\nh q[2];\ncx q[2],q[0];\nh q[1];\ncx q[2],q[1];\ncx q[2],q[1];\nh q[1];\ncx q[2],q[0];\nh q[2];\ncx q[0],q[1];\nh q[1];\nx q[1];\ncx q[2],q[0];\ncx q[1],q[2];\nh q[1];", "pqc_circuit_qasm": "OPENQASM 2.0;\ninclude \"qelib1.inc\";\nqreg q[3];\nh q[1];\ncx q[1],q[2];\ncx q[2],q[0];\nx q[1];\nh q[1];\nrz(-3.3054347038269043) q[0];\nrx(-1.4558643102645874) q[0];\nrz(3.043874502182007) q[0];\nrz(3.065250873565674) q[1];\nrx(-0.7935019135475159) q[1];\nrz(1.4274858236312866) q[1];\nrz(1.4942998886108398) q[2];\nrx(0.25312313437461853) q[2];\nrz(-3.3859848976135254) q[2];\ncx q[0],q[1];\nh q[2];\ncx q[2],q[0];\nh q[1];\ncx q[2],q[1];\nrz(1.469363808631897) q[0];\nrx(1.690124273300171) q[0];\nrz(-3.3043854236602783) q[0];\nrz(-1.376765489578247) q[1];\nrx(1.4570988416671753) q[1];\nrz(3.107405424118042) q[1];\nrz(-3.2357332706451416) q[2];\nrx(1.6680428981781006) q[2];\nrz(2.2831954956054688) q[2];\ncx q[2],q[1];\nh q[1];\ncx q[2],q[0];\nh q[2];\ncx q[0],q[1];\nrz(0.17690350115299225) q[0];\nrx(2.8376874923706055) q[0];\nrz(0.38647767901420593) q[0];\nrz(-0.13994424045085907) q[1];\nrx(-0.6232563257217407) q[1];\nrz(-3.34320068359375) q[1];\nrz(2.9086391925811768) q[2];\nrx(1.0201325416564941) q[2];\nrz(-0.046081360429525375) q[2];\nh q[1];\nx q[1];\ncx q[2],q[0];\ncx q[1],q[2];\nh q[1];\nrz(-0.08081184327602386) q[0];\nrx(-3.049175262451172) q[0];\nrz(-1.5320935249328613) q[0];\nrz(-1.8475040197372437) q[1];\nrx(2.3681254386901855) q[1];\nrz(2.943939447402954) q[1];\nrz(-1.7368155717849731) q[2];\nrx(3.0978591442108154) q[2];\nrz(-0.06114574894309044) q[2];"}