{"seed": 2695, "fidelity": 0.9265796542167664, "pqc_params": [[[1.4606883525848389, 1.459365725517273, 0.07276676595211029], [0.7363513708114624, -3.1434993743896484, 2.6159675121307373], [2.4528582096099854, 2.3773880004882812, 1.251776933670044]], [[3.3785197734832764, 3.116567373275757, 0.27480581402778625], [-0.31652435660362244, -1.8274365663528442, -0.195536807179451], [3.4033868312835693, 1.3917433023452759, -0.6117463707923889]], [[0.9300764203071594, 1.485426902770996, 1.421026587486267], [2.6284780502319336, -3.136302947998047, 0.8459257483482361], [-1.644283413887024, 1.6606587171554565, 3.3758764266967773]], [[-0.14645399153232574, 2.1194584369659424, 3.098785161972046], [-1.0206269025802612, 2.939849376678467, 0.5649462342262268], [0.791329562664032, -1.205100417137146, -1.363047480583191]]], "base_circuit_tokens": [["x", [1], []], ["cx", [2, 0], []], ["h", [1], []], ["cx", [1, 2], []], ["cx", [1, 0], []], ["cx", [0, 1], []], ["cx", [1, 2], []], ["h", [2], []], ["cx", [1, 2], []], ["x", [0], []], ["x", [0], []], ["cx", [1, 2], []], ["h", [2], []], ["cx", [1, 2], []], ["cx", [0, 1], []], ["cx", [1, 0], []], ["cx", [1, 2], []], ["h", [1], []], ["cx", [2, 0], []], ["x", [1], []]], "pqc_circuit_tokens": [["x", [1], []], ["cx", [2, 0], []], ["h", [1], []], ["cx", [1, 2], []], ["cx", [1, 0], []], ["rz", [0], [1.4606883525848389]], ["rx", [0], [1.459365725517273]], ["rz", [0], [0.07276676595211029]], ["rz", [1], [0.7363513708114624]], ["rx", [1], [-3.1434993743896484]], ["rz", [1], [2.6159675121307373]], ["rz", [2], [2.4528582096099854]], ["rx", [2], [2.3773880004882812]], ["rz", [2], [1.251776933670044]], ["cx", [0, 1], []], ["cx", [1, 2], []], ["h", [2], []], ["cx", [1, 2], []], ["x", [0], []], ["rz", [0], [3.3785197734832764]], ["rx", [0], [3.116567373275757]], ["rz", [0], [0.27480581402778625]], ["rz", [1], [-0.31652435660362244]], ["rx", [1], [-1.8274365663528442]], ["rz", [1], [-0.195536807179451]], ["rz", [2], [3.4033868312835693]], ["rx", [2], [1.3917433023452759]], ["rz", [2], [-0.6117463707923889]], ["x", [0], []], ["cx", [1, 2], []], ["h", [2], []], ["cx", [1, 2], []], ["cx", [0, 1], []], ["rz", [0], [0.9300764203071594]], ["rx", [0], [1.485426902770996]], ["rz", [0], [1.421026587486267]], ["rz", [1], [2.6284780502319336]], ["rx", [1], [-3.136302947998047]], ["rz", [1], [0.8459257483482361]], ["rz", [2], [-1.644283413887024]], ["rx", [2], [1.6606587171554565]], ["rz", [2], [3.3758764266967773]], ["cx", [1, 0], []], ["cx", [1, 2], []], ["h", [1], []], ["cx", [2, 0], []], ["x", [1], []], ["rz", [0], [-0.14645399153232574]], ["rx", [0], [2.1194584369659424]], ["rz", [0], [3.098785161972046]], ["rz", [1], [-1.0206269025802612]], ["rx", [1], [2.939849376678467]], ["rz", [1], [0.5649462342262268]], ["rz", [2], [0.791329562664032]], ["rx", [2], [-1.205100417137146]], ["rz", [2], [-1.363047480583191]]], "base_circuit_qasm": "OPENQASM 2.0;\ninclude \"qelib1.inc\";\nqreg q[3];\nx q[1];\ncx q[2],q[0];\nh q[1];\ncx q[1],q[2];\ncx q[1],q[0];\ncx q[0],q[1];\ncx q[1],q[2];\nh q[2];\ncx q[1],q[2];\nx q[0];\nx q[0];\ncx q[1],q[2];\nh q[2];\ncx q[1],q[2];\ncx q[0],q[1];\ncx q[1],q[0];\ncx q[1],q[2];\nh q[1];\ncx q[2],q[0];\nx q[1];", "pqc_circuit_qasm": "OPENQASM 2.0;\ninclude \"qelib1.inc\";\nqreg q[3];\nx q[1];\ncx q[2],q[0];\nh q[1];\ncx q[1],q[2];\ncx q[1],q[0];\nrz(1.4606883525848389) q[0];\nrx(1.459365725517273) q[0];\nrz(0.07276676595211029) q[0];\nrz(0.7363513708114624) q[1];\nrx(-3.1434993743896484) q[1];\nrz(2.6159675121307373) q[1];\nrz(2.4528582096099854) q[2];\nrx(2.3773880004882812) q[2];\nrz(1.251776933670044) q[2];\ncx q[0],q[1];\ncx q[1],q[2];\nh q[2];\ncx q[1],q[2];\nx q[0];\nrz(3.3785197734832764) q[0];\nrx(3.116567373275757) q[0];\nrz(0.27480581402778625) q[0];\nrz(-0.31652435660362244) q[1];\nrx(-1.8274365663528442) q[1];\nrz(-0.195536807179451) q[1];\nrz(3.4033868312835693) q[2];\nrx(1.3917433023452759) q[2];\nrz(-0.6117463707923889) q[2];\nx q[0];\ncx q[1],q[2];\nh q[2];\ncx q[1],q[2];\ncx q[0],q[1];\nrz(0.9300764203071594) q[0];\nrx(1.485426902770996) q[0];\nrz(1.421026587486267) q[0];\nrz(2.6284780502319336) q[1];\nrx(-3.136302947998047) q[1];\nrz(0.8459257483482361) q[1];\nrz(-1.644283413887024) q[2];\nrx(1.6606587171554565) q[2];\nrz(3.3758764266967773) q[2];\ncx q[1],q[0];\ncx q[1],q[2];\nh q[1];\ncx q[2],q[0];\nx q[1];\nrz(-0.14645399153232574) q[0];\nrx(2.1194584369659424) q[0];\nrz(3.098785161972046) q[0];\nrz(-1.0206269025802612) q[1];\nrx(2.939849376678467) q[1];\nrz(0.5649462342262268) q[1];\nrz(0.791329562664032) q[2];\nrx(-1.205100417137146) q[2];\nrz(-1.363047480583191) q[2];"}