{"seed": 272, "fidelity": 0.9427585005760193, "pqc_params": [[[0.3546828031539917, -1.7907942533493042, 1.304383397102356], [-2.8506007194519043, 2.5936810970306396, -1.8646787405014038], [-0.09383746981620789, 1.481499433517456, 1.8565837144851685]], [[0.2674717605113983, -3.413530111312866, -0.31433534622192383], [1.4599905014038086, -2.944064140319824, -2.7434189319610596], [-1.1409354209899902, 0.39332860708236694, -2.2968459129333496]], [[2.0679914951324463, -1.5805972814559937, 0.8591461181640625], [-0.9555728435516357, 2.6501500606536865, -2.8241236209869385], [-2.401501417160034, -1.3684959411621094, -0.5794913172721863]], [[-2.489438772201538, 3.2128450870513916, 1.6694071292877197], [1.8751051425933838, 0.5564830303192139, 1.1912788152694702], [-1.7774423360824585, -2.224865436553955, 0.7929819822311401]]], "base_circuit_tokens": [["cx", [0, 1], []], ["h", [0], []], ["x", [0], []], ["h", [0], []], ["h", [1], []], ["x", [0], []], ["h", [0], []], ["x", [2], []], ["cx", [2, 0], []], ["cx", [2, 0], []], ["cx", [2, 0], []], ["cx", [2, 0], []], ["x", [2], []], ["h", [0], []], ["x", [0], []], ["h", [1], []], ["h", [0], []], ["x", [0], []], ["h", [0], []], ["cx", [0, 1], []]], "pqc_circuit_tokens": [["cx", [0, 1], []], ["h", [0], []], ["x", [0], []], ["h", [0], []], ["h", [1], []], ["rz", [0], [0.3546828031539917]], ["rx", [0], [-1.7907942533493042]], ["rz", [0], [1.304383397102356]], ["rz", [1], [-2.8506007194519043]], ["rx", [1], [2.5936810970306396]], ["rz", [1], [-1.8646787405014038]], ["rz", [2], [-0.09383746981620789]], ["rx", [2], [1.481499433517456]], ["rz", [2], [1.8565837144851685]], ["x", [0], []], ["h", [0], []], ["x", [2], []], ["cx", [2, 0], []], ["cx", [2, 0], []], ["rz", [0], [0.2674717605113983]], ["rx", [0], [-3.413530111312866]], ["rz", [0], [-0.31433534622192383]], ["rz", [1], [1.4599905014038086]], ["rx", [1], [-2.944064140319824]], ["rz", [1], [-2.7434189319610596]], ["rz", [2], [-1.1409354209899902]], ["rx", [2], [0.39332860708236694]], ["rz", [2], [-2.2968459129333496]], ["cx", [2, 0], []], ["cx", [2, 0], []], ["x", [2], []], ["h", [0], []], ["x", [0], []], ["rz", [0], [2.0679914951324463]], ["rx", [0], [-1.5805972814559937]], ["rz", [0], [0.8591461181640625]], ["rz", [1], [-0.9555728435516357]], ["rx", [1], [2.6501500606536865]], ["rz", [1], [-2.8241236209869385]], ["rz", [2], [-2.401501417160034]], ["rx", [2], [-1.3684959411621094]], ["rz", [2], [-0.5794913172721863]], ["h", [1], []], ["h", [0], []], ["x", [0], []], ["h", [0], []], ["cx", [0, 1], []], ["rz", [0], [-2.489438772201538]], ["rx", [0], [3.2128450870513916]], ["rz", [0], [1.6694071292877197]], ["rz", [1], [1.8751051425933838]], ["rx", [1], [0.5564830303192139]], ["rz", [1], [1.1912788152694702]], ["rz", [2], [-1.7774423360824585]], ["rx", [2], [-2.224865436553955]], ["rz", [2], [0.7929819822311401]]], "base_circuit_qasm": "OPENQASM 2.0;\ninclude \"qelib1.inc\";\nqreg q[3];\ncx q[0],q[1];\nh q[0];\nx q[0];\nh q[0];\nh q[1];\nx q[0];\nh q[0];\nx q[2];\ncx q[2],q[0];\ncx q[2],q[0];\ncx q[2],q[0];\ncx q[2],q[0];\nx q[2];\nh q[0];\nx q[0];\nh q[1];\nh q[0];\nx q[0];\nh q[0];\ncx q[0],q[1];", "pqc_circuit_qasm": "OPENQASM 2.0;\ninclude \"qelib1.inc\";\nqreg q[3];\ncx q[0],q[1];\nh q[0];\nx q[0];\nh q[0];\nh q[1];\nrz(0.3546828031539917) q[0];\nrx(-1.7907942533493042) q[0];\nrz(1.304383397102356) q[0];\nrz(-2.8506007194519043) q[1];\nrx(2.5936810970306396) q[1];\nrz(-1.8646787405014038) q[1];\nrz(-0.09383746981620789) q[2];\nrx(1.481499433517456) q[2];\nrz(1.8565837144851685) q[2];\nx q[0];\nh q[0];\nx q[2];\ncx q[2],q[0];\ncx q[2],q[0];\nrz(0.2674717605113983) q[0];\nrx(-3.413530111312866) q[0];\nrz(-0.31433534622192383) q[0];\nrz(1.4599905014038086) q[1];\nrx(-2.944064140319824) q[1];\nrz(-2.7434189319610596) q[1];\nrz(-1.1409354209899902) q[2];\nrx(0.39332860708236694) q[2];\nrz(-2.2968459129333496) q[2];\ncx q[2],q[0];\ncx q[2],q[0];\nx q[2];\nh q[0];\nx q[0];\nrz(2.0679914951324463) q[0];\nrx(-1.5805972814559937) q[0];\nrz(0.8591461181640625) q[0];\nrz(-0.9555728435516357) q[1];\nrx(2.6501500606536865) q[1];\nrz(-2.8241236209869385) q[1];\nrz(-2.401501417160034) q[2];\nrx(-1.3684959411621094) q[2];\nrz(-0.5794913172721863) q[2];\nh q[1];\nh q[0];\nx q[0];\nh q[0];\ncx q[0],q[1];\nrz(-2.489438772201538) q[0];\nrx(3.2128450870513916) q[0];\nrz(1.6694071292877197) q[0];\nrz(1.8751051425933838) q[1];\nrx(0.5564830303192139) q[1];\nrz(1.1912788152694702) q[1];\nrz(-1.7774423360824585) q[2];\nrx(-2.224865436553955) q[2];\nrz(0.7929819822311401) q[2];"}