{"seed": 2735, "fidelity": 0.9447513818740845, "pqc_params": [[[-1.4439488649368286, -0.15249979496002197, -2.1121973991394043], [-2.260781764984131, -2.5769057273864746, -2.269131898880005], [0.8845227956771851, 2.5169591903686523, 0.6762098073959351]], [[-0.34157049655914307, -0.5808513164520264, -1.7723150253295898], [-2.342320680618286, -2.154236316680908, -1.1048060655593872], [-0.5280661582946777, 3.0804083347320557, -0.45364823937416077]], [[2.7088167667388916, 3.171107530593872, -2.0863544940948486], [3.6296496391296387, 1.1401795148849487, 2.6902432441711426], [2.578842878341675, 0.8185004591941833, -1.9782458543777466]], [[1.5952727794647217, -0.01989227719604969, 1.2081561088562012], [-0.7117460370063782, -3.4186975955963135, -0.1353781372308731], [0.024314455687999725, 2.476656436920166, 2.878566265106201]]], "base_circuit_tokens": [["h", [1], []], ["h", [0], []], ["cx", [0, 1], []], ["x", [1], []], ["h", [2], []], ["h", [2], []], ["x", [0], []], ["cx", [0, 2], []], ["x", [1], []], ["h", [1], []], ["h", [1], []], ["x", [1], []], ["cx", [0, 2], []], ["x", [0], []], ["h", [2], []], ["h", [2], []], ["x", [1], []], ["cx", [0, 1], []], ["h", [0], []], ["h", [1], []]], "pqc_circuit_tokens": [["h", [1], []], ["h", [0], []], ["cx", [0, 1], []], ["x", [1], []], ["h", [2], []], ["rz", [0], [-1.4439488649368286]], ["rx", [0], [-0.15249979496002197]], ["rz", [0], [-2.1121973991394043]], ["rz", [1], [-2.260781764984131]], ["rx", [1], [-2.5769057273864746]], ["rz", [1], [-2.269131898880005]], ["rz", [2], [0.8845227956771851]], ["rx", [2], [2.5169591903686523]], ["rz", [2], [0.6762098073959351]], ["h", [2], []], ["x", [0], []], ["cx", [0, 2], []], ["x", [1], []], ["h", [1], []], ["rz", [0], [-0.34157049655914307]], ["rx", [0], [-0.5808513164520264]], ["rz", [0], [-1.7723150253295898]], ["rz", [1], [-2.342320680618286]], ["rx", [1], [-2.154236316680908]], ["rz", [1], [-1.1048060655593872]], ["rz", [2], [-0.5280661582946777]], ["rx", [2], [3.0804083347320557]], ["rz", [2], [-0.45364823937416077]], ["h", [1], []], ["x", [1], []], ["cx", [0, 2], []], ["x", [0], []], ["h", [2], []], ["rz", [0], [2.7088167667388916]], ["rx", [0], [3.171107530593872]], ["rz", [0], [-2.0863544940948486]], ["rz", [1], [3.6296496391296387]], ["rx", [1], [1.1401795148849487]], ["rz", [1], [2.6902432441711426]], ["rz", [2], [2.578842878341675]], ["rx", [2], [0.8185004591941833]], ["rz", [2], [-1.9782458543777466]], ["h", [2], []], ["x", [1], []], ["cx", [0, 1], []], ["h", [0], []], ["h", [1], []], ["rz", [0], [1.5952727794647217]], ["rx", [0], [-0.01989227719604969]], ["rz", [0], [1.2081561088562012]], ["rz", [1], [-0.7117460370063782]], ["rx", [1], [-3.4186975955963135]], ["rz", [1], [-0.1353781372308731]], ["rz", [2], [0.024314455687999725]], ["rx", [2], [2.476656436920166]], ["rz", [2], [2.878566265106201]]], "base_circuit_qasm": "OPENQASM 2.0;\ninclude \"qelib1.inc\";\nqreg q[3];\nh q[1];\nh q[0];\ncx q[0],q[1];\nx q[1];\nh q[2];\nh q[2];\nx q[0];\ncx q[0],q[2];\nx q[1];\nh q[1];\nh q[1];\nx q[1];\ncx q[0],q[2];\nx q[0];\nh q[2];\nh q[2];\nx q[1];\ncx q[0],q[1];\nh q[0];\nh q[1];", "pqc_circuit_qasm": "OPENQASM 2.0;\ninclude \"qelib1.inc\";\nqreg q[3];\nh q[1];\nh q[0];\ncx q[0],q[1];\nx q[1];\nh q[2];\nrz(-1.4439488649368286) q[0];\nrx(-0.15249979496002197) q[0];\nrz(-2.1121973991394043) q[0];\nrz(-2.260781764984131) q[1];\nrx(-2.5769057273864746) q[1];\nrz(-2.269131898880005) q[1];\nrz(0.8845227956771851) q[2];\nrx(2.5169591903686523) q[2];\nrz(0.6762098073959351) q[2];\nh q[2];\nx q[0];\ncx q[0],q[2];\nx q[1];\nh q[1];\nrz(-0.34157049655914307) q[0];\nrx(-0.5808513164520264) q[0];\nrz(-1.7723150253295898) q[0];\nrz(-2.342320680618286) q[1];\nrx(-2.154236316680908) q[1];\nrz(-1.1048060655593872) q[1];\nrz(-0.5280661582946777) q[2];\nrx(3.0804083347320557) q[2];\nrz(-0.45364823937416077) q[2];\nh q[1];\nx q[1];\ncx q[0],q[2];\nx q[0];\nh q[2];\nrz(2.7088167667388916) q[0];\nrx(3.171107530593872) q[0];\nrz(-2.0863544940948486) q[0];\nrz(3.6296496391296387) q[1];\nrx(1.1401795148849487) q[1];\nrz(2.6902432441711426) q[1];\nrz(2.578842878341675) q[2];\nrx(0.8185004591941833) q[2];\nrz(-1.9782458543777466) q[2];\nh q[2];\nx q[1];\ncx q[0],q[1];\nh q[0];\nh q[1];\nrz(1.5952727794647217) q[0];\nrx(-0.01989227719604969) q[0];\nrz(1.2081561088562012) q[0];\nrz(-0.7117460370063782) q[1];\nrx(-3.4186975955963135) q[1];\nrz(-0.1353781372308731) q[1];\nrz(0.024314455687999725) q[2];\nrx(2.476656436920166) q[2];\nrz(2.878566265106201) q[2];"}