{"seed": 2761, "fidelity": 0.5518829226493835, "pqc_params": [[[2.7642624378204346, -3.321781635284424, -1.0139652490615845], [-1.5036088228225708, 0.9068190455436707, 1.2194206714630127], [0.19725944101810455, 2.7322821617126465, -0.9654600024223328]], [[1.5340296030044556, 0.6771674156188965, -2.3990204334259033], [2.567169427871704, -0.49233537912368774, -2.603652000427246], [-1.1077368259429932, 2.4466631412506104, -0.9628434777259827]], [[2.303740978240967, -0.12355760484933853, -3.443509817123413], [-1.2494186162948608, 0.708730161190033, 1.093349814414978], [-1.807347059249878, 2.2693936824798584, -2.8377559185028076]], [[-1.63954496383667, -2.4014923572540283, -0.7415636777877808], [-1.4114662408828735, -0.33579131960868835, -1.767196774482727], [-1.427358865737915, -2.4027416706085205, 2.9425783157348633]]], "base_circuit_tokens": [["h", [1], []], ["h", [2], []], ["cx", [0, 2], []], ["x", [1], []], ["h", [1], []], ["cx", [1, 2], []], ["cx", [0, 2], []], ["h", [2], []], ["x", [1], []], ["cx", [0, 1], []], ["cx", [0, 1], []], ["x", [1], []], ["h", [2], []], ["cx", [0, 2], []], ["cx", [1, 2], []], ["h", [1], []], ["x", [1], []], ["cx", [0, 2], []], ["h", [2], []], ["h", [1], []]], "pqc_circuit_tokens": [["h", [1], []], ["h", [2], []], ["cx", [0, 2], []], ["x", [1], []], ["h", [1], []], ["rz", [0], [2.7642624378204346]], ["rx", [0], [-3.321781635284424]], ["rz", [0], [-1.0139652490615845]], ["rz", [1], [-1.5036088228225708]], ["rx", [1], [0.9068190455436707]], ["rz", [1], [1.2194206714630127]], ["rz", [2], [0.19725944101810455]], ["rx", [2], [2.7322821617126465]], ["rz", [2], [-0.9654600024223328]], ["cx", [1, 2], []], ["cx", [0, 2], []], ["h", [2], []], ["x", [1], []], ["cx", [0, 1], []], ["rz", [0], [1.5340296030044556]], ["rx", [0], [0.6771674156188965]], ["rz", [0], [-2.3990204334259033]], ["rz", [1], [2.567169427871704]], ["rx", [1], [-0.49233537912368774]], ["rz", [1], [-2.603652000427246]], ["rz", [2], [-1.1077368259429932]], ["rx", [2], [2.4466631412506104]], ["rz", [2], [-0.9628434777259827]], ["cx", [0, 1], []], ["x", [1], []], ["h", [2], []], ["cx", [0, 2], []], ["cx", [1, 2], []], ["rz", [0], [2.303740978240967]], ["rx", [0], [-0.12355760484933853]], ["rz", [0], [-3.443509817123413]], ["rz", [1], [-1.2494186162948608]], ["rx", [1], [0.708730161190033]], ["rz", [1], [1.093349814414978]], ["rz", [2], [-1.807347059249878]], ["rx", [2], [2.2693936824798584]], ["rz", [2], [-2.8377559185028076]], ["h", [1], []], ["x", [1], []], ["cx", [0, 2], []], ["h", [2], []], ["h", [1], []], ["rz", [0], [-1.63954496383667]], ["rx", [0], [-2.4014923572540283]], ["rz", [0], [-0.7415636777877808]], ["rz", [1], [-1.4114662408828735]], ["rx", [1], [-0.33579131960868835]], ["rz", [1], [-1.767196774482727]], ["rz", [2], [-1.427358865737915]], ["rx", [2], [-2.4027416706085205]], ["rz", [2], [2.9425783157348633]]], "base_circuit_qasm": "OPENQASM 2.0;\ninclude \"qelib1.inc\";\nqreg q[3];\nh q[1];\nh q[2];\ncx q[0],q[2];\nx q[1];\nh q[1];\ncx q[1],q[2];\ncx q[0],q[2];\nh q[2];\nx q[1];\ncx q[0],q[1];\ncx q[0],q[1];\nx q[1];\nh q[2];\ncx q[0],q[2];\ncx q[1],q[2];\nh q[1];\nx q[1];\ncx q[0],q[2];\nh q[2];\nh q[1];", "pqc_circuit_qasm": "OPENQASM 2.0;\ninclude \"qelib1.inc\";\nqreg q[3];\nh q[1];\nh q[2];\ncx q[0],q[2];\nx q[1];\nh q[1];\nrz(2.7642624378204346) q[0];\nrx(-3.321781635284424) q[0];\nrz(-1.0139652490615845) q[0];\nrz(-1.5036088228225708) q[1];\nrx(0.9068190455436707) q[1];\nrz(1.2194206714630127) q[1];\nrz(0.19725944101810455) q[2];\nrx(2.7322821617126465) q[2];\nrz(-0.9654600024223328) q[2];\ncx q[1],q[2];\ncx q[0],q[2];\nh q[2];\nx q[1];\ncx q[0],q[1];\nrz(1.5340296030044556) q[0];\nrx(0.6771674156188965) q[0];\nrz(-2.3990204334259033) q[0];\nrz(2.567169427871704) q[1];\nrx(-0.49233537912368774) q[1];\nrz(-2.603652000427246) q[1];\nrz(-1.1077368259429932) q[2];\nrx(2.4466631412506104) q[2];\nrz(-0.9628434777259827) q[2];\ncx q[0],q[1];\nx q[1];\nh q[2];\ncx q[0],q[2];\ncx q[1],q[2];\nrz(2.303740978240967) q[0];\nrx(-0.12355760484933853) q[0];\nrz(-3.443509817123413) q[0];\nrz(-1.2494186162948608) q[1];\nrx(0.708730161190033) q[1];\nrz(1.093349814414978) q[1];\nrz(-1.807347059249878) q[2];\nrx(2.2693936824798584) q[2];\nrz(-2.8377559185028076) q[2];\nh q[1];\nx q[1];\ncx q[0],q[2];\nh q[2];\nh q[1];\nrz(-1.63954496383667) q[0];\nrx(-2.4014923572540283) q[0];\nrz(-0.7415636777877808) q[0];\nrz(-1.4114662408828735) q[1];\nrx(-0.33579131960868835) q[1];\nrz(-1.767196774482727) q[1];\nrz(-1.427358865737915) q[2];\nrx(-2.4027416706085205) q[2];\nrz(2.9425783157348633) q[2];"}