{"seed": 2762, "fidelity": 0.9281514286994934, "pqc_params": [[[1.6782869100570679, -0.13161595165729523, -1.2928065061569214], [-3.506099224090576, 1.6303704977035522, 2.3572001457214355], [-0.862225353717804, 1.601842999458313, 1.8365763425827026]], [[-0.2049369364976883, -1.3590465784072876, -0.10103899985551834], [-2.136226177215576, -2.999411106109619, -1.6182786226272583], [0.3853834271430969, -3.2067768573760986, 3.6140592098236084]], [[-0.6387618184089661, 2.7434492111206055, 2.9755136966705322], [-1.983774185180664, -0.619331419467926, -0.19021499156951904], [-1.4144009351730347, 1.2399591207504272, -0.9565039873123169]], [[-1.1262158155441284, 2.830867290496826, 2.276869773864746], [0.7434999346733093, -2.4772839546203613, 1.615625262260437], [-2.927259683609009, -0.8411232233047485, 3.257404088973999]]], "base_circuit_tokens": [["cx", [0, 2], []], ["h", [2], []], ["x", [2], []], ["x", [0], []], ["h", [1], []], ["h", [1], []], ["cx", [1, 0], []], ["cx", [2, 1], []], ["h", [2], []], ["cx", [0, 1], []], ["cx", [0, 1], []], ["h", [2], []], ["cx", [2, 1], []], ["cx", [1, 0], []], ["h", [1], []], ["h", [1], []], ["x", [0], []], ["x", [2], []], ["h", [2], []], ["cx", [0, 2], []]], "pqc_circuit_tokens": [["cx", [0, 2], []], ["h", [2], []], ["x", [2], []], ["x", [0], []], ["h", [1], []], ["rz", [0], [1.6782869100570679]], ["rx", [0], [-0.13161595165729523]], ["rz", [0], [-1.2928065061569214]], ["rz", [1], [-3.506099224090576]], ["rx", [1], [1.6303704977035522]], ["rz", [1], [2.3572001457214355]], ["rz", [2], [-0.862225353717804]], ["rx", [2], [1.601842999458313]], ["rz", [2], [1.8365763425827026]], ["h", [1], []], ["cx", [1, 0], []], ["cx", [2, 1], []], ["h", [2], []], ["cx", [0, 1], []], ["rz", [0], [-0.2049369364976883]], ["rx", [0], [-1.3590465784072876]], ["rz", [0], [-0.10103899985551834]], ["rz", [1], [-2.136226177215576]], ["rx", [1], [-2.999411106109619]], ["rz", [1], [-1.6182786226272583]], ["rz", [2], [0.3853834271430969]], ["rx", [2], [-3.2067768573760986]], ["rz", [2], [3.6140592098236084]], ["cx", [0, 1], []], ["h", [2], []], ["cx", [2, 1], []], ["cx", [1, 0], []], ["h", [1], []], ["rz", [0], [-0.6387618184089661]], ["rx", [0], [2.7434492111206055]], ["rz", [0], [2.9755136966705322]], ["rz", [1], [-1.983774185180664]], ["rx", [1], [-0.619331419467926]], ["rz", [1], [-0.19021499156951904]], ["rz", [2], [-1.4144009351730347]], ["rx", [2], [1.2399591207504272]], ["rz", [2], [-0.9565039873123169]], ["h", [1], []], ["x", [0], []], ["x", [2], []], ["h", [2], []], ["cx", [0, 2], []], ["rz", [0], [-1.1262158155441284]], ["rx", [0], [2.830867290496826]], ["rz", [0], [2.276869773864746]], ["rz", [1], [0.7434999346733093]], ["rx", [1], [-2.4772839546203613]], ["rz", [1], [1.615625262260437]], ["rz", [2], [-2.927259683609009]], ["rx", [2], [-0.8411232233047485]], ["rz", [2], [3.257404088973999]]], "base_circuit_qasm": "OPENQASM 2.0;\ninclude \"qelib1.inc\";\nqreg q[3];\ncx q[0],q[2];\nh q[2];\nx q[2];\nx q[0];\nh q[1];\nh q[1];\ncx q[1],q[0];\ncx q[2],q[1];\nh q[2];\ncx q[0],q[1];\ncx q[0],q[1];\nh q[2];\ncx q[2],q[1];\ncx q[1],q[0];\nh q[1];\nh q[1];\nx q[0];\nx q[2];\nh q[2];\ncx q[0],q[2];", "pqc_circuit_qasm": "OPENQASM 2.0;\ninclude \"qelib1.inc\";\nqreg q[3];\ncx q[0],q[2];\nh q[2];\nx q[2];\nx q[0];\nh q[1];\nrz(1.6782869100570679) q[0];\nrx(-0.13161595165729523) q[0];\nrz(-1.2928065061569214) q[0];\nrz(-3.506099224090576) q[1];\nrx(1.6303704977035522) q[1];\nrz(2.3572001457214355) q[1];\nrz(-0.862225353717804) q[2];\nrx(1.601842999458313) q[2];\nrz(1.8365763425827026) q[2];\nh q[1];\ncx q[1],q[0];\ncx q[2],q[1];\nh q[2];\ncx q[0],q[1];\nrz(-0.2049369364976883) q[0];\nrx(-1.3590465784072876) q[0];\nrz(-0.10103899985551834) q[0];\nrz(-2.136226177215576) q[1];\nrx(-2.999411106109619) q[1];\nrz(-1.6182786226272583) q[1];\nrz(0.3853834271430969) q[2];\nrx(-3.2067768573760986) q[2];\nrz(3.6140592098236084) q[2];\ncx q[0],q[1];\nh q[2];\ncx q[2],q[1];\ncx q[1],q[0];\nh q[1];\nrz(-0.6387618184089661) q[0];\nrx(2.7434492111206055) q[0];\nrz(2.9755136966705322) q[0];\nrz(-1.983774185180664) q[1];\nrx(-0.619331419467926) q[1];\nrz(-0.19021499156951904) q[1];\nrz(-1.4144009351730347) q[2];\nrx(1.2399591207504272) q[2];\nrz(-0.9565039873123169) q[2];\nh q[1];\nx q[0];\nx q[2];\nh q[2];\ncx q[0],q[2];\nrz(-1.1262158155441284) q[0];\nrx(2.830867290496826) q[0];\nrz(2.276869773864746) q[0];\nrz(0.7434999346733093) q[1];\nrx(-2.4772839546203613) q[1];\nrz(1.615625262260437) q[1];\nrz(-2.927259683609009) q[2];\nrx(-0.8411232233047485) q[2];\nrz(3.257404088973999) q[2];"}