{"seed": 2821, "fidelity": 0.9222413301467896, "pqc_params": [[[2.5534722805023193, 2.312771797180176, -1.415885090827942], [-0.22548256814479828, 2.1627049446105957, 1.0769760608673096], [-0.6367508172988892, -2.0583057403564453, 0.37051281332969666]], [[-0.16357532143592834, -1.8377271890640259, -3.1561460494995117], [0.5163727402687073, -2.445822238922119, 2.063816785812378], [-1.2099560499191284, 0.13434550166130066, 0.6643418669700623]], [[2.246711015701294, 1.4966028928756714, 2.20304799079895], [2.472992420196533, -1.656471610069275, 1.8695603609085083], [-2.6861910820007324, -2.283085584640503, 1.8376303911209106]], [[-0.9285060167312622, 3.180487632751465, -2.6839916706085205], [-0.19886896014213562, -0.7504222989082336, -0.22884024679660797], [2.9217474460601807, -2.014061212539673, 2.942471981048584]]], "base_circuit_tokens": [["cx", [0, 2], []], ["h", [1], []], ["h", [2], []], ["cx", [2, 1], []], ["h", [0], []], ["h", [0], []], ["cx", [2, 0], []], ["cx", [0, 2], []], ["h", [1], []], ["h", [2], []], ["h", [2], []], ["h", [1], []], ["cx", [0, 2], []], ["cx", [2, 0], []], ["h", [0], []], ["h", [0], []], ["cx", [2, 1], []], ["h", [2], []], ["h", [1], []], ["cx", [0, 2], []]], "pqc_circuit_tokens": [["cx", [0, 2], []], ["h", [1], []], ["h", [2], []], ["cx", [2, 1], []], ["h", [0], []], ["rz", [0], [2.5534722805023193]], ["rx", [0], [2.312771797180176]], ["rz", [0], [-1.415885090827942]], ["rz", [1], [-0.22548256814479828]], ["rx", [1], [2.1627049446105957]], ["rz", [1], [1.0769760608673096]], ["rz", [2], [-0.6367508172988892]], ["rx", [2], [-2.0583057403564453]], ["rz", [2], [0.37051281332969666]], ["h", [0], []], ["cx", [2, 0], []], ["cx", [0, 2], []], ["h", [1], []], ["h", [2], []], ["rz", [0], [-0.16357532143592834]], ["rx", [0], [-1.8377271890640259]], ["rz", [0], [-3.1561460494995117]], ["rz", [1], [0.5163727402687073]], ["rx", [1], [-2.445822238922119]], ["rz", [1], [2.063816785812378]], ["rz", [2], [-1.2099560499191284]], ["rx", [2], [0.13434550166130066]], ["rz", [2], [0.6643418669700623]], ["h", [2], []], ["h", [1], []], ["cx", [0, 2], []], ["cx", [2, 0], []], ["h", [0], []], ["rz", [0], [2.246711015701294]], ["rx", [0], [1.4966028928756714]], ["rz", [0], [2.20304799079895]], ["rz", [1], [2.472992420196533]], ["rx", [1], [-1.656471610069275]], ["rz", [1], [1.8695603609085083]], ["rz", [2], [-2.6861910820007324]], ["rx", [2], [-2.283085584640503]], ["rz", [2], [1.8376303911209106]], ["h", [0], []], ["cx", [2, 1], []], ["h", [2], []], ["h", [1], []], ["cx", [0, 2], []], ["rz", [0], [-0.9285060167312622]], ["rx", [0], [3.180487632751465]], ["rz", [0], [-2.6839916706085205]], ["rz", [1], [-0.19886896014213562]], ["rx", [1], [-0.7504222989082336]], ["rz", [1], [-0.22884024679660797]], ["rz", [2], [2.9217474460601807]], ["rx", [2], [-2.014061212539673]], ["rz", [2], [2.942471981048584]]], "base_circuit_qasm": "OPENQASM 2.0;\ninclude \"qelib1.inc\";\nqreg q[3];\ncx q[0],q[2];\nh q[1];\nh q[2];\ncx q[2],q[1];\nh q[0];\nh q[0];\ncx q[2],q[0];\ncx q[0],q[2];\nh q[1];\nh q[2];\nh q[2];\nh q[1];\ncx q[0],q[2];\ncx q[2],q[0];\nh q[0];\nh q[0];\ncx q[2],q[1];\nh q[2];\nh q[1];\ncx q[0],q[2];", "pqc_circuit_qasm": "OPENQASM 2.0;\ninclude \"qelib1.inc\";\nqreg q[3];\ncx q[0],q[2];\nh q[1];\nh q[2];\ncx q[2],q[1];\nh q[0];\nrz(2.5534722805023193) q[0];\nrx(2.312771797180176) q[0];\nrz(-1.415885090827942) q[0];\nrz(-0.22548256814479828) q[1];\nrx(2.1627049446105957) q[1];\nrz(1.0769760608673096) q[1];\nrz(-0.6367508172988892) q[2];\nrx(-2.0583057403564453) q[2];\nrz(0.37051281332969666) q[2];\nh q[0];\ncx q[2],q[0];\ncx q[0],q[2];\nh q[1];\nh q[2];\nrz(-0.16357532143592834) q[0];\nrx(-1.8377271890640259) q[0];\nrz(-3.1561460494995117) q[0];\nrz(0.5163727402687073) q[1];\nrx(-2.445822238922119) q[1];\nrz(2.063816785812378) q[1];\nrz(-1.2099560499191284) q[2];\nrx(0.13434550166130066) q[2];\nrz(0.6643418669700623) q[2];\nh q[2];\nh q[1];\ncx q[0],q[2];\ncx q[2],q[0];\nh q[0];\nrz(2.246711015701294) q[0];\nrx(1.4966028928756714) q[0];\nrz(2.20304799079895) q[0];\nrz(2.472992420196533) q[1];\nrx(-1.656471610069275) q[1];\nrz(1.8695603609085083) q[1];\nrz(-2.6861910820007324) q[2];\nrx(-2.283085584640503) q[2];\nrz(1.8376303911209106) q[2];\nh q[0];\ncx q[2],q[1];\nh q[2];\nh q[1];\ncx q[0],q[2];\nrz(-0.9285060167312622) q[0];\nrx(3.180487632751465) q[0];\nrz(-2.6839916706085205) q[0];\nrz(-0.19886896014213562) q[1];\nrx(-0.7504222989082336) q[1];\nrz(-0.22884024679660797) q[1];\nrz(2.9217474460601807) q[2];\nrx(-2.014061212539673) q[2];\nrz(2.942471981048584) q[2];"}