{"seed": 2953, "fidelity": 0.7574061155319214, "pqc_params": [[[-1.8731646537780762, 2.588057279586792, 0.08819865435361862], [-3.0662596225738525, -2.606477975845337, 1.7345263957977295], [-2.8520538806915283, -0.1489344835281372, -1.301067590713501]], [[-1.434512972831726, 0.3898473083972931, 0.36544570326805115], [2.913081645965576, 3.0581557750701904, -1.4294679164886475], [1.3373744487762451, -2.682636260986328, 1.753116250038147]], [[1.972654938697815, 0.5294420719146729, -2.9969587326049805], [-1.8493611812591553, 1.2861533164978027, -0.7125585079193115], [1.1664807796478271, 0.2293417602777481, -2.493870258331299]], [[2.6606428623199463, -1.989927053451538, -0.07048757374286652], [-1.082627296447754, 1.6324869394302368, -0.4744967520236969], [-0.05305001139640808, -0.11075624823570251, 3.306457757949829]]], "base_circuit_tokens": [["h", [0], []], ["x", [0], []], ["h", [0], []], ["x", [2], []], ["cx", [0, 2], []], ["x", [1], []], ["h", [0], []], ["h", [0], []], ["h", [1], []], ["x", [1], []], ["x", [1], []], ["h", [1], []], ["h", [0], []], ["h", [0], []], ["x", [1], []], ["cx", [0, 2], []], ["x", [2], []], ["h", [0], []], ["x", [0], []], ["h", [0], []]], "pqc_circuit_tokens": [["h", [0], []], ["x", [0], []], ["h", [0], []], ["x", [2], []], ["cx", [0, 2], []], ["rz", [0], [-1.8731646537780762]], ["rx", [0], [2.588057279586792]], ["rz", [0], [0.08819865435361862]], ["rz", [1], [-3.0662596225738525]], ["rx", [1], [-2.606477975845337]], ["rz", [1], [1.7345263957977295]], ["rz", [2], [-2.8520538806915283]], ["rx", [2], [-0.1489344835281372]], ["rz", [2], [-1.301067590713501]], ["x", [1], []], ["h", [0], []], ["h", [0], []], ["h", [1], []], ["x", [1], []], ["rz", [0], [-1.434512972831726]], ["rx", [0], [0.3898473083972931]], ["rz", [0], [0.36544570326805115]], ["rz", [1], [2.913081645965576]], ["rx", [1], [3.0581557750701904]], ["rz", [1], [-1.4294679164886475]], ["rz", [2], [1.3373744487762451]], ["rx", [2], [-2.682636260986328]], ["rz", [2], [1.753116250038147]], ["x", [1], []], ["h", [1], []], ["h", [0], []], ["h", [0], []], ["x", [1], []], ["rz", [0], [1.972654938697815]], ["rx", [0], [0.5294420719146729]], ["rz", [0], [-2.9969587326049805]], ["rz", [1], [-1.8493611812591553]], ["rx", [1], [1.2861533164978027]], ["rz", [1], [-0.7125585079193115]], ["rz", [2], [1.1664807796478271]], ["rx", [2], [0.2293417602777481]], ["rz", [2], [-2.493870258331299]], ["cx", [0, 2], []], ["x", [2], []], ["h", [0], []], ["x", [0], []], ["h", [0], []], ["rz", [0], [2.6606428623199463]], ["rx", [0], [-1.989927053451538]], ["rz", [0], [-0.07048757374286652]], ["rz", [1], [-1.082627296447754]], ["rx", [1], [1.6324869394302368]], ["rz", [1], [-0.4744967520236969]], ["rz", [2], [-0.05305001139640808]], ["rx", [2], [-0.11075624823570251]], ["rz", [2], [3.306457757949829]]], "base_circuit_qasm": "OPENQASM 2.0;\ninclude \"qelib1.inc\";\nqreg q[3];\nh q[0];\nx q[0];\nh q[0];\nx q[2];\ncx q[0],q[2];\nx q[1];\nh q[0];\nh q[0];\nh q[1];\nx q[1];\nx q[1];\nh q[1];\nh q[0];\nh q[0];\nx q[1];\ncx q[0],q[2];\nx q[2];\nh q[0];\nx q[0];\nh q[0];", "pqc_circuit_qasm": "OPENQASM 2.0;\ninclude \"qelib1.inc\";\nqreg q[3];\nh q[0];\nx q[0];\nh q[0];\nx q[2];\ncx q[0],q[2];\nrz(-1.8731646537780762) q[0];\nrx(2.588057279586792) q[0];\nrz(0.08819865435361862) q[0];\nrz(-3.0662596225738525) q[1];\nrx(-2.606477975845337) q[1];\nrz(1.7345263957977295) q[1];\nrz(-2.8520538806915283) q[2];\nrx(-0.1489344835281372) q[2];\nrz(-1.301067590713501) q[2];\nx q[1];\nh q[0];\nh q[0];\nh q[1];\nx q[1];\nrz(-1.434512972831726) q[0];\nrx(0.3898473083972931) q[0];\nrz(0.36544570326805115) q[0];\nrz(2.913081645965576) q[1];\nrx(3.0581557750701904) q[1];\nrz(-1.4294679164886475) q[1];\nrz(1.3373744487762451) q[2];\nrx(-2.682636260986328) q[2];\nrz(1.753116250038147) q[2];\nx q[1];\nh q[1];\nh q[0];\nh q[0];\nx q[1];\nrz(1.972654938697815) q[0];\nrx(0.5294420719146729) q[0];\nrz(-2.9969587326049805) q[0];\nrz(-1.8493611812591553) q[1];\nrx(1.2861533164978027) q[1];\nrz(-0.7125585079193115) q[1];\nrz(1.1664807796478271) q[2];\nrx(0.2293417602777481) q[2];\nrz(-2.493870258331299) q[2];\ncx q[0],q[2];\nx q[2];\nh q[0];\nx q[0];\nh q[0];\nrz(2.6606428623199463) q[0];\nrx(-1.989927053451538) q[0];\nrz(-0.07048757374286652) q[0];\nrz(-1.082627296447754) q[1];\nrx(1.6324869394302368) q[1];\nrz(-0.4744967520236969) q[1];\nrz(-0.05305001139640808) q[2];\nrx(-0.11075624823570251) q[2];\nrz(3.306457757949829) q[2];"}