{"seed": 3013, "fidelity": 0.9472470283508301, "pqc_params": [[[-2.0877931118011475, 1.0947933197021484, -2.039111375808716], [0.1408492475748062, 1.1279213428497314, 0.1841401606798172], [0.0383552648127079, 2.9336020946502686, 0.9080397486686707]], [[0.7741373181343079, -2.348222494125366, 1.1670258045196533], [-3.2278454303741455, -0.9051023721694946, 1.890504240989685], [-2.515316963195801, -1.7973554134368896, 0.7901638746261597]], [[1.2094502449035645, -0.2638578712940216, -0.08684716373682022], [0.40778085589408875, -0.865527331829071, -1.7724264860153198], [2.4701907634735107, 1.3416260480880737, 1.1695060729980469]], [[-0.13281697034835815, -1.9237438440322876, 0.059467900544404984], [1.2904534339904785, -0.15658679604530334, 1.8329678773880005], [-2.983863353729248, 0.9270972609519958, 3.1113977432250977]]], "base_circuit_tokens": [["x", [2], []], ["cx", [1, 2], []], ["x", [0], []], ["cx", [2, 0], []], ["h", [1], []], ["h", [1], []], ["h", [1], []], ["x", [0], []], ["x", [0], []], ["x", [1], []], ["x", [1], []], ["x", [0], []], ["x", [0], []], ["h", [1], []], ["h", [1], []], ["h", [1], []], ["cx", [2, 0], []], ["x", [0], []], ["cx", [1, 2], []], ["x", [2], []]], "pqc_circuit_tokens": [["x", [2], []], ["cx", [1, 2], []], ["x", [0], []], ["cx", [2, 0], []], ["h", [1], []], ["rz", [0], [-2.0877931118011475]], ["rx", [0], [1.0947933197021484]], ["rz", [0], [-2.039111375808716]], ["rz", [1], [0.1408492475748062]], ["rx", [1], [1.1279213428497314]], ["rz", [1], [0.1841401606798172]], ["rz", [2], [0.0383552648127079]], ["rx", [2], [2.9336020946502686]], ["rz", [2], [0.9080397486686707]], ["h", [1], []], ["h", [1], []], ["x", [0], []], ["x", [0], []], ["x", [1], []], ["rz", [0], [0.7741373181343079]], ["rx", [0], [-2.348222494125366]], ["rz", [0], [1.1670258045196533]], ["rz", [1], [-3.2278454303741455]], ["rx", [1], [-0.9051023721694946]], ["rz", [1], [1.890504240989685]], ["rz", [2], [-2.515316963195801]], ["rx", [2], [-1.7973554134368896]], ["rz", [2], [0.7901638746261597]], ["x", [1], []], ["x", [0], []], ["x", [0], []], ["h", [1], []], ["h", [1], []], ["rz", [0], [1.2094502449035645]], ["rx", [0], [-0.2638578712940216]], ["rz", [0], [-0.08684716373682022]], ["rz", [1], [0.40778085589408875]], ["rx", [1], [-0.865527331829071]], ["rz", [1], [-1.7724264860153198]], ["rz", [2], [2.4701907634735107]], ["rx", [2], [1.3416260480880737]], ["rz", [2], [1.1695060729980469]], ["h", [1], []], ["cx", [2, 0], []], ["x", [0], []], ["cx", [1, 2], []], ["x", [2], []], ["rz", [0], [-0.13281697034835815]], ["rx", [0], [-1.9237438440322876]], ["rz", [0], [0.059467900544404984]], ["rz", [1], [1.2904534339904785]], ["rx", [1], [-0.15658679604530334]], ["rz", [1], [1.8329678773880005]], ["rz", [2], [-2.983863353729248]], ["rx", [2], [0.9270972609519958]], ["rz", [2], [3.1113977432250977]]], "base_circuit_qasm": "OPENQASM 2.0;\ninclude \"qelib1.inc\";\nqreg q[3];\nx q[2];\ncx q[1],q[2];\nx q[0];\ncx q[2],q[0];\nh q[1];\nh q[1];\nh q[1];\nx q[0];\nx q[0];\nx q[1];\nx q[1];\nx q[0];\nx q[0];\nh q[1];\nh q[1];\nh q[1];\ncx q[2],q[0];\nx q[0];\ncx q[1],q[2];\nx q[2];", "pqc_circuit_qasm": "OPENQASM 2.0;\ninclude \"qelib1.inc\";\nqreg q[3];\nx q[2];\ncx q[1],q[2];\nx q[0];\ncx q[2],q[0];\nh q[1];\nrz(-2.0877931118011475) q[0];\nrx(1.0947933197021484) q[0];\nrz(-2.039111375808716) q[0];\nrz(0.1408492475748062) q[1];\nrx(1.1279213428497314) q[1];\nrz(0.1841401606798172) q[1];\nrz(0.0383552648127079) q[2];\nrx(2.9336020946502686) q[2];\nrz(0.9080397486686707) q[2];\nh q[1];\nh q[1];\nx q[0];\nx q[0];\nx q[1];\nrz(0.7741373181343079) q[0];\nrx(-2.348222494125366) q[0];\nrz(1.1670258045196533) q[0];\nrz(-3.2278454303741455) q[1];\nrx(-0.9051023721694946) q[1];\nrz(1.890504240989685) q[1];\nrz(-2.515316963195801) q[2];\nrx(-1.7973554134368896) q[2];\nrz(0.7901638746261597) q[2];\nx q[1];\nx q[0];\nx q[0];\nh q[1];\nh q[1];\nrz(1.2094502449035645) q[0];\nrx(-0.2638578712940216) q[0];\nrz(-0.08684716373682022) q[0];\nrz(0.40778085589408875) q[1];\nrx(-0.865527331829071) q[1];\nrz(-1.7724264860153198) q[1];\nrz(2.4701907634735107) q[2];\nrx(1.3416260480880737) q[2];\nrz(1.1695060729980469) q[2];\nh q[1];\ncx q[2],q[0];\nx q[0];\ncx q[1],q[2];\nx q[2];\nrz(-0.13281697034835815) q[0];\nrx(-1.9237438440322876) q[0];\nrz(0.059467900544404984) q[0];\nrz(1.2904534339904785) q[1];\nrx(-0.15658679604530334) q[1];\nrz(1.8329678773880005) q[1];\nrz(-2.983863353729248) q[2];\nrx(0.9270972609519958) q[2];\nrz(3.1113977432250977) q[2];"}