{"seed": 3026, "fidelity": 0.7454466223716736, "pqc_params": [[[0.37120598554611206, 2.916826009750366, -0.06819301098585129], [-1.3852096796035767, 0.523708164691925, -1.5357543230056763], [2.6995651721954346, 2.5772650241851807, 2.182988405227661]], [[-0.5149130821228027, 1.0320158004760742, -3.0327072143554688], [-0.0021352525800466537, -2.8973019123077393, 0.7530633211135864], [2.723074197769165, 2.717003107070923, 0.8966817855834961]], [[1.2011395692825317, 2.8082165718078613, -0.7240641713142395], [0.8986684083938599, -0.5466575026512146, -1.429291844367981], [2.6021382808685303, 3.255495309829712, -1.854439616203308]], [[-2.0579099655151367, 0.8066022992134094, -2.3539175987243652], [-0.407645046710968, -2.5197579860687256, 1.6855921745300293], [1.135225772857666, 0.050112318247556686, -1.8528860807418823]]], "base_circuit_tokens": [["x", [0], []], ["cx", [2, 1], []], ["cx", [1, 2], []], ["cx", [0, 2], []], ["h", [1], []], ["cx", [2, 0], []], ["cx", [0, 1], []], ["h", [2], []], ["h", [0], []], ["h", [2], []], ["h", [2], []], ["h", [0], []], ["h", [2], []], ["cx", [0, 1], []], ["cx", [2, 0], []], ["h", [1], []], ["cx", [0, 2], []], ["cx", [1, 2], []], ["cx", [2, 1], []], ["x", [0], []]], "pqc_circuit_tokens": [["x", [0], []], ["cx", [2, 1], []], ["cx", [1, 2], []], ["cx", [0, 2], []], ["h", [1], []], ["rz", [0], [0.37120598554611206]], ["rx", [0], [2.916826009750366]], ["rz", [0], [-0.06819301098585129]], ["rz", [1], [-1.3852096796035767]], ["rx", [1], [0.523708164691925]], ["rz", [1], [-1.5357543230056763]], ["rz", [2], [2.6995651721954346]], ["rx", [2], [2.5772650241851807]], ["rz", [2], [2.182988405227661]], ["cx", [2, 0], []], ["cx", [0, 1], []], ["h", [2], []], ["h", [0], []], ["h", [2], []], ["rz", [0], [-0.5149130821228027]], ["rx", [0], [1.0320158004760742]], ["rz", [0], [-3.0327072143554688]], ["rz", [1], [-0.0021352525800466537]], ["rx", [1], [-2.8973019123077393]], ["rz", [1], [0.7530633211135864]], ["rz", [2], [2.723074197769165]], ["rx", [2], [2.717003107070923]], ["rz", [2], [0.8966817855834961]], ["h", [2], []], ["h", [0], []], ["h", [2], []], ["cx", [0, 1], []], ["cx", [2, 0], []], ["rz", [0], [1.2011395692825317]], ["rx", [0], [2.8082165718078613]], ["rz", [0], [-0.7240641713142395]], ["rz", [1], [0.8986684083938599]], ["rx", [1], [-0.5466575026512146]], ["rz", [1], [-1.429291844367981]], ["rz", [2], [2.6021382808685303]], ["rx", [2], [3.255495309829712]], ["rz", [2], [-1.854439616203308]], ["h", [1], []], ["cx", [0, 2], []], ["cx", [1, 2], []], ["cx", [2, 1], []], ["x", [0], []], ["rz", [0], [-2.0579099655151367]], ["rx", [0], [0.8066022992134094]], ["rz", [0], [-2.3539175987243652]], ["rz", [1], [-0.407645046710968]], ["rx", [1], [-2.5197579860687256]], ["rz", [1], [1.6855921745300293]], ["rz", [2], [1.135225772857666]], ["rx", [2], [0.050112318247556686]], ["rz", [2], [-1.8528860807418823]]], "base_circuit_qasm": "OPENQASM 2.0;\ninclude \"qelib1.inc\";\nqreg q[3];\nx q[0];\ncx q[2],q[1];\ncx q[1],q[2];\ncx q[0],q[2];\nh q[1];\ncx q[2],q[0];\ncx q[0],q[1];\nh q[2];\nh q[0];\nh q[2];\nh q[2];\nh q[0];\nh q[2];\ncx q[0],q[1];\ncx q[2],q[0];\nh q[1];\ncx q[0],q[2];\ncx q[1],q[2];\ncx q[2],q[1];\nx q[0];", "pqc_circuit_qasm": "OPENQASM 2.0;\ninclude \"qelib1.inc\";\nqreg q[3];\nx q[0];\ncx q[2],q[1];\ncx q[1],q[2];\ncx q[0],q[2];\nh q[1];\nrz(0.37120598554611206) q[0];\nrx(2.916826009750366) q[0];\nrz(-0.06819301098585129) q[0];\nrz(-1.3852096796035767) q[1];\nrx(0.523708164691925) q[1];\nrz(-1.5357543230056763) q[1];\nrz(2.6995651721954346) q[2];\nrx(2.5772650241851807) q[2];\nrz(2.182988405227661) q[2];\ncx q[2],q[0];\ncx q[0],q[1];\nh q[2];\nh q[0];\nh q[2];\nrz(-0.5149130821228027) q[0];\nrx(1.0320158004760742) q[0];\nrz(-3.0327072143554688) q[0];\nrz(-0.0021352525800466537) q[1];\nrx(-2.8973019123077393) q[1];\nrz(0.7530633211135864) q[1];\nrz(2.723074197769165) q[2];\nrx(2.717003107070923) q[2];\nrz(0.8966817855834961) q[2];\nh q[2];\nh q[0];\nh q[2];\ncx q[0],q[1];\ncx q[2],q[0];\nrz(1.2011395692825317) q[0];\nrx(2.8082165718078613) q[0];\nrz(-0.7240641713142395) q[0];\nrz(0.8986684083938599) q[1];\nrx(-0.5466575026512146) q[1];\nrz(-1.429291844367981) q[1];\nrz(2.6021382808685303) q[2];\nrx(3.255495309829712) q[2];\nrz(-1.854439616203308) q[2];\nh q[1];\ncx q[0],q[2];\ncx q[1],q[2];\ncx q[2],q[1];\nx q[0];\nrz(-2.0579099655151367) q[0];\nrx(0.8066022992134094) q[0];\nrz(-2.3539175987243652) q[0];\nrz(-0.407645046710968) q[1];\nrx(-2.5197579860687256) q[1];\nrz(1.6855921745300293) q[1];\nrz(1.135225772857666) q[2];\nrx(0.050112318247556686) q[2];\nrz(-1.8528860807418823) q[2];"}