{"seed": 3028, "fidelity": 0.7324509024620056, "pqc_params": [[[-0.2557734549045563, 3.1811792850494385, 1.4076920747756958], [-2.6537675857543945, -0.6210911273956299, 2.6871111392974854], [-2.8563950061798096, -1.8120166063308716, 2.224400281906128]], [[0.624701738357544, -3.3990321159362793, -0.6593443751335144], [0.8083308339118958, 1.3348580598831177, 1.8407597541809082], [-2.7610526084899902, -1.9145375490188599, -2.9534592628479004]], [[-2.662959575653076, -0.07499447464942932, 0.042643237859010696], [0.6917327642440796, 1.742891788482666, 1.5872480869293213], [3.1748573780059814, 0.13572029769420624, -0.02232499048113823]], [[0.36100760102272034, -1.5585765838623047, -1.150771141052246], [1.9697495698928833, -0.2061602622270584, -1.011895775794983], [-2.773782253265381, 0.9943555593490601, -2.1350836753845215]]], "base_circuit_tokens": [["x", [1], []], ["x", [0], []], ["h", [0], []], ["h", [0], []], ["h", [2], []], ["h", [1], []], ["h", [1], []], ["h", [1], []], ["cx", [2, 0], []], ["h", [0], []], ["h", [0], []], ["cx", [2, 0], []], ["h", [1], []], ["h", [1], []], ["h", [1], []], ["h", [2], []], ["h", [0], []], ["h", [0], []], ["x", [0], []], ["x", [1], []]], "pqc_circuit_tokens": [["x", [1], []], ["x", [0], []], ["h", [0], []], ["h", [0], []], ["h", [2], []], ["rz", [0], [-0.2557734549045563]], ["rx", [0], [3.1811792850494385]], ["rz", [0], [1.4076920747756958]], ["rz", [1], [-2.6537675857543945]], ["rx", [1], [-0.6210911273956299]], ["rz", [1], [2.6871111392974854]], ["rz", [2], [-2.8563950061798096]], ["rx", [2], [-1.8120166063308716]], ["rz", [2], [2.224400281906128]], ["h", [1], []], ["h", [1], []], ["h", [1], []], ["cx", [2, 0], []], ["h", [0], []], ["rz", [0], [0.624701738357544]], ["rx", [0], [-3.3990321159362793]], ["rz", [0], [-0.6593443751335144]], ["rz", [1], [0.8083308339118958]], ["rx", [1], [1.3348580598831177]], ["rz", [1], [1.8407597541809082]], ["rz", [2], [-2.7610526084899902]], ["rx", [2], [-1.9145375490188599]], ["rz", [2], [-2.9534592628479004]], ["h", [0], []], ["cx", [2, 0], []], ["h", [1], []], ["h", [1], []], ["h", [1], []], ["rz", [0], [-2.662959575653076]], ["rx", [0], [-0.07499447464942932]], ["rz", [0], [0.042643237859010696]], ["rz", [1], [0.6917327642440796]], ["rx", [1], [1.742891788482666]], ["rz", [1], [1.5872480869293213]], ["rz", [2], [3.1748573780059814]], ["rx", [2], [0.13572029769420624]], ["rz", [2], [-0.02232499048113823]], ["h", [2], []], ["h", [0], []], ["h", [0], []], ["x", [0], []], ["x", [1], []], ["rz", [0], [0.36100760102272034]], ["rx", [0], [-1.5585765838623047]], ["rz", [0], [-1.150771141052246]], ["rz", [1], [1.9697495698928833]], ["rx", [1], [-0.2061602622270584]], ["rz", [1], [-1.011895775794983]], ["rz", [2], [-2.773782253265381]], ["rx", [2], [0.9943555593490601]], ["rz", [2], [-2.1350836753845215]]], "base_circuit_qasm": "OPENQASM 2.0;\ninclude \"qelib1.inc\";\nqreg q[3];\nx q[1];\nx q[0];\nh q[0];\nh q[0];\nh q[2];\nh q[1];\nh q[1];\nh q[1];\ncx q[2],q[0];\nh q[0];\nh q[0];\ncx q[2],q[0];\nh q[1];\nh q[1];\nh q[1];\nh q[2];\nh q[0];\nh q[0];\nx q[0];\nx q[1];", "pqc_circuit_qasm": "OPENQASM 2.0;\ninclude \"qelib1.inc\";\nqreg q[3];\nx q[1];\nx q[0];\nh q[0];\nh q[0];\nh q[2];\nrz(-0.2557734549045563) q[0];\nrx(3.1811792850494385) q[0];\nrz(1.4076920747756958) q[0];\nrz(-2.6537675857543945) q[1];\nrx(-0.6210911273956299) q[1];\nrz(2.6871111392974854) q[1];\nrz(-2.8563950061798096) q[2];\nrx(-1.8120166063308716) q[2];\nrz(2.224400281906128) q[2];\nh q[1];\nh q[1];\nh q[1];\ncx q[2],q[0];\nh q[0];\nrz(0.624701738357544) q[0];\nrx(-3.3990321159362793) q[0];\nrz(-0.6593443751335144) q[0];\nrz(0.8083308339118958) q[1];\nrx(1.3348580598831177) q[1];\nrz(1.8407597541809082) q[1];\nrz(-2.7610526084899902) q[2];\nrx(-1.9145375490188599) q[2];\nrz(-2.9534592628479004) q[2];\nh q[0];\ncx q[2],q[0];\nh q[1];\nh q[1];\nh q[1];\nrz(-2.662959575653076) q[0];\nrx(-0.07499447464942932) q[0];\nrz(0.042643237859010696) q[0];\nrz(0.6917327642440796) q[1];\nrx(1.742891788482666) q[1];\nrz(1.5872480869293213) q[1];\nrz(3.1748573780059814) q[2];\nrx(0.13572029769420624) q[2];\nrz(-0.02232499048113823) q[2];\nh q[2];\nh q[0];\nh q[0];\nx q[0];\nx q[1];\nrz(0.36100760102272034) q[0];\nrx(-1.5585765838623047) q[0];\nrz(-1.150771141052246) q[0];\nrz(1.9697495698928833) q[1];\nrx(-0.2061602622270584) q[1];\nrz(-1.011895775794983) q[1];\nrz(-2.773782253265381) q[2];\nrx(0.9943555593490601) q[2];\nrz(-2.1350836753845215) q[2];"}