{"seed": 303, "fidelity": 0.9375425577163696, "pqc_params": [[[1.6273198127746582, -1.5944602489471436, -0.601136326789856], [1.4216850996017456, 1.399429440498352, 2.2475669384002686], [-2.387409210205078, -2.115196943283081, -1.734057903289795]], [[-0.6644967198371887, -0.17966468632221222, 1.2574801445007324], [-0.019528057426214218, -0.5864465236663818, 2.4641060829162598], [-0.6888039112091064, 3.1159820556640625, 2.562494993209839]], [[0.6632469892501831, 1.330154299736023, 0.8989981412887573], [-2.6555702686309814, -1.6129757165908813, 1.795718789100647], [0.6550706624984741, -0.22389990091323853, -1.177839756011963]], [[0.5529254674911499, 2.636172294616699, -0.061797790229320526], [-3.0506627559661865, 0.28896260261535645, 2.759089708328247], [0.7125561833381653, -2.000685691833496, 0.8489537239074707]]], "base_circuit_tokens": [["h", [0], []], ["cx", [1, 0], []], ["h", [2], []], ["cx", [0, 1], []], ["cx", [0, 1], []], ["h", [1], []], ["x", [0], []], ["h", [2], []], ["h", [2], []], ["cx", [1, 2], []], ["cx", [1, 2], []], ["h", [2], []], ["h", [2], []], ["x", [0], []], ["h", [1], []], ["cx", [0, 1], []], ["cx", [0, 1], []], ["h", [2], []], ["cx", [1, 0], []], ["h", [0], []]], "pqc_circuit_tokens": [["h", [0], []], ["cx", [1, 0], []], ["h", [2], []], ["cx", [0, 1], []], ["cx", [0, 1], []], ["rz", [0], [1.6273198127746582]], ["rx", [0], [-1.5944602489471436]], ["rz", [0], [-0.601136326789856]], ["rz", [1], [1.4216850996017456]], ["rx", [1], [1.399429440498352]], ["rz", [1], [2.2475669384002686]], ["rz", [2], [-2.387409210205078]], ["rx", [2], [-2.115196943283081]], ["rz", [2], [-1.734057903289795]], ["h", [1], []], ["x", [0], []], ["h", [2], []], ["h", [2], []], ["cx", [1, 2], []], ["rz", [0], [-0.6644967198371887]], ["rx", [0], [-0.17966468632221222]], ["rz", [0], [1.2574801445007324]], ["rz", [1], [-0.019528057426214218]], ["rx", [1], [-0.5864465236663818]], ["rz", [1], [2.4641060829162598]], ["rz", [2], [-0.6888039112091064]], ["rx", [2], [3.1159820556640625]], ["rz", [2], [2.562494993209839]], ["cx", [1, 2], []], ["h", [2], []], ["h", [2], []], ["x", [0], []], ["h", [1], []], ["rz", [0], [0.6632469892501831]], ["rx", [0], [1.330154299736023]], ["rz", [0], [0.8989981412887573]], ["rz", [1], [-2.6555702686309814]], ["rx", [1], [-1.6129757165908813]], ["rz", [1], [1.795718789100647]], ["rz", [2], [0.6550706624984741]], ["rx", [2], [-0.22389990091323853]], ["rz", [2], [-1.177839756011963]], ["cx", [0, 1], []], ["cx", [0, 1], []], ["h", [2], []], ["cx", [1, 0], []], ["h", [0], []], ["rz", [0], [0.5529254674911499]], ["rx", [0], [2.636172294616699]], ["rz", [0], [-0.061797790229320526]], ["rz", [1], [-3.0506627559661865]], ["rx", [1], [0.28896260261535645]], ["rz", [1], [2.759089708328247]], ["rz", [2], [0.7125561833381653]], ["rx", [2], [-2.000685691833496]], ["rz", [2], [0.8489537239074707]]], "base_circuit_qasm": "OPENQASM 2.0;\ninclude \"qelib1.inc\";\nqreg q[3];\nh q[0];\ncx q[1],q[0];\nh q[2];\ncx q[0],q[1];\ncx q[0],q[1];\nh q[1];\nx q[0];\nh q[2];\nh q[2];\ncx q[1],q[2];\ncx q[1],q[2];\nh q[2];\nh q[2];\nx q[0];\nh q[1];\ncx q[0],q[1];\ncx q[0],q[1];\nh q[2];\ncx q[1],q[0];\nh q[0];", "pqc_circuit_qasm": "OPENQASM 2.0;\ninclude \"qelib1.inc\";\nqreg q[3];\nh q[0];\ncx q[1],q[0];\nh q[2];\ncx q[0],q[1];\ncx q[0],q[1];\nrz(1.6273198127746582) q[0];\nrx(-1.5944602489471436) q[0];\nrz(-0.601136326789856) q[0];\nrz(1.4216850996017456) q[1];\nrx(1.399429440498352) q[1];\nrz(2.2475669384002686) q[1];\nrz(-2.387409210205078) q[2];\nrx(-2.115196943283081) q[2];\nrz(-1.734057903289795) q[2];\nh q[1];\nx q[0];\nh q[2];\nh q[2];\ncx q[1],q[2];\nrz(-0.6644967198371887) q[0];\nrx(-0.17966468632221222) q[0];\nrz(1.2574801445007324) q[0];\nrz(-0.019528057426214218) q[1];\nrx(-0.5864465236663818) q[1];\nrz(2.4641060829162598) q[1];\nrz(-0.6888039112091064) q[2];\nrx(3.1159820556640625) q[2];\nrz(2.562494993209839) q[2];\ncx q[1],q[2];\nh q[2];\nh q[2];\nx q[0];\nh q[1];\nrz(0.6632469892501831) q[0];\nrx(1.330154299736023) q[0];\nrz(0.8989981412887573) q[0];\nrz(-2.6555702686309814) q[1];\nrx(-1.6129757165908813) q[1];\nrz(1.795718789100647) q[1];\nrz(0.6550706624984741) q[2];\nrx(-0.22389990091323853) q[2];\nrz(-1.177839756011963) q[2];\ncx q[0],q[1];\ncx q[0],q[1];\nh q[2];\ncx q[1],q[0];\nh q[0];\nrz(0.5529254674911499) q[0];\nrx(2.636172294616699) q[0];\nrz(-0.061797790229320526) q[0];\nrz(-3.0506627559661865) q[1];\nrx(0.28896260261535645) q[1];\nrz(2.759089708328247) q[1];\nrz(0.7125561833381653) q[2];\nrx(-2.000685691833496) q[2];\nrz(0.8489537239074707) q[2];"}