{"seed": 3067, "fidelity": 0.7858094573020935, "pqc_params": [[[3.4029457569122314, -2.744300365447998, -2.048184871673584], [-1.9903459548950195, -3.2245378494262695, 0.45904070138931274], [2.6256933212280273, 4.292703151702881, -1.0818226337432861]], [[1.2799029350280762, 0.7282082438468933, -0.057715628296136856], [2.2948057651519775, 0.7224116325378418, -0.9694229960441589], [2.911616563796997, -1.4068223237991333, -3.1142377853393555]], [[0.923344075679779, 1.697999119758606, 2.4576644897460938], [-2.4494452476501465, 1.9328571557998657, 1.4396140575408936], [0.663050651550293, 0.8857212662696838, -0.7576984167098999]], [[0.07349911332130432, -0.8363314270973206, -1.5929234027862549], [0.03754030913114548, 1.478190302848816, 0.05990385264158249], [-0.5782687067985535, 1.4449877738952637, -1.819528579711914]]], "base_circuit_tokens": [["h", [2], []], ["x", [1], []], ["h", [2], []], ["cx", [0, 1], []], ["h", [0], []], ["x", [0], []], ["h", [1], []], ["x", [0], []], ["h", [2], []], ["cx", [0, 2], []], ["cx", [0, 2], []], ["h", [2], []], ["x", [0], []], ["h", [1], []], ["x", [0], []], ["h", [0], []], ["cx", [0, 1], []], ["h", [2], []], ["x", [1], []], ["h", [2], []]], "pqc_circuit_tokens": [["h", [2], []], ["x", [1], []], ["h", [2], []], ["cx", [0, 1], []], ["h", [0], []], ["rz", [0], [3.4029457569122314]], ["rx", [0], [-2.744300365447998]], ["rz", [0], [-2.048184871673584]], ["rz", [1], [-1.9903459548950195]], ["rx", [1], [-3.2245378494262695]], ["rz", [1], [0.45904070138931274]], ["rz", [2], [2.6256933212280273]], ["rx", [2], [4.292703151702881]], ["rz", [2], [-1.0818226337432861]], ["x", [0], []], ["h", [1], []], ["x", [0], []], ["h", [2], []], ["cx", [0, 2], []], ["rz", [0], [1.2799029350280762]], ["rx", [0], [0.7282082438468933]], ["rz", [0], [-0.057715628296136856]], ["rz", [1], [2.2948057651519775]], ["rx", [1], [0.7224116325378418]], ["rz", [1], [-0.9694229960441589]], ["rz", [2], [2.911616563796997]], ["rx", [2], [-1.4068223237991333]], ["rz", [2], [-3.1142377853393555]], ["cx", [0, 2], []], ["h", [2], []], ["x", [0], []], ["h", [1], []], ["x", [0], []], ["rz", [0], [0.923344075679779]], ["rx", [0], [1.697999119758606]], ["rz", [0], [2.4576644897460938]], ["rz", [1], [-2.4494452476501465]], ["rx", [1], [1.9328571557998657]], ["rz", [1], [1.4396140575408936]], ["rz", [2], [0.663050651550293]], ["rx", [2], [0.8857212662696838]], ["rz", [2], [-0.7576984167098999]], ["h", [0], []], ["cx", [0, 1], []], ["h", [2], []], ["x", [1], []], ["h", [2], []], ["rz", [0], [0.07349911332130432]], ["rx", [0], [-0.8363314270973206]], ["rz", [0], [-1.5929234027862549]], ["rz", [1], [0.03754030913114548]], ["rx", [1], [1.478190302848816]], ["rz", [1], [0.05990385264158249]], ["rz", [2], [-0.5782687067985535]], ["rx", [2], [1.4449877738952637]], ["rz", [2], [-1.819528579711914]]], "base_circuit_qasm": "OPENQASM 2.0;\ninclude \"qelib1.inc\";\nqreg q[3];\nh q[2];\nx q[1];\nh q[2];\ncx q[0],q[1];\nh q[0];\nx q[0];\nh q[1];\nx q[0];\nh q[2];\ncx q[0],q[2];\ncx q[0],q[2];\nh q[2];\nx q[0];\nh q[1];\nx q[0];\nh q[0];\ncx q[0],q[1];\nh q[2];\nx q[1];\nh q[2];", "pqc_circuit_qasm": "OPENQASM 2.0;\ninclude \"qelib1.inc\";\nqreg q[3];\nh q[2];\nx q[1];\nh q[2];\ncx q[0],q[1];\nh q[0];\nrz(3.4029457569122314) q[0];\nrx(-2.744300365447998) q[0];\nrz(-2.048184871673584) q[0];\nrz(-1.9903459548950195) q[1];\nrx(-3.2245378494262695) q[1];\nrz(0.45904070138931274) q[1];\nrz(2.6256933212280273) q[2];\nrx(4.292703151702881) q[2];\nrz(-1.0818226337432861) q[2];\nx q[0];\nh q[1];\nx q[0];\nh q[2];\ncx q[0],q[2];\nrz(1.2799029350280762) q[0];\nrx(0.7282082438468933) q[0];\nrz(-0.057715628296136856) q[0];\nrz(2.2948057651519775) q[1];\nrx(0.7224116325378418) q[1];\nrz(-0.9694229960441589) q[1];\nrz(2.911616563796997) q[2];\nrx(-1.4068223237991333) q[2];\nrz(-3.1142377853393555) q[2];\ncx q[0],q[2];\nh q[2];\nx q[0];\nh q[1];\nx q[0];\nrz(0.923344075679779) q[0];\nrx(1.697999119758606) q[0];\nrz(2.4576644897460938) q[0];\nrz(-2.4494452476501465) q[1];\nrx(1.9328571557998657) q[1];\nrz(1.4396140575408936) q[1];\nrz(0.663050651550293) q[2];\nrx(0.8857212662696838) q[2];\nrz(-0.7576984167098999) q[2];\nh q[0];\ncx q[0],q[1];\nh q[2];\nx q[1];\nh q[2];\nrz(0.07349911332130432) q[0];\nrx(-0.8363314270973206) q[0];\nrz(-1.5929234027862549) q[0];\nrz(0.03754030913114548) q[1];\nrx(1.478190302848816) q[1];\nrz(0.05990385264158249) q[1];\nrz(-0.5782687067985535) q[2];\nrx(1.4449877738952637) q[2];\nrz(-1.819528579711914) q[2];"}