{"seed": 3147, "fidelity": 0.8936460614204407, "pqc_params": [[[-1.547371745109558, 1.9515146017074585, 2.5118563175201416], [1.522797703742981, 1.81349778175354, 3.6775453090667725], [-0.5326074957847595, -3.0164482593536377, -1.9719643592834473]], [[2.443481206893921, 0.1014847457408905, 2.1038191318511963], [-2.030094623565674, -2.9011383056640625, -1.9387856721878052], [0.9290739893913269, -0.23349629342556, -1.4562709331512451]], [[-1.0902281999588013, 1.1668381690979004, 1.2560919523239136], [-3.1732020378112793, 3.964826822280884, 2.973015308380127], [0.6806574463844299, 2.18113374710083, 3.298738718032837]], [[1.4346511363983154, -3.5959246158599854, 1.94134521484375], [0.5279220938682556, 2.289095878601074, -1.0381609201431274], [0.03926076740026474, -0.8369752764701843, 2.5503480434417725]]], "base_circuit_tokens": [["x", [2], []], ["x", [0], []], ["x", [2], []], ["h", [0], []], ["x", [1], []], ["cx", [2, 1], []], ["x", [0], []], ["cx", [0, 2], []], ["h", [2], []], ["h", [2], []], ["h", [2], []], ["h", [2], []], ["cx", [0, 2], []], ["x", [0], []], ["cx", [2, 1], []], ["x", [1], []], ["h", [0], []], ["x", [2], []], ["x", [0], []], ["x", [2], []]], "pqc_circuit_tokens": [["x", [2], []], ["x", [0], []], ["x", [2], []], ["h", [0], []], ["x", [1], []], ["rz", [0], [-1.547371745109558]], ["rx", [0], [1.9515146017074585]], ["rz", [0], [2.5118563175201416]], ["rz", [1], [1.522797703742981]], ["rx", [1], [1.81349778175354]], ["rz", [1], [3.6775453090667725]], ["rz", [2], [-0.5326074957847595]], ["rx", [2], [-3.0164482593536377]], ["rz", [2], [-1.9719643592834473]], ["cx", [2, 1], []], ["x", [0], []], ["cx", [0, 2], []], ["h", [2], []], ["h", [2], []], ["rz", [0], [2.443481206893921]], ["rx", [0], [0.1014847457408905]], ["rz", [0], [2.1038191318511963]], ["rz", [1], [-2.030094623565674]], ["rx", [1], [-2.9011383056640625]], ["rz", [1], [-1.9387856721878052]], ["rz", [2], [0.9290739893913269]], ["rx", [2], [-0.23349629342556]], ["rz", [2], [-1.4562709331512451]], ["h", [2], []], ["h", [2], []], ["cx", [0, 2], []], ["x", [0], []], ["cx", [2, 1], []], ["rz", [0], [-1.0902281999588013]], ["rx", [0], [1.1668381690979004]], ["rz", [0], [1.2560919523239136]], ["rz", [1], [-3.1732020378112793]], ["rx", [1], [3.964826822280884]], ["rz", [1], [2.973015308380127]], ["rz", [2], [0.6806574463844299]], ["rx", [2], [2.18113374710083]], ["rz", [2], [3.298738718032837]], ["x", [1], []], ["h", [0], []], ["x", [2], []], ["x", [0], []], ["x", [2], []], ["rz", [0], [1.4346511363983154]], ["rx", [0], [-3.5959246158599854]], ["rz", [0], [1.94134521484375]], ["rz", [1], [0.5279220938682556]], ["rx", [1], [2.289095878601074]], ["rz", [1], [-1.0381609201431274]], ["rz", [2], [0.03926076740026474]], ["rx", [2], [-0.8369752764701843]], ["rz", [2], [2.5503480434417725]]], "base_circuit_qasm": "OPENQASM 2.0;\ninclude \"qelib1.inc\";\nqreg q[3];\nx q[2];\nx q[0];\nx q[2];\nh q[0];\nx q[1];\ncx q[2],q[1];\nx q[0];\ncx q[0],q[2];\nh q[2];\nh q[2];\nh q[2];\nh q[2];\ncx q[0],q[2];\nx q[0];\ncx q[2],q[1];\nx q[1];\nh q[0];\nx q[2];\nx q[0];\nx q[2];", "pqc_circuit_qasm": "OPENQASM 2.0;\ninclude \"qelib1.inc\";\nqreg q[3];\nx q[2];\nx q[0];\nx q[2];\nh q[0];\nx q[1];\nrz(-1.547371745109558) q[0];\nrx(1.9515146017074585) q[0];\nrz(2.5118563175201416) q[0];\nrz(1.522797703742981) q[1];\nrx(1.81349778175354) q[1];\nrz(3.6775453090667725) q[1];\nrz(-0.5326074957847595) q[2];\nrx(-3.0164482593536377) q[2];\nrz(-1.9719643592834473) q[2];\ncx q[2],q[1];\nx q[0];\ncx q[0],q[2];\nh q[2];\nh q[2];\nrz(2.443481206893921) q[0];\nrx(0.1014847457408905) q[0];\nrz(2.1038191318511963) q[0];\nrz(-2.030094623565674) q[1];\nrx(-2.9011383056640625) q[1];\nrz(-1.9387856721878052) q[1];\nrz(0.9290739893913269) q[2];\nrx(-0.23349629342556) q[2];\nrz(-1.4562709331512451) q[2];\nh q[2];\nh q[2];\ncx q[0],q[2];\nx q[0];\ncx q[2],q[1];\nrz(-1.0902281999588013) q[0];\nrx(1.1668381690979004) q[0];\nrz(1.2560919523239136) q[0];\nrz(-3.1732020378112793) q[1];\nrx(3.964826822280884) q[1];\nrz(2.973015308380127) q[1];\nrz(0.6806574463844299) q[2];\nrx(2.18113374710083) q[2];\nrz(3.298738718032837) q[2];\nx q[1];\nh q[0];\nx q[2];\nx q[0];\nx q[2];\nrz(1.4346511363983154) q[0];\nrx(-3.5959246158599854) q[0];\nrz(1.94134521484375) q[0];\nrz(0.5279220938682556) q[1];\nrx(2.289095878601074) q[1];\nrz(-1.0381609201431274) q[1];\nrz(0.03926076740026474) q[2];\nrx(-0.8369752764701843) q[2];\nrz(2.5503480434417725) q[2];"}