{"seed": 3188, "fidelity": 0.909564197063446, "pqc_params": [[[-3.439377546310425, -2.3891162872314453, -3.195272445678711], [-1.2235841751098633, 1.6801410913467407, -2.4082186222076416], [2.2357795238494873, -1.5435603857040405, 0.36094847321510315]], [[2.023613214492798, -0.7581853866577148, -1.5588802099227905], [0.41515064239501953, 3.354680299758911, -3.142951250076294], [3.1029515266418457, 0.10885607451200485, -0.9373993277549744]], [[1.0240466594696045, -0.8564955592155457, -1.7534337043762207], [1.041277289390564, 1.5670487880706787, 1.1443694829940796], [-2.878322124481201, -1.2902113199234009, -2.430422306060791]], [[3.1024558544158936, 2.609102249145508, 0.07040490955114365], [1.817208170890808, 0.026330819353461266, -1.7472898960113525], [-0.11949976533651352, 1.4529812335968018, 3.166318893432617]]], "base_circuit_tokens": [["cx", [0, 2], []], ["x", [2], []], ["x", [2], []], ["h", [2], []], ["cx", [1, 0], []], ["h", [0], []], ["h", [2], []], ["h", [2], []], ["x", [0], []], ["x", [0], []], ["x", [0], []], ["x", [0], []], ["h", [2], []], ["h", [2], []], ["h", [0], []], ["cx", [1, 0], []], ["h", [2], []], ["x", [2], []], ["x", [2], []], ["cx", [0, 2], []]], "pqc_circuit_tokens": [["cx", [0, 2], []], ["x", [2], []], ["x", [2], []], ["h", [2], []], ["cx", [1, 0], []], ["rz", [0], [-3.439377546310425]], ["rx", [0], [-2.3891162872314453]], ["rz", [0], [-3.195272445678711]], ["rz", [1], [-1.2235841751098633]], ["rx", [1], [1.6801410913467407]], ["rz", [1], [-2.4082186222076416]], ["rz", [2], [2.2357795238494873]], ["rx", [2], [-1.5435603857040405]], ["rz", [2], [0.36094847321510315]], ["h", [0], []], ["h", [2], []], ["h", [2], []], ["x", [0], []], ["x", [0], []], ["rz", [0], [2.023613214492798]], ["rx", [0], [-0.7581853866577148]], ["rz", [0], [-1.5588802099227905]], ["rz", [1], [0.41515064239501953]], ["rx", [1], [3.354680299758911]], ["rz", [1], [-3.142951250076294]], ["rz", [2], [3.1029515266418457]], ["rx", [2], [0.10885607451200485]], ["rz", [2], [-0.9373993277549744]], ["x", [0], []], ["x", [0], []], ["h", [2], []], ["h", [2], []], ["h", [0], []], ["rz", [0], [1.0240466594696045]], ["rx", [0], [-0.8564955592155457]], ["rz", [0], [-1.7534337043762207]], ["rz", [1], [1.041277289390564]], ["rx", [1], [1.5670487880706787]], ["rz", [1], [1.1443694829940796]], ["rz", [2], [-2.878322124481201]], ["rx", [2], [-1.2902113199234009]], ["rz", [2], [-2.430422306060791]], ["cx", [1, 0], []], ["h", [2], []], ["x", [2], []], ["x", [2], []], ["cx", [0, 2], []], ["rz", [0], [3.1024558544158936]], ["rx", [0], [2.609102249145508]], ["rz", [0], [0.07040490955114365]], ["rz", [1], [1.817208170890808]], ["rx", [1], [0.026330819353461266]], ["rz", [1], [-1.7472898960113525]], ["rz", [2], [-0.11949976533651352]], ["rx", [2], [1.4529812335968018]], ["rz", [2], [3.166318893432617]]], "base_circuit_qasm": "OPENQASM 2.0;\ninclude \"qelib1.inc\";\nqreg q[3];\ncx q[0],q[2];\nx q[2];\nx q[2];\nh q[2];\ncx q[1],q[0];\nh q[0];\nh q[2];\nh q[2];\nx q[0];\nx q[0];\nx q[0];\nx q[0];\nh q[2];\nh q[2];\nh q[0];\ncx q[1],q[0];\nh q[2];\nx q[2];\nx q[2];\ncx q[0],q[2];", "pqc_circuit_qasm": "OPENQASM 2.0;\ninclude \"qelib1.inc\";\nqreg q[3];\ncx q[0],q[2];\nx q[2];\nx q[2];\nh q[2];\ncx q[1],q[0];\nrz(-3.439377546310425) q[0];\nrx(-2.3891162872314453) q[0];\nrz(-3.195272445678711) q[0];\nrz(-1.2235841751098633) q[1];\nrx(1.6801410913467407) q[1];\nrz(-2.4082186222076416) q[1];\nrz(2.2357795238494873) q[2];\nrx(-1.5435603857040405) q[2];\nrz(0.36094847321510315) q[2];\nh q[0];\nh q[2];\nh q[2];\nx q[0];\nx q[0];\nrz(2.023613214492798) q[0];\nrx(-0.7581853866577148) q[0];\nrz(-1.5588802099227905) q[0];\nrz(0.41515064239501953) q[1];\nrx(3.354680299758911) q[1];\nrz(-3.142951250076294) q[1];\nrz(3.1029515266418457) q[2];\nrx(0.10885607451200485) q[2];\nrz(-0.9373993277549744) q[2];\nx q[0];\nx q[0];\nh q[2];\nh q[2];\nh q[0];\nrz(1.0240466594696045) q[0];\nrx(-0.8564955592155457) q[0];\nrz(-1.7534337043762207) q[0];\nrz(1.041277289390564) q[1];\nrx(1.5670487880706787) q[1];\nrz(1.1443694829940796) q[1];\nrz(-2.878322124481201) q[2];\nrx(-1.2902113199234009) q[2];\nrz(-2.430422306060791) q[2];\ncx q[1],q[0];\nh q[2];\nx q[2];\nx q[2];\ncx q[0],q[2];\nrz(3.1024558544158936) q[0];\nrx(2.609102249145508) q[0];\nrz(0.07040490955114365) q[0];\nrz(1.817208170890808) q[1];\nrx(0.026330819353461266) q[1];\nrz(-1.7472898960113525) q[1];\nrz(-0.11949976533651352) q[2];\nrx(1.4529812335968018) q[2];\nrz(3.166318893432617) q[2];"}