{"seed": 3358, "fidelity": 0.9305064082145691, "pqc_params": [[[-0.9520822763442993, 2.497188091278076, 0.18597586452960968], [0.16150476038455963, 2.9460930824279785, 0.8640527129173279], [-2.76269793510437, 0.10181547701358795, -0.5565981864929199]], [[2.497314691543579, 2.097522735595703, -0.4670029282569885], [-2.920680284500122, 0.09826123714447021, 0.6068998575210571], [-1.5911821126937866, 2.8154282569885254, -1.4975160360336304]], [[1.6466256380081177, 0.7379112243652344, -0.9089865684509277], [0.911299467086792, 1.348322868347168, -1.4515515565872192], [-0.13236378133296967, 1.1292481422424316, -3.209071397781372]], [[1.9387370347976685, 1.4665145874023438, 0.6575103402137756], [0.5264348387718201, -1.7717714309692383, -1.537463665008545], [0.1647859662771225, 0.3172246515750885, -2.1210410594940186]]], "base_circuit_tokens": [["x", [1], []], ["cx", [2, 0], []], ["h", [1], []], ["x", [1], []], ["h", [2], []], ["h", [0], []], ["cx", [1, 2], []], ["h", [0], []], ["x", [0], []], ["cx", [0, 2], []], ["cx", [0, 2], []], ["x", [0], []], ["h", [0], []], ["cx", [1, 2], []], ["h", [0], []], ["h", [2], []], ["x", [1], []], ["h", [1], []], ["cx", [2, 0], []], ["x", [1], []]], "pqc_circuit_tokens": [["x", [1], []], ["cx", [2, 0], []], ["h", [1], []], ["x", [1], []], ["h", [2], []], ["rz", [0], [-0.9520822763442993]], ["rx", [0], [2.497188091278076]], ["rz", [0], [0.18597586452960968]], ["rz", [1], [0.16150476038455963]], ["rx", [1], [2.9460930824279785]], ["rz", [1], [0.8640527129173279]], ["rz", [2], [-2.76269793510437]], ["rx", [2], [0.10181547701358795]], ["rz", [2], [-0.5565981864929199]], ["h", [0], []], ["cx", [1, 2], []], ["h", [0], []], ["x", [0], []], ["cx", [0, 2], []], ["rz", [0], [2.497314691543579]], ["rx", [0], [2.097522735595703]], ["rz", [0], [-0.4670029282569885]], ["rz", [1], [-2.920680284500122]], ["rx", [1], [0.09826123714447021]], ["rz", [1], [0.6068998575210571]], ["rz", [2], [-1.5911821126937866]], ["rx", [2], [2.8154282569885254]], ["rz", [2], [-1.4975160360336304]], ["cx", [0, 2], []], ["x", [0], []], ["h", [0], []], ["cx", [1, 2], []], ["h", [0], []], ["rz", [0], [1.6466256380081177]], ["rx", [0], [0.7379112243652344]], ["rz", [0], [-0.9089865684509277]], ["rz", [1], [0.911299467086792]], ["rx", [1], [1.348322868347168]], ["rz", [1], [-1.4515515565872192]], ["rz", [2], [-0.13236378133296967]], ["rx", [2], [1.1292481422424316]], ["rz", [2], [-3.209071397781372]], ["h", [2], []], ["x", [1], []], ["h", [1], []], ["cx", [2, 0], []], ["x", [1], []], ["rz", [0], [1.9387370347976685]], ["rx", [0], [1.4665145874023438]], ["rz", [0], [0.6575103402137756]], ["rz", [1], [0.5264348387718201]], ["rx", [1], [-1.7717714309692383]], ["rz", [1], [-1.537463665008545]], ["rz", [2], [0.1647859662771225]], ["rx", [2], [0.3172246515750885]], ["rz", [2], [-2.1210410594940186]]], "base_circuit_qasm": "OPENQASM 2.0;\ninclude \"qelib1.inc\";\nqreg q[3];\nx q[1];\ncx q[2],q[0];\nh q[1];\nx q[1];\nh q[2];\nh q[0];\ncx q[1],q[2];\nh q[0];\nx q[0];\ncx q[0],q[2];\ncx q[0],q[2];\nx q[0];\nh q[0];\ncx q[1],q[2];\nh q[0];\nh q[2];\nx q[1];\nh q[1];\ncx q[2],q[0];\nx q[1];", "pqc_circuit_qasm": "OPENQASM 2.0;\ninclude \"qelib1.inc\";\nqreg q[3];\nx q[1];\ncx q[2],q[0];\nh q[1];\nx q[1];\nh q[2];\nrz(-0.9520822763442993) q[0];\nrx(2.497188091278076) q[0];\nrz(0.18597586452960968) q[0];\nrz(0.16150476038455963) q[1];\nrx(2.9460930824279785) q[1];\nrz(0.8640527129173279) q[1];\nrz(-2.76269793510437) q[2];\nrx(0.10181547701358795) q[2];\nrz(-0.5565981864929199) q[2];\nh q[0];\ncx q[1],q[2];\nh q[0];\nx q[0];\ncx q[0],q[2];\nrz(2.497314691543579) q[0];\nrx(2.097522735595703) q[0];\nrz(-0.4670029282569885) q[0];\nrz(-2.920680284500122) q[1];\nrx(0.09826123714447021) q[1];\nrz(0.6068998575210571) q[1];\nrz(-1.5911821126937866) q[2];\nrx(2.8154282569885254) q[2];\nrz(-1.4975160360336304) q[2];\ncx q[0],q[2];\nx q[0];\nh q[0];\ncx q[1],q[2];\nh q[0];\nrz(1.6466256380081177) q[0];\nrx(0.7379112243652344) q[0];\nrz(-0.9089865684509277) q[0];\nrz(0.911299467086792) q[1];\nrx(1.348322868347168) q[1];\nrz(-1.4515515565872192) q[1];\nrz(-0.13236378133296967) q[2];\nrx(1.1292481422424316) q[2];\nrz(-3.209071397781372) q[2];\nh q[2];\nx q[1];\nh q[1];\ncx q[2],q[0];\nx q[1];\nrz(1.9387370347976685) q[0];\nrx(1.4665145874023438) q[0];\nrz(0.6575103402137756) q[0];\nrz(0.5264348387718201) q[1];\nrx(-1.7717714309692383) q[1];\nrz(-1.537463665008545) q[1];\nrz(0.1647859662771225) q[2];\nrx(0.3172246515750885) q[2];\nrz(-2.1210410594940186) q[2];"}