{"seed": 3409, "fidelity": 0.8525566458702087, "pqc_params": [[[-2.1443729400634766, 2.875988483428955, -2.4410321712493896], [-0.16037604212760925, -1.2218724489212036, 2.937335968017578], [-1.673620581626892, 3.319180965423584, -1.7748216390609741]], [[1.2858203649520874, 0.16029326617717743, -2.6486823558807373], [1.1658574342727661, 0.00027709431014955044, -1.4856756925582886], [2.183903694152832, 0.14736907184123993, 1.6261156797409058]], [[1.365782380104065, -2.6573374271392822, 2.12408447265625], [-2.7431740760803223, -0.1652451753616333, -0.5536195635795593], [-0.6405019164085388, 0.8794190883636475, 0.15616707503795624]], [[2.8258609771728516, 0.3150559663772583, 3.3409297466278076], [3.108909845352173, -1.5651315450668335, -3.0492897033691406], [1.5583196878433228, 0.8266392350196838, 0.3162032961845398]]], "base_circuit_tokens": [["cx", [2, 0], []], ["x", [1], []], ["x", [2], []], ["cx", [0, 1], []], ["h", [2], []], ["h", [1], []], ["cx", [1, 2], []], ["h", [2], []], ["h", [1], []], ["x", [0], []], ["x", [0], []], ["h", [1], []], ["h", [2], []], ["cx", [1, 2], []], ["h", [1], []], ["h", [2], []], ["cx", [0, 1], []], ["x", [2], []], ["x", [1], []], ["cx", [2, 0], []]], "pqc_circuit_tokens": [["cx", [2, 0], []], ["x", [1], []], ["x", [2], []], ["cx", [0, 1], []], ["h", [2], []], ["rz", [0], [-2.1443729400634766]], ["rx", [0], [2.875988483428955]], ["rz", [0], [-2.4410321712493896]], ["rz", [1], [-0.16037604212760925]], ["rx", [1], [-1.2218724489212036]], ["rz", [1], [2.937335968017578]], ["rz", [2], [-1.673620581626892]], ["rx", [2], [3.319180965423584]], ["rz", [2], [-1.7748216390609741]], ["h", [1], []], ["cx", [1, 2], []], ["h", [2], []], ["h", [1], []], ["x", [0], []], ["rz", [0], [1.2858203649520874]], ["rx", [0], [0.16029326617717743]], ["rz", [0], [-2.6486823558807373]], ["rz", [1], [1.1658574342727661]], ["rx", [1], [0.00027709431014955044]], ["rz", [1], [-1.4856756925582886]], ["rz", [2], [2.183903694152832]], ["rx", [2], [0.14736907184123993]], ["rz", [2], [1.6261156797409058]], ["x", [0], []], ["h", [1], []], ["h", [2], []], ["cx", [1, 2], []], ["h", [1], []], ["rz", [0], [1.365782380104065]], ["rx", [0], [-2.6573374271392822]], ["rz", [0], [2.12408447265625]], ["rz", [1], [-2.7431740760803223]], ["rx", [1], [-0.1652451753616333]], ["rz", [1], [-0.5536195635795593]], ["rz", [2], [-0.6405019164085388]], ["rx", [2], [0.8794190883636475]], ["rz", [2], [0.15616707503795624]], ["h", [2], []], ["cx", [0, 1], []], ["x", [2], []], ["x", [1], []], ["cx", [2, 0], []], ["rz", [0], [2.8258609771728516]], ["rx", [0], [0.3150559663772583]], ["rz", [0], [3.3409297466278076]], ["rz", [1], [3.108909845352173]], ["rx", [1], [-1.5651315450668335]], ["rz", [1], [-3.0492897033691406]], ["rz", [2], [1.5583196878433228]], ["rx", [2], [0.8266392350196838]], ["rz", [2], [0.3162032961845398]]], "base_circuit_qasm": "OPENQASM 2.0;\ninclude \"qelib1.inc\";\nqreg q[3];\ncx q[2],q[0];\nx q[1];\nx q[2];\ncx q[0],q[1];\nh q[2];\nh q[1];\ncx q[1],q[2];\nh q[2];\nh q[1];\nx q[0];\nx q[0];\nh q[1];\nh q[2];\ncx q[1],q[2];\nh q[1];\nh q[2];\ncx q[0],q[1];\nx q[2];\nx q[1];\ncx q[2],q[0];", "pqc_circuit_qasm": "OPENQASM 2.0;\ninclude \"qelib1.inc\";\nqreg q[3];\ncx q[2],q[0];\nx q[1];\nx q[2];\ncx q[0],q[1];\nh q[2];\nrz(-2.1443729400634766) q[0];\nrx(2.875988483428955) q[0];\nrz(-2.4410321712493896) q[0];\nrz(-0.16037604212760925) q[1];\nrx(-1.2218724489212036) q[1];\nrz(2.937335968017578) q[1];\nrz(-1.673620581626892) q[2];\nrx(3.319180965423584) q[2];\nrz(-1.7748216390609741) q[2];\nh q[1];\ncx q[1],q[2];\nh q[2];\nh q[1];\nx q[0];\nrz(1.2858203649520874) q[0];\nrx(0.16029326617717743) q[0];\nrz(-2.6486823558807373) q[0];\nrz(1.1658574342727661) q[1];\nrx(0.00027709431014955044) q[1];\nrz(-1.4856756925582886) q[1];\nrz(2.183903694152832) q[2];\nrx(0.14736907184123993) q[2];\nrz(1.6261156797409058) q[2];\nx q[0];\nh q[1];\nh q[2];\ncx q[1],q[2];\nh q[1];\nrz(1.365782380104065) q[0];\nrx(-2.6573374271392822) q[0];\nrz(2.12408447265625) q[0];\nrz(-2.7431740760803223) q[1];\nrx(-0.1652451753616333) q[1];\nrz(-0.5536195635795593) q[1];\nrz(-0.6405019164085388) q[2];\nrx(0.8794190883636475) q[2];\nrz(0.15616707503795624) q[2];\nh q[2];\ncx q[0],q[1];\nx q[2];\nx q[1];\ncx q[2],q[0];\nrz(2.8258609771728516) q[0];\nrx(0.3150559663772583) q[0];\nrz(3.3409297466278076) q[0];\nrz(3.108909845352173) q[1];\nrx(-1.5651315450668335) q[1];\nrz(-3.0492897033691406) q[1];\nrz(1.5583196878433228) q[2];\nrx(0.8266392350196838) q[2];\nrz(0.3162032961845398) q[2];"}