{"seed": 3492, "fidelity": 0.9174240231513977, "pqc_params": [[[-1.6730282306671143, 1.3759833574295044, 2.639559268951416], [2.1073858737945557, 0.8525484204292297, -0.1374937891960144], [-1.5562243461608887, 1.5189414024353027, 3.522257089614868]], [[-3.2416629791259766, -2.449120283126831, -1.7231260538101196], [-2.7792954444885254, -3.0303893089294434, -2.7032625675201416], [1.4698017835617065, -0.8761840462684631, -2.8393139839172363]], [[1.3311052322387695, -3.0089831352233887, -1.7406346797943115], [3.0861775875091553, -1.8065227270126343, 3.623382806777954], [1.3639980554580688, -1.366348385810852, 3.285364866256714]], [[0.5775386095046997, -0.5196685791015625, 0.7918606996536255], [0.6726219654083252, 1.6671608686447144, 2.547186851501465], [-0.013709664344787598, -0.13423244655132294, 0.891583263874054]]], "base_circuit_tokens": [["cx", [2, 1], []], ["x", [0], []], ["h", [2], []], ["h", [2], []], ["h", [1], []], ["x", [1], []], ["cx", [2, 1], []], ["x", [2], []], ["h", [0], []], ["cx", [0, 1], []], ["cx", [0, 1], []], ["h", [0], []], ["x", [2], []], ["cx", [2, 1], []], ["x", [1], []], ["h", [1], []], ["h", [2], []], ["h", [2], []], ["x", [0], []], ["cx", [2, 1], []]], "pqc_circuit_tokens": [["cx", [2, 1], []], ["x", [0], []], ["h", [2], []], ["h", [2], []], ["h", [1], []], ["rz", [0], [-1.6730282306671143]], ["rx", [0], [1.3759833574295044]], ["rz", [0], [2.639559268951416]], ["rz", [1], [2.1073858737945557]], ["rx", [1], [0.8525484204292297]], ["rz", [1], [-0.1374937891960144]], ["rz", [2], [-1.5562243461608887]], ["rx", [2], [1.5189414024353027]], ["rz", [2], [3.522257089614868]], ["x", [1], []], ["cx", [2, 1], []], ["x", [2], []], ["h", [0], []], ["cx", [0, 1], []], ["rz", [0], [-3.2416629791259766]], ["rx", [0], [-2.449120283126831]], ["rz", [0], [-1.7231260538101196]], ["rz", [1], [-2.7792954444885254]], ["rx", [1], [-3.0303893089294434]], ["rz", [1], [-2.7032625675201416]], ["rz", [2], [1.4698017835617065]], ["rx", [2], [-0.8761840462684631]], ["rz", [2], [-2.8393139839172363]], ["cx", [0, 1], []], ["h", [0], []], ["x", [2], []], ["cx", [2, 1], []], ["x", [1], []], ["rz", [0], [1.3311052322387695]], ["rx", [0], [-3.0089831352233887]], ["rz", [0], [-1.7406346797943115]], ["rz", [1], [3.0861775875091553]], ["rx", [1], [-1.8065227270126343]], ["rz", [1], [3.623382806777954]], ["rz", [2], [1.3639980554580688]], ["rx", [2], [-1.366348385810852]], ["rz", [2], [3.285364866256714]], ["h", [1], []], ["h", [2], []], ["h", [2], []], ["x", [0], []], ["cx", [2, 1], []], ["rz", [0], [0.5775386095046997]], ["rx", [0], [-0.5196685791015625]], ["rz", [0], [0.7918606996536255]], ["rz", [1], [0.6726219654083252]], ["rx", [1], [1.6671608686447144]], ["rz", [1], [2.547186851501465]], ["rz", [2], [-0.013709664344787598]], ["rx", [2], [-0.13423244655132294]], ["rz", [2], [0.891583263874054]]], "base_circuit_qasm": "OPENQASM 2.0;\ninclude \"qelib1.inc\";\nqreg q[3];\ncx q[2],q[1];\nx q[0];\nh q[2];\nh q[2];\nh q[1];\nx q[1];\ncx q[2],q[1];\nx q[2];\nh q[0];\ncx q[0],q[1];\ncx q[0],q[1];\nh q[0];\nx q[2];\ncx q[2],q[1];\nx q[1];\nh q[1];\nh q[2];\nh q[2];\nx q[0];\ncx q[2],q[1];", "pqc_circuit_qasm": "OPENQASM 2.0;\ninclude \"qelib1.inc\";\nqreg q[3];\ncx q[2],q[1];\nx q[0];\nh q[2];\nh q[2];\nh q[1];\nrz(-1.6730282306671143) q[0];\nrx(1.3759833574295044) q[0];\nrz(2.639559268951416) q[0];\nrz(2.1073858737945557) q[1];\nrx(0.8525484204292297) q[1];\nrz(-0.1374937891960144) q[1];\nrz(-1.5562243461608887) q[2];\nrx(1.5189414024353027) q[2];\nrz(3.522257089614868) q[2];\nx q[1];\ncx q[2],q[1];\nx q[2];\nh q[0];\ncx q[0],q[1];\nrz(-3.2416629791259766) q[0];\nrx(-2.449120283126831) q[0];\nrz(-1.7231260538101196) q[0];\nrz(-2.7792954444885254) q[1];\nrx(-3.0303893089294434) q[1];\nrz(-2.7032625675201416) q[1];\nrz(1.4698017835617065) q[2];\nrx(-0.8761840462684631) q[2];\nrz(-2.8393139839172363) q[2];\ncx q[0],q[1];\nh q[0];\nx q[2];\ncx q[2],q[1];\nx q[1];\nrz(1.3311052322387695) q[0];\nrx(-3.0089831352233887) q[0];\nrz(-1.7406346797943115) q[0];\nrz(3.0861775875091553) q[1];\nrx(-1.8065227270126343) q[1];\nrz(3.623382806777954) q[1];\nrz(1.3639980554580688) q[2];\nrx(-1.366348385810852) q[2];\nrz(3.285364866256714) q[2];\nh q[1];\nh q[2];\nh q[2];\nx q[0];\ncx q[2],q[1];\nrz(0.5775386095046997) q[0];\nrx(-0.5196685791015625) q[0];\nrz(0.7918606996536255) q[0];\nrz(0.6726219654083252) q[1];\nrx(1.6671608686447144) q[1];\nrz(2.547186851501465) q[1];\nrz(-0.013709664344787598) q[2];\nrx(-0.13423244655132294) q[2];\nrz(0.891583263874054) q[2];"}