{"seed": 361, "fidelity": 0.7764846682548523, "pqc_params": [[[1.6969547271728516, 0.3921988010406494, 3.8051462173461914], [-1.922057032585144, 2.517036199569702, 1.5859712362289429], [2.709974765777588, -1.1636251211166382, -0.9525187015533447]], [[-1.5961180925369263, 0.3398659825325012, 1.921263337135315], [-1.6095199584960938, -3.0380654335021973, -2.8829569816589355], [-0.8293099999427795, 2.7232794761657715, -0.7128843069076538]], [[-0.5593279004096985, -0.7627606987953186, -0.2199978232383728], [-2.4041714668273926, -0.686116099357605, -3.4525394439697266], [2.080477476119995, 2.187270164489746, -2.1811277866363525]], [[0.43546685576438904, 3.0522055625915527, 0.6343774795532227], [3.015880584716797, 0.5785850882530212, -3.126518726348877], [-0.9238956570625305, -0.056861761957407, -3.0520684719085693]]], "base_circuit_tokens": [["cx", [2, 1], []], ["h", [1], []], ["cx", [2, 1], []], ["h", [1], []], ["cx", [0, 1], []], ["cx", [2, 0], []], ["x", [1], []], ["h", [1], []], ["h", [0], []], ["cx", [0, 2], []], ["cx", [0, 2], []], ["h", [0], []], ["h", [1], []], ["x", [1], []], ["cx", [2, 0], []], ["cx", [0, 1], []], ["h", [1], []], ["cx", [2, 1], []], ["h", [1], []], ["cx", [2, 1], []]], "pqc_circuit_tokens": [["cx", [2, 1], []], ["h", [1], []], ["cx", [2, 1], []], ["h", [1], []], ["cx", [0, 1], []], ["rz", [0], [1.6969547271728516]], ["rx", [0], [0.3921988010406494]], ["rz", [0], [3.8051462173461914]], ["rz", [1], [-1.922057032585144]], ["rx", [1], [2.517036199569702]], ["rz", [1], [1.5859712362289429]], ["rz", [2], [2.709974765777588]], ["rx", [2], [-1.1636251211166382]], ["rz", [2], [-0.9525187015533447]], ["cx", [2, 0], []], ["x", [1], []], ["h", [1], []], ["h", [0], []], ["cx", [0, 2], []], ["rz", [0], [-1.5961180925369263]], ["rx", [0], [0.3398659825325012]], ["rz", [0], [1.921263337135315]], ["rz", [1], [-1.6095199584960938]], ["rx", [1], [-3.0380654335021973]], ["rz", [1], [-2.8829569816589355]], ["rz", [2], [-0.8293099999427795]], ["rx", [2], [2.7232794761657715]], ["rz", [2], [-0.7128843069076538]], ["cx", [0, 2], []], ["h", [0], []], ["h", [1], []], ["x", [1], []], ["cx", [2, 0], []], ["rz", [0], [-0.5593279004096985]], ["rx", [0], [-0.7627606987953186]], ["rz", [0], [-0.2199978232383728]], ["rz", [1], [-2.4041714668273926]], ["rx", [1], [-0.686116099357605]], ["rz", [1], [-3.4525394439697266]], ["rz", [2], [2.080477476119995]], ["rx", [2], [2.187270164489746]], ["rz", [2], [-2.1811277866363525]], ["cx", [0, 1], []], ["h", [1], []], ["cx", [2, 1], []], ["h", [1], []], ["cx", [2, 1], []], ["rz", [0], [0.43546685576438904]], ["rx", [0], [3.0522055625915527]], ["rz", [0], [0.6343774795532227]], ["rz", [1], [3.015880584716797]], ["rx", [1], [0.5785850882530212]], ["rz", [1], [-3.126518726348877]], ["rz", [2], [-0.9238956570625305]], ["rx", [2], [-0.056861761957407]], ["rz", [2], [-3.0520684719085693]]], "base_circuit_qasm": "OPENQASM 2.0;\ninclude \"qelib1.inc\";\nqreg q[3];\ncx q[2],q[1];\nh q[1];\ncx q[2],q[1];\nh q[1];\ncx q[0],q[1];\ncx q[2],q[0];\nx q[1];\nh q[1];\nh q[0];\ncx q[0],q[2];\ncx q[0],q[2];\nh q[0];\nh q[1];\nx q[1];\ncx q[2],q[0];\ncx q[0],q[1];\nh q[1];\ncx q[2],q[1];\nh q[1];\ncx q[2],q[1];", "pqc_circuit_qasm": "OPENQASM 2.0;\ninclude \"qelib1.inc\";\nqreg q[3];\ncx q[2],q[1];\nh q[1];\ncx q[2],q[1];\nh q[1];\ncx q[0],q[1];\nrz(1.6969547271728516) q[0];\nrx(0.3921988010406494) q[0];\nrz(3.8051462173461914) q[0];\nrz(-1.922057032585144) q[1];\nrx(2.517036199569702) q[1];\nrz(1.5859712362289429) q[1];\nrz(2.709974765777588) q[2];\nrx(-1.1636251211166382) q[2];\nrz(-0.9525187015533447) q[2];\ncx q[2],q[0];\nx q[1];\nh q[1];\nh q[0];\ncx q[0],q[2];\nrz(-1.5961180925369263) q[0];\nrx(0.3398659825325012) q[0];\nrz(1.921263337135315) q[0];\nrz(-1.6095199584960938) q[1];\nrx(-3.0380654335021973) q[1];\nrz(-2.8829569816589355) q[1];\nrz(-0.8293099999427795) q[2];\nrx(2.7232794761657715) q[2];\nrz(-0.7128843069076538) q[2];\ncx q[0],q[2];\nh q[0];\nh q[1];\nx q[1];\ncx q[2],q[0];\nrz(-0.5593279004096985) q[0];\nrx(-0.7627606987953186) q[0];\nrz(-0.2199978232383728) q[0];\nrz(-2.4041714668273926) q[1];\nrx(-0.686116099357605) q[1];\nrz(-3.4525394439697266) q[1];\nrz(2.080477476119995) q[2];\nrx(2.187270164489746) q[2];\nrz(-2.1811277866363525) q[2];\ncx q[0],q[1];\nh q[1];\ncx q[2],q[1];\nh q[1];\ncx q[2],q[1];\nrz(0.43546685576438904) q[0];\nrx(3.0522055625915527) q[0];\nrz(0.6343774795532227) q[0];\nrz(3.015880584716797) q[1];\nrx(0.5785850882530212) q[1];\nrz(-3.126518726348877) q[1];\nrz(-0.9238956570625305) q[2];\nrx(-0.056861761957407) q[2];\nrz(-3.0520684719085693) q[2];"}