{"seed": 3610, "fidelity": 0.9466282725334167, "pqc_params": [[[-3.355391025543213, -1.3858743906021118, -0.17378239333629608], [-3.3267178535461426, -2.4998764991760254, -0.09943661093711853], [0.0045206365175545216, -1.4966142177581787, 0.3128795623779297]], [[-2.348665714263916, 0.12504518032073975, 1.6302815675735474], [-2.5365705490112305, -2.8742127418518066, 1.3421663045883179], [2.0571749210357666, 2.4418370723724365, 1.6360291242599487]], [[-3.2824766635894775, -1.7798129320144653, 2.500706195831299], [-1.279495120048523, -0.7545482516288757, -2.9503824710845947], [2.153369426727295, 1.8977831602096558, 2.6864874362945557]], [[-2.618870258331299, -0.7530009150505066, 0.13912096619606018], [1.3209238052368164, 2.7544825077056885, 2.4889652729034424], [-1.081343412399292, 3.0318703651428223, -0.8884887099266052]]], "base_circuit_tokens": [["h", [1], []], ["cx", [0, 2], []], ["x", [1], []], ["h", [2], []], ["x", [1], []], ["x", [1], []], ["h", [0], []], ["x", [1], []], ["h", [2], []], ["cx", [0, 2], []], ["cx", [0, 2], []], ["h", [2], []], ["x", [1], []], ["h", [0], []], ["x", [1], []], ["x", [1], []], ["h", [2], []], ["x", [1], []], ["cx", [0, 2], []], ["h", [1], []]], "pqc_circuit_tokens": [["h", [1], []], ["cx", [0, 2], []], ["x", [1], []], ["h", [2], []], ["x", [1], []], ["rz", [0], [-3.355391025543213]], ["rx", [0], [-1.3858743906021118]], ["rz", [0], [-0.17378239333629608]], ["rz", [1], [-3.3267178535461426]], ["rx", [1], [-2.4998764991760254]], ["rz", [1], [-0.09943661093711853]], ["rz", [2], [0.0045206365175545216]], ["rx", [2], [-1.4966142177581787]], ["rz", [2], [0.3128795623779297]], ["x", [1], []], ["h", [0], []], ["x", [1], []], ["h", [2], []], ["cx", [0, 2], []], ["rz", [0], [-2.348665714263916]], ["rx", [0], [0.12504518032073975]], ["rz", [0], [1.6302815675735474]], ["rz", [1], [-2.5365705490112305]], ["rx", [1], [-2.8742127418518066]], ["rz", [1], [1.3421663045883179]], ["rz", [2], [2.0571749210357666]], ["rx", [2], [2.4418370723724365]], ["rz", [2], [1.6360291242599487]], ["cx", [0, 2], []], ["h", [2], []], ["x", [1], []], ["h", [0], []], ["x", [1], []], ["rz", [0], [-3.2824766635894775]], ["rx", [0], [-1.7798129320144653]], ["rz", [0], [2.500706195831299]], ["rz", [1], [-1.279495120048523]], ["rx", [1], [-0.7545482516288757]], ["rz", [1], [-2.9503824710845947]], ["rz", [2], [2.153369426727295]], ["rx", [2], [1.8977831602096558]], ["rz", [2], [2.6864874362945557]], ["x", [1], []], ["h", [2], []], ["x", [1], []], ["cx", [0, 2], []], ["h", [1], []], ["rz", [0], [-2.618870258331299]], ["rx", [0], [-0.7530009150505066]], ["rz", [0], [0.13912096619606018]], ["rz", [1], [1.3209238052368164]], ["rx", [1], [2.7544825077056885]], ["rz", [1], [2.4889652729034424]], ["rz", [2], [-1.081343412399292]], ["rx", [2], [3.0318703651428223]], ["rz", [2], [-0.8884887099266052]]], "base_circuit_qasm": "OPENQASM 2.0;\ninclude \"qelib1.inc\";\nqreg q[3];\nh q[1];\ncx q[0],q[2];\nx q[1];\nh q[2];\nx q[1];\nx q[1];\nh q[0];\nx q[1];\nh q[2];\ncx q[0],q[2];\ncx q[0],q[2];\nh q[2];\nx q[1];\nh q[0];\nx q[1];\nx q[1];\nh q[2];\nx q[1];\ncx q[0],q[2];\nh q[1];", "pqc_circuit_qasm": "OPENQASM 2.0;\ninclude \"qelib1.inc\";\nqreg q[3];\nh q[1];\ncx q[0],q[2];\nx q[1];\nh q[2];\nx q[1];\nrz(-3.355391025543213) q[0];\nrx(-1.3858743906021118) q[0];\nrz(-0.17378239333629608) q[0];\nrz(-3.3267178535461426) q[1];\nrx(-2.4998764991760254) q[1];\nrz(-0.09943661093711853) q[1];\nrz(0.0045206365175545216) q[2];\nrx(-1.4966142177581787) q[2];\nrz(0.3128795623779297) q[2];\nx q[1];\nh q[0];\nx q[1];\nh q[2];\ncx q[0],q[2];\nrz(-2.348665714263916) q[0];\nrx(0.12504518032073975) q[0];\nrz(1.6302815675735474) q[0];\nrz(-2.5365705490112305) q[1];\nrx(-2.8742127418518066) q[1];\nrz(1.3421663045883179) q[1];\nrz(2.0571749210357666) q[2];\nrx(2.4418370723724365) q[2];\nrz(1.6360291242599487) q[2];\ncx q[0],q[2];\nh q[2];\nx q[1];\nh q[0];\nx q[1];\nrz(-3.2824766635894775) q[0];\nrx(-1.7798129320144653) q[0];\nrz(2.500706195831299) q[0];\nrz(-1.279495120048523) q[1];\nrx(-0.7545482516288757) q[1];\nrz(-2.9503824710845947) q[1];\nrz(2.153369426727295) q[2];\nrx(1.8977831602096558) q[2];\nrz(2.6864874362945557) q[2];\nx q[1];\nh q[2];\nx q[1];\ncx q[0],q[2];\nh q[1];\nrz(-2.618870258331299) q[0];\nrx(-0.7530009150505066) q[0];\nrz(0.13912096619606018) q[0];\nrz(1.3209238052368164) q[1];\nrx(2.7544825077056885) q[1];\nrz(2.4889652729034424) q[1];\nrz(-1.081343412399292) q[2];\nrx(3.0318703651428223) q[2];\nrz(-0.8884887099266052) q[2];"}