{"seed": 3955, "fidelity": 0.8894607424736023, "pqc_params": [[[2.705871343612671, 0.43738600611686707, -3.3127939701080322], [1.3575019836425781, 0.45411786437034607, -2.720197916030884], [-0.6124851107597351, 1.8644710779190063, -0.16234347224235535]], [[-1.2937744855880737, -0.2955697774887085, -0.22479532659053802], [1.51444411277771, 3.673720359802246, -0.8002947568893433], [2.9544551372528076, 0.7772771120071411, -2.285644054412842]], [[-2.854858636856079, 1.9883869886398315, -3.0660653114318848], [-1.7243150472640991, -0.2920618951320648, 0.5559656620025635], [-2.0608177185058594, 0.754439115524292, 2.860875368118286]], [[-2.1053507328033447, 0.3250954747200012, 1.103955626487732], [-1.5875478982925415, -2.041672468185425, 2.7615528106689453], [1.9038413763046265, 2.1939637660980225, -2.0625510215759277]]], "base_circuit_tokens": [["h", [0], []], ["h", [0], []], ["h", [2], []], ["h", [2], []], ["x", [0], []], ["cx", [2, 0], []], ["h", [1], []], ["h", [0], []], ["x", [0], []], ["h", [1], []], ["h", [1], []], ["x", [0], []], ["h", [0], []], ["h", [1], []], ["cx", [2, 0], []], ["x", [0], []], ["h", [2], []], ["h", [2], []], ["h", [0], []], ["h", [0], []]], "pqc_circuit_tokens": [["h", [0], []], ["h", [0], []], ["h", [2], []], ["h", [2], []], ["x", [0], []], ["rz", [0], [2.705871343612671]], ["rx", [0], [0.43738600611686707]], ["rz", [0], [-3.3127939701080322]], ["rz", [1], [1.3575019836425781]], ["rx", [1], [0.45411786437034607]], ["rz", [1], [-2.720197916030884]], ["rz", [2], [-0.6124851107597351]], ["rx", [2], [1.8644710779190063]], ["rz", [2], [-0.16234347224235535]], ["cx", [2, 0], []], ["h", [1], []], ["h", [0], []], ["x", [0], []], ["h", [1], []], ["rz", [0], [-1.2937744855880737]], ["rx", [0], [-0.2955697774887085]], ["rz", [0], [-0.22479532659053802]], ["rz", [1], [1.51444411277771]], ["rx", [1], [3.673720359802246]], ["rz", [1], [-0.8002947568893433]], ["rz", [2], [2.9544551372528076]], ["rx", [2], [0.7772771120071411]], ["rz", [2], [-2.285644054412842]], ["h", [1], []], ["x", [0], []], ["h", [0], []], ["h", [1], []], ["cx", [2, 0], []], ["rz", [0], [-2.854858636856079]], ["rx", [0], [1.9883869886398315]], ["rz", [0], [-3.0660653114318848]], ["rz", [1], [-1.7243150472640991]], ["rx", [1], [-0.2920618951320648]], ["rz", [1], [0.5559656620025635]], ["rz", [2], [-2.0608177185058594]], ["rx", [2], [0.754439115524292]], ["rz", [2], [2.860875368118286]], ["x", [0], []], ["h", [2], []], ["h", [2], []], ["h", [0], []], ["h", [0], []], ["rz", [0], [-2.1053507328033447]], ["rx", [0], [0.3250954747200012]], ["rz", [0], [1.103955626487732]], ["rz", [1], [-1.5875478982925415]], ["rx", [1], [-2.041672468185425]], ["rz", [1], [2.7615528106689453]], ["rz", [2], [1.9038413763046265]], ["rx", [2], [2.1939637660980225]], ["rz", [2], [-2.0625510215759277]]], "base_circuit_qasm": "OPENQASM 2.0;\ninclude \"qelib1.inc\";\nqreg q[3];\nh q[0];\nh q[0];\nh q[2];\nh q[2];\nx q[0];\ncx q[2],q[0];\nh q[1];\nh q[0];\nx q[0];\nh q[1];\nh q[1];\nx q[0];\nh q[0];\nh q[1];\ncx q[2],q[0];\nx q[0];\nh q[2];\nh q[2];\nh q[0];\nh q[0];", "pqc_circuit_qasm": "OPENQASM 2.0;\ninclude \"qelib1.inc\";\nqreg q[3];\nh q[0];\nh q[0];\nh q[2];\nh q[2];\nx q[0];\nrz(2.705871343612671) q[0];\nrx(0.43738600611686707) q[0];\nrz(-3.3127939701080322) q[0];\nrz(1.3575019836425781) q[1];\nrx(0.45411786437034607) q[1];\nrz(-2.720197916030884) q[1];\nrz(-0.6124851107597351) q[2];\nrx(1.8644710779190063) q[2];\nrz(-0.16234347224235535) q[2];\ncx q[2],q[0];\nh q[1];\nh q[0];\nx q[0];\nh q[1];\nrz(-1.2937744855880737) q[0];\nrx(-0.2955697774887085) q[0];\nrz(-0.22479532659053802) q[0];\nrz(1.51444411277771) q[1];\nrx(3.673720359802246) q[1];\nrz(-0.8002947568893433) q[1];\nrz(2.9544551372528076) q[2];\nrx(0.7772771120071411) q[2];\nrz(-2.285644054412842) q[2];\nh q[1];\nx q[0];\nh q[0];\nh q[1];\ncx q[2],q[0];\nrz(-2.854858636856079) q[0];\nrx(1.9883869886398315) q[0];\nrz(-3.0660653114318848) q[0];\nrz(-1.7243150472640991) q[1];\nrx(-0.2920618951320648) q[1];\nrz(0.5559656620025635) q[1];\nrz(-2.0608177185058594) q[2];\nrx(0.754439115524292) q[2];\nrz(2.860875368118286) q[2];\nx q[0];\nh q[2];\nh q[2];\nh q[0];\nh q[0];\nrz(-2.1053507328033447) q[0];\nrx(0.3250954747200012) q[0];\nrz(1.103955626487732) q[0];\nrz(-1.5875478982925415) q[1];\nrx(-2.041672468185425) q[1];\nrz(2.7615528106689453) q[1];\nrz(1.9038413763046265) q[2];\nrx(2.1939637660980225) q[2];\nrz(-2.0625510215759277) q[2];"}