{"seed": 3976, "fidelity": 0.9450416564941406, "pqc_params": [[[-0.8717019557952881, -1.6107182502746582, -3.0359585285186768], [2.9765117168426514, -1.1809593439102173, -2.833559274673462], [-2.6079533100128174, -1.001043438911438, 1.2600184679031372]], [[-3.129741668701172, 2.494776964187622, 0.088165782392025], [2.0098302364349365, 3.1121795177459717, -1.006629228591919], [-3.2323787212371826, 3.323049783706665, -0.651507556438446]], [[1.7388778924942017, -3.873629570007324, 0.9140639305114746], [-1.176609754562378, 2.5126547813415527, 0.49001234769821167], [1.2337614297866821, -3.3170015811920166, 2.7661404609680176]], [[-0.9616411924362183, -2.741429090499878, -2.721914529800415], [-1.162585973739624, 1.3164019584655762, 2.589179754257202], [-0.2572844326496124, -2.4078598022460938, 2.9658217430114746]]], "base_circuit_tokens": [["x", [1], []], ["h", [2], []], ["h", [0], []], ["cx", [2, 0], []], ["h", [2], []], ["h", [0], []], ["cx", [1, 0], []], ["h", [1], []], ["h", [2], []], ["x", [0], []], ["x", [0], []], ["h", [2], []], ["h", [1], []], ["cx", [1, 0], []], ["h", [0], []], ["h", [2], []], ["cx", [2, 0], []], ["h", [0], []], ["h", [2], []], ["x", [1], []]], "pqc_circuit_tokens": [["x", [1], []], ["h", [2], []], ["h", [0], []], ["cx", [2, 0], []], ["h", [2], []], ["rz", [0], [-0.8717019557952881]], ["rx", [0], [-1.6107182502746582]], ["rz", [0], [-3.0359585285186768]], ["rz", [1], [2.9765117168426514]], ["rx", [1], [-1.1809593439102173]], ["rz", [1], [-2.833559274673462]], ["rz", [2], [-2.6079533100128174]], ["rx", [2], [-1.001043438911438]], ["rz", [2], [1.2600184679031372]], ["h", [0], []], ["cx", [1, 0], []], ["h", [1], []], ["h", [2], []], ["x", [0], []], ["rz", [0], [-3.129741668701172]], ["rx", [0], [2.494776964187622]], ["rz", [0], [0.088165782392025]], ["rz", [1], [2.0098302364349365]], ["rx", [1], [3.1121795177459717]], ["rz", [1], [-1.006629228591919]], ["rz", [2], [-3.2323787212371826]], ["rx", [2], [3.323049783706665]], ["rz", [2], [-0.651507556438446]], ["x", [0], []], ["h", [2], []], ["h", [1], []], ["cx", [1, 0], []], ["h", [0], []], ["rz", [0], [1.7388778924942017]], ["rx", [0], [-3.873629570007324]], ["rz", [0], [0.9140639305114746]], ["rz", [1], [-1.176609754562378]], ["rx", [1], [2.5126547813415527]], ["rz", [1], [0.49001234769821167]], ["rz", [2], [1.2337614297866821]], ["rx", [2], [-3.3170015811920166]], ["rz", [2], [2.7661404609680176]], ["h", [2], []], ["cx", [2, 0], []], ["h", [0], []], ["h", [2], []], ["x", [1], []], ["rz", [0], [-0.9616411924362183]], ["rx", [0], [-2.741429090499878]], ["rz", [0], [-2.721914529800415]], ["rz", [1], [-1.162585973739624]], ["rx", [1], [1.3164019584655762]], ["rz", [1], [2.589179754257202]], ["rz", [2], [-0.2572844326496124]], ["rx", [2], [-2.4078598022460938]], ["rz", [2], [2.9658217430114746]]], "base_circuit_qasm": "OPENQASM 2.0;\ninclude \"qelib1.inc\";\nqreg q[3];\nx q[1];\nh q[2];\nh q[0];\ncx q[2],q[0];\nh q[2];\nh q[0];\ncx q[1],q[0];\nh q[1];\nh q[2];\nx q[0];\nx q[0];\nh q[2];\nh q[1];\ncx q[1],q[0];\nh q[0];\nh q[2];\ncx q[2],q[0];\nh q[0];\nh q[2];\nx q[1];", "pqc_circuit_qasm": "OPENQASM 2.0;\ninclude \"qelib1.inc\";\nqreg q[3];\nx q[1];\nh q[2];\nh q[0];\ncx q[2],q[0];\nh q[2];\nrz(-0.8717019557952881) q[0];\nrx(-1.6107182502746582) q[0];\nrz(-3.0359585285186768) q[0];\nrz(2.9765117168426514) q[1];\nrx(-1.1809593439102173) q[1];\nrz(-2.833559274673462) q[1];\nrz(-2.6079533100128174) q[2];\nrx(-1.001043438911438) q[2];\nrz(1.2600184679031372) q[2];\nh q[0];\ncx q[1],q[0];\nh q[1];\nh q[2];\nx q[0];\nrz(-3.129741668701172) q[0];\nrx(2.494776964187622) q[0];\nrz(0.088165782392025) q[0];\nrz(2.0098302364349365) q[1];\nrx(3.1121795177459717) q[1];\nrz(-1.006629228591919) q[1];\nrz(-3.2323787212371826) q[2];\nrx(3.323049783706665) q[2];\nrz(-0.651507556438446) q[2];\nx q[0];\nh q[2];\nh q[1];\ncx q[1],q[0];\nh q[0];\nrz(1.7388778924942017) q[0];\nrx(-3.873629570007324) q[0];\nrz(0.9140639305114746) q[0];\nrz(-1.176609754562378) q[1];\nrx(2.5126547813415527) q[1];\nrz(0.49001234769821167) q[1];\nrz(1.2337614297866821) q[2];\nrx(-3.3170015811920166) q[2];\nrz(2.7661404609680176) q[2];\nh q[2];\ncx q[2],q[0];\nh q[0];\nh q[2];\nx q[1];\nrz(-0.9616411924362183) q[0];\nrx(-2.741429090499878) q[0];\nrz(-2.721914529800415) q[0];\nrz(-1.162585973739624) q[1];\nrx(1.3164019584655762) q[1];\nrz(2.589179754257202) q[1];\nrz(-0.2572844326496124) q[2];\nrx(-2.4078598022460938) q[2];\nrz(2.9658217430114746) q[2];"}