{"seed": 4007, "fidelity": 0.6921786665916443, "pqc_params": [[[-0.30905839800834656, -2.5228497982025146, 2.344525098800659], [3.701524019241333, 1.7139718532562256, -1.0317519903182983], [2.469587564468384, -2.117476463317871, -1.006029486656189]], [[-1.567115306854248, -2.7340540885925293, -1.1017299890518188], [-1.3645820617675781, -2.690509796142578, -2.41563081741333], [-2.042752981185913, -0.4996730387210846, -1.2039419412612915]], [[0.3806355893611908, 0.04911014437675476, -1.6294583082199097], [1.7674301862716675, 2.90105938911438, -1.8963185548782349], [-2.989564895629883, 0.5487449169158936, -2.387532949447632]], [[2.503805637359619, 2.8387391567230225, -3.408925771713257], [-0.9619274139404297, 2.682191848754883, 0.8777502775192261], [-0.7681494951248169, -2.149029493331909, -0.9150820374488831]]], "base_circuit_tokens": [["h", [2], []], ["h", [2], []], ["h", [0], []], ["h", [1], []], ["cx", [0, 2], []], ["x", [2], []], ["x", [1], []], ["cx", [1, 0], []], ["cx", [0, 2], []], ["h", [0], []], ["h", [0], []], ["cx", [0, 2], []], ["cx", [1, 0], []], ["x", [1], []], ["x", [2], []], ["cx", [0, 2], []], ["h", [1], []], ["h", [0], []], ["h", [2], []], ["h", [2], []]], "pqc_circuit_tokens": [["h", [2], []], ["h", [2], []], ["h", [0], []], ["h", [1], []], ["cx", [0, 2], []], ["rz", [0], [-0.30905839800834656]], ["rx", [0], [-2.5228497982025146]], ["rz", [0], [2.344525098800659]], ["rz", [1], [3.701524019241333]], ["rx", [1], [1.7139718532562256]], ["rz", [1], [-1.0317519903182983]], ["rz", [2], [2.469587564468384]], ["rx", [2], [-2.117476463317871]], ["rz", [2], [-1.006029486656189]], ["x", [2], []], ["x", [1], []], ["cx", [1, 0], []], ["cx", [0, 2], []], ["h", [0], []], ["rz", [0], [-1.567115306854248]], ["rx", [0], [-2.7340540885925293]], ["rz", [0], [-1.1017299890518188]], ["rz", [1], [-1.3645820617675781]], ["rx", [1], [-2.690509796142578]], ["rz", [1], [-2.41563081741333]], ["rz", [2], [-2.042752981185913]], ["rx", [2], [-0.4996730387210846]], ["rz", [2], [-1.2039419412612915]], ["h", [0], []], ["cx", [0, 2], []], ["cx", [1, 0], []], ["x", [1], []], ["x", [2], []], ["rz", [0], [0.3806355893611908]], ["rx", [0], [0.04911014437675476]], ["rz", [0], [-1.6294583082199097]], ["rz", [1], [1.7674301862716675]], ["rx", [1], [2.90105938911438]], ["rz", [1], [-1.8963185548782349]], ["rz", [2], [-2.989564895629883]], ["rx", [2], [0.5487449169158936]], ["rz", [2], [-2.387532949447632]], ["cx", [0, 2], []], ["h", [1], []], ["h", [0], []], ["h", [2], []], ["h", [2], []], ["rz", [0], [2.503805637359619]], ["rx", [0], [2.8387391567230225]], ["rz", [0], [-3.408925771713257]], ["rz", [1], [-0.9619274139404297]], ["rx", [1], [2.682191848754883]], ["rz", [1], [0.8777502775192261]], ["rz", [2], [-0.7681494951248169]], ["rx", [2], [-2.149029493331909]], ["rz", [2], [-0.9150820374488831]]], "base_circuit_qasm": "OPENQASM 2.0;\ninclude \"qelib1.inc\";\nqreg q[3];\nh q[2];\nh q[2];\nh q[0];\nh q[1];\ncx q[0],q[2];\nx q[2];\nx q[1];\ncx q[1],q[0];\ncx q[0],q[2];\nh q[0];\nh q[0];\ncx q[0],q[2];\ncx q[1],q[0];\nx q[1];\nx q[2];\ncx q[0],q[2];\nh q[1];\nh q[0];\nh q[2];\nh q[2];", "pqc_circuit_qasm": "OPENQASM 2.0;\ninclude \"qelib1.inc\";\nqreg q[3];\nh q[2];\nh q[2];\nh q[0];\nh q[1];\ncx q[0],q[2];\nrz(-0.30905839800834656) q[0];\nrx(-2.5228497982025146) q[0];\nrz(2.344525098800659) q[0];\nrz(3.701524019241333) q[1];\nrx(1.7139718532562256) q[1];\nrz(-1.0317519903182983) q[1];\nrz(2.469587564468384) q[2];\nrx(-2.117476463317871) q[2];\nrz(-1.006029486656189) q[2];\nx q[2];\nx q[1];\ncx q[1],q[0];\ncx q[0],q[2];\nh q[0];\nrz(-1.567115306854248) q[0];\nrx(-2.7340540885925293) q[0];\nrz(-1.1017299890518188) q[0];\nrz(-1.3645820617675781) q[1];\nrx(-2.690509796142578) q[1];\nrz(-2.41563081741333) q[1];\nrz(-2.042752981185913) q[2];\nrx(-0.4996730387210846) q[2];\nrz(-1.2039419412612915) q[2];\nh q[0];\ncx q[0],q[2];\ncx q[1],q[0];\nx q[1];\nx q[2];\nrz(0.3806355893611908) q[0];\nrx(0.04911014437675476) q[0];\nrz(-1.6294583082199097) q[0];\nrz(1.7674301862716675) q[1];\nrx(2.90105938911438) q[1];\nrz(-1.8963185548782349) q[1];\nrz(-2.989564895629883) q[2];\nrx(0.5487449169158936) q[2];\nrz(-2.387532949447632) q[2];\ncx q[0],q[2];\nh q[1];\nh q[0];\nh q[2];\nh q[2];\nrz(2.503805637359619) q[0];\nrx(2.8387391567230225) q[0];\nrz(-3.408925771713257) q[0];\nrz(-0.9619274139404297) q[1];\nrx(2.682191848754883) q[1];\nrz(0.8777502775192261) q[1];\nrz(-0.7681494951248169) q[2];\nrx(-2.149029493331909) q[2];\nrz(-0.9150820374488831) q[2];"}