{"seed": 4465, "fidelity": 0.9485735893249512, "pqc_params": [[[-0.7439918518066406, 1.4692531824111938, -0.5323308706283569], [3.029660224914551, -0.01599516160786152, 3.239532232284546], [1.9055066108703613, -1.8533616065979004, 2.8307104110717773]], [[2.347454309463501, 0.07897081971168518, -0.6488075852394104], [-2.042654275894165, -2.0940394401550293, 1.5109096765518188], [4.428122520446777, -0.3489912152290344, 1.3457142114639282]], [[1.74295175075531, 1.9360589981079102, -2.4273879528045654], [1.1325628757476807, 0.8654353618621826, 0.18818235397338867], [2.4393296241760254, 1.5149385929107666, -0.6504830121994019]], [[-2.086475133895874, -2.482952117919922, -3.412781000137329], [2.8303263187408447, 3.1959853172302246, -2.1281886100769043], [1.5129731893539429, 1.1583290100097656, 2.4121127128601074]]], "base_circuit_tokens": [["h", [2], []], ["x", [2], []], ["x", [1], []], ["x", [2], []], ["h", [2], []], ["x", [0], []], ["h", [1], []], ["cx", [0, 2], []], ["h", [2], []], ["h", [1], []], ["h", [1], []], ["h", [2], []], ["cx", [0, 2], []], ["h", [1], []], ["x", [0], []], ["h", [2], []], ["x", [2], []], ["x", [1], []], ["x", [2], []], ["h", [2], []]], "pqc_circuit_tokens": [["h", [2], []], ["x", [2], []], ["x", [1], []], ["x", [2], []], ["h", [2], []], ["rz", [0], [-0.7439918518066406]], ["rx", [0], [1.4692531824111938]], ["rz", [0], [-0.5323308706283569]], ["rz", [1], [3.029660224914551]], ["rx", [1], [-0.01599516160786152]], ["rz", [1], [3.239532232284546]], ["rz", [2], [1.9055066108703613]], ["rx", [2], [-1.8533616065979004]], ["rz", [2], [2.8307104110717773]], ["x", [0], []], ["h", [1], []], ["cx", [0, 2], []], ["h", [2], []], ["h", [1], []], ["rz", [0], [2.347454309463501]], ["rx", [0], [0.07897081971168518]], ["rz", [0], [-0.6488075852394104]], ["rz", [1], [-2.042654275894165]], ["rx", [1], [-2.0940394401550293]], ["rz", [1], [1.5109096765518188]], ["rz", [2], [4.428122520446777]], ["rx", [2], [-0.3489912152290344]], ["rz", [2], [1.3457142114639282]], ["h", [1], []], ["h", [2], []], ["cx", [0, 2], []], ["h", [1], []], ["x", [0], []], ["rz", [0], [1.74295175075531]], ["rx", [0], [1.9360589981079102]], ["rz", [0], [-2.4273879528045654]], ["rz", [1], [1.1325628757476807]], ["rx", [1], [0.8654353618621826]], ["rz", [1], [0.18818235397338867]], ["rz", [2], [2.4393296241760254]], ["rx", [2], [1.5149385929107666]], ["rz", [2], [-0.6504830121994019]], ["h", [2], []], ["x", [2], []], ["x", [1], []], ["x", [2], []], ["h", [2], []], ["rz", [0], [-2.086475133895874]], ["rx", [0], [-2.482952117919922]], ["rz", [0], [-3.412781000137329]], ["rz", [1], [2.8303263187408447]], ["rx", [1], [3.1959853172302246]], ["rz", [1], [-2.1281886100769043]], ["rz", [2], [1.5129731893539429]], ["rx", [2], [1.1583290100097656]], ["rz", [2], [2.4121127128601074]]], "base_circuit_qasm": "OPENQASM 2.0;\ninclude \"qelib1.inc\";\nqreg q[3];\nh q[2];\nx q[2];\nx q[1];\nx q[2];\nh q[2];\nx q[0];\nh q[1];\ncx q[0],q[2];\nh q[2];\nh q[1];\nh q[1];\nh q[2];\ncx q[0],q[2];\nh q[1];\nx q[0];\nh q[2];\nx q[2];\nx q[1];\nx q[2];\nh q[2];", "pqc_circuit_qasm": "OPENQASM 2.0;\ninclude \"qelib1.inc\";\nqreg q[3];\nh q[2];\nx q[2];\nx q[1];\nx q[2];\nh q[2];\nrz(-0.7439918518066406) q[0];\nrx(1.4692531824111938) q[0];\nrz(-0.5323308706283569) q[0];\nrz(3.029660224914551) q[1];\nrx(-0.01599516160786152) q[1];\nrz(3.239532232284546) q[1];\nrz(1.9055066108703613) q[2];\nrx(-1.8533616065979004) q[2];\nrz(2.8307104110717773) q[2];\nx q[0];\nh q[1];\ncx q[0],q[2];\nh q[2];\nh q[1];\nrz(2.347454309463501) q[0];\nrx(0.07897081971168518) q[0];\nrz(-0.6488075852394104) q[0];\nrz(-2.042654275894165) q[1];\nrx(-2.0940394401550293) q[1];\nrz(1.5109096765518188) q[1];\nrz(4.428122520446777) q[2];\nrx(-0.3489912152290344) q[2];\nrz(1.3457142114639282) q[2];\nh q[1];\nh q[2];\ncx q[0],q[2];\nh q[1];\nx q[0];\nrz(1.74295175075531) q[0];\nrx(1.9360589981079102) q[0];\nrz(-2.4273879528045654) q[0];\nrz(1.1325628757476807) q[1];\nrx(0.8654353618621826) q[1];\nrz(0.18818235397338867) q[1];\nrz(2.4393296241760254) q[2];\nrx(1.5149385929107666) q[2];\nrz(-0.6504830121994019) q[2];\nh q[2];\nx q[2];\nx q[1];\nx q[2];\nh q[2];\nrz(-2.086475133895874) q[0];\nrx(-2.482952117919922) q[0];\nrz(-3.412781000137329) q[0];\nrz(2.8303263187408447) q[1];\nrx(3.1959853172302246) q[1];\nrz(-2.1281886100769043) q[1];\nrz(1.5129731893539429) q[2];\nrx(1.1583290100097656) q[2];\nrz(2.4121127128601074) q[2];"}