{"seed": 450, "fidelity": 0.9275267720222473, "pqc_params": [[[-1.7626274824142456, -1.5331156253814697, 0.518519401550293], [2.267037868499756, -3.1403064727783203, 0.23358218371868134], [-2.408236265182495, 1.8817131519317627, 0.11234069615602493]], [[2.3676836490631104, -0.019624905660748482, 0.9083043932914734], [0.5752912163734436, -0.05884900316596031, -2.981637954711914], [-2.0128438472747803, 1.3506125211715698, -2.699723720550537]], [[2.1995010375976562, 1.6268510818481445, -1.7706691026687622], [2.205463171005249, -3.2550032138824463, -0.9193806648254395], [-3.0663564205169678, 0.5101392269134521, 0.467733770608902]], [[-2.412895441055298, -0.350583553314209, 1.1092565059661865], [2.507861375808716, 0.11778412759304047, -2.5887718200683594], [1.7499831914901733, -0.13321806490421295, 1.0614930391311646]]], "base_circuit_tokens": [["h", [2], []], ["cx", [2, 0], []], ["cx", [0, 1], []], ["h", [0], []], ["cx", [2, 1], []], ["cx", [0, 2], []], ["x", [1], []], ["cx", [1, 0], []], ["x", [0], []], ["h", [2], []], ["h", [2], []], ["x", [0], []], ["cx", [1, 0], []], ["x", [1], []], ["cx", [0, 2], []], ["cx", [2, 1], []], ["h", [0], []], ["cx", [0, 1], []], ["cx", [2, 0], []], ["h", [2], []]], "pqc_circuit_tokens": [["h", [2], []], ["cx", [2, 0], []], ["cx", [0, 1], []], ["h", [0], []], ["cx", [2, 1], []], ["rz", [0], [-1.7626274824142456]], ["rx", [0], [-1.5331156253814697]], ["rz", [0], [0.518519401550293]], ["rz", [1], [2.267037868499756]], ["rx", [1], [-3.1403064727783203]], ["rz", [1], [0.23358218371868134]], ["rz", [2], [-2.408236265182495]], ["rx", [2], [1.8817131519317627]], ["rz", [2], [0.11234069615602493]], ["cx", [0, 2], []], ["x", [1], []], ["cx", [1, 0], []], ["x", [0], []], ["h", [2], []], ["rz", [0], [2.3676836490631104]], ["rx", [0], [-0.019624905660748482]], ["rz", [0], [0.9083043932914734]], ["rz", [1], [0.5752912163734436]], ["rx", [1], [-0.05884900316596031]], ["rz", [1], [-2.981637954711914]], ["rz", [2], [-2.0128438472747803]], ["rx", [2], [1.3506125211715698]], ["rz", [2], [-2.699723720550537]], ["h", [2], []], ["x", [0], []], ["cx", [1, 0], []], ["x", [1], []], ["cx", [0, 2], []], ["rz", [0], [2.1995010375976562]], ["rx", [0], [1.6268510818481445]], ["rz", [0], [-1.7706691026687622]], ["rz", [1], [2.205463171005249]], ["rx", [1], [-3.2550032138824463]], ["rz", [1], [-0.9193806648254395]], ["rz", [2], [-3.0663564205169678]], ["rx", [2], [0.5101392269134521]], ["rz", [2], [0.467733770608902]], ["cx", [2, 1], []], ["h", [0], []], ["cx", [0, 1], []], ["cx", [2, 0], []], ["h", [2], []], ["rz", [0], [-2.412895441055298]], ["rx", [0], [-0.350583553314209]], ["rz", [0], [1.1092565059661865]], ["rz", [1], [2.507861375808716]], ["rx", [1], [0.11778412759304047]], ["rz", [1], [-2.5887718200683594]], ["rz", [2], [1.7499831914901733]], ["rx", [2], [-0.13321806490421295]], ["rz", [2], [1.0614930391311646]]], "base_circuit_qasm": "OPENQASM 2.0;\ninclude \"qelib1.inc\";\nqreg q[3];\nh q[2];\ncx q[2],q[0];\ncx q[0],q[1];\nh q[0];\ncx q[2],q[1];\ncx q[0],q[2];\nx q[1];\ncx q[1],q[0];\nx q[0];\nh q[2];\nh q[2];\nx q[0];\ncx q[1],q[0];\nx q[1];\ncx q[0],q[2];\ncx q[2],q[1];\nh q[0];\ncx q[0],q[1];\ncx q[2],q[0];\nh q[2];", "pqc_circuit_qasm": "OPENQASM 2.0;\ninclude \"qelib1.inc\";\nqreg q[3];\nh q[2];\ncx q[2],q[0];\ncx q[0],q[1];\nh q[0];\ncx q[2],q[1];\nrz(-1.7626274824142456) q[0];\nrx(-1.5331156253814697) q[0];\nrz(0.518519401550293) q[0];\nrz(2.267037868499756) q[1];\nrx(-3.1403064727783203) q[1];\nrz(0.23358218371868134) q[1];\nrz(-2.408236265182495) q[2];\nrx(1.8817131519317627) q[2];\nrz(0.11234069615602493) q[2];\ncx q[0],q[2];\nx q[1];\ncx q[1],q[0];\nx q[0];\nh q[2];\nrz(2.3676836490631104) q[0];\nrx(-0.019624905660748482) q[0];\nrz(0.9083043932914734) q[0];\nrz(0.5752912163734436) q[1];\nrx(-0.05884900316596031) q[1];\nrz(-2.981637954711914) q[1];\nrz(-2.0128438472747803) q[2];\nrx(1.3506125211715698) q[2];\nrz(-2.699723720550537) q[2];\nh q[2];\nx q[0];\ncx q[1],q[0];\nx q[1];\ncx q[0],q[2];\nrz(2.1995010375976562) q[0];\nrx(1.6268510818481445) q[0];\nrz(-1.7706691026687622) q[0];\nrz(2.205463171005249) q[1];\nrx(-3.2550032138824463) q[1];\nrz(-0.9193806648254395) q[1];\nrz(-3.0663564205169678) q[2];\nrx(0.5101392269134521) q[2];\nrz(0.467733770608902) q[2];\ncx q[2],q[1];\nh q[0];\ncx q[0],q[1];\ncx q[2],q[0];\nh q[2];\nrz(-2.412895441055298) q[0];\nrx(-0.350583553314209) q[0];\nrz(1.1092565059661865) q[0];\nrz(2.507861375808716) q[1];\nrx(0.11778412759304047) q[1];\nrz(-2.5887718200683594) q[1];\nrz(1.7499831914901733) q[2];\nrx(-0.13321806490421295) q[2];\nrz(1.0614930391311646) q[2];"}