{"seed": 4778, "fidelity": 0.9147204756736755, "pqc_params": [[[0.944412350654602, 3.9129412174224854, -1.2540862560272217], [1.0542269945144653, 0.17776063084602356, -2.2351033687591553], [-0.18717259168624878, 3.4449262619018555, -2.919408082962036]], [[-3.4780538082122803, 3.5611495971679688, -0.30903729796409607], [-2.414903163909912, -0.662489652633667, 1.853880524635315], [-0.1916365772485733, -1.8239771127700806, 0.5709633231163025]], [[-2.952624559402466, -0.14585627615451813, 0.9047595858573914], [-1.2141472101211548, 0.008228710852563381, -1.279679536819458], [-0.87555330991745, 0.3163355886936188, -0.21953578293323517]], [[0.1263553500175476, 0.9608463048934937, 2.6445963382720947], [0.4134301543235779, 2.585925817489624, -2.713160514831543], [2.4294028282165527, 1.6278830766677856, -0.15277250111103058]]], "base_circuit_tokens": [["h", [2], []], ["cx", [2, 1], []], ["x", [1], []], ["x", [2], []], ["h", [2], []], ["h", [2], []], ["h", [0], []], ["x", [0], []], ["h", [2], []], ["h", [1], []], ["h", [1], []], ["h", [2], []], ["x", [0], []], ["h", [0], []], ["h", [2], []], ["h", [2], []], ["x", [2], []], ["x", [1], []], ["cx", [2, 1], []], ["h", [2], []]], "pqc_circuit_tokens": [["h", [2], []], ["cx", [2, 1], []], ["x", [1], []], ["x", [2], []], ["h", [2], []], ["rz", [0], [0.944412350654602]], ["rx", [0], [3.9129412174224854]], ["rz", [0], [-1.2540862560272217]], ["rz", [1], [1.0542269945144653]], ["rx", [1], [0.17776063084602356]], ["rz", [1], [-2.2351033687591553]], ["rz", [2], [-0.18717259168624878]], ["rx", [2], [3.4449262619018555]], ["rz", [2], [-2.919408082962036]], ["h", [2], []], ["h", [0], []], ["x", [0], []], ["h", [2], []], ["h", [1], []], ["rz", [0], [-3.4780538082122803]], ["rx", [0], [3.5611495971679688]], ["rz", [0], [-0.30903729796409607]], ["rz", [1], [-2.414903163909912]], ["rx", [1], [-0.662489652633667]], ["rz", [1], [1.853880524635315]], ["rz", [2], [-0.1916365772485733]], ["rx", [2], [-1.8239771127700806]], ["rz", [2], [0.5709633231163025]], ["h", [1], []], ["h", [2], []], ["x", [0], []], ["h", [0], []], ["h", [2], []], ["rz", [0], [-2.952624559402466]], ["rx", [0], [-0.14585627615451813]], ["rz", [0], [0.9047595858573914]], ["rz", [1], [-1.2141472101211548]], ["rx", [1], [0.008228710852563381]], ["rz", [1], [-1.279679536819458]], ["rz", [2], [-0.87555330991745]], ["rx", [2], [0.3163355886936188]], ["rz", [2], [-0.21953578293323517]], ["h", [2], []], ["x", [2], []], ["x", [1], []], ["cx", [2, 1], []], ["h", [2], []], ["rz", [0], [0.1263553500175476]], ["rx", [0], [0.9608463048934937]], ["rz", [0], [2.6445963382720947]], ["rz", [1], [0.4134301543235779]], ["rx", [1], [2.585925817489624]], ["rz", [1], [-2.713160514831543]], ["rz", [2], [2.4294028282165527]], ["rx", [2], [1.6278830766677856]], ["rz", [2], [-0.15277250111103058]]], "base_circuit_qasm": "OPENQASM 2.0;\ninclude \"qelib1.inc\";\nqreg q[3];\nh q[2];\ncx q[2],q[1];\nx q[1];\nx q[2];\nh q[2];\nh q[2];\nh q[0];\nx q[0];\nh q[2];\nh q[1];\nh q[1];\nh q[2];\nx q[0];\nh q[0];\nh q[2];\nh q[2];\nx q[2];\nx q[1];\ncx q[2],q[1];\nh q[2];", "pqc_circuit_qasm": "OPENQASM 2.0;\ninclude \"qelib1.inc\";\nqreg q[3];\nh q[2];\ncx q[2],q[1];\nx q[1];\nx q[2];\nh q[2];\nrz(0.944412350654602) q[0];\nrx(3.9129412174224854) q[0];\nrz(-1.2540862560272217) q[0];\nrz(1.0542269945144653) q[1];\nrx(0.17776063084602356) q[1];\nrz(-2.2351033687591553) q[1];\nrz(-0.18717259168624878) q[2];\nrx(3.4449262619018555) q[2];\nrz(-2.919408082962036) q[2];\nh q[2];\nh q[0];\nx q[0];\nh q[2];\nh q[1];\nrz(-3.4780538082122803) q[0];\nrx(3.5611495971679688) q[0];\nrz(-0.30903729796409607) q[0];\nrz(-2.414903163909912) q[1];\nrx(-0.662489652633667) q[1];\nrz(1.853880524635315) q[1];\nrz(-0.1916365772485733) q[2];\nrx(-1.8239771127700806) q[2];\nrz(0.5709633231163025) q[2];\nh q[1];\nh q[2];\nx q[0];\nh q[0];\nh q[2];\nrz(-2.952624559402466) q[0];\nrx(-0.14585627615451813) q[0];\nrz(0.9047595858573914) q[0];\nrz(-1.2141472101211548) q[1];\nrx(0.008228710852563381) q[1];\nrz(-1.279679536819458) q[1];\nrz(-0.87555330991745) q[2];\nrx(0.3163355886936188) q[2];\nrz(-0.21953578293323517) q[2];\nh q[2];\nx q[2];\nx q[1];\ncx q[2],q[1];\nh q[2];\nrz(0.1263553500175476) q[0];\nrx(0.9608463048934937) q[0];\nrz(2.6445963382720947) q[0];\nrz(0.4134301543235779) q[1];\nrx(2.585925817489624) q[1];\nrz(-2.713160514831543) q[1];\nrz(2.4294028282165527) q[2];\nrx(1.6278830766677856) q[2];\nrz(-0.15277250111103058) q[2];"}