{"seed": 4794, "fidelity": 0.7096473574638367, "pqc_params": [[[2.536801338195801, 3.6889562606811523, -2.975142240524292], [-2.9211463928222656, -1.0019601583480835, -0.30949050188064575], [-0.9036052227020264, -0.9486682415008545, -0.17331603169441223]], [[3.0495927333831787, 3.2696382999420166, 2.0367941856384277], [1.5746351480484009, 1.352839708328247, 2.2376112937927246], [-2.757402181625366, -1.1528640985488892, 1.5317201614379883]], [[-3.4485273361206055, 2.827235221862793, 1.2871081829071045], [-1.0277222394943237, -0.6651888489723206, -0.7306559681892395], [2.713819742202759, -1.3259786367416382, -0.8948348164558411]], [[0.11569911986589432, -3.0293967723846436, 0.23878799378871918], [-3.0974714756011963, 2.301319122314453, 0.031678456813097], [-3.2446322441101074, 1.2948503494262695, 0.5406997799873352]]], "base_circuit_tokens": [["cx", [1, 0], []], ["x", [1], []], ["cx", [1, 0], []], ["cx", [2, 0], []], ["h", [1], []], ["x", [1], []], ["h", [1], []], ["cx", [1, 2], []], ["cx", [1, 2], []], ["h", [2], []], ["h", [2], []], ["cx", [1, 2], []], ["cx", [1, 2], []], ["h", [1], []], ["x", [1], []], ["h", [1], []], ["cx", [2, 0], []], ["cx", [1, 0], []], ["x", [1], []], ["cx", [1, 0], []]], "pqc_circuit_tokens": [["cx", [1, 0], []], ["x", [1], []], ["cx", [1, 0], []], ["cx", [2, 0], []], ["h", [1], []], ["rz", [0], [2.536801338195801]], ["rx", [0], [3.6889562606811523]], ["rz", [0], [-2.975142240524292]], ["rz", [1], [-2.9211463928222656]], ["rx", [1], [-1.0019601583480835]], ["rz", [1], [-0.30949050188064575]], ["rz", [2], [-0.9036052227020264]], ["rx", [2], [-0.9486682415008545]], ["rz", [2], [-0.17331603169441223]], ["x", [1], []], ["h", [1], []], ["cx", [1, 2], []], ["cx", [1, 2], []], ["h", [2], []], ["rz", [0], [3.0495927333831787]], ["rx", [0], [3.2696382999420166]], ["rz", [0], [2.0367941856384277]], ["rz", [1], [1.5746351480484009]], ["rx", [1], [1.352839708328247]], ["rz", [1], [2.2376112937927246]], ["rz", [2], [-2.757402181625366]], ["rx", [2], [-1.1528640985488892]], ["rz", [2], [1.5317201614379883]], ["h", [2], []], ["cx", [1, 2], []], ["cx", [1, 2], []], ["h", [1], []], ["x", [1], []], ["rz", [0], [-3.4485273361206055]], ["rx", [0], [2.827235221862793]], ["rz", [0], [1.2871081829071045]], ["rz", [1], [-1.0277222394943237]], ["rx", [1], [-0.6651888489723206]], ["rz", [1], [-0.7306559681892395]], ["rz", [2], [2.713819742202759]], ["rx", [2], [-1.3259786367416382]], ["rz", [2], [-0.8948348164558411]], ["h", [1], []], ["cx", [2, 0], []], ["cx", [1, 0], []], ["x", [1], []], ["cx", [1, 0], []], ["rz", [0], [0.11569911986589432]], ["rx", [0], [-3.0293967723846436]], ["rz", [0], [0.23878799378871918]], ["rz", [1], [-3.0974714756011963]], ["rx", [1], [2.301319122314453]], ["rz", [1], [0.031678456813097]], ["rz", [2], [-3.2446322441101074]], ["rx", [2], [1.2948503494262695]], ["rz", [2], [0.5406997799873352]]], "base_circuit_qasm": "OPENQASM 2.0;\ninclude \"qelib1.inc\";\nqreg q[3];\ncx q[1],q[0];\nx q[1];\ncx q[1],q[0];\ncx q[2],q[0];\nh q[1];\nx q[1];\nh q[1];\ncx q[1],q[2];\ncx q[1],q[2];\nh q[2];\nh q[2];\ncx q[1],q[2];\ncx q[1],q[2];\nh q[1];\nx q[1];\nh q[1];\ncx q[2],q[0];\ncx q[1],q[0];\nx q[1];\ncx q[1],q[0];", "pqc_circuit_qasm": "OPENQASM 2.0;\ninclude \"qelib1.inc\";\nqreg q[3];\ncx q[1],q[0];\nx q[1];\ncx q[1],q[0];\ncx q[2],q[0];\nh q[1];\nrz(2.536801338195801) q[0];\nrx(3.6889562606811523) q[0];\nrz(-2.975142240524292) q[0];\nrz(-2.9211463928222656) q[1];\nrx(-1.0019601583480835) q[1];\nrz(-0.30949050188064575) q[1];\nrz(-0.9036052227020264) q[2];\nrx(-0.9486682415008545) q[2];\nrz(-0.17331603169441223) q[2];\nx q[1];\nh q[1];\ncx q[1],q[2];\ncx q[1],q[2];\nh q[2];\nrz(3.0495927333831787) q[0];\nrx(3.2696382999420166) q[0];\nrz(2.0367941856384277) q[0];\nrz(1.5746351480484009) q[1];\nrx(1.352839708328247) q[1];\nrz(2.2376112937927246) q[1];\nrz(-2.757402181625366) q[2];\nrx(-1.1528640985488892) q[2];\nrz(1.5317201614379883) q[2];\nh q[2];\ncx q[1],q[2];\ncx q[1],q[2];\nh q[1];\nx q[1];\nrz(-3.4485273361206055) q[0];\nrx(2.827235221862793) q[0];\nrz(1.2871081829071045) q[0];\nrz(-1.0277222394943237) q[1];\nrx(-0.6651888489723206) q[1];\nrz(-0.7306559681892395) q[1];\nrz(2.713819742202759) q[2];\nrx(-1.3259786367416382) q[2];\nrz(-0.8948348164558411) q[2];\nh q[1];\ncx q[2],q[0];\ncx q[1],q[0];\nx q[1];\ncx q[1],q[0];\nrz(0.11569911986589432) q[0];\nrx(-3.0293967723846436) q[0];\nrz(0.23878799378871918) q[0];\nrz(-3.0974714756011963) q[1];\nrx(2.301319122314453) q[1];\nrz(0.031678456813097) q[1];\nrz(-3.2446322441101074) q[2];\nrx(1.2948503494262695) q[2];\nrz(0.5406997799873352) q[2];"}