{"seed": 4964, "fidelity": 0.9255237579345703, "pqc_params": [[[-0.9213058352470398, 2.3243820667266846, 0.052603885531425476], [-0.6915377974510193, 1.9169763326644897, 0.7942010164260864], [3.4796345233917236, 2.2233996391296387, -0.21356633305549622]], [[0.31330418586730957, 2.9773712158203125, 3.530311346054077], [-0.1905294954776764, 2.4291231632232666, 2.257742404937744], [2.620882749557495, -0.7960999608039856, -1.5101865530014038]], [[-0.42761075496673584, 0.600632905960083, 2.6178395748138428], [-1.5164730548858643, 0.42809057235717773, 0.8329370617866516], [-1.7884693145751953, -2.30726957321167, -1.0111807584762573]], [[1.6886438131332397, 0.1271963268518448, 2.764784336090088], [0.6482786536216736, 0.7099365592002869, -0.1497534066438675], [-1.3007676601409912, -0.9448345303535461, -2.3780765533447266]]], "base_circuit_tokens": [["h", [0], []], ["h", [1], []], ["x", [2], []], ["h", [0], []], ["h", [1], []], ["h", [2], []], ["h", [0], []], ["cx", [1, 0], []], ["h", [2], []], ["x", [1], []], ["x", [1], []], ["h", [2], []], ["cx", [1, 0], []], ["h", [0], []], ["h", [2], []], ["h", [1], []], ["h", [0], []], ["x", [2], []], ["h", [1], []], ["h", [0], []]], "pqc_circuit_tokens": [["h", [0], []], ["h", [1], []], ["x", [2], []], ["h", [0], []], ["h", [1], []], ["rz", [0], [-0.9213058352470398]], ["rx", [0], [2.3243820667266846]], ["rz", [0], [0.052603885531425476]], ["rz", [1], [-0.6915377974510193]], ["rx", [1], [1.9169763326644897]], ["rz", [1], [0.7942010164260864]], ["rz", [2], [3.4796345233917236]], ["rx", [2], [2.2233996391296387]], ["rz", [2], [-0.21356633305549622]], ["h", [2], []], ["h", [0], []], ["cx", [1, 0], []], ["h", [2], []], ["x", [1], []], ["rz", [0], [0.31330418586730957]], ["rx", [0], [2.9773712158203125]], ["rz", [0], [3.530311346054077]], ["rz", [1], [-0.1905294954776764]], ["rx", [1], [2.4291231632232666]], ["rz", [1], [2.257742404937744]], ["rz", [2], [2.620882749557495]], ["rx", [2], [-0.7960999608039856]], ["rz", [2], [-1.5101865530014038]], ["x", [1], []], ["h", [2], []], ["cx", [1, 0], []], ["h", [0], []], ["h", [2], []], ["rz", [0], [-0.42761075496673584]], ["rx", [0], [0.600632905960083]], ["rz", [0], [2.6178395748138428]], ["rz", [1], [-1.5164730548858643]], ["rx", [1], [0.42809057235717773]], ["rz", [1], [0.8329370617866516]], ["rz", [2], [-1.7884693145751953]], ["rx", [2], [-2.30726957321167]], ["rz", [2], [-1.0111807584762573]], ["h", [1], []], ["h", [0], []], ["x", [2], []], ["h", [1], []], ["h", [0], []], ["rz", [0], [1.6886438131332397]], ["rx", [0], [0.1271963268518448]], ["rz", [0], [2.764784336090088]], ["rz", [1], [0.6482786536216736]], ["rx", [1], [0.7099365592002869]], ["rz", [1], [-0.1497534066438675]], ["rz", [2], [-1.3007676601409912]], ["rx", [2], [-0.9448345303535461]], ["rz", [2], [-2.3780765533447266]]], "base_circuit_qasm": "OPENQASM 2.0;\ninclude \"qelib1.inc\";\nqreg q[3];\nh q[0];\nh q[1];\nx q[2];\nh q[0];\nh q[1];\nh q[2];\nh q[0];\ncx q[1],q[0];\nh q[2];\nx q[1];\nx q[1];\nh q[2];\ncx q[1],q[0];\nh q[0];\nh q[2];\nh q[1];\nh q[0];\nx q[2];\nh q[1];\nh q[0];", "pqc_circuit_qasm": "OPENQASM 2.0;\ninclude \"qelib1.inc\";\nqreg q[3];\nh q[0];\nh q[1];\nx q[2];\nh q[0];\nh q[1];\nrz(-0.9213058352470398) q[0];\nrx(2.3243820667266846) q[0];\nrz(0.052603885531425476) q[0];\nrz(-0.6915377974510193) q[1];\nrx(1.9169763326644897) q[1];\nrz(0.7942010164260864) q[1];\nrz(3.4796345233917236) q[2];\nrx(2.2233996391296387) q[2];\nrz(-0.21356633305549622) q[2];\nh q[2];\nh q[0];\ncx q[1],q[0];\nh q[2];\nx q[1];\nrz(0.31330418586730957) q[0];\nrx(2.9773712158203125) q[0];\nrz(3.530311346054077) q[0];\nrz(-0.1905294954776764) q[1];\nrx(2.4291231632232666) q[1];\nrz(2.257742404937744) q[1];\nrz(2.620882749557495) q[2];\nrx(-0.7960999608039856) q[2];\nrz(-1.5101865530014038) q[2];\nx q[1];\nh q[2];\ncx q[1],q[0];\nh q[0];\nh q[2];\nrz(-0.42761075496673584) q[0];\nrx(0.600632905960083) q[0];\nrz(2.6178395748138428) q[0];\nrz(-1.5164730548858643) q[1];\nrx(0.42809057235717773) q[1];\nrz(0.8329370617866516) q[1];\nrz(-1.7884693145751953) q[2];\nrx(-2.30726957321167) q[2];\nrz(-1.0111807584762573) q[2];\nh q[1];\nh q[0];\nx q[2];\nh q[1];\nh q[0];\nrz(1.6886438131332397) q[0];\nrx(0.1271963268518448) q[0];\nrz(2.764784336090088) q[0];\nrz(0.6482786536216736) q[1];\nrx(0.7099365592002869) q[1];\nrz(-0.1497534066438675) q[1];\nrz(-1.3007676601409912) q[2];\nrx(-0.9448345303535461) q[2];\nrz(-2.3780765533447266) q[2];"}