{"seed": 515, "fidelity": 0.36408731341362, "pqc_params": [[[-2.711064577102661, -0.3947644531726837, -0.6361474990844727], [-1.1479599475860596, -2.6402933597564697, -2.637716293334961], [1.4832394123077393, 0.6146112084388733, -0.8518614172935486]], [[-2.853041887283325, -3.2105517387390137, -1.2423005104064941], [-2.907439708709717, 1.508992314338684, -1.7132420539855957], [3.1373095512390137, 0.06875849515199661, -2.714250087738037]], [[1.9956181049346924, -0.5657073855400085, 2.4235358238220215], [-1.5306109189987183, -0.024180429056286812, 1.353154182434082], [-1.2445824146270752, 1.3525018692016602, 2.659303903579712]], [[-0.3333272933959961, 1.3917518854141235, -0.4463568329811096], [1.046496868133545, -1.3574810028076172, -0.14675024151802063], [-1.613869547843933, 1.6762076616287231, 3.587674379348755]]], "base_circuit_tokens": [["h", [0], []], ["cx", [1, 0], []], ["cx", [1, 2], []], ["h", [1], []], ["cx", [2, 0], []], ["h", [2], []], ["h", [1], []], ["cx", [0, 1], []], ["cx", [1, 0], []], ["h", [0], []], ["h", [0], []], ["cx", [1, 0], []], ["cx", [0, 1], []], ["h", [1], []], ["h", [2], []], ["cx", [2, 0], []], ["h", [1], []], ["cx", [1, 2], []], ["cx", [1, 0], []], ["h", [0], []]], "pqc_circuit_tokens": [["h", [0], []], ["cx", [1, 0], []], ["cx", [1, 2], []], ["h", [1], []], ["cx", [2, 0], []], ["rz", [0], [-2.711064577102661]], ["rx", [0], [-0.3947644531726837]], ["rz", [0], [-0.6361474990844727]], ["rz", [1], [-1.1479599475860596]], ["rx", [1], [-2.6402933597564697]], ["rz", [1], [-2.637716293334961]], ["rz", [2], [1.4832394123077393]], ["rx", [2], [0.6146112084388733]], ["rz", [2], [-0.8518614172935486]], ["h", [2], []], ["h", [1], []], ["cx", [0, 1], []], ["cx", [1, 0], []], ["h", [0], []], ["rz", [0], [-2.853041887283325]], ["rx", [0], [-3.2105517387390137]], ["rz", [0], [-1.2423005104064941]], ["rz", [1], [-2.907439708709717]], ["rx", [1], [1.508992314338684]], ["rz", [1], [-1.7132420539855957]], ["rz", [2], [3.1373095512390137]], ["rx", [2], [0.06875849515199661]], ["rz", [2], [-2.714250087738037]], ["h", [0], []], ["cx", [1, 0], []], ["cx", [0, 1], []], ["h", [1], []], ["h", [2], []], ["rz", [0], [1.9956181049346924]], ["rx", [0], [-0.5657073855400085]], ["rz", [0], [2.4235358238220215]], ["rz", [1], [-1.5306109189987183]], ["rx", [1], [-0.024180429056286812]], ["rz", [1], [1.353154182434082]], ["rz", [2], [-1.2445824146270752]], ["rx", [2], [1.3525018692016602]], ["rz", [2], [2.659303903579712]], ["cx", [2, 0], []], ["h", [1], []], ["cx", [1, 2], []], ["cx", [1, 0], []], ["h", [0], []], ["rz", [0], [-0.3333272933959961]], ["rx", [0], [1.3917518854141235]], ["rz", [0], [-0.4463568329811096]], ["rz", [1], [1.046496868133545]], ["rx", [1], [-1.3574810028076172]], ["rz", [1], [-0.14675024151802063]], ["rz", [2], [-1.613869547843933]], ["rx", [2], [1.6762076616287231]], ["rz", [2], [3.587674379348755]]], "base_circuit_qasm": "OPENQASM 2.0;\ninclude \"qelib1.inc\";\nqreg q[3];\nh q[0];\ncx q[1],q[0];\ncx q[1],q[2];\nh q[1];\ncx q[2],q[0];\nh q[2];\nh q[1];\ncx q[0],q[1];\ncx q[1],q[0];\nh q[0];\nh q[0];\ncx q[1],q[0];\ncx q[0],q[1];\nh q[1];\nh q[2];\ncx q[2],q[0];\nh q[1];\ncx q[1],q[2];\ncx q[1],q[0];\nh q[0];", "pqc_circuit_qasm": "OPENQASM 2.0;\ninclude \"qelib1.inc\";\nqreg q[3];\nh q[0];\ncx q[1],q[0];\ncx q[1],q[2];\nh q[1];\ncx q[2],q[0];\nrz(-2.711064577102661) q[0];\nrx(-0.3947644531726837) q[0];\nrz(-0.6361474990844727) q[0];\nrz(-1.1479599475860596) q[1];\nrx(-2.6402933597564697) q[1];\nrz(-2.637716293334961) q[1];\nrz(1.4832394123077393) q[2];\nrx(0.6146112084388733) q[2];\nrz(-0.8518614172935486) q[2];\nh q[2];\nh q[1];\ncx q[0],q[1];\ncx q[1],q[0];\nh q[0];\nrz(-2.853041887283325) q[0];\nrx(-3.2105517387390137) q[0];\nrz(-1.2423005104064941) q[0];\nrz(-2.907439708709717) q[1];\nrx(1.508992314338684) q[1];\nrz(-1.7132420539855957) q[1];\nrz(3.1373095512390137) q[2];\nrx(0.06875849515199661) q[2];\nrz(-2.714250087738037) q[2];\nh q[0];\ncx q[1],q[0];\ncx q[0],q[1];\nh q[1];\nh q[2];\nrz(1.9956181049346924) q[0];\nrx(-0.5657073855400085) q[0];\nrz(2.4235358238220215) q[0];\nrz(-1.5306109189987183) q[1];\nrx(-0.024180429056286812) q[1];\nrz(1.353154182434082) q[1];\nrz(-1.2445824146270752) q[2];\nrx(1.3525018692016602) q[2];\nrz(2.659303903579712) q[2];\ncx q[2],q[0];\nh q[1];\ncx q[1],q[2];\ncx q[1],q[0];\nh q[0];\nrz(-0.3333272933959961) q[0];\nrx(1.3917518854141235) q[0];\nrz(-0.4463568329811096) q[0];\nrz(1.046496868133545) q[1];\nrx(-1.3574810028076172) q[1];\nrz(-0.14675024151802063) q[1];\nrz(-1.613869547843933) q[2];\nrx(1.6762076616287231) q[2];\nrz(3.587674379348755) q[2];"}