{"seed": 595, "fidelity": 0.9378823637962341, "pqc_params": [[[0.6702106595039368, -0.7407106161117554, 0.5151987671852112], [2.3673737049102783, -2.0071301460266113, -2.419280767440796], [2.0054991245269775, -0.8231149315834045, 1.1218276023864746]], [[0.3892275393009186, 2.1237974166870117, 0.9736852645874023], [-0.1270042210817337, -0.33950862288475037, 1.1401216983795166], [-1.179104208946228, 0.5994777679443359, 0.29211243987083435]], [[-2.441847562789917, -3.0382416248321533, -0.5360763669013977], [3.62380313873291, -2.3041882514953613, 1.3287906646728516], [-2.724022388458252, 2.024411678314209, -0.23784945905208588]], [[1.9023584127426147, -1.4813101291656494, 2.0003042221069336], [1.995259165763855, -3.1395273208618164, 2.111926317214966], [-0.10620099306106567, -0.6433631181716919, -2.0388858318328857]]], "base_circuit_tokens": [["cx", [2, 1], []], ["h", [1], []], ["x", [0], []], ["x", [0], []], ["h", [2], []], ["h", [1], []], ["h", [1], []], ["h", [1], []], ["h", [2], []], ["h", [2], []], ["h", [2], []], ["h", [2], []], ["h", [1], []], ["h", [1], []], ["h", [1], []], ["h", [2], []], ["x", [0], []], ["x", [0], []], ["h", [1], []], ["cx", [2, 1], []]], "pqc_circuit_tokens": [["cx", [2, 1], []], ["h", [1], []], ["x", [0], []], ["x", [0], []], ["h", [2], []], ["rz", [0], [0.6702106595039368]], ["rx", [0], [-0.7407106161117554]], ["rz", [0], [0.5151987671852112]], ["rz", [1], [2.3673737049102783]], ["rx", [1], [-2.0071301460266113]], ["rz", [1], [-2.419280767440796]], ["rz", [2], [2.0054991245269775]], ["rx", [2], [-0.8231149315834045]], ["rz", [2], [1.1218276023864746]], ["h", [1], []], ["h", [1], []], ["h", [1], []], ["h", [2], []], ["h", [2], []], ["rz", [0], [0.3892275393009186]], ["rx", [0], [2.1237974166870117]], ["rz", [0], [0.9736852645874023]], ["rz", [1], [-0.1270042210817337]], ["rx", [1], [-0.33950862288475037]], ["rz", [1], [1.1401216983795166]], ["rz", [2], [-1.179104208946228]], ["rx", [2], [0.5994777679443359]], ["rz", [2], [0.29211243987083435]], ["h", [2], []], ["h", [2], []], ["h", [1], []], ["h", [1], []], ["h", [1], []], ["rz", [0], [-2.441847562789917]], ["rx", [0], [-3.0382416248321533]], ["rz", [0], [-0.5360763669013977]], ["rz", [1], [3.62380313873291]], ["rx", [1], [-2.3041882514953613]], ["rz", [1], [1.3287906646728516]], ["rz", [2], [-2.724022388458252]], ["rx", [2], [2.024411678314209]], ["rz", [2], [-0.23784945905208588]], ["h", [2], []], ["x", [0], []], ["x", [0], []], ["h", [1], []], ["cx", [2, 1], []], ["rz", [0], [1.9023584127426147]], ["rx", [0], [-1.4813101291656494]], ["rz", [0], [2.0003042221069336]], ["rz", [1], [1.995259165763855]], ["rx", [1], [-3.1395273208618164]], ["rz", [1], [2.111926317214966]], ["rz", [2], [-0.10620099306106567]], ["rx", [2], [-0.6433631181716919]], ["rz", [2], [-2.0388858318328857]]], "base_circuit_qasm": "OPENQASM 2.0;\ninclude \"qelib1.inc\";\nqreg q[3];\ncx q[2],q[1];\nh q[1];\nx q[0];\nx q[0];\nh q[2];\nh q[1];\nh q[1];\nh q[1];\nh q[2];\nh q[2];\nh q[2];\nh q[2];\nh q[1];\nh q[1];\nh q[1];\nh q[2];\nx q[0];\nx q[0];\nh q[1];\ncx q[2],q[1];", "pqc_circuit_qasm": "OPENQASM 2.0;\ninclude \"qelib1.inc\";\nqreg q[3];\ncx q[2],q[1];\nh q[1];\nx q[0];\nx q[0];\nh q[2];\nrz(0.6702106595039368) q[0];\nrx(-0.7407106161117554) q[0];\nrz(0.5151987671852112) q[0];\nrz(2.3673737049102783) q[1];\nrx(-2.0071301460266113) q[1];\nrz(-2.419280767440796) q[1];\nrz(2.0054991245269775) q[2];\nrx(-0.8231149315834045) q[2];\nrz(1.1218276023864746) q[2];\nh q[1];\nh q[1];\nh q[1];\nh q[2];\nh q[2];\nrz(0.3892275393009186) q[0];\nrx(2.1237974166870117) q[0];\nrz(0.9736852645874023) q[0];\nrz(-0.1270042210817337) q[1];\nrx(-0.33950862288475037) q[1];\nrz(1.1401216983795166) q[1];\nrz(-1.179104208946228) q[2];\nrx(0.5994777679443359) q[2];\nrz(0.29211243987083435) q[2];\nh q[2];\nh q[2];\nh q[1];\nh q[1];\nh q[1];\nrz(-2.441847562789917) q[0];\nrx(-3.0382416248321533) q[0];\nrz(-0.5360763669013977) q[0];\nrz(3.62380313873291) q[1];\nrx(-2.3041882514953613) q[1];\nrz(1.3287906646728516) q[1];\nrz(-2.724022388458252) q[2];\nrx(2.024411678314209) q[2];\nrz(-0.23784945905208588) q[2];\nh q[2];\nx q[0];\nx q[0];\nh q[1];\ncx q[2],q[1];\nrz(1.9023584127426147) q[0];\nrx(-1.4813101291656494) q[0];\nrz(2.0003042221069336) q[0];\nrz(1.995259165763855) q[1];\nrx(-3.1395273208618164) q[1];\nrz(2.111926317214966) q[1];\nrz(-0.10620099306106567) q[2];\nrx(-0.6433631181716919) q[2];\nrz(-2.0388858318328857) q[2];"}