{"seed": 64, "fidelity": 0.9325453042984009, "pqc_params": [[[-1.6881729364395142, -1.5265138149261475, -3.2377007007598877], [-2.053225517272949, 1.4762663841247559, -1.7841469049453735], [3.4996349811553955, -0.5454815626144409, -0.39333799481391907]], [[-1.7249232530593872, -3.1333365440368652, -0.9930761456489563], [2.5761401653289795, 3.228376865386963, 1.158143401145935], [-2.2650842666625977, -2.815779209136963, 0.9726052284240723]], [[1.2599716186523438, 0.5618742108345032, 3.794015407562256], [-0.45101669430732727, -1.539325475692749, 1.9678525924682617], [-1.4725686311721802, -0.24105900526046753, 1.1881294250488281]], [[2.6163573265075684, 2.3860106468200684, -0.7217405438423157], [-2.4070427417755127, 3.207054376602173, 1.6326277256011963], [-0.90919029712677, -0.23734188079833984, -0.6929895877838135]]], "base_circuit_tokens": [["h", [2], []], ["x", [0], []], ["h", [0], []], ["cx", [1, 2], []], ["h", [0], []], ["cx", [2, 0], []], ["x", [0], []], ["cx", [1, 0], []], ["cx", [0, 2], []], ["h", [0], []], ["h", [0], []], ["cx", [0, 2], []], ["cx", [1, 0], []], ["x", [0], []], ["cx", [2, 0], []], ["h", [0], []], ["cx", [1, 2], []], ["h", [0], []], ["x", [0], []], ["h", [2], []]], "pqc_circuit_tokens": [["h", [2], []], ["x", [0], []], ["h", [0], []], ["cx", [1, 2], []], ["h", [0], []], ["rz", [0], [-1.6881729364395142]], ["rx", [0], [-1.5265138149261475]], ["rz", [0], [-3.2377007007598877]], ["rz", [1], [-2.053225517272949]], ["rx", [1], [1.4762663841247559]], ["rz", [1], [-1.7841469049453735]], ["rz", [2], [3.4996349811553955]], ["rx", [2], [-0.5454815626144409]], ["rz", [2], [-0.39333799481391907]], ["cx", [2, 0], []], ["x", [0], []], ["cx", [1, 0], []], ["cx", [0, 2], []], ["h", [0], []], ["rz", [0], [-1.7249232530593872]], ["rx", [0], [-3.1333365440368652]], ["rz", [0], [-0.9930761456489563]], ["rz", [1], [2.5761401653289795]], ["rx", [1], [3.228376865386963]], ["rz", [1], [1.158143401145935]], ["rz", [2], [-2.2650842666625977]], ["rx", [2], [-2.815779209136963]], ["rz", [2], [0.9726052284240723]], ["h", [0], []], ["cx", [0, 2], []], ["cx", [1, 0], []], ["x", [0], []], ["cx", [2, 0], []], ["rz", [0], [1.2599716186523438]], ["rx", [0], [0.5618742108345032]], ["rz", [0], [3.794015407562256]], ["rz", [1], [-0.45101669430732727]], ["rx", [1], [-1.539325475692749]], ["rz", [1], [1.9678525924682617]], ["rz", [2], [-1.4725686311721802]], ["rx", [2], [-0.24105900526046753]], ["rz", [2], [1.1881294250488281]], ["h", [0], []], ["cx", [1, 2], []], ["h", [0], []], ["x", [0], []], ["h", [2], []], ["rz", [0], [2.6163573265075684]], ["rx", [0], [2.3860106468200684]], ["rz", [0], [-0.7217405438423157]], ["rz", [1], [-2.4070427417755127]], ["rx", [1], [3.207054376602173]], ["rz", [1], [1.6326277256011963]], ["rz", [2], [-0.90919029712677]], ["rx", [2], [-0.23734188079833984]], ["rz", [2], [-0.6929895877838135]]], "base_circuit_qasm": "OPENQASM 2.0;\ninclude \"qelib1.inc\";\nqreg q[3];\nh q[2];\nx q[0];\nh q[0];\ncx q[1],q[2];\nh q[0];\ncx q[2],q[0];\nx q[0];\ncx q[1],q[0];\ncx q[0],q[2];\nh q[0];\nh q[0];\ncx q[0],q[2];\ncx q[1],q[0];\nx q[0];\ncx q[2],q[0];\nh q[0];\ncx q[1],q[2];\nh q[0];\nx q[0];\nh q[2];", "pqc_circuit_qasm": "OPENQASM 2.0;\ninclude \"qelib1.inc\";\nqreg q[3];\nh q[2];\nx q[0];\nh q[0];\ncx q[1],q[2];\nh q[0];\nrz(-1.6881729364395142) q[0];\nrx(-1.5265138149261475) q[0];\nrz(-3.2377007007598877) q[0];\nrz(-2.053225517272949) q[1];\nrx(1.4762663841247559) q[1];\nrz(-1.7841469049453735) q[1];\nrz(3.4996349811553955) q[2];\nrx(-0.5454815626144409) q[2];\nrz(-0.39333799481391907) q[2];\ncx q[2],q[0];\nx q[0];\ncx q[1],q[0];\ncx q[0],q[2];\nh q[0];\nrz(-1.7249232530593872) q[0];\nrx(-3.1333365440368652) q[0];\nrz(-0.9930761456489563) q[0];\nrz(2.5761401653289795) q[1];\nrx(3.228376865386963) q[1];\nrz(1.158143401145935) q[1];\nrz(-2.2650842666625977) q[2];\nrx(-2.815779209136963) q[2];\nrz(0.9726052284240723) q[2];\nh q[0];\ncx q[0],q[2];\ncx q[1],q[0];\nx q[0];\ncx q[2],q[0];\nrz(1.2599716186523438) q[0];\nrx(0.5618742108345032) q[0];\nrz(3.794015407562256) q[0];\nrz(-0.45101669430732727) q[1];\nrx(-1.539325475692749) q[1];\nrz(1.9678525924682617) q[1];\nrz(-1.4725686311721802) q[2];\nrx(-0.24105900526046753) q[2];\nrz(1.1881294250488281) q[2];\nh q[0];\ncx q[1],q[2];\nh q[0];\nx q[0];\nh q[2];\nrz(2.6163573265075684) q[0];\nrx(2.3860106468200684) q[0];\nrz(-0.7217405438423157) q[0];\nrz(-2.4070427417755127) q[1];\nrx(3.207054376602173) q[1];\nrz(1.6326277256011963) q[1];\nrz(-0.90919029712677) q[2];\nrx(-0.23734188079833984) q[2];\nrz(-0.6929895877838135) q[2];"}