{"seed": 686, "fidelity": 0.9038727879524231, "pqc_params": [[[-2.971902847290039, -2.5991129875183105, 2.6682727336883545], [0.2474837303161621, -2.8295950889587402, -2.583198308944702], [3.486936569213867, 0.0960720106959343, -2.4366838932037354]], [[-2.3086938858032227, -1.1246006488800049, -2.2018063068389893], [-0.22685644030570984, 2.2189290523529053, 2.84843111038208], [-0.8211525082588196, 0.011098210699856281, -2.5244431495666504]], [[-0.9305154085159302, -1.0227502584457397, -1.2669720649719238], [0.7151613235473633, 0.03959033638238907, -1.4152967929840088], [-0.8671694397926331, 3.090757131576538, 0.07779219001531601]], [[-0.03300417587161064, 0.5799705386161804, 3.050936222076416], [0.9470751881599426, 3.069973945617676, 0.8086099028587341], [0.011147174052894115, -0.7688315510749817, 0.8318398594856262]]], "base_circuit_tokens": [["cx", [2, 0], []], ["x", [0], []], ["h", [0], []], ["h", [1], []], ["cx", [2, 1], []], ["h", [0], []], ["cx", [1, 2], []], ["x", [2], []], ["h", [1], []], ["h", [0], []], ["h", [0], []], ["h", [1], []], ["x", [2], []], ["cx", [1, 2], []], ["h", [0], []], ["cx", [2, 1], []], ["h", [1], []], ["h", [0], []], ["x", [0], []], ["cx", [2, 0], []]], "pqc_circuit_tokens": [["cx", [2, 0], []], ["x", [0], []], ["h", [0], []], ["h", [1], []], ["cx", [2, 1], []], ["rz", [0], [-2.971902847290039]], ["rx", [0], [-2.5991129875183105]], ["rz", [0], [2.6682727336883545]], ["rz", [1], [0.2474837303161621]], ["rx", [1], [-2.8295950889587402]], ["rz", [1], [-2.583198308944702]], ["rz", [2], [3.486936569213867]], ["rx", [2], [0.0960720106959343]], ["rz", [2], [-2.4366838932037354]], ["h", [0], []], ["cx", [1, 2], []], ["x", [2], []], ["h", [1], []], ["h", [0], []], ["rz", [0], [-2.3086938858032227]], ["rx", [0], [-1.1246006488800049]], ["rz", [0], [-2.2018063068389893]], ["rz", [1], [-0.22685644030570984]], ["rx", [1], [2.2189290523529053]], ["rz", [1], [2.84843111038208]], ["rz", [2], [-0.8211525082588196]], ["rx", [2], [0.011098210699856281]], ["rz", [2], [-2.5244431495666504]], ["h", [0], []], ["h", [1], []], ["x", [2], []], ["cx", [1, 2], []], ["h", [0], []], ["rz", [0], [-0.9305154085159302]], ["rx", [0], [-1.0227502584457397]], ["rz", [0], [-1.2669720649719238]], ["rz", [1], [0.7151613235473633]], ["rx", [1], [0.03959033638238907]], ["rz", [1], [-1.4152967929840088]], ["rz", [2], [-0.8671694397926331]], ["rx", [2], [3.090757131576538]], ["rz", [2], [0.07779219001531601]], ["cx", [2, 1], []], ["h", [1], []], ["h", [0], []], ["x", [0], []], ["cx", [2, 0], []], ["rz", [0], [-0.03300417587161064]], ["rx", [0], [0.5799705386161804]], ["rz", [0], [3.050936222076416]], ["rz", [1], [0.9470751881599426]], ["rx", [1], [3.069973945617676]], ["rz", [1], [0.8086099028587341]], ["rz", [2], [0.011147174052894115]], ["rx", [2], [-0.7688315510749817]], ["rz", [2], [0.8318398594856262]]], "base_circuit_qasm": "OPENQASM 2.0;\ninclude \"qelib1.inc\";\nqreg q[3];\ncx q[2],q[0];\nx q[0];\nh q[0];\nh q[1];\ncx q[2],q[1];\nh q[0];\ncx q[1],q[2];\nx q[2];\nh q[1];\nh q[0];\nh q[0];\nh q[1];\nx q[2];\ncx q[1],q[2];\nh q[0];\ncx q[2],q[1];\nh q[1];\nh q[0];\nx q[0];\ncx q[2],q[0];", "pqc_circuit_qasm": "OPENQASM 2.0;\ninclude \"qelib1.inc\";\nqreg q[3];\ncx q[2],q[0];\nx q[0];\nh q[0];\nh q[1];\ncx q[2],q[1];\nrz(-2.971902847290039) q[0];\nrx(-2.5991129875183105) q[0];\nrz(2.6682727336883545) q[0];\nrz(0.2474837303161621) q[1];\nrx(-2.8295950889587402) q[1];\nrz(-2.583198308944702) q[1];\nrz(3.486936569213867) q[2];\nrx(0.0960720106959343) q[2];\nrz(-2.4366838932037354) q[2];\nh q[0];\ncx q[1],q[2];\nx q[2];\nh q[1];\nh q[0];\nrz(-2.3086938858032227) q[0];\nrx(-1.1246006488800049) q[0];\nrz(-2.2018063068389893) q[0];\nrz(-0.22685644030570984) q[1];\nrx(2.2189290523529053) q[1];\nrz(2.84843111038208) q[1];\nrz(-0.8211525082588196) q[2];\nrx(0.011098210699856281) q[2];\nrz(-2.5244431495666504) q[2];\nh q[0];\nh q[1];\nx q[2];\ncx q[1],q[2];\nh q[0];\nrz(-0.9305154085159302) q[0];\nrx(-1.0227502584457397) q[0];\nrz(-1.2669720649719238) q[0];\nrz(0.7151613235473633) q[1];\nrx(0.03959033638238907) q[1];\nrz(-1.4152967929840088) q[1];\nrz(-0.8671694397926331) q[2];\nrx(3.090757131576538) q[2];\nrz(0.07779219001531601) q[2];\ncx q[2],q[1];\nh q[1];\nh q[0];\nx q[0];\ncx q[2],q[0];\nrz(-0.03300417587161064) q[0];\nrx(0.5799705386161804) q[0];\nrz(3.050936222076416) q[0];\nrz(0.9470751881599426) q[1];\nrx(3.069973945617676) q[1];\nrz(0.8086099028587341) q[1];\nrz(0.011147174052894115) q[2];\nrx(-0.7688315510749817) q[2];\nrz(0.8318398594856262) q[2];"}