{"seed": 739, "fidelity": 0.7349624037742615, "pqc_params": [[[-0.2621271014213562, 0.5571643114089966, -1.2758487462997437], [1.5110338926315308, 3.44061017036438, 0.6347522735595703], [-1.1641908884048462, 2.568704128265381, -2.8599557876586914]], [[-2.3349106311798096, -0.00415651174262166, 2.2808361053466797], [3.7479822635650635, -1.1296799182891846, 2.047929525375366], [0.6553167700767517, -1.222566843032837, 0.43469804525375366]], [[-1.0650559663772583, 2.701697826385498, -1.2578901052474976], [-0.9021928310394287, 1.58799147605896, 0.7840480208396912], [2.902007818222046, -0.5128749012947083, -1.1369822025299072]], [[2.3372178077697754, -2.265597343444824, -3.073539972305298], [1.1418590545654297, -1.1754299402236938, 2.432023525238037], [2.574744701385498, 3.296224355697632, 3.0321714878082275]]], "base_circuit_tokens": [["h", [2], []], ["x", [2], []], ["h", [2], []], ["h", [1], []], ["h", [1], []], ["h", [1], []], ["h", [2], []], ["h", [0], []], ["x", [2], []], ["cx", [2, 0], []], ["cx", [2, 0], []], ["x", [2], []], ["h", [0], []], ["h", [2], []], ["h", [1], []], ["h", [1], []], ["h", [1], []], ["h", [2], []], ["x", [2], []], ["h", [2], []]], "pqc_circuit_tokens": [["h", [2], []], ["x", [2], []], ["h", [2], []], ["h", [1], []], ["h", [1], []], ["rz", [0], [-0.2621271014213562]], ["rx", [0], [0.5571643114089966]], ["rz", [0], [-1.2758487462997437]], ["rz", [1], [1.5110338926315308]], ["rx", [1], [3.44061017036438]], ["rz", [1], [0.6347522735595703]], ["rz", [2], [-1.1641908884048462]], ["rx", [2], [2.568704128265381]], ["rz", [2], [-2.8599557876586914]], ["h", [1], []], ["h", [2], []], ["h", [0], []], ["x", [2], []], ["cx", [2, 0], []], ["rz", [0], [-2.3349106311798096]], ["rx", [0], [-0.00415651174262166]], ["rz", [0], [2.2808361053466797]], ["rz", [1], [3.7479822635650635]], ["rx", [1], [-1.1296799182891846]], ["rz", [1], [2.047929525375366]], ["rz", [2], [0.6553167700767517]], ["rx", [2], [-1.222566843032837]], ["rz", [2], [0.43469804525375366]], ["cx", [2, 0], []], ["x", [2], []], ["h", [0], []], ["h", [2], []], ["h", [1], []], ["rz", [0], [-1.0650559663772583]], ["rx", [0], [2.701697826385498]], ["rz", [0], [-1.2578901052474976]], ["rz", [1], [-0.9021928310394287]], ["rx", [1], [1.58799147605896]], ["rz", [1], [0.7840480208396912]], ["rz", [2], [2.902007818222046]], ["rx", [2], [-0.5128749012947083]], ["rz", [2], [-1.1369822025299072]], ["h", [1], []], ["h", [1], []], ["h", [2], []], ["x", [2], []], ["h", [2], []], ["rz", [0], [2.3372178077697754]], ["rx", [0], [-2.265597343444824]], ["rz", [0], [-3.073539972305298]], ["rz", [1], [1.1418590545654297]], ["rx", [1], [-1.1754299402236938]], ["rz", [1], [2.432023525238037]], ["rz", [2], [2.574744701385498]], ["rx", [2], [3.296224355697632]], ["rz", [2], [3.0321714878082275]]], "base_circuit_qasm": "OPENQASM 2.0;\ninclude \"qelib1.inc\";\nqreg q[3];\nh q[2];\nx q[2];\nh q[2];\nh q[1];\nh q[1];\nh q[1];\nh q[2];\nh q[0];\nx q[2];\ncx q[2],q[0];\ncx q[2],q[0];\nx q[2];\nh q[0];\nh q[2];\nh q[1];\nh q[1];\nh q[1];\nh q[2];\nx q[2];\nh q[2];", "pqc_circuit_qasm": "OPENQASM 2.0;\ninclude \"qelib1.inc\";\nqreg q[3];\nh q[2];\nx q[2];\nh q[2];\nh q[1];\nh q[1];\nrz(-0.2621271014213562) q[0];\nrx(0.5571643114089966) q[0];\nrz(-1.2758487462997437) q[0];\nrz(1.5110338926315308) q[1];\nrx(3.44061017036438) q[1];\nrz(0.6347522735595703) q[1];\nrz(-1.1641908884048462) q[2];\nrx(2.568704128265381) q[2];\nrz(-2.8599557876586914) q[2];\nh q[1];\nh q[2];\nh q[0];\nx q[2];\ncx q[2],q[0];\nrz(-2.3349106311798096) q[0];\nrx(-0.00415651174262166) q[0];\nrz(2.2808361053466797) q[0];\nrz(3.7479822635650635) q[1];\nrx(-1.1296799182891846) q[1];\nrz(2.047929525375366) q[1];\nrz(0.6553167700767517) q[2];\nrx(-1.222566843032837) q[2];\nrz(0.43469804525375366) q[2];\ncx q[2],q[0];\nx q[2];\nh q[0];\nh q[2];\nh q[1];\nrz(-1.0650559663772583) q[0];\nrx(2.701697826385498) q[0];\nrz(-1.2578901052474976) q[0];\nrz(-0.9021928310394287) q[1];\nrx(1.58799147605896) q[1];\nrz(0.7840480208396912) q[1];\nrz(2.902007818222046) q[2];\nrx(-0.5128749012947083) q[2];\nrz(-1.1369822025299072) q[2];\nh q[1];\nh q[1];\nh q[2];\nx q[2];\nh q[2];\nrz(2.3372178077697754) q[0];\nrx(-2.265597343444824) q[0];\nrz(-3.073539972305298) q[0];\nrz(1.1418590545654297) q[1];\nrx(-1.1754299402236938) q[1];\nrz(2.432023525238037) q[1];\nrz(2.574744701385498) q[2];\nrx(3.296224355697632) q[2];\nrz(3.0321714878082275) q[2];"}