{"seed": 837, "fidelity": 0.528835654258728, "pqc_params": [[[1.576454758644104, -0.18261025846004486, 2.5945634841918945], [-0.7258537411689758, -1.9788377285003662, 2.7862484455108643], [0.2550356686115265, 2.432910203933716, 3.0228419303894043]], [[2.1155102252960205, 1.384861707687378, -1.2502024173736572], [-3.1782350540161133, -1.0213557481765747, 3.1056926250457764], [2.317931652069092, 1.7293086051940918, 0.4359211027622223]], [[-2.87323260307312, 1.8539541959762573, 1.4175704717636108], [-0.48318660259246826, -1.8378314971923828, -1.0394012928009033], [-3.111887216567993, 0.7132269740104675, 1.4514555931091309]], [[-2.008720636367798, -1.4676486253738403, -1.5944762229919434], [3.211026430130005, -1.0577343702316284, -2.8985297679901123], [-0.9577850699424744, -0.15897567570209503, -1.294179081916809]]], "base_circuit_tokens": [["x", [0], []], ["h", [1], []], ["cx", [2, 0], []], ["h", [0], []], ["cx", [2, 1], []], ["h", [0], []], ["h", [2], []], ["x", [0], []], ["cx", [1, 0], []], ["cx", [2, 1], []], ["cx", [2, 1], []], ["cx", [1, 0], []], ["x", [0], []], ["h", [2], []], ["h", [0], []], ["cx", [2, 1], []], ["h", [0], []], ["cx", [2, 0], []], ["h", [1], []], ["x", [0], []]], "pqc_circuit_tokens": [["x", [0], []], ["h", [1], []], ["cx", [2, 0], []], ["h", [0], []], ["cx", [2, 1], []], ["rz", [0], [1.576454758644104]], ["rx", [0], [-0.18261025846004486]], ["rz", [0], [2.5945634841918945]], ["rz", [1], [-0.7258537411689758]], ["rx", [1], [-1.9788377285003662]], ["rz", [1], [2.7862484455108643]], ["rz", [2], [0.2550356686115265]], ["rx", [2], [2.432910203933716]], ["rz", [2], [3.0228419303894043]], ["h", [0], []], ["h", [2], []], ["x", [0], []], ["cx", [1, 0], []], ["cx", [2, 1], []], ["rz", [0], [2.1155102252960205]], ["rx", [0], [1.384861707687378]], ["rz", [0], [-1.2502024173736572]], ["rz", [1], [-3.1782350540161133]], ["rx", [1], [-1.0213557481765747]], ["rz", [1], [3.1056926250457764]], ["rz", [2], [2.317931652069092]], ["rx", [2], [1.7293086051940918]], ["rz", [2], [0.4359211027622223]], ["cx", [2, 1], []], ["cx", [1, 0], []], ["x", [0], []], ["h", [2], []], ["h", [0], []], ["rz", [0], [-2.87323260307312]], ["rx", [0], [1.8539541959762573]], ["rz", [0], [1.4175704717636108]], ["rz", [1], [-0.48318660259246826]], ["rx", [1], [-1.8378314971923828]], ["rz", [1], [-1.0394012928009033]], ["rz", [2], [-3.111887216567993]], ["rx", [2], [0.7132269740104675]], ["rz", [2], [1.4514555931091309]], ["cx", [2, 1], []], ["h", [0], []], ["cx", [2, 0], []], ["h", [1], []], ["x", [0], []], ["rz", [0], [-2.008720636367798]], ["rx", [0], [-1.4676486253738403]], ["rz", [0], [-1.5944762229919434]], ["rz", [1], [3.211026430130005]], ["rx", [1], [-1.0577343702316284]], ["rz", [1], [-2.8985297679901123]], ["rz", [2], [-0.9577850699424744]], ["rx", [2], [-0.15897567570209503]], ["rz", [2], [-1.294179081916809]]], "base_circuit_qasm": "OPENQASM 2.0;\ninclude \"qelib1.inc\";\nqreg q[3];\nx q[0];\nh q[1];\ncx q[2],q[0];\nh q[0];\ncx q[2],q[1];\nh q[0];\nh q[2];\nx q[0];\ncx q[1],q[0];\ncx q[2],q[1];\ncx q[2],q[1];\ncx q[1],q[0];\nx q[0];\nh q[2];\nh q[0];\ncx q[2],q[1];\nh q[0];\ncx q[2],q[0];\nh q[1];\nx q[0];", "pqc_circuit_qasm": "OPENQASM 2.0;\ninclude \"qelib1.inc\";\nqreg q[3];\nx q[0];\nh q[1];\ncx q[2],q[0];\nh q[0];\ncx q[2],q[1];\nrz(1.576454758644104) q[0];\nrx(-0.18261025846004486) q[0];\nrz(2.5945634841918945) q[0];\nrz(-0.7258537411689758) q[1];\nrx(-1.9788377285003662) q[1];\nrz(2.7862484455108643) q[1];\nrz(0.2550356686115265) q[2];\nrx(2.432910203933716) q[2];\nrz(3.0228419303894043) q[2];\nh q[0];\nh q[2];\nx q[0];\ncx q[1],q[0];\ncx q[2],q[1];\nrz(2.1155102252960205) q[0];\nrx(1.384861707687378) q[0];\nrz(-1.2502024173736572) q[0];\nrz(-3.1782350540161133) q[1];\nrx(-1.0213557481765747) q[1];\nrz(3.1056926250457764) q[1];\nrz(2.317931652069092) q[2];\nrx(1.7293086051940918) q[2];\nrz(0.4359211027622223) q[2];\ncx q[2],q[1];\ncx q[1],q[0];\nx q[0];\nh q[2];\nh q[0];\nrz(-2.87323260307312) q[0];\nrx(1.8539541959762573) q[0];\nrz(1.4175704717636108) q[0];\nrz(-0.48318660259246826) q[1];\nrx(-1.8378314971923828) q[1];\nrz(-1.0394012928009033) q[1];\nrz(-3.111887216567993) q[2];\nrx(0.7132269740104675) q[2];\nrz(1.4514555931091309) q[2];\ncx q[2],q[1];\nh q[0];\ncx q[2],q[0];\nh q[1];\nx q[0];\nrz(-2.008720636367798) q[0];\nrx(-1.4676486253738403) q[0];\nrz(-1.5944762229919434) q[0];\nrz(3.211026430130005) q[1];\nrx(-1.0577343702316284) q[1];\nrz(-2.8985297679901123) q[1];\nrz(-0.9577850699424744) q[2];\nrx(-0.15897567570209503) q[2];\nrz(-1.294179081916809) q[2];"}