{"seed": 872, "fidelity": 0.9005458950996399, "pqc_params": [[[-0.3654104471206665, -1.7297253608703613, -3.1442930698394775], [-0.13429699838161469, -2.423635721206665, -1.679163932800293], [-3.141293525695801, -1.875876784324646, -1.0090172290802002]], [[-2.4418656826019287, -1.1107351779937744, 1.0242383480072021], [0.6041072607040405, 0.6439059376716614, 2.4482269287109375], [3.370426893234253, 2.662367820739746, 0.19956530630588531]], [[2.0405874252319336, 3.442509651184082, -1.903822660446167], [3.1989943981170654, 0.5432537198066711, -2.9337871074676514], [-1.0307260751724243, 2.612715005874634, -0.2490139603614807]], [[-0.9556724429130554, 2.329803466796875, -1.1165224313735962], [-1.528471827507019, 1.155549168586731, 2.3261001110076904], [1.826449990272522, -1.2478631734848022, 2.550508499145508]]], "base_circuit_tokens": [["x", [1], []], ["h", [0], []], ["h", [0], []], ["h", [0], []], ["x", [1], []], ["cx", [1, 0], []], ["h", [2], []], ["cx", [1, 0], []], ["cx", [2, 1], []], ["x", [0], []], ["x", [0], []], ["cx", [2, 1], []], ["cx", [1, 0], []], ["h", [2], []], ["cx", [1, 0], []], ["x", [1], []], ["h", [0], []], ["h", [0], []], ["h", [0], []], ["x", [1], []]], "pqc_circuit_tokens": [["x", [1], []], ["h", [0], []], ["h", [0], []], ["h", [0], []], ["x", [1], []], ["rz", [0], [-0.3654104471206665]], ["rx", [0], [-1.7297253608703613]], ["rz", [0], [-3.1442930698394775]], ["rz", [1], [-0.13429699838161469]], ["rx", [1], [-2.423635721206665]], ["rz", [1], [-1.679163932800293]], ["rz", [2], [-3.141293525695801]], ["rx", [2], [-1.875876784324646]], ["rz", [2], [-1.0090172290802002]], ["cx", [1, 0], []], ["h", [2], []], ["cx", [1, 0], []], ["cx", [2, 1], []], ["x", [0], []], ["rz", [0], [-2.4418656826019287]], ["rx", [0], [-1.1107351779937744]], ["rz", [0], [1.0242383480072021]], ["rz", [1], [0.6041072607040405]], ["rx", [1], [0.6439059376716614]], ["rz", [1], [2.4482269287109375]], ["rz", [2], [3.370426893234253]], ["rx", [2], [2.662367820739746]], ["rz", [2], [0.19956530630588531]], ["x", [0], []], ["cx", [2, 1], []], ["cx", [1, 0], []], ["h", [2], []], ["cx", [1, 0], []], ["rz", [0], [2.0405874252319336]], ["rx", [0], [3.442509651184082]], ["rz", [0], [-1.903822660446167]], ["rz", [1], [3.1989943981170654]], ["rx", [1], [0.5432537198066711]], ["rz", [1], [-2.9337871074676514]], ["rz", [2], [-1.0307260751724243]], ["rx", [2], [2.612715005874634]], ["rz", [2], [-0.2490139603614807]], ["x", [1], []], ["h", [0], []], ["h", [0], []], ["h", [0], []], ["x", [1], []], ["rz", [0], [-0.9556724429130554]], ["rx", [0], [2.329803466796875]], ["rz", [0], [-1.1165224313735962]], ["rz", [1], [-1.528471827507019]], ["rx", [1], [1.155549168586731]], ["rz", [1], [2.3261001110076904]], ["rz", [2], [1.826449990272522]], ["rx", [2], [-1.2478631734848022]], ["rz", [2], [2.550508499145508]]], "base_circuit_qasm": "OPENQASM 2.0;\ninclude \"qelib1.inc\";\nqreg q[3];\nx q[1];\nh q[0];\nh q[0];\nh q[0];\nx q[1];\ncx q[1],q[0];\nh q[2];\ncx q[1],q[0];\ncx q[2],q[1];\nx q[0];\nx q[0];\ncx q[2],q[1];\ncx q[1],q[0];\nh q[2];\ncx q[1],q[0];\nx q[1];\nh q[0];\nh q[0];\nh q[0];\nx q[1];", "pqc_circuit_qasm": "OPENQASM 2.0;\ninclude \"qelib1.inc\";\nqreg q[3];\nx q[1];\nh q[0];\nh q[0];\nh q[0];\nx q[1];\nrz(-0.3654104471206665) q[0];\nrx(-1.7297253608703613) q[0];\nrz(-3.1442930698394775) q[0];\nrz(-0.13429699838161469) q[1];\nrx(-2.423635721206665) q[1];\nrz(-1.679163932800293) q[1];\nrz(-3.141293525695801) q[2];\nrx(-1.875876784324646) q[2];\nrz(-1.0090172290802002) q[2];\ncx q[1],q[0];\nh q[2];\ncx q[1],q[0];\ncx q[2],q[1];\nx q[0];\nrz(-2.4418656826019287) q[0];\nrx(-1.1107351779937744) q[0];\nrz(1.0242383480072021) q[0];\nrz(0.6041072607040405) q[1];\nrx(0.6439059376716614) q[1];\nrz(2.4482269287109375) q[1];\nrz(3.370426893234253) q[2];\nrx(2.662367820739746) q[2];\nrz(0.19956530630588531) q[2];\nx q[0];\ncx q[2],q[1];\ncx q[1],q[0];\nh q[2];\ncx q[1],q[0];\nrz(2.0405874252319336) q[0];\nrx(3.442509651184082) q[0];\nrz(-1.903822660446167) q[0];\nrz(3.1989943981170654) q[1];\nrx(0.5432537198066711) q[1];\nrz(-2.9337871074676514) q[1];\nrz(-1.0307260751724243) q[2];\nrx(2.612715005874634) q[2];\nrz(-0.2490139603614807) q[2];\nx q[1];\nh q[0];\nh q[0];\nh q[0];\nx q[1];\nrz(-0.9556724429130554) q[0];\nrx(2.329803466796875) q[0];\nrz(-1.1165224313735962) q[0];\nrz(-1.528471827507019) q[1];\nrx(1.155549168586731) q[1];\nrz(2.3261001110076904) q[1];\nrz(1.826449990272522) q[2];\nrx(-1.2478631734848022) q[2];\nrz(2.550508499145508) q[2];"}