{"seed": 911, "fidelity": 0.2644352614879608, "pqc_params": [[[-0.22290420532226562, 0.995722234249115, 2.77583909034729], [-0.8992406129837036, -0.3479959964752197, -0.08998849242925644], [3.3615150451660156, 1.0952794551849365, 1.324655532836914]], [[-2.1882481575012207, 2.0401391983032227, 0.7454525828361511], [-3.375032424926758, -0.7793388962745667, 1.9739488363265991], [1.8995848894119263, -2.20577335357666, -2.3234519958496094]], [[0.1324579119682312, 0.767267107963562, -1.2403370141983032], [0.24947519600391388, 0.3070133626461029, -0.717295229434967], [-3.464982509613037, -0.527642011642456, -2.118001699447632]], [[-1.458512783050537, -1.126948595046997, -0.7663055062294006], [0.09770448505878448, -2.4468770027160645, -1.0442626476287842], [-0.9248978495597839, 0.2924599349498749, 1.7562190294265747]]], "base_circuit_tokens": [["h", [2], []], ["cx", [1, 0], []], ["cx", [2, 0], []], ["h", [2], []], ["h", [2], []], ["x", [0], []], ["h", [1], []], ["cx", [0, 2], []], ["x", [1], []], ["cx", [1, 2], []], ["cx", [1, 2], []], ["x", [1], []], ["cx", [0, 2], []], ["h", [1], []], ["x", [0], []], ["h", [2], []], ["h", [2], []], ["cx", [2, 0], []], ["cx", [1, 0], []], ["h", [2], []]], "pqc_circuit_tokens": [["h", [2], []], ["cx", [1, 0], []], ["cx", [2, 0], []], ["h", [2], []], ["h", [2], []], ["rz", [0], [-0.22290420532226562]], ["rx", [0], [0.995722234249115]], ["rz", [0], [2.77583909034729]], ["rz", [1], [-0.8992406129837036]], ["rx", [1], [-0.3479959964752197]], ["rz", [1], [-0.08998849242925644]], ["rz", [2], [3.3615150451660156]], ["rx", [2], [1.0952794551849365]], ["rz", [2], [1.324655532836914]], ["x", [0], []], ["h", [1], []], ["cx", [0, 2], []], ["x", [1], []], ["cx", [1, 2], []], ["rz", [0], [-2.1882481575012207]], ["rx", [0], [2.0401391983032227]], ["rz", [0], [0.7454525828361511]], ["rz", [1], [-3.375032424926758]], ["rx", [1], [-0.7793388962745667]], ["rz", [1], [1.9739488363265991]], ["rz", [2], [1.8995848894119263]], ["rx", [2], [-2.20577335357666]], ["rz", [2], [-2.3234519958496094]], ["cx", [1, 2], []], ["x", [1], []], ["cx", [0, 2], []], ["h", [1], []], ["x", [0], []], ["rz", [0], [0.1324579119682312]], ["rx", [0], [0.767267107963562]], ["rz", [0], [-1.2403370141983032]], ["rz", [1], [0.24947519600391388]], ["rx", [1], [0.3070133626461029]], ["rz", [1], [-0.717295229434967]], ["rz", [2], [-3.464982509613037]], ["rx", [2], [-0.527642011642456]], ["rz", [2], [-2.118001699447632]], ["h", [2], []], ["h", [2], []], ["cx", [2, 0], []], ["cx", [1, 0], []], ["h", [2], []], ["rz", [0], [-1.458512783050537]], ["rx", [0], [-1.126948595046997]], ["rz", [0], [-0.7663055062294006]], ["rz", [1], [0.09770448505878448]], ["rx", [1], [-2.4468770027160645]], ["rz", [1], [-1.0442626476287842]], ["rz", [2], [-0.9248978495597839]], ["rx", [2], [0.2924599349498749]], ["rz", [2], [1.7562190294265747]]], "base_circuit_qasm": "OPENQASM 2.0;\ninclude \"qelib1.inc\";\nqreg q[3];\nh q[2];\ncx q[1],q[0];\ncx q[2],q[0];\nh q[2];\nh q[2];\nx q[0];\nh q[1];\ncx q[0],q[2];\nx q[1];\ncx q[1],q[2];\ncx q[1],q[2];\nx q[1];\ncx q[0],q[2];\nh q[1];\nx q[0];\nh q[2];\nh q[2];\ncx q[2],q[0];\ncx q[1],q[0];\nh q[2];", "pqc_circuit_qasm": "OPENQASM 2.0;\ninclude \"qelib1.inc\";\nqreg q[3];\nh q[2];\ncx q[1],q[0];\ncx q[2],q[0];\nh q[2];\nh q[2];\nrz(-0.22290420532226562) q[0];\nrx(0.995722234249115) q[0];\nrz(2.77583909034729) q[0];\nrz(-0.8992406129837036) q[1];\nrx(-0.3479959964752197) q[1];\nrz(-0.08998849242925644) q[1];\nrz(3.3615150451660156) q[2];\nrx(1.0952794551849365) q[2];\nrz(1.324655532836914) q[2];\nx q[0];\nh q[1];\ncx q[0],q[2];\nx q[1];\ncx q[1],q[2];\nrz(-2.1882481575012207) q[0];\nrx(2.0401391983032227) q[0];\nrz(0.7454525828361511) q[0];\nrz(-3.375032424926758) q[1];\nrx(-0.7793388962745667) q[1];\nrz(1.9739488363265991) q[1];\nrz(1.8995848894119263) q[2];\nrx(-2.20577335357666) q[2];\nrz(-2.3234519958496094) q[2];\ncx q[1],q[2];\nx q[1];\ncx q[0],q[2];\nh q[1];\nx q[0];\nrz(0.1324579119682312) q[0];\nrx(0.767267107963562) q[0];\nrz(-1.2403370141983032) q[0];\nrz(0.24947519600391388) q[1];\nrx(0.3070133626461029) q[1];\nrz(-0.717295229434967) q[1];\nrz(-3.464982509613037) q[2];\nrx(-0.527642011642456) q[2];\nrz(-2.118001699447632) q[2];\nh q[2];\nh q[2];\ncx q[2],q[0];\ncx q[1],q[0];\nh q[2];\nrz(-1.458512783050537) q[0];\nrx(-1.126948595046997) q[0];\nrz(-0.7663055062294006) q[0];\nrz(0.09770448505878448) q[1];\nrx(-2.4468770027160645) q[1];\nrz(-1.0442626476287842) q[1];\nrz(-0.9248978495597839) q[2];\nrx(0.2924599349498749) q[2];\nrz(1.7562190294265747) q[2];"}